solid OpenSCAD_Model
  facet normal 0.7071 0.707113 0
    outer loop
      vertex 9.51962 0.299999 11
      vertex 9.3 0.519615 0
      vertex 9.3 0.519615 11
    endloop
  endfacet
  facet normal 0.7071 0.707113 0
    outer loop
      vertex 9.3 0.519615 0
      vertex 9.51962 0.299999 11
      vertex 9.51962 0.299999 0
    endloop
  endfacet
  facet normal 0.965929 0.258806 0
    outer loop
      vertex 9.6 0 11
      vertex 9.51962 0.299999 0
      vertex 9.51962 0.299999 11
    endloop
  endfacet
  facet normal 0.965929 0.258806 0
    outer loop
      vertex 9.51962 0.299999 0
      vertex 9.6 0 11
      vertex 9.6 0 0
    endloop
  endfacet
  facet normal -0 0 -1
    outer loop
      vertex -1.74981 -8.84862 0
      vertex -1.90511 -9.1176 0
      vertex -1.74981 -8.80861 0
    endloop
  endfacet
  facet normal -0 0 -1
    outer loop
      vertex 0.599999 -9 0
      vertex 0.519615 -9.3 0
      vertex 0.589644 -8.96135 0
    endloop
  endfacet
  facet normal 0 0 -1
    outer loop
      vertex 2.90893 -8.84862 0
      vertex 2.88892 -8.50339 0
      vertex 2.90893 -8.53804 0
    endloop
  endfacet
  facet normal 0 0 -1
    outer loop
      vertex 4.99132 -7.46594 0
      vertex 2.77112 -2.12635 0
      vertex 2.77484 -2.12078 0
    endloop
  endfacet
  facet normal 0 0 -1
    outer loop
      vertex 2.75364 -9.1176 0
      vertex 2.88892 -8.50339 0
      vertex 2.90893 -8.84862 0
    endloop
  endfacet
  facet normal 0 0 -1
    outer loop
      vertex 1.74981 -8.80861 0
      vertex 2.88892 -8.50339 0
      vertex 2.75364 -9.1176 0
    endloop
  endfacet
  facet normal 0 0 -1
    outer loop
      vertex 1.74981 -8.80861 0
      vertex 2.75364 -9.1176 0
      vertex 2.48466 -9.27289 0
    endloop
  endfacet
  facet normal 0 0 -1
    outer loop
      vertex 3.44415 -8.31492 0
      vertex 2.47429 -2.46483 0
      vertex 2.77112 -2.12635 0
    endloop
  endfacet
  facet normal 0 0 -1
    outer loop
      vertex 3.44415 -8.31492 0
      vertex 2.46987 -2.46987 0
      vertex 2.47429 -2.46483 0
    endloop
  endfacet
  facet normal 0 0 -1
    outer loop
      vertex 3.44415 -8.31492 0
      vertex 2.46483 -2.47429 0
      vertex 2.46987 -2.46987 0
    endloop
  endfacet
  facet normal 0 0 -1
    outer loop
      vertex 1.74981 -8.80861 0
      vertex 2.48466 -9.27289 0
      vertex 2.17408 -9.27289 0
    endloop
  endfacet
  facet normal 0 0 -1
    outer loop
      vertex 3.44415 -8.31492 0
      vertex 2.12635 -2.77112 0
      vertex 2.46483 -2.47429 0
    endloop
  endfacet
  facet normal 0 0 -1
    outer loop
      vertex 0.904033 -3.3739 0
      vertex 2.88892 -8.50339 0
      vertex 1.74981 -8.80861 0
    endloop
  endfacet
  facet normal 0 0 -1
    outer loop
      vertex 1.74981 -8.80861 0
      vertex 2.17408 -9.27289 0
      vertex 1.90511 -9.1176 0
    endloop
  endfacet
  facet normal 0 0 -1
    outer loop
      vertex 1.74981 -8.80861 0
      vertex 1.90511 -9.1176 0
      vertex 1.74981 -8.84862 0
    endloop
  endfacet
  facet normal 0 0 -1
    outer loop
      vertex 3.44415 -8.31492 0
      vertex 2.12078 -2.77484 0
      vertex 2.12635 -2.77112 0
    endloop
  endfacet
  facet normal 0 0 -1
    outer loop
      vertex 3.44415 -8.31492 0
      vertex 1.74646 -3.02495 0
      vertex 2.12078 -2.77484 0
    endloop
  endfacet
  facet normal 0 0 -1
    outer loop
      vertex 3.44415 -8.31492 0
      vertex 1.74045 -3.02792 0
      vertex 1.74646 -3.02495 0
    endloop
  endfacet
  facet normal 0 0 -1
    outer loop
      vertex 3.44415 -8.31492 0
      vertex 1.33668 -3.22703 0
      vertex 1.74045 -3.02792 0
    endloop
  endfacet
  facet normal 0 0 -1
    outer loop
      vertex 0.455917 -3.46303 0
      vertex 1.74981 -8.80861 0
      vertex 1.17474 -8.923 0
    endloop
  endfacet
  facet normal 0 0 -1
    outer loop
      vertex 2.88892 -8.50339 0
      vertex 0.910381 -3.37174 0
      vertex 1.33668 -3.22703 0
    endloop
  endfacet
  facet normal 0 0 -1
    outer loop
      vertex 2.88892 -8.50339 0
      vertex 0.904033 -3.3739 0
      vertex 0.910381 -3.37174 0
    endloop
  endfacet
  facet normal 0 0 -1
    outer loop
      vertex 1.74981 -8.80861 0
      vertex 0.897459 -3.37521 0
      vertex 0.904033 -3.3739 0
    endloop
  endfacet
  facet normal 0 0 -1
    outer loop
      vertex 0.455917 -3.46303 0
      vertex 1.17474 -8.923 0
      vertex 0.589644 -8.96135 0
    endloop
  endfacet
  facet normal 0 0 -1
    outer loop
      vertex 0.299999 -9.51962 0
      vertex 0.589644 -8.96135 0
      vertex 0.519615 -9.3 0
    endloop
  endfacet
  facet normal 0 0 -1
    outer loop
      vertex 1.74981 -8.80861 0
      vertex 0.455917 -3.46303 0
      vertex 0.897459 -3.37521 0
    endloop
  endfacet
  facet normal -0 0 -1
    outer loop
      vertex 0.589644 -8.96135 0
      vertex 0.299999 -9.51962 0
      vertex -0.589644 -8.96135 0
    endloop
  endfacet
  facet normal 0 -0 -1
    outer loop
      vertex 0 -3.49292 0
      vertex 0.589644 -8.96135 0
      vertex -0.589644 -8.96135 0
    endloop
  endfacet
  facet normal 0 0 -1
    outer loop
      vertex -0.589644 -8.96135 0
      vertex 0.299999 -9.51962 0
      vertex 0 -9.6 0
    endloop
  endfacet
  facet normal 0 0 -1
    outer loop
      vertex 0.589644 -8.96135 0
      vertex 0.00668899 -3.49248 0
      vertex 0.455917 -3.46303 0
    endloop
  endfacet
  facet normal 0 0 -1
    outer loop
      vertex 0.589644 -8.96135 0
      vertex 0 -3.49292 0
      vertex 0.00668899 -3.49248 0
    endloop
  endfacet
  facet normal 0 0 -1
    outer loop
      vertex -0.589644 -8.96135 0
      vertex 0 -9.6 0
      vertex -0.299999 -9.51962 0
    endloop
  endfacet
  facet normal -0 0 -1
    outer loop
      vertex 0 -3.49292 0
      vertex -0.589644 -8.96135 0
      vertex -0.00668899 -3.49248 0
    endloop
  endfacet
  facet normal 0 0 -1
    outer loop
      vertex -0.589644 -8.96135 0
      vertex -0.299999 -9.51962 0
      vertex -0.519615 -9.3 0
    endloop
  endfacet
  facet normal -0 0 -1
    outer loop
      vertex -0.00668899 -3.49248 0
      vertex -0.589644 -8.96135 0
      vertex -0.455917 -3.46303 0
    endloop
  endfacet
  facet normal 0 0 -1
    outer loop
      vertex -1.17474 -8.923 0
      vertex -0.455917 -3.46303 0
      vertex -0.589644 -8.96135 0
    endloop
  endfacet
  facet normal 0 0 -1
    outer loop
      vertex -1.74981 -8.80861 0
      vertex -0.455917 -3.46303 0
      vertex -1.17474 -8.923 0
    endloop
  endfacet
  facet normal -0 0 -1
    outer loop
      vertex -0.455917 -3.46303 0
      vertex -1.74981 -8.80861 0
      vertex -0.897459 -3.37521 0
    endloop
  endfacet
  facet normal -0 0 -1
    outer loop
      vertex -0.897459 -3.37521 0
      vertex -1.74981 -8.80861 0
      vertex -0.904033 -3.3739 0
    endloop
  endfacet
  facet normal 0 0 -1
    outer loop
      vertex -2.88892 -8.50339 0
      vertex -0.904033 -3.3739 0
      vertex -1.74981 -8.80861 0
    endloop
  endfacet
  facet normal -0 0 -1
    outer loop
      vertex -0.904033 -3.3739 0
      vertex -2.88892 -8.50339 0
      vertex -0.910381 -3.37174 0
    endloop
  endfacet
  facet normal -0 0 -1
    outer loop
      vertex -0.910381 -3.37174 0
      vertex -2.88892 -8.50339 0
      vertex -1.33668 -3.22703 0
    endloop
  endfacet
  facet normal 0 0 -1
    outer loop
      vertex -3.44415 -8.31492 0
      vertex -1.33668 -3.22703 0
      vertex -2.88892 -8.50339 0
    endloop
  endfacet
  facet normal 0 0 -1
    outer loop
      vertex -2.17408 -9.27289 0
      vertex -1.74981 -8.80861 0
      vertex -1.90511 -9.1176 0
    endloop
  endfacet
  facet normal 0 0 -1
    outer loop
      vertex -3.97003 -8.05558 0
      vertex -1.33668 -3.22703 0
      vertex -3.44415 -8.31492 0
    endloop
  endfacet
  facet normal -0 0 -1
    outer loop
      vertex -1.33668 -3.22703 0
      vertex -3.97003 -8.05558 0
      vertex -1.74045 -3.02792 0
    endloop
  endfacet
  facet normal -0 0 -1
    outer loop
      vertex -1.74981 -8.80861 0
      vertex -2.17408 -9.27289 0
      vertex -2.88892 -8.50339 0
    endloop
  endfacet
  facet normal -0 0 -1
    outer loop
      vertex -1.74045 -3.02792 0
      vertex -3.97003 -8.05558 0
      vertex -1.74646 -3.02495 0
    endloop
  endfacet
  facet normal 0 0 -1
    outer loop
      vertex -4.99132 -7.46594 0
      vertex -1.74646 -3.02495 0
      vertex -3.97003 -8.05558 0
    endloop
  endfacet
  facet normal -0 0 -1
    outer loop
      vertex -1.74646 -3.02495 0
      vertex -4.99132 -7.46594 0
      vertex -2.12078 -2.77484 0
    endloop
  endfacet
  facet normal 0 0 -1
    outer loop
      vertex -2.88892 -8.50339 0
      vertex -2.17408 -9.27289 0
      vertex -2.48466 -9.27289 0
    endloop
  endfacet
  facet normal 0 0 -1
    outer loop
      vertex -2.88892 -8.50339 0
      vertex -2.48466 -9.27289 0
      vertex -2.75364 -9.1176 0
    endloop
  endfacet
  facet normal -0 0 -1
    outer loop
      vertex -2.12078 -2.77484 0
      vertex -4.99132 -7.46594 0
      vertex -2.12635 -2.77112 0
    endloop
  endfacet
  facet normal 0 0 -1
    outer loop
      vertex -5.47885 -7.14018 0
      vertex -2.12635 -2.77112 0
      vertex -4.99132 -7.46594 0
    endloop
  endfacet
  facet normal 0 0 -1
    outer loop
      vertex -5.91969 -6.75357 0
      vertex -2.12635 -2.77112 0
      vertex -5.47885 -7.14018 0
    endloop
  endfacet
  facet normal 0 0 -1
    outer loop
      vertex -2.90893 -8.84862 0
      vertex -2.88892 -8.50339 0
      vertex -2.75364 -9.1176 0
    endloop
  endfacet
  facet normal 0 0 -1
    outer loop
      vertex -2.88892 -8.50339 0
      vertex -2.90893 -8.84862 0
      vertex -2.90893 -8.53804 0
    endloop
  endfacet
  facet normal 0 0 -1
    outer loop
      vertex 3.46303 0.455917 0
      vertex 4.99132 7.46594 0
      vertex 3.49248 0.00668899 0
    endloop
  endfacet
  facet normal 0 0 -1
    outer loop
      vertex 3.37521 0.897459 0
      vertex 4.99132 7.46594 0
      vertex 3.46303 0.455917 0
    endloop
  endfacet
  facet normal 0 0 -1
    outer loop
      vertex 3.3739 0.904033 0
      vertex 4.99132 7.46594 0
      vertex 3.37521 0.897459 0
    endloop
  endfacet
  facet normal 0 0 -1
    outer loop
      vertex 3.37174 0.910381 0
      vertex 4.99132 7.46594 0
      vertex 3.3739 0.904033 0
    endloop
  endfacet
  facet normal 0 0 -1
    outer loop
      vertex 3.22703 1.33668 0
      vertex 4.99132 7.46594 0
      vertex 3.37174 0.910381 0
    endloop
  endfacet
  facet normal 0 0 -1
    outer loop
      vertex 3.02792 1.74045 0
      vertex 4.99132 7.46594 0
      vertex 3.22703 1.33668 0
    endloop
  endfacet
  facet normal 0 0 -1
    outer loop
      vertex 3.02495 1.74646 0
      vertex 4.99132 7.46594 0
      vertex 3.02792 1.74045 0
    endloop
  endfacet
  facet normal 0 0 -1
    outer loop
      vertex 2.77484 2.12078 0
      vertex 4.99132 7.46594 0
      vertex 3.02495 1.74646 0
    endloop
  endfacet
  facet normal 0 0 -1
    outer loop
      vertex 2.77112 2.12635 0
      vertex 4.99132 7.46594 0
      vertex 2.77484 2.12078 0
    endloop
  endfacet
  facet normal 0 0 -1
    outer loop
      vertex 2.47429 2.46483 0
      vertex 4.99132 7.46594 0
      vertex 2.77112 2.12635 0
    endloop
  endfacet
  facet normal 0 0 -1
    outer loop
      vertex 2.46987 2.46987 0
      vertex 4.99132 7.46594 0
      vertex 2.47429 2.46483 0
    endloop
  endfacet
  facet normal 0 0 -1
    outer loop
      vertex 4.99132 -7.46594 0
      vertex 5.1 -7.79423 0
      vertex 5.01962 -8.09423 0
    endloop
  endfacet
  facet normal 0 0 -1
    outer loop
      vertex 5.1 -7.79423 0
      vertex 4.99132 -7.46594 0
      vertex 5.01962 -7.49423 0
    endloop
  endfacet
  facet normal 0 0 -1
    outer loop
      vertex 3.97003 -8.05558 0
      vertex 4.99132 -7.46594 0
      vertex 4.8 -8.31384 0
    endloop
  endfacet
  facet normal 0 0 -1
    outer loop
      vertex 4.8 -8.31384 0
      vertex 4.99132 -7.46594 0
      vertex 5.01962 -8.09423 0
    endloop
  endfacet
  facet normal 0 0 -1
    outer loop
      vertex 6.75357 -5.91969 0
      vertex 6.94352 -6.51925 0
      vertex 6.78822 -6.78822 0
    endloop
  endfacet
  facet normal 0 0 -1
    outer loop
      vertex 6.94352 -6.51925 0
      vertex 6.75357 -5.91969 0
      vertex 6.94352 -6.20867 0
    endloop
  endfacet
  facet normal 0 0 -1
    outer loop
      vertex 6.94352 -6.20867 0
      vertex 6.75357 -5.91969 0
      vertex 6.78822 -5.9397 0
    endloop
  endfacet
  facet normal 0 0 -1
    outer loop
      vertex 5.91969 -6.75357 0
      vertex 6.75357 -5.91969 0
      vertex 6.51925 -6.94352 0
    endloop
  endfacet
  facet normal 0 0 -1
    outer loop
      vertex 6.51925 -6.94352 0
      vertex 6.75357 -5.91969 0
      vertex 6.78822 -6.78822 0
    endloop
  endfacet
  facet normal 0 0 -1
    outer loop
      vertex 8.05558 -3.97003 0
      vertex 8.39423 -4.5 0
      vertex 8.31384 -4.8 0
    endloop
  endfacet
  facet normal 0 0 -1
    outer loop
      vertex 8.05558 -3.97003 0
      vertex 8.31384 -4.8 0
      vertex 8.09423 -5.01962 0
    endloop
  endfacet
  facet normal 0 0 -1
    outer loop
      vertex 8.39423 -4.5 0
      vertex 8.05558 -3.97003 0
      vertex 8.31384 -4.2 0
    endloop
  endfacet
  facet normal 0 0 -1
    outer loop
      vertex 8.31384 -4.2 0
      vertex 8.05558 -3.97003 0
      vertex 8.09423 -3.98038 0
    endloop
  endfacet
  facet normal 0 0 -1
    outer loop
      vertex 8.09423 -5.01962 0
      vertex 7.46594 -4.99132 0
      vertex 8.05558 -3.97003 0
    endloop
  endfacet
  facet normal 0 0 -1
    outer loop
      vertex 7.46594 -4.99132 0
      vertex 8.09423 -5.01962 0
      vertex 7.79423 -5.1 0
    endloop
  endfacet
  facet normal 0 0 -1
    outer loop
      vertex 9.1176 -2.75364 0
      vertex 9.27289 -2.17408 0
      vertex 9.27289 -2.48466 0
    endloop
  endfacet
  facet normal 0 0 -1
    outer loop
      vertex 8.80861 -1.74981 0
      vertex 9.27289 -2.17408 0
      vertex 9.1176 -2.75364 0
    endloop
  endfacet
  facet normal 0 0 -1
    outer loop
      vertex 8.50339 -2.88892 0
      vertex 9.1176 -2.75364 0
      vertex 8.84862 -2.90893 0
    endloop
  endfacet
  facet normal 0 0 -1
    outer loop
      vertex 9.27289 -2.17408 0
      vertex 8.80861 -1.74981 0
      vertex 9.1176 -1.90511 0
    endloop
  endfacet
  facet normal 0 0 -1
    outer loop
      vertex 9.1176 -1.90511 0
      vertex 8.80861 -1.74981 0
      vertex 8.84862 -1.74981 0
    endloop
  endfacet
  facet normal -0 0 -1
    outer loop
      vertex 9.1176 -2.75364 0
      vertex 8.50339 -2.88892 0
      vertex 8.80861 -1.74981 0
    endloop
  endfacet
  facet normal 0 0 -1
    outer loop
      vertex 8.50339 -2.88892 0
      vertex 8.84862 -2.90893 0
      vertex 8.53804 -2.90893 0
    endloop
  endfacet
  facet normal 0 0 -1
    outer loop
      vertex 9.51962 -0.299999 0
      vertex 9.51962 0.299999 0
      vertex 9.6 0 0
    endloop
  endfacet
  facet normal 0 0 -1
    outer loop
      vertex 8.96135 -0.589644 0
      vertex 9.51962 -0.299999 0
      vertex 9.3 -0.519615 0
    endloop
  endfacet
  facet normal -0 0 -1
    outer loop
      vertex 9.51962 -0.299999 0
      vertex 8.96135 -0.589644 0
      vertex 9.51962 0.299999 0
    endloop
  endfacet
  facet normal 0 0 -1
    outer loop
      vertex 8.96135 -0.589644 0
      vertex 9.3 -0.519615 0
      vertex 9 -0.599999 0
    endloop
  endfacet
  facet normal 0 0 -1
    outer loop
      vertex 8.96135 0.589644 0
      vertex 9.51962 0.299999 0
      vertex 8.96135 -0.589644 0
    endloop
  endfacet
  facet normal 0 0 -1
    outer loop
      vertex 9.51962 0.299999 0
      vertex 8.96135 0.589644 0
      vertex 9.3 0.519615 0
    endloop
  endfacet
  facet normal 0 0 -1
    outer loop
      vertex 9.3 0.519615 0
      vertex 8.96135 0.589644 0
      vertex 9 0.599999 0
    endloop
  endfacet
  facet normal 0 0 -1
    outer loop
      vertex 8.80861 -1.74981 0
      vertex 8.96135 -0.589644 0
      vertex 8.923 -1.17474 0
    endloop
  endfacet
  facet normal -0 0 -1
    outer loop
      vertex 8.96135 -0.589644 0
      vertex 8.80861 -1.74981 0
      vertex 8.96135 0.589644 0
    endloop
  endfacet
  facet normal 0 0 -1
    outer loop
      vertex 8.80861 1.74981 0
      vertex 8.96135 0.589644 0
      vertex 8.80861 -1.74981 0
    endloop
  endfacet
  facet normal 0 0 -1
    outer loop
      vertex 8.96135 0.589644 0
      vertex 8.80861 1.74981 0
      vertex 8.923 1.17474 0
    endloop
  endfacet
  facet normal 0 0 -1
    outer loop
      vertex 8.80861 1.74981 0
      vertex 9.27289 2.17408 0
      vertex 9.1176 1.90511 0
    endloop
  endfacet
  facet normal -0 0 -1
    outer loop
      vertex 9.27289 2.17408 0
      vertex 8.80861 1.74981 0
      vertex 9.27289 2.48466 0
    endloop
  endfacet
  facet normal 0 0 -1
    outer loop
      vertex 8.80861 1.74981 0
      vertex 9.1176 1.90511 0
      vertex 8.84862 1.74981 0
    endloop
  endfacet
  facet normal -0 0 -1
    outer loop
      vertex 9.27289 2.48466 0
      vertex 8.80861 1.74981 0
      vertex 9.1176 2.75364 0
    endloop
  endfacet
  facet normal 0 0 -1
    outer loop
      vertex 8.50339 2.88892 0
      vertex 9.1176 2.75364 0
      vertex 8.80861 1.74981 0
    endloop
  endfacet
  facet normal -0 0 -1
    outer loop
      vertex 8.80861 -1.74981 0
      vertex 8.50339 -2.88892 0
      vertex 8.80861 1.74981 0
    endloop
  endfacet
  facet normal 0 0 -1
    outer loop
      vertex 8.50339 2.88892 0
      vertex 8.80861 1.74981 0
      vertex 8.50339 -2.88892 0
    endloop
  endfacet
  facet normal 0 0 -1
    outer loop
      vertex 9.1176 2.75364 0
      vertex 8.50339 2.88892 0
      vertex 8.84862 2.90893 0
    endloop
  endfacet
  facet normal -0 0 -1
    outer loop
      vertex 8.84862 2.90893 0
      vertex 8.50339 2.88892 0
      vertex 8.53804 2.90893 0
    endloop
  endfacet
  facet normal 0 0 -1
    outer loop
      vertex 8.05558 -3.97003 0
      vertex 8.50339 -2.88892 0
      vertex 8.31492 -3.44415 0
    endloop
  endfacet
  facet normal -0 0 -1
    outer loop
      vertex 8.50339 -2.88892 0
      vertex 8.05558 -3.97003 0
      vertex 8.50339 2.88892 0
    endloop
  endfacet
  facet normal 0 0 -1
    outer loop
      vertex 8.05558 3.97003 0
      vertex 8.50339 2.88892 0
      vertex 8.05558 -3.97003 0
    endloop
  endfacet
  facet normal 0 0 -1
    outer loop
      vertex 8.50339 2.88892 0
      vertex 8.05558 3.97003 0
      vertex 8.31492 3.44415 0
    endloop
  endfacet
  facet normal 0 0 -1
    outer loop
      vertex 8.05558 3.97003 0
      vertex 8.39423 4.5 0
      vertex 8.31384 4.2 0
    endloop
  endfacet
  facet normal 0 0 -1
    outer loop
      vertex 8.05558 3.97003 0
      vertex 8.31384 4.2 0
      vertex 8.09423 3.98038 0
    endloop
  endfacet
  facet normal -0 0 -1
    outer loop
      vertex 8.39423 4.5 0
      vertex 8.05558 3.97003 0
      vertex 8.31384 4.8 0
    endloop
  endfacet
  facet normal -0 0 -1
    outer loop
      vertex 8.31384 4.8 0
      vertex 8.05558 3.97003 0
      vertex 8.09423 5.01962 0
    endloop
  endfacet
  facet normal 0 0 -1
    outer loop
      vertex 7.46594 4.99132 0
      vertex 8.09423 5.01962 0
      vertex 8.05558 3.97003 0
    endloop
  endfacet
  facet normal -0 0 -1
    outer loop
      vertex 8.05558 -3.97003 0
      vertex 7.46594 -4.99132 0
      vertex 8.05558 3.97003 0
    endloop
  endfacet
  facet normal 0 0 -1
    outer loop
      vertex 7.46594 -4.99132 0
      vertex 7.79423 -5.1 0
      vertex 7.49423 -5.01962 0
    endloop
  endfacet
  facet normal 0 0 -1
    outer loop
      vertex 7.46594 4.99132 0
      vertex 8.05558 3.97003 0
      vertex 7.46594 -4.99132 0
    endloop
  endfacet
  facet normal -0 0 -1
    outer loop
      vertex 8.09423 5.01962 0
      vertex 7.46594 4.99132 0
      vertex 7.79423 5.1 0
    endloop
  endfacet
  facet normal 0 0 -1
    outer loop
      vertex 7.79423 5.1 0
      vertex 7.46594 4.99132 0
      vertex 7.49423 5.01962 0
    endloop
  endfacet
  facet normal 0 0 -1
    outer loop
      vertex 6.75357 -5.91969 0
      vertex 7.46594 -4.99132 0
      vertex 7.14018 -5.47885 0
    endloop
  endfacet
  facet normal -0 0 -1
    outer loop
      vertex 7.46594 -4.99132 0
      vertex 6.75357 -5.91969 0
      vertex 7.46594 4.99132 0
    endloop
  endfacet
  facet normal 0 0 -1
    outer loop
      vertex 6.75357 5.91969 0
      vertex 7.46594 4.99132 0
      vertex 6.75357 -5.91969 0
    endloop
  endfacet
  facet normal 0 0 -1
    outer loop
      vertex 7.46594 4.99132 0
      vertex 6.75357 5.91969 0
      vertex 7.14018 5.47885 0
    endloop
  endfacet
  facet normal 0 0 -1
    outer loop
      vertex 6.75357 5.91969 0
      vertex 6.94352 6.20867 0
      vertex 6.78822 5.9397 0
    endloop
  endfacet
  facet normal -0 0 -1
    outer loop
      vertex 6.94352 6.20867 0
      vertex 6.75357 5.91969 0
      vertex 6.94352 6.51925 0
    endloop
  endfacet
  facet normal -0 0 -1
    outer loop
      vertex 6.94352 6.51925 0
      vertex 6.75357 5.91969 0
      vertex 6.78822 6.78822 0
    endloop
  endfacet
  facet normal 0 0 -1
    outer loop
      vertex 6.75357 5.91969 0
      vertex 6.51925 6.94352 0
      vertex 6.78822 6.78822 0
    endloop
  endfacet
  facet normal -0 0 -1
    outer loop
      vertex 6.75357 -5.91969 0
      vertex 5.91969 -6.75357 0
      vertex 6.75357 5.91969 0
    endloop
  endfacet
  facet normal 0 0 -1
    outer loop
      vertex 5.91969 -6.75357 0
      vertex 6.51925 -6.94352 0
      vertex 6.20867 -6.94352 0
    endloop
  endfacet
  facet normal 0 0 -1
    outer loop
      vertex 5.91969 6.75357 0
      vertex 6.75357 5.91969 0
      vertex 5.91969 -6.75357 0
    endloop
  endfacet
  facet normal 0 0 -1
    outer loop
      vertex 5.91969 -6.75357 0
      vertex 6.20867 -6.94352 0
      vertex 5.9397 -6.78822 0
    endloop
  endfacet
  facet normal 0 0 -1
    outer loop
      vertex 6.75357 5.91969 0
      vertex 5.91969 6.75357 0
      vertex 6.51925 6.94352 0
    endloop
  endfacet
  facet normal -0 0 -1
    outer loop
      vertex 6.51925 6.94352 0
      vertex 5.91969 6.75357 0
      vertex 6.20867 6.94352 0
    endloop
  endfacet
  facet normal 0 0 -1
    outer loop
      vertex 6.20867 6.94352 0
      vertex 5.91969 6.75357 0
      vertex 5.9397 6.78822 0
    endloop
  endfacet
  facet normal 0 0 -1
    outer loop
      vertex 4.99132 -7.46594 0
      vertex 5.91969 -6.75357 0
      vertex 5.47885 -7.14018 0
    endloop
  endfacet
  facet normal -0 0 -1
    outer loop
      vertex 5.91969 -6.75357 0
      vertex 4.99132 -7.46594 0
      vertex 5.91969 6.75357 0
    endloop
  endfacet
  facet normal 0 0 -1
    outer loop
      vertex 4.99132 7.46594 0
      vertex 5.91969 6.75357 0
      vertex 4.99132 -7.46594 0
    endloop
  endfacet
  facet normal 0 0 -1
    outer loop
      vertex 5.91969 6.75357 0
      vertex 4.99132 7.46594 0
      vertex 5.47885 7.14018 0
    endloop
  endfacet
  facet normal 0 0 -1
    outer loop
      vertex 4.99132 7.46594 0
      vertex 5.1 7.79423 0
      vertex 5.01962 7.49423 0
    endloop
  endfacet
  facet normal -0 0 -1
    outer loop
      vertex 5.1 7.79423 0
      vertex 4.99132 7.46594 0
      vertex 5.01962 8.09423 0
    endloop
  endfacet
  facet normal 0 0 -1
    outer loop
      vertex 4.99132 7.46594 0
      vertex 4.8 8.31384 0
      vertex 5.01962 8.09423 0
    endloop
  endfacet
  facet normal 0 0 -1
    outer loop
      vertex 4.99132 -7.46594 0
      vertex 3.49292 0 0
      vertex 4.99132 7.46594 0
    endloop
  endfacet
  facet normal 0 0 -1
    outer loop
      vertex 3.97003 -8.05558 0
      vertex 4.8 -8.31384 0
      vertex 4.5 -8.39423 0
    endloop
  endfacet
  facet normal 0 0 -1
    outer loop
      vertex 3.49248 0.00668899 0
      vertex 4.99132 7.46594 0
      vertex 3.49292 0 0
    endloop
  endfacet
  facet normal 0 0 -1
    outer loop
      vertex 3.97003 -8.05558 0
      vertex 4.5 -8.39423 0
      vertex 4.2 -8.31384 0
    endloop
  endfacet
  facet normal 0 0 -1
    outer loop
      vertex 4.99132 7.46594 0
      vertex 3.97003 8.05558 0
      vertex 4.8 8.31384 0
    endloop
  endfacet
  facet normal 0 0 -1
    outer loop
      vertex 3.97003 -8.05558 0
      vertex 4.2 -8.31384 0
      vertex 3.98038 -8.09423 0
    endloop
  endfacet
  facet normal -0 0 -1
    outer loop
      vertex 4.8 8.31384 0
      vertex 3.97003 8.05558 0
      vertex 4.5 8.39423 0
    endloop
  endfacet
  facet normal 0 0 -1
    outer loop
      vertex 2.77112 -2.12635 0
      vertex 4.99132 -7.46594 0
      vertex 3.97003 -8.05558 0
    endloop
  endfacet
  facet normal 0 0 -1
    outer loop
      vertex 4.5 8.39423 0
      vertex 3.97003 8.05558 0
      vertex 4.2 8.31384 0
    endloop
  endfacet
  facet normal 0 0 -1
    outer loop
      vertex 4.2 8.31384 0
      vertex 3.97003 8.05558 0
      vertex 3.98038 8.09423 0
    endloop
  endfacet
  facet normal 0 0 -1
    outer loop
      vertex 4.99132 -7.46594 0
      vertex 3.49248 -0.00668899 0
      vertex 3.49292 0 0
    endloop
  endfacet
  facet normal 0 0 -1
    outer loop
      vertex 4.99132 -7.46594 0
      vertex 3.46303 -0.455917 0
      vertex 3.49248 -0.00668899 0
    endloop
  endfacet
  facet normal 0 0 -1
    outer loop
      vertex 2.77112 -2.12635 0
      vertex 3.97003 -8.05558 0
      vertex 3.44415 -8.31492 0
    endloop
  endfacet
  facet normal 0 0 -1
    outer loop
      vertex 4.99132 -7.46594 0
      vertex 3.37521 -0.897459 0
      vertex 3.46303 -0.455917 0
    endloop
  endfacet
  facet normal 0 0 -1
    outer loop
      vertex 4.99132 -7.46594 0
      vertex 3.3739 -0.904033 0
      vertex 3.37521 -0.897459 0
    endloop
  endfacet
  facet normal 0 0 -1
    outer loop
      vertex 4.99132 -7.46594 0
      vertex 3.37174 -0.910381 0
      vertex 3.3739 -0.904033 0
    endloop
  endfacet
  facet normal 0 0 -1
    outer loop
      vertex 4.99132 -7.46594 0
      vertex 3.22703 -1.33668 0
      vertex 3.37174 -0.910381 0
    endloop
  endfacet
  facet normal 0 0 -1
    outer loop
      vertex 4.99132 -7.46594 0
      vertex 3.02792 -1.74045 0
      vertex 3.22703 -1.33668 0
    endloop
  endfacet
  facet normal 0 0 -1
    outer loop
      vertex 4.99132 -7.46594 0
      vertex 3.02495 -1.74646 0
      vertex 3.02792 -1.74045 0
    endloop
  endfacet
  facet normal 0 0 -1
    outer loop
      vertex 1.33668 -3.22703 0
      vertex 3.44415 -8.31492 0
      vertex 2.88892 -8.50339 0
    endloop
  endfacet
  facet normal 0 0 -1
    outer loop
      vertex 4.99132 -7.46594 0
      vertex 2.77484 -2.12078 0
      vertex 3.02495 -1.74646 0
    endloop
  endfacet
  facet normal 0 0 -1
    outer loop
      vertex 2.88892 8.50339 0
      vertex 2.90893 8.84862 0
      vertex 2.90893 8.53804 0
    endloop
  endfacet
  facet normal 0 0 -1
    outer loop
      vertex 2.46483 2.47429 0
      vertex 4.99132 7.46594 0
      vertex 2.46987 2.46987 0
    endloop
  endfacet
  facet normal 0 0 -1
    outer loop
      vertex 2.88892 8.50339 0
      vertex 2.75364 9.1176 0
      vertex 2.90893 8.84862 0
    endloop
  endfacet
  facet normal 0 0 -1
    outer loop
      vertex 2.12635 2.77112 0
      vertex 4.99132 7.46594 0
      vertex 2.46483 2.47429 0
    endloop
  endfacet
  facet normal 0 0 -1
    outer loop
      vertex 2.12078 2.77484 0
      vertex 4.99132 7.46594 0
      vertex 2.12635 2.77112 0
    endloop
  endfacet
  facet normal 0 0 -1
    outer loop
      vertex 1.74646 3.02495 0
      vertex 4.99132 7.46594 0
      vertex 2.12078 2.77484 0
    endloop
  endfacet
  facet normal -0 0 -1
    outer loop
      vertex 4.99132 7.46594 0
      vertex 1.74646 3.02495 0
      vertex 3.97003 8.05558 0
    endloop
  endfacet
  facet normal 0 0 -1
    outer loop
      vertex 1.74045 3.02792 0
      vertex 3.97003 8.05558 0
      vertex 1.74646 3.02495 0
    endloop
  endfacet
  facet normal 0 0 -1
    outer loop
      vertex 1.33668 3.22703 0
      vertex 3.97003 8.05558 0
      vertex 1.74045 3.02792 0
    endloop
  endfacet
  facet normal -0 0 -1
    outer loop
      vertex 3.97003 8.05558 0
      vertex 1.33668 3.22703 0
      vertex 3.44415 8.31492 0
    endloop
  endfacet
  facet normal -0 0 -1
    outer loop
      vertex 2.75364 9.1176 0
      vertex 1.74981 8.80861 0
      vertex 2.48466 9.27289 0
    endloop
  endfacet
  facet normal -0 0 -1
    outer loop
      vertex 2.48466 9.27289 0
      vertex 1.74981 8.80861 0
      vertex 2.17408 9.27289 0
    endloop
  endfacet
  facet normal 0 0 -1
    outer loop
      vertex 2.17408 9.27289 0
      vertex 1.74981 8.80861 0
      vertex 1.90511 9.1176 0
    endloop
  endfacet
  facet normal 0 0 -1
    outer loop
      vertex 2.88892 8.50339 0
      vertex 1.74981 8.80861 0
      vertex 2.75364 9.1176 0
    endloop
  endfacet
  facet normal -0 0 -1
    outer loop
      vertex 3.44415 8.31492 0
      vertex 1.33668 3.22703 0
      vertex 2.88892 8.50339 0
    endloop
  endfacet
  facet normal 0 0 -1
    outer loop
      vertex 0.910381 3.37174 0
      vertex 2.88892 8.50339 0
      vertex 1.33668 3.22703 0
    endloop
  endfacet
  facet normal 0 0 -1
    outer loop
      vertex 0.904033 3.3739 0
      vertex 2.88892 8.50339 0
      vertex 0.910381 3.37174 0
    endloop
  endfacet
  facet normal -0 0 -1
    outer loop
      vertex 2.88892 8.50339 0
      vertex 0.904033 3.3739 0
      vertex 1.74981 8.80861 0
    endloop
  endfacet
  facet normal 0 0 -1
    outer loop
      vertex 0.897459 3.37521 0
      vertex 1.74981 8.80861 0
      vertex 0.904033 3.3739 0
    endloop
  endfacet
  facet normal 0 0 -1
    outer loop
      vertex 0.455917 3.46303 0
      vertex 1.74981 8.80861 0
      vertex 0.897459 3.37521 0
    endloop
  endfacet
  facet normal -0 0 -1
    outer loop
      vertex 1.74981 8.80861 0
      vertex 0.455917 3.46303 0
      vertex 1.17474 8.923 0
    endloop
  endfacet
  facet normal -0 0 -1
    outer loop
      vertex 1.17474 8.923 0
      vertex 0.455917 3.46303 0
      vertex 0.589644 8.96135 0
    endloop
  endfacet
  facet normal 0 0 -1
    outer loop
      vertex 0.00668899 3.49248 0
      vertex 0.589644 8.96135 0
      vertex 0.455917 3.46303 0
    endloop
  endfacet
  facet normal 0 -0 -1
    outer loop
      vertex 0.299999 9.51962 0
      vertex 0.589644 8.96135 0
      vertex -0.589644 8.96135 0
    endloop
  endfacet
  facet normal 0 0 -1
    outer loop
      vertex 0 3.49292 0
      vertex 0.589644 8.96135 0
      vertex 0.00668899 3.49248 0
    endloop
  endfacet
  facet normal -0 0 -1
    outer loop
      vertex 0.589644 8.96135 0
      vertex 0 3.49292 0
      vertex -0.589644 8.96135 0
    endloop
  endfacet
  facet normal 0 0 -1
    outer loop
      vertex 0.589644 8.96135 0
      vertex 0.299999 9.51962 0
      vertex 0.519615 9.3 0
    endloop
  endfacet
  facet normal 0 0 -1
    outer loop
      vertex -0.589644 8.96135 0
      vertex 0 3.49292 0
      vertex -0.00668899 3.49248 0
    endloop
  endfacet
  facet normal -0 0 -1
    outer loop
      vertex 0.299999 9.51962 0
      vertex -0.589644 8.96135 0
      vertex 0 9.6 0
    endloop
  endfacet
  facet normal 0 0 -1
    outer loop
      vertex -0.589644 8.96135 0
      vertex -0.00668899 3.49248 0
      vertex -0.455917 3.46303 0
    endloop
  endfacet
  facet normal 0 0 -1
    outer loop
      vertex 0 9.6 0
      vertex -0.589644 8.96135 0
      vertex -0.299999 9.51962 0
    endloop
  endfacet
  facet normal 0 0 -1
    outer loop
      vertex -0.299999 9.51962 0
      vertex -0.589644 8.96135 0
      vertex -0.519615 9.3 0
    endloop
  endfacet
  facet normal 0 0 -1
    outer loop
      vertex -1.74981 8.80861 0
      vertex -0.455917 3.46303 0
      vertex -0.897459 3.37521 0
    endloop
  endfacet
  facet normal 0 0 -1
    outer loop
      vertex -1.74981 8.80861 0
      vertex -0.897459 3.37521 0
      vertex -0.904033 3.3739 0
    endloop
  endfacet
  facet normal 0 0 -1
    outer loop
      vertex -2.88892 8.50339 0
      vertex -0.904033 3.3739 0
      vertex -0.910381 3.37174 0
    endloop
  endfacet
  facet normal 0 0 -1
    outer loop
      vertex -0.455917 3.46303 0
      vertex -1.17474 8.923 0
      vertex -0.589644 8.96135 0
    endloop
  endfacet
  facet normal 0 0 -1
    outer loop
      vertex -2.88892 8.50339 0
      vertex -0.910381 3.37174 0
      vertex -1.33668 3.22703 0
    endloop
  endfacet
  facet normal 0 0 -1
    outer loop
      vertex -3.97003 8.05558 0
      vertex -1.33668 3.22703 0
      vertex -1.74045 3.02792 0
    endloop
  endfacet
  facet normal 0 0 -1
    outer loop
      vertex -3.97003 8.05558 0
      vertex -1.74045 3.02792 0
      vertex -1.74646 3.02495 0
    endloop
  endfacet
  facet normal 0 0 -1
    outer loop
      vertex -0.455917 3.46303 0
      vertex -1.74981 8.80861 0
      vertex -1.17474 8.923 0
    endloop
  endfacet
  facet normal 0 0 -1
    outer loop
      vertex -1.74981 8.80861 0
      vertex -1.90511 9.1176 0
      vertex -1.74981 8.84862 0
    endloop
  endfacet
  facet normal 0 0 -1
    outer loop
      vertex -0.904033 3.3739 0
      vertex -2.88892 8.50339 0
      vertex -1.74981 8.80861 0
    endloop
  endfacet
  facet normal 0 0 -1
    outer loop
      vertex -4.99132 7.46594 0
      vertex -1.74646 3.02495 0
      vertex -2.12078 2.77484 0
    endloop
  endfacet
  facet normal 0 0 -1
    outer loop
      vertex -4.99132 7.46594 0
      vertex -2.12078 2.77484 0
      vertex -2.12635 2.77112 0
    endloop
  endfacet
  facet normal 0 -0 -1
    outer loop
      vertex -2.17408 9.27289 0
      vertex -1.74981 8.80861 0
      vertex -2.88892 8.50339 0
    endloop
  endfacet
  facet normal 0 0 -1
    outer loop
      vertex -4.99132 7.46594 0
      vertex -2.12635 2.77112 0
      vertex -2.46483 2.47429 0
    endloop
  endfacet
  facet normal 0 0 -1
    outer loop
      vertex -4.99132 7.46594 0
      vertex -2.46483 2.47429 0
      vertex -2.46987 2.46987 0
    endloop
  endfacet
  facet normal 0 0 -1
    outer loop
      vertex -4.99132 7.46594 0
      vertex -2.46987 2.46987 0
      vertex -2.47429 2.46483 0
    endloop
  endfacet
  facet normal 0 0 -1
    outer loop
      vertex -1.74981 8.80861 0
      vertex -2.17408 9.27289 0
      vertex -1.90511 9.1176 0
    endloop
  endfacet
  facet normal -0 0 -1
    outer loop
      vertex -2.17408 9.27289 0
      vertex -2.88892 8.50339 0
      vertex -2.48466 9.27289 0
    endloop
  endfacet
  facet normal 0 0 -1
    outer loop
      vertex -4.99132 7.46594 0
      vertex -2.47429 2.46483 0
      vertex -2.77112 2.12635 0
    endloop
  endfacet
  facet normal 0 0 -1
    outer loop
      vertex -4.99132 7.46594 0
      vertex -2.77112 2.12635 0
      vertex -2.77484 2.12078 0
    endloop
  endfacet
  facet normal 0 0 -1
    outer loop
      vertex -2.48466 9.27289 0
      vertex -2.88892 8.50339 0
      vertex -2.75364 9.1176 0
    endloop
  endfacet
  facet normal 0 0 -1
    outer loop
      vertex -2.90893 8.84862 0
      vertex -2.88892 8.50339 0
      vertex -2.90893 8.53804 0
    endloop
  endfacet
  facet normal 0 0 -1
    outer loop
      vertex -2.88892 8.50339 0
      vertex -2.90893 8.84862 0
      vertex -2.75364 9.1176 0
    endloop
  endfacet
  facet normal 0 0 -1
    outer loop
      vertex 1.90511 9.1176 0
      vertex 1.74981 8.80861 0
      vertex 1.74981 8.84862 0
    endloop
  endfacet
  facet normal 0 0 -1
    outer loop
      vertex -0.519615 -9.3 0
      vertex -0.599999 -9 0
      vertex -0.589644 -8.96135 0
    endloop
  endfacet
  facet normal -0 0 -1
    outer loop
      vertex 0.599999 9 0
      vertex 0.589644 8.96135 0
      vertex 0.519615 9.3 0
    endloop
  endfacet
  facet normal 0 0 -1
    outer loop
      vertex -0.519615 9.3 0
      vertex -0.589644 8.96135 0
      vertex -0.599999 9 0
    endloop
  endfacet
  facet normal -0 0 -1
    outer loop
      vertex -3.49248 -0.00668899 0
      vertex -8.96135 -0.589644 0
      vertex -3.49292 0 0
    endloop
  endfacet
  facet normal 0 0 -1
    outer loop
      vertex -8.96135 0.589644 0
      vertex -3.49292 0 0
      vertex -8.96135 -0.589644 0
    endloop
  endfacet
  facet normal 0 -0 -1
    outer loop
      vertex -8.923 1.17474 0
      vertex -3.49292 0 0
      vertex -8.96135 0.589644 0
    endloop
  endfacet
  facet normal 0 0 -1
    outer loop
      vertex -3.49292 0 0
      vertex -8.923 1.17474 0
      vertex -8.80861 1.74981 0
    endloop
  endfacet
  facet normal 0 0 -1
    outer loop
      vertex -9.3 -0.519615 0
      vertex -8.96135 -0.589644 0
      vertex -9 -0.599999 0
    endloop
  endfacet
  facet normal 0 0 -1
    outer loop
      vertex -9.51962 -0.299999 0
      vertex -8.96135 -0.589644 0
      vertex -9.3 -0.519615 0
    endloop
  endfacet
  facet normal 0 0 -1
    outer loop
      vertex -8.96135 -0.589644 0
      vertex -9.51962 -0.299999 0
      vertex -8.96135 0.589644 0
    endloop
  endfacet
  facet normal -0 0 -1
    outer loop
      vertex -8.96135 0.589644 0
      vertex -9.3 0.519615 0
      vertex -9 0.599999 0
    endloop
  endfacet
  facet normal 0 0 -1
    outer loop
      vertex -9.51962 0.299999 0
      vertex -8.96135 0.589644 0
      vertex -9.51962 -0.299999 0
    endloop
  endfacet
  facet normal 0 0 -1
    outer loop
      vertex -8.96135 0.589644 0
      vertex -9.51962 0.299999 0
      vertex -9.3 0.519615 0
    endloop
  endfacet
  facet normal 0 -0 -1
    outer loop
      vertex -9.51962 0.299999 0
      vertex -9.51962 -0.299999 0
      vertex -9.6 0 0
    endloop
  endfacet
  facet normal 0 0 -1
    outer loop
      vertex -8.923 -1.17474 0
      vertex -3.46303 -0.455917 0
      vertex -8.80861 -1.74981 0
    endloop
  endfacet
  facet normal 0 0 -1
    outer loop
      vertex -8.96135 -0.589644 0
      vertex -3.46303 -0.455917 0
      vertex -8.923 -1.17474 0
    endloop
  endfacet
  facet normal 0 -0 -1
    outer loop
      vertex -8.31492 3.44415 0
      vertex -3.49292 0 0
      vertex -8.50339 2.88892 0
    endloop
  endfacet
  facet normal 0 0 -1
    outer loop
      vertex -3.49292 0 0
      vertex -8.31492 3.44415 0
      vertex -8.05558 3.97003 0
    endloop
  endfacet
  facet normal 0 0 -1
    outer loop
      vertex -8.84862 -2.90893 0
      vertex -8.50339 -2.88892 0
      vertex -8.53804 -2.90893 0
    endloop
  endfacet
  facet normal -0 0 -1
    outer loop
      vertex -3.46303 -0.455917 0
      vertex -8.96135 -0.589644 0
      vertex -3.49248 -0.00668899 0
    endloop
  endfacet
  facet normal 0 0 -1
    outer loop
      vertex -3.49292 0 0
      vertex -8.80861 1.74981 0
      vertex -8.50339 2.88892 0
    endloop
  endfacet
  facet normal 0 0 -1
    outer loop
      vertex -9.1176 -2.75364 0
      vertex -8.50339 -2.88892 0
      vertex -8.84862 -2.90893 0
    endloop
  endfacet
  facet normal 0 0 -1
    outer loop
      vertex -8.50339 -2.88892 0
      vertex -9.1176 -2.75364 0
      vertex -8.80861 -1.74981 0
    endloop
  endfacet
  facet normal 0 0 -1
    outer loop
      vertex -9.27289 -2.48466 0
      vertex -8.80861 -1.74981 0
      vertex -9.1176 -2.75364 0
    endloop
  endfacet
  facet normal -0 0 -1
    outer loop
      vertex -8.80861 -1.74981 0
      vertex -9.1176 -1.90511 0
      vertex -8.84862 -1.74981 0
    endloop
  endfacet
  facet normal 0 0 -1
    outer loop
      vertex -9.27289 -2.17408 0
      vertex -8.80861 -1.74981 0
      vertex -9.27289 -2.48466 0
    endloop
  endfacet
  facet normal 0 0 -1
    outer loop
      vertex -8.80861 -1.74981 0
      vertex -9.27289 -2.17408 0
      vertex -9.1176 -1.90511 0
    endloop
  endfacet
  facet normal 0 0 -1
    outer loop
      vertex -8.80861 -1.74981 0
      vertex -3.3739 -0.904033 0
      vertex -8.50339 -2.88892 0
    endloop
  endfacet
  facet normal -0 0 -1
    outer loop
      vertex -3.3739 -0.904033 0
      vertex -8.80861 -1.74981 0
      vertex -3.37521 -0.897459 0
    endloop
  endfacet
  facet normal 0 -0 -1
    outer loop
      vertex -7.14018 5.47885 0
      vertex -3.49292 0 0
      vertex -7.46594 4.99132 0
    endloop
  endfacet
  facet normal 0 0 -1
    outer loop
      vertex -3.49292 0 0
      vertex -7.14018 5.47885 0
      vertex -6.75357 5.91969 0
    endloop
  endfacet
  facet normal 0 0 -1
    outer loop
      vertex -7.79423 -5.1 0
      vertex -7.46594 -4.99132 0
      vertex -7.49423 -5.01962 0
    endloop
  endfacet
  facet normal -0 0 -1
    outer loop
      vertex -3.37521 -0.897459 0
      vertex -8.80861 -1.74981 0
      vertex -3.46303 -0.455917 0
    endloop
  endfacet
  facet normal 0 0 -1
    outer loop
      vertex -8.09423 -5.01962 0
      vertex -7.46594 -4.99132 0
      vertex -7.79423 -5.1 0
    endloop
  endfacet
  facet normal 0 0 -1
    outer loop
      vertex -3.49292 0 0
      vertex -8.05558 3.97003 0
      vertex -7.46594 4.99132 0
    endloop
  endfacet
  facet normal 0 0 -1
    outer loop
      vertex -8.09423 5.01962 0
      vertex -7.46594 4.99132 0
      vertex -8.05558 3.97003 0
    endloop
  endfacet
  facet normal -0 0 -1
    outer loop
      vertex -7.46594 -4.99132 0
      vertex -8.09423 -5.01962 0
      vertex -8.05558 -3.97003 0
    endloop
  endfacet
  facet normal 0 0 -1
    outer loop
      vertex -8.31384 -4.8 0
      vertex -8.05558 -3.97003 0
      vertex -8.09423 -5.01962 0
    endloop
  endfacet
  facet normal 0 0 -1
    outer loop
      vertex -8.39423 -4.5 0
      vertex -8.05558 -3.97003 0
      vertex -8.31384 -4.8 0
    endloop
  endfacet
  facet normal 0 0 -1
    outer loop
      vertex -8.05558 -3.97003 0
      vertex -8.31384 -4.2 0
      vertex -8.09423 -3.98038 0
    endloop
  endfacet
  facet normal 0 0 -1
    outer loop
      vertex -8.05558 -3.97003 0
      vertex -8.39423 -4.5 0
      vertex -8.31384 -4.2 0
    endloop
  endfacet
  facet normal 0 0 -1
    outer loop
      vertex -8.50339 -2.88892 0
      vertex -3.22703 -1.33668 0
      vertex -8.31492 -3.44415 0
    endloop
  endfacet
  facet normal -0 0 -1
    outer loop
      vertex -3.22703 -1.33668 0
      vertex -8.50339 -2.88892 0
      vertex -3.37174 -0.910381 0
    endloop
  endfacet
  facet normal 0 -0 -1
    outer loop
      vertex -5.47885 7.14018 0
      vertex -3.49292 0 0
      vertex -5.91969 6.75357 0
    endloop
  endfacet
  facet normal 0 0 -1
    outer loop
      vertex -3.49292 0 0
      vertex -5.47885 7.14018 0
      vertex -4.99132 7.46594 0
    endloop
  endfacet
  facet normal 0 0 -1
    outer loop
      vertex -6.20867 -6.94352 0
      vertex -5.91969 -6.75357 0
      vertex -5.9397 -6.78822 0
    endloop
  endfacet
  facet normal -0 0 -1
    outer loop
      vertex -3.37174 -0.910381 0
      vertex -8.50339 -2.88892 0
      vertex -3.3739 -0.904033 0
    endloop
  endfacet
  facet normal 0 0 -1
    outer loop
      vertex -6.51925 -6.94352 0
      vertex -5.91969 -6.75357 0
      vertex -6.20867 -6.94352 0
    endloop
  endfacet
  facet normal 0 0 -1
    outer loop
      vertex -3.49292 0 0
      vertex -6.75357 5.91969 0
      vertex -5.91969 6.75357 0
    endloop
  endfacet
  facet normal -0 0 -1
    outer loop
      vertex -5.91969 -6.75357 0
      vertex -6.51925 -6.94352 0
      vertex -6.75357 -5.91969 0
    endloop
  endfacet
  facet normal 0 -0 -1
    outer loop
      vertex -6.51925 6.94352 0
      vertex -5.91969 6.75357 0
      vertex -6.75357 5.91969 0
    endloop
  endfacet
  facet normal 0 0 -1
    outer loop
      vertex -5.91969 6.75357 0
      vertex -6.20867 6.94352 0
      vertex -5.9397 6.78822 0
    endloop
  endfacet
  facet normal 0 0 -1
    outer loop
      vertex -6.78822 -6.78822 0
      vertex -6.75357 -5.91969 0
      vertex -6.51925 -6.94352 0
    endloop
  endfacet
  facet normal 0 0 -1
    outer loop
      vertex -6.94352 -6.51925 0
      vertex -6.75357 -5.91969 0
      vertex -6.78822 -6.78822 0
    endloop
  endfacet
  facet normal 0 0 -1
    outer loop
      vertex -6.94352 -6.20867 0
      vertex -6.75357 -5.91969 0
      vertex -6.94352 -6.51925 0
    endloop
  endfacet
  facet normal 0 0 -1
    outer loop
      vertex -6.75357 -5.91969 0
      vertex -6.94352 -6.20867 0
      vertex -6.78822 -5.9397 0
    endloop
  endfacet
  facet normal -0 0 -1
    outer loop
      vertex -3.97003 8.05558 0
      vertex -4.99132 7.46594 0
      vertex -4.8 8.31384 0
    endloop
  endfacet
  facet normal 0 0 -1
    outer loop
      vertex -5.1 7.79423 0
      vertex -4.99132 7.46594 0
      vertex -5.01962 7.49423 0
    endloop
  endfacet
  facet normal 0 0 -1
    outer loop
      vertex -4.99132 7.46594 0
      vertex -5.01962 8.09423 0
      vertex -4.8 8.31384 0
    endloop
  endfacet
  facet normal 0 0 -1
    outer loop
      vertex -4.99132 7.46594 0
      vertex -5.1 7.79423 0
      vertex -5.01962 8.09423 0
    endloop
  endfacet
  facet normal 0 0 -1
    outer loop
      vertex -5.91969 6.75357 0
      vertex -6.51925 6.94352 0
      vertex -6.20867 6.94352 0
    endloop
  endfacet
  facet normal 0 0 -1
    outer loop
      vertex -6.94352 6.20867 0
      vertex -6.75357 5.91969 0
      vertex -6.78822 5.9397 0
    endloop
  endfacet
  facet normal 0 0 -1
    outer loop
      vertex -6.75357 5.91969 0
      vertex -6.78822 6.78822 0
      vertex -6.51925 6.94352 0
    endloop
  endfacet
  facet normal 0 0 -1
    outer loop
      vertex -6.94352 6.51925 0
      vertex -6.75357 5.91969 0
      vertex -6.94352 6.20867 0
    endloop
  endfacet
  facet normal 0 0 -1
    outer loop
      vertex -6.75357 5.91969 0
      vertex -6.94352 6.51925 0
      vertex -6.78822 6.78822 0
    endloop
  endfacet
  facet normal 0 0 -1
    outer loop
      vertex -7.46594 4.99132 0
      vertex -7.79423 5.1 0
      vertex -7.49423 5.01962 0
    endloop
  endfacet
  facet normal 0 0 -1
    outer loop
      vertex -8.31384 4.2 0
      vertex -8.05558 3.97003 0
      vertex -8.09423 3.98038 0
    endloop
  endfacet
  facet normal 0 0 -1
    outer loop
      vertex -7.46594 4.99132 0
      vertex -8.09423 5.01962 0
      vertex -7.79423 5.1 0
    endloop
  endfacet
  facet normal 0 0 -1
    outer loop
      vertex -8.39423 4.5 0
      vertex -8.05558 3.97003 0
      vertex -8.31384 4.2 0
    endloop
  endfacet
  facet normal 0 0 -1
    outer loop
      vertex -8.05558 3.97003 0
      vertex -8.31384 4.8 0
      vertex -8.09423 5.01962 0
    endloop
  endfacet
  facet normal 0 0 -1
    outer loop
      vertex -8.05558 3.97003 0
      vertex -8.39423 4.5 0
      vertex -8.31384 4.8 0
    endloop
  endfacet
  facet normal 0 0 -1
    outer loop
      vertex -9.1176 2.75364 0
      vertex -8.50339 2.88892 0
      vertex -8.80861 1.74981 0
    endloop
  endfacet
  facet normal 0 0 -1
    outer loop
      vertex -9.1176 1.90511 0
      vertex -8.80861 1.74981 0
      vertex -8.84862 1.74981 0
    endloop
  endfacet
  facet normal 0 0 -1
    outer loop
      vertex -8.50339 2.88892 0
      vertex -8.84862 2.90893 0
      vertex -8.53804 2.90893 0
    endloop
  endfacet
  facet normal 0 0 -1
    outer loop
      vertex -9.27289 2.17408 0
      vertex -8.80861 1.74981 0
      vertex -9.1176 1.90511 0
    endloop
  endfacet
  facet normal -0 0 -1
    outer loop
      vertex -8.50339 2.88892 0
      vertex -9.1176 2.75364 0
      vertex -8.84862 2.90893 0
    endloop
  endfacet
  facet normal 0 0 -1
    outer loop
      vertex -8.80861 1.74981 0
      vertex -9.27289 2.17408 0
      vertex -9.1176 2.75364 0
    endloop
  endfacet
  facet normal 0 0 -1
    outer loop
      vertex -9.1176 2.75364 0
      vertex -9.27289 2.17408 0
      vertex -9.27289 2.48466 0
    endloop
  endfacet
  facet normal 0 0 -1
    outer loop
      vertex -4.99132 7.46594 0
      vertex -2.77484 2.12078 0
      vertex -3.02495 1.74646 0
    endloop
  endfacet
  facet normal 0 0 -1
    outer loop
      vertex -4.99132 7.46594 0
      vertex -3.02495 1.74646 0
      vertex -3.02792 1.74045 0
    endloop
  endfacet
  facet normal 0 0 -1
    outer loop
      vertex -4.99132 7.46594 0
      vertex -3.02792 1.74045 0
      vertex -3.22703 1.33668 0
    endloop
  endfacet
  facet normal 0 0 -1
    outer loop
      vertex -4.99132 7.46594 0
      vertex -3.22703 1.33668 0
      vertex -3.37174 0.910381 0
    endloop
  endfacet
  facet normal 0 0 -1
    outer loop
      vertex -4.99132 7.46594 0
      vertex -3.37174 0.910381 0
      vertex -3.3739 0.904033 0
    endloop
  endfacet
  facet normal 0 0 -1
    outer loop
      vertex -4.99132 7.46594 0
      vertex -3.3739 0.904033 0
      vertex -3.37521 0.897459 0
    endloop
  endfacet
  facet normal 0 0 -1
    outer loop
      vertex -1.33668 3.22703 0
      vertex -3.44415 8.31492 0
      vertex -2.88892 8.50339 0
    endloop
  endfacet
  facet normal 0 0 -1
    outer loop
      vertex -4.99132 7.46594 0
      vertex -3.37521 0.897459 0
      vertex -3.46303 0.455917 0
    endloop
  endfacet
  facet normal 0 0 -1
    outer loop
      vertex -4.99132 7.46594 0
      vertex -3.46303 0.455917 0
      vertex -3.49248 0.00668899 0
    endloop
  endfacet
  facet normal 0 0 -1
    outer loop
      vertex -4.99132 7.46594 0
      vertex -3.49248 0.00668899 0
      vertex -3.49292 0 0
    endloop
  endfacet
  facet normal -0 0 -1
    outer loop
      vertex -3.02792 -1.74045 0
      vertex -8.05558 -3.97003 0
      vertex -3.22703 -1.33668 0
    endloop
  endfacet
  facet normal 0 0 -1
    outer loop
      vertex -1.33668 3.22703 0
      vertex -3.97003 8.05558 0
      vertex -3.44415 8.31492 0
    endloop
  endfacet
  facet normal 0 0 -1
    outer loop
      vertex -4.2 -8.31384 0
      vertex -3.97003 -8.05558 0
      vertex -3.98038 -8.09423 0
    endloop
  endfacet
  facet normal 0 0 -1
    outer loop
      vertex -8.31492 -3.44415 0
      vertex -3.22703 -1.33668 0
      vertex -8.05558 -3.97003 0
    endloop
  endfacet
  facet normal 0 0 -1
    outer loop
      vertex -4.5 -8.39423 0
      vertex -3.97003 -8.05558 0
      vertex -4.2 -8.31384 0
    endloop
  endfacet
  facet normal 0 0 -1
    outer loop
      vertex -1.74646 3.02495 0
      vertex -4.99132 7.46594 0
      vertex -3.97003 8.05558 0
    endloop
  endfacet
  facet normal -0 0 -1
    outer loop
      vertex -3.97003 -8.05558 0
      vertex -4.5 -8.39423 0
      vertex -4.99132 -7.46594 0
    endloop
  endfacet
  facet normal 0 -0 -1
    outer loop
      vertex -4.5 8.39423 0
      vertex -3.97003 8.05558 0
      vertex -4.8 8.31384 0
    endloop
  endfacet
  facet normal 0 0 -1
    outer loop
      vertex -4.99132 -7.46594 0
      vertex -4.5 -8.39423 0
      vertex -4.8 -8.31384 0
    endloop
  endfacet
  facet normal 0 0 -1
    outer loop
      vertex -3.97003 8.05558 0
      vertex -4.2 8.31384 0
      vertex -3.98038 8.09423 0
    endloop
  endfacet
  facet normal 0 0 -1
    outer loop
      vertex -3.97003 8.05558 0
      vertex -4.5 8.39423 0
      vertex -4.2 8.31384 0
    endloop
  endfacet
  facet normal 0 0 -1
    outer loop
      vertex -5.01962 -8.09423 0
      vertex -4.99132 -7.46594 0
      vertex -4.8 -8.31384 0
    endloop
  endfacet
  facet normal 0 0 -1
    outer loop
      vertex -5.1 -7.79423 0
      vertex -4.99132 -7.46594 0
      vertex -5.01962 -8.09423 0
    endloop
  endfacet
  facet normal 0 0 -1
    outer loop
      vertex -4.99132 -7.46594 0
      vertex -5.1 -7.79423 0
      vertex -5.01962 -7.49423 0
    endloop
  endfacet
  facet normal -0 0 -1
    outer loop
      vertex -2.12635 -2.77112 0
      vertex -5.91969 -6.75357 0
      vertex -2.46483 -2.47429 0
    endloop
  endfacet
  facet normal -0 0 -1
    outer loop
      vertex -2.46483 -2.47429 0
      vertex -5.91969 -6.75357 0
      vertex -2.46987 -2.46987 0
    endloop
  endfacet
  facet normal 0 0 -1
    outer loop
      vertex -6.75357 -5.91969 0
      vertex -2.46987 -2.46987 0
      vertex -5.91969 -6.75357 0
    endloop
  endfacet
  facet normal -0 0 -1
    outer loop
      vertex -2.46987 -2.46987 0
      vertex -6.75357 -5.91969 0
      vertex -2.47429 -2.46483 0
    endloop
  endfacet
  facet normal -0 0 -1
    outer loop
      vertex -2.47429 -2.46483 0
      vertex -6.75357 -5.91969 0
      vertex -2.77112 -2.12635 0
    endloop
  endfacet
  facet normal 0 0 -1
    outer loop
      vertex -7.14018 -5.47885 0
      vertex -2.77112 -2.12635 0
      vertex -6.75357 -5.91969 0
    endloop
  endfacet
  facet normal 0 0 -1
    outer loop
      vertex -7.46594 -4.99132 0
      vertex -2.77112 -2.12635 0
      vertex -7.14018 -5.47885 0
    endloop
  endfacet
  facet normal -0 0 -1
    outer loop
      vertex -2.77112 -2.12635 0
      vertex -7.46594 -4.99132 0
      vertex -2.77484 -2.12078 0
    endloop
  endfacet
  facet normal -0 0 -1
    outer loop
      vertex -2.77484 -2.12078 0
      vertex -7.46594 -4.99132 0
      vertex -3.02495 -1.74646 0
    endloop
  endfacet
  facet normal 0 0 -1
    outer loop
      vertex -8.05558 -3.97003 0
      vertex -3.02495 -1.74646 0
      vertex -7.46594 -4.99132 0
    endloop
  endfacet
  facet normal -0 0 -1
    outer loop
      vertex -3.02495 -1.74646 0
      vertex -8.05558 -3.97003 0
      vertex -3.02792 -1.74045 0
    endloop
  endfacet
  facet normal 0.965929 -0.258806 0
    outer loop
      vertex 9.51962 -0.299999 11
      vertex 9.6 0 0
      vertex 9.6 0 11
    endloop
  endfacet
  facet normal 0.965929 -0.258806 0
    outer loop
      vertex 9.6 0 0
      vertex 9.51962 -0.299999 11
      vertex 9.51962 -0.299999 0
    endloop
  endfacet
  facet normal 0.7071 -0.707113 0
    outer loop
      vertex 9.3 -0.519615 11
      vertex 9.51962 -0.299999 0
      vertex 9.51962 -0.299999 11
    endloop
  endfacet
  facet normal 0.7071 -0.707113 0
    outer loop
      vertex 9.51962 -0.299999 0
      vertex 9.3 -0.519615 11
      vertex 9.3 -0.519615 0
    endloop
  endfacet
  facet normal 0.258817 0.965926 -0
    outer loop
      vertex 9.3 0.519615 0
      vertex 9 0.599999 11
      vertex 9.3 0.519615 11
    endloop
  endfacet
  facet normal 0.258817 0.965926 0
    outer loop
      vertex 9 0.599999 11
      vertex 9.3 0.519615 0
      vertex 9 0.599999 0
    endloop
  endfacet
  facet normal -0.25879 -0.965934 0
    outer loop
      vertex 8.96135 -0.589644 0
      vertex 9 -0.599999 11
      vertex 8.96135 -0.589644 11
    endloop
  endfacet
  facet normal -0.25879 -0.965934 -0
    outer loop
      vertex 9 -0.599999 11
      vertex 8.96135 -0.589644 0
      vertex 9 -0.599999 0
    endloop
  endfacet
  facet normal -0.25879 0.965934 0
    outer loop
      vertex 9 0.599999 0
      vertex 8.96135 0.589644 11
      vertex 9 0.599999 11
    endloop
  endfacet
  facet normal -0.25879 0.965934 0
    outer loop
      vertex 8.96135 0.589644 11
      vertex 9 0.599999 0
      vertex 8.96135 0.589644 0
    endloop
  endfacet
  facet normal 0 0 1
    outer loop
      vertex 9 0.599999 11
      vertex 8.96135 0.589644 11
      vertex 9 0 11
    endloop
  endfacet
  facet normal 0 0 1
    outer loop
      vertex 9 0 11
      vertex 9.6 0 11
      vertex 9.51962 0.299999 11
    endloop
  endfacet
  facet normal 0 0 1
    outer loop
      vertex 9 0 11
      vertex 9.51962 0.299999 11
      vertex 9.3 0.519615 11
    endloop
  endfacet
  facet normal 0 0 1
    outer loop
      vertex 9.6 0 11
      vertex 9 0 11
      vertex 9.51962 -0.299999 11
    endloop
  endfacet
  facet normal 0 0 1
    outer loop
      vertex 9 0 11
      vertex 9.3 0.519615 11
      vertex 9 0.599999 11
    endloop
  endfacet
  facet normal 0 0 1
    outer loop
      vertex 9.51962 -0.299999 11
      vertex 9 0 11
      vertex 9.3 -0.519615 11
    endloop
  endfacet
  facet normal 0 0 1
    outer loop
      vertex 9 0 11
      vertex 9 -0.599999 11
      vertex 9.3 -0.519615 11
    endloop
  endfacet
  facet normal 0 -0 1
    outer loop
      vertex 9 -0.599999 11
      vertex 9 0 11
      vertex 8.96135 -0.589644 11
    endloop
  endfacet
  facet normal 0.258817 -0.965926 0
    outer loop
      vertex 9 -0.599999 0
      vertex 9.3 -0.519615 11
      vertex 9 -0.599999 11
    endloop
  endfacet
  facet normal 0.258817 -0.965926 0
    outer loop
      vertex 9.3 -0.519615 11
      vertex 9 -0.599999 0
      vertex 9.3 -0.519615 0
    endloop
  endfacet
  facet normal 0.499986 0.866033 -0
    outer loop
      vertex 9.1176 2.75364 0
      vertex 8.84862 2.90893 11
      vertex 9.1176 2.75364 11
    endloop
  endfacet
  facet normal 0.499986 0.866033 0
    outer loop
      vertex 8.84862 2.90893 11
      vertex 9.1176 2.75364 0
      vertex 8.84862 2.90893 0
    endloop
  endfacet
  facet normal 0.866033 0.499986 0
    outer loop
      vertex 9.27289 2.48466 11
      vertex 9.1176 2.75364 0
      vertex 9.1176 2.75364 11
    endloop
  endfacet
  facet normal 0.866033 0.499986 0
    outer loop
      vertex 9.1176 2.75364 0
      vertex 9.27289 2.48466 11
      vertex 9.27289 2.48466 0
    endloop
  endfacet
  facet normal 0 0 1
    outer loop
      vertex 8.69333 2.32937 11
      vertex 9.27289 2.48466 11
      vertex 9.1176 2.75364 11
    endloop
  endfacet
  facet normal 0 0 1
    outer loop
      vertex 9.27289 2.48466 11
      vertex 8.69333 2.32937 11
      vertex 9.27289 2.17408 11
    endloop
  endfacet
  facet normal 0 0 1
    outer loop
      vertex 8.69333 2.32937 11
      vertex 9.1176 2.75364 11
      vertex 8.84862 2.90893 11
    endloop
  endfacet
  facet normal 0 0 1
    outer loop
      vertex 9.27289 2.17408 11
      vertex 8.69333 2.32937 11
      vertex 9.1176 1.90511 11
    endloop
  endfacet
  facet normal 0 0 1
    outer loop
      vertex 9.1176 1.90511 11
      vertex 8.69333 2.32937 11
      vertex 8.84862 1.74981 11
    endloop
  endfacet
  facet normal 0 0 1
    outer loop
      vertex 8.84862 1.74981 11
      vertex 8.69333 2.32937 11
      vertex 8.80861 1.74981 11
    endloop
  endfacet
  facet normal -0 0 1
    outer loop
      vertex 8.53804 2.90893 11
      vertex 8.69333 2.32937 11
      vertex 8.84862 2.90893 11
    endloop
  endfacet
  facet normal 0 0 1
    outer loop
      vertex 8.69333 2.32937 11
      vertex 8.53804 2.90893 11
      vertex 8.50339 2.88892 11
    endloop
  endfacet
  facet normal 0.50001 -0.866019 0
    outer loop
      vertex 8.84862 1.74981 0
      vertex 9.1176 1.90511 11
      vertex 8.84862 1.74981 11
    endloop
  endfacet
  facet normal 0.50001 -0.866019 0
    outer loop
      vertex 9.1176 1.90511 11
      vertex 8.84862 1.74981 0
      vertex 9.1176 1.90511 0
    endloop
  endfacet
  facet normal 1 -0 0
    outer loop
      vertex 9.27289 2.17408 11
      vertex 9.27289 2.48466 0
      vertex 9.27289 2.48466 11
    endloop
  endfacet
  facet normal 1 0 0
    outer loop
      vertex 9.27289 2.48466 0
      vertex 9.27289 2.17408 11
      vertex 9.27289 2.17408 0
    endloop
  endfacet
  facet normal -0.50009 0.865973 0
    outer loop
      vertex 8.53804 2.90893 0
      vertex 8.50339 2.88892 11
      vertex 8.53804 2.90893 11
    endloop
  endfacet
  facet normal -0.50009 0.865973 0
    outer loop
      vertex 8.50339 2.88892 11
      vertex 8.53804 2.90893 0
      vertex 8.50339 2.88892 0
    endloop
  endfacet
  facet normal 0 -1 0
    outer loop
      vertex 8.80861 1.74981 0
      vertex 8.84862 1.74981 11
      vertex 8.80861 1.74981 11
    endloop
  endfacet
  facet normal 0 -1 -0
    outer loop
      vertex 8.84862 1.74981 11
      vertex 8.80861 1.74981 0
      vertex 8.84862 1.74981 0
    endloop
  endfacet
  facet normal 0.866025 -0.5 0
    outer loop
      vertex 9.1176 1.90511 11
      vertex 9.27289 2.17408 0
      vertex 9.27289 2.17408 11
    endloop
  endfacet
  facet normal 0.866025 -0.5 0
    outer loop
      vertex 9.27289 2.17408 0
      vertex 9.1176 1.90511 11
      vertex 9.1176 1.90511 0
    endloop
  endfacet
  facet normal 0 1 -0
    outer loop
      vertex 8.84862 2.90893 0
      vertex 8.53804 2.90893 11
      vertex 8.84862 2.90893 11
    endloop
  endfacet
  facet normal 0 1 0
    outer loop
      vertex 8.53804 2.90893 11
      vertex 8.84862 2.90893 0
      vertex 8.53804 2.90893 0
    endloop
  endfacet
  facet normal 0.258674 -0.965965 0
    outer loop
      vertex 8.05558 3.97003 0
      vertex 8.09423 3.98038 11
      vertex 8.05558 3.97003 11
    endloop
  endfacet
  facet normal 0.258674 -0.965965 0
    outer loop
      vertex 8.09423 3.98038 11
      vertex 8.05558 3.97003 0
      vertex 8.09423 3.98038 0
    endloop
  endfacet
  facet normal 0.258805 0.96593 -0
    outer loop
      vertex 8.09423 5.01962 0
      vertex 7.79423 5.1 11
      vertex 8.09423 5.01962 11
    endloop
  endfacet
  facet normal 0.258805 0.96593 0
    outer loop
      vertex 7.79423 5.1 11
      vertex 8.09423 5.01962 0
      vertex 7.79423 5.1 0
    endloop
  endfacet
  facet normal 0.707123 0.707091 0
    outer loop
      vertex 8.31384 4.8 11
      vertex 8.09423 5.01962 0
      vertex 8.09423 5.01962 11
    endloop
  endfacet
  facet normal 0.707123 0.707091 0
    outer loop
      vertex 8.09423 5.01962 0
      vertex 8.31384 4.8 11
      vertex 8.31384 4.8 0
    endloop
  endfacet
  facet normal -0.258805 0.96593 0
    outer loop
      vertex 7.79423 5.1 0
      vertex 7.49423 5.01962 11
      vertex 7.79423 5.1 11
    endloop
  endfacet
  facet normal -0.258805 0.96593 0
    outer loop
      vertex 7.49423 5.01962 11
      vertex 7.79423 5.1 0
      vertex 7.49423 5.01962 0
    endloop
  endfacet
  facet normal -0.707232 0.706982 0
    outer loop
      vertex 7.46594 4.99132 0
      vertex 7.49423 5.01962 11
      vertex 7.49423 5.01962 0
    endloop
  endfacet
  facet normal -0.707232 0.706982 0
    outer loop
      vertex 7.49423 5.01962 11
      vertex 7.46594 4.99132 0
      vertex 7.46594 4.99132 11
    endloop
  endfacet
  facet normal 0.707123 -0.707091 0
    outer loop
      vertex 8.09423 3.98038 11
      vertex 8.31384 4.2 0
      vertex 8.31384 4.2 11
    endloop
  endfacet
  facet normal 0.707123 -0.707091 0
    outer loop
      vertex 8.31384 4.2 0
      vertex 8.09423 3.98038 11
      vertex 8.09423 3.98038 0
    endloop
  endfacet
  facet normal 0.965922 -0.258835 0
    outer loop
      vertex 8.31384 4.2 11
      vertex 8.39423 4.5 0
      vertex 8.39423 4.5 11
    endloop
  endfacet
  facet normal 0.965922 -0.258835 0
    outer loop
      vertex 8.39423 4.5 0
      vertex 8.31384 4.2 11
      vertex 8.31384 4.2 0
    endloop
  endfacet
  facet normal 0 0 1
    outer loop
      vertex 7.79423 4.5 11
      vertex 8.39423 4.5 11
      vertex 8.31384 4.8 11
    endloop
  endfacet
  facet normal 0 0 1
    outer loop
      vertex 7.79423 4.5 11
      vertex 8.31384 4.8 11
      vertex 8.09423 5.01962 11
    endloop
  endfacet
  facet normal 0 0 1
    outer loop
      vertex 8.39423 4.5 11
      vertex 7.79423 4.5 11
      vertex 8.31384 4.2 11
    endloop
  endfacet
  facet normal 0 0 1
    outer loop
      vertex 8.31384 4.2 11
      vertex 7.79423 4.5 11
      vertex 8.09423 3.98038 11
    endloop
  endfacet
  facet normal 0 0 1
    outer loop
      vertex 7.79423 4.5 11
      vertex 8.09423 5.01962 11
      vertex 7.79423 5.1 11
    endloop
  endfacet
  facet normal 0 0 1
    outer loop
      vertex 8.09423 3.98038 11
      vertex 7.79423 4.5 11
      vertex 8.05558 3.97003 11
    endloop
  endfacet
  facet normal -0 0 1
    outer loop
      vertex 7.49423 5.01962 11
      vertex 7.79423 4.5 11
      vertex 7.79423 5.1 11
    endloop
  endfacet
  facet normal 0 0 1
    outer loop
      vertex 7.79423 4.5 11
      vertex 7.49423 5.01962 11
      vertex 7.46594 4.99132 11
    endloop
  endfacet
  facet normal 0.965922 0.258835 0
    outer loop
      vertex 8.39423 4.5 11
      vertex 8.31384 4.8 0
      vertex 8.31384 4.8 11
    endloop
  endfacet
  facet normal 0.965922 0.258835 0
    outer loop
      vertex 8.31384 4.8 0
      vertex 8.39423 4.5 11
      vertex 8.39423 4.5 0
    endloop
  endfacet
  facet normal 0 1 -0
    outer loop
      vertex 6.51925 6.94352 0
      vertex 6.20867 6.94352 11
      vertex 6.51925 6.94352 11
    endloop
  endfacet
  facet normal 0 1 0
    outer loop
      vertex 6.20867 6.94352 11
      vertex 6.51925 6.94352 0
      vertex 6.20867 6.94352 0
    endloop
  endfacet
  facet normal 0.500024 0.866011 -0
    outer loop
      vertex 6.78822 6.78822 0
      vertex 6.51925 6.94352 11
      vertex 6.78822 6.78822 11
    endloop
  endfacet
  facet normal 0.500024 0.866011 0
    outer loop
      vertex 6.51925 6.94352 11
      vertex 6.78822 6.78822 0
      vertex 6.51925 6.94352 0
    endloop
  endfacet
  facet normal 0 0 1
    outer loop
      vertex 6.36396 6.36396 11
      vertex 6.94352 6.51925 11
      vertex 6.78822 6.78822 11
    endloop
  endfacet
  facet normal 0 0 1
    outer loop
      vertex 6.94352 6.51925 11
      vertex 6.36396 6.36396 11
      vertex 6.94352 6.20867 11
    endloop
  endfacet
  facet normal 0 0 1
    outer loop
      vertex 6.94352 6.20867 11
      vertex 6.36396 6.36396 11
      vertex 6.78822 5.9397 11
    endloop
  endfacet
  facet normal 0 0 1
    outer loop
      vertex 6.36396 6.36396 11
      vertex 6.78822 6.78822 11
      vertex 6.51925 6.94352 11
    endloop
  endfacet
  facet normal 0 0 1
    outer loop
      vertex 6.78822 5.9397 11
      vertex 6.36396 6.36396 11
      vertex 6.75357 5.91969 11
    endloop
  endfacet
  facet normal -0 0 1
    outer loop
      vertex 6.20867 6.94352 11
      vertex 6.36396 6.36396 11
      vertex 6.51925 6.94352 11
    endloop
  endfacet
  facet normal -0 0 1
    outer loop
      vertex 5.9397 6.78822 11
      vertex 6.36396 6.36396 11
      vertex 6.20867 6.94352 11
    endloop
  endfacet
  facet normal 0 0 1
    outer loop
      vertex 6.36396 6.36396 11
      vertex 5.9397 6.78822 11
      vertex 5.91969 6.75357 11
    endloop
  endfacet
  facet normal -0.500024 0.866011 0
    outer loop
      vertex 6.20867 6.94352 0
      vertex 5.9397 6.78822 11
      vertex 6.20867 6.94352 11
    endloop
  endfacet
  facet normal -0.500024 0.866011 0
    outer loop
      vertex 5.9397 6.78822 11
      vertex 6.20867 6.94352 0
      vertex 5.9397 6.78822 0
    endloop
  endfacet
  facet normal 0.50009 -0.865973 0
    outer loop
      vertex 6.75357 5.91969 0
      vertex 6.78822 5.9397 11
      vertex 6.75357 5.91969 11
    endloop
  endfacet
  facet normal 0.50009 -0.865973 0
    outer loop
      vertex 6.78822 5.9397 11
      vertex 6.75357 5.91969 0
      vertex 6.78822 5.9397 0
    endloop
  endfacet
  facet normal 1 -0 0
    outer loop
      vertex 6.94352 6.20867 11
      vertex 6.94352 6.51925 0
      vertex 6.94352 6.51925 11
    endloop
  endfacet
  facet normal 1 0 0
    outer loop
      vertex 6.94352 6.51925 0
      vertex 6.94352 6.20867 11
      vertex 6.94352 6.20867 0
    endloop
  endfacet
  facet normal -0.865973 0.50009 0
    outer loop
      vertex 5.91969 6.75357 0
      vertex 5.9397 6.78822 11
      vertex 5.9397 6.78822 0
    endloop
  endfacet
  facet normal -0.865973 0.50009 0
    outer loop
      vertex 5.9397 6.78822 11
      vertex 5.91969 6.75357 0
      vertex 5.91969 6.75357 11
    endloop
  endfacet
  facet normal 0.866011 -0.500024 0
    outer loop
      vertex 6.78822 5.9397 11
      vertex 6.94352 6.20867 0
      vertex 6.94352 6.20867 11
    endloop
  endfacet
  facet normal 0.866011 -0.500024 0
    outer loop
      vertex 6.94352 6.20867 0
      vertex 6.78822 5.9397 11
      vertex 6.78822 5.9397 0
    endloop
  endfacet
  facet normal 0.866011 0.500024 0
    outer loop
      vertex 6.94352 6.51925 11
      vertex 6.78822 6.78822 0
      vertex 6.78822 6.78822 11
    endloop
  endfacet
  facet normal 0.866011 0.500024 0
    outer loop
      vertex 6.78822 6.78822 0
      vertex 6.94352 6.51925 11
      vertex 6.94352 6.51925 0
    endloop
  endfacet
  facet normal -0.258835 0.965922 0
    outer loop
      vertex 4.5 8.39423 0
      vertex 4.2 8.31384 11
      vertex 4.5 8.39423 11
    endloop
  endfacet
  facet normal -0.258835 0.965922 0
    outer loop
      vertex 4.2 8.31384 11
      vertex 4.5 8.39423 0
      vertex 4.2 8.31384 0
    endloop
  endfacet
  facet normal 0.258835 0.965922 -0
    outer loop
      vertex 4.8 8.31384 0
      vertex 4.5 8.39423 11
      vertex 4.8 8.31384 11
    endloop
  endfacet
  facet normal 0.258835 0.965922 0
    outer loop
      vertex 4.5 8.39423 11
      vertex 4.8 8.31384 0
      vertex 4.5 8.39423 0
    endloop
  endfacet
  facet normal -0.707091 0.707123 0
    outer loop
      vertex 3.98038 8.09423 0
      vertex 4.2 8.31384 11
      vertex 4.2 8.31384 0
    endloop
  endfacet
  facet normal -0.707091 0.707123 0
    outer loop
      vertex 4.2 8.31384 11
      vertex 3.98038 8.09423 0
      vertex 3.98038 8.09423 11
    endloop
  endfacet
  facet normal 0.96593 -0.258805 0
    outer loop
      vertex 5.01962 7.49423 11
      vertex 5.1 7.79423 0
      vertex 5.1 7.79423 11
    endloop
  endfacet
  facet normal 0.96593 -0.258805 0
    outer loop
      vertex 5.1 7.79423 0
      vertex 5.01962 7.49423 11
      vertex 5.01962 7.49423 0
    endloop
  endfacet
  facet normal 0.706982 -0.707232 0
    outer loop
      vertex 4.99132 7.46594 0
      vertex 5.01962 7.49423 11
      vertex 4.99132 7.46594 11
    endloop
  endfacet
  facet normal 0.706982 -0.707232 0
    outer loop
      vertex 5.01962 7.49423 11
      vertex 4.99132 7.46594 0
      vertex 5.01962 7.49423 0
    endloop
  endfacet
  facet normal 0.96593 0.258805 0
    outer loop
      vertex 5.1 7.79423 11
      vertex 5.01962 8.09423 0
      vertex 5.01962 8.09423 11
    endloop
  endfacet
  facet normal 0.96593 0.258805 0
    outer loop
      vertex 5.01962 8.09423 0
      vertex 5.1 7.79423 11
      vertex 5.1 7.79423 0
    endloop
  endfacet
  facet normal -0.965965 0.258674 0
    outer loop
      vertex 3.97003 8.05558 0
      vertex 3.98038 8.09423 11
      vertex 3.98038 8.09423 0
    endloop
  endfacet
  facet normal -0.965965 0.258674 0
    outer loop
      vertex 3.98038 8.09423 11
      vertex 3.97003 8.05558 0
      vertex 3.97003 8.05558 11
    endloop
  endfacet
  facet normal 0.707091 0.707123 0
    outer loop
      vertex 5.01962 8.09423 11
      vertex 4.8 8.31384 0
      vertex 4.8 8.31384 11
    endloop
  endfacet
  facet normal 0.707091 0.707123 0
    outer loop
      vertex 4.8 8.31384 0
      vertex 5.01962 8.09423 11
      vertex 5.01962 8.09423 0
    endloop
  endfacet
  facet normal 0 0 1
    outer loop
      vertex 4.5 7.79423 11
      vertex 5.1 7.79423 11
      vertex 5.01962 8.09423 11
    endloop
  endfacet
  facet normal 0 0 1
    outer loop
      vertex 5.1 7.79423 11
      vertex 4.5 7.79423 11
      vertex 5.01962 7.49423 11
    endloop
  endfacet
  facet normal 0 0 1
    outer loop
      vertex 4.5 7.79423 11
      vertex 5.01962 8.09423 11
      vertex 4.8 8.31384 11
    endloop
  endfacet
  facet normal 0 0 1
    outer loop
      vertex 4.5 7.79423 11
      vertex 4.8 8.31384 11
      vertex 4.5 8.39423 11
    endloop
  endfacet
  facet normal 0 0 1
    outer loop
      vertex 5.01962 7.49423 11
      vertex 4.5 7.79423 11
      vertex 4.99132 7.46594 11
    endloop
  endfacet
  facet normal -0 0 1
    outer loop
      vertex 4.2 8.31384 11
      vertex 4.5 7.79423 11
      vertex 4.5 8.39423 11
    endloop
  endfacet
  facet normal -0 0 1
    outer loop
      vertex 3.98038 8.09423 11
      vertex 4.5 7.79423 11
      vertex 4.2 8.31384 11
    endloop
  endfacet
  facet normal 0 0 1
    outer loop
      vertex 4.5 7.79423 11
      vertex 3.98038 8.09423 11
      vertex 3.97003 8.05558 11
    endloop
  endfacet
  facet normal -0.5 0.866025 0
    outer loop
      vertex 2.17408 9.27289 0
      vertex 1.90511 9.1176 11
      vertex 2.17408 9.27289 11
    endloop
  endfacet
  facet normal -0.5 0.866025 0
    outer loop
      vertex 1.90511 9.1176 11
      vertex 2.17408 9.27289 0
      vertex 1.90511 9.1176 0
    endloop
  endfacet
  facet normal 0 1 -0
    outer loop
      vertex 2.48466 9.27289 0
      vertex 2.17408 9.27289 11
      vertex 2.48466 9.27289 11
    endloop
  endfacet
  facet normal 0 1 0
    outer loop
      vertex 2.17408 9.27289 11
      vertex 2.48466 9.27289 0
      vertex 2.17408 9.27289 0
    endloop
  endfacet
  facet normal -0.866019 0.50001 0
    outer loop
      vertex 1.74981 8.84862 0
      vertex 1.90511 9.1176 11
      vertex 1.90511 9.1176 0
    endloop
  endfacet
  facet normal -0.866019 0.50001 0
    outer loop
      vertex 1.90511 9.1176 11
      vertex 1.74981 8.84862 0
      vertex 1.74981 8.84862 11
    endloop
  endfacet
  facet normal -0 0 1
    outer loop
      vertex 2.32937 8.69333 11
      vertex 2.90893 8.53804 11
      vertex 2.90893 8.84862 11
    endloop
  endfacet
  facet normal 0 0 1
    outer loop
      vertex 2.32937 8.69333 11
      vertex 2.90893 8.84862 11
      vertex 2.75364 9.1176 11
    endloop
  endfacet
  facet normal 0 0 1
    outer loop
      vertex 2.32937 8.69333 11
      vertex 2.75364 9.1176 11
      vertex 2.48466 9.27289 11
    endloop
  endfacet
  facet normal 0 0 1
    outer loop
      vertex 2.90893 8.53804 11
      vertex 2.32937 8.69333 11
      vertex 2.88892 8.50339 11
    endloop
  endfacet
  facet normal -0 0 1
    outer loop
      vertex 2.17408 9.27289 11
      vertex 2.32937 8.69333 11
      vertex 2.48466 9.27289 11
    endloop
  endfacet
  facet normal -0 0 1
    outer loop
      vertex 1.90511 9.1176 11
      vertex 2.32937 8.69333 11
      vertex 2.17408 9.27289 11
    endloop
  endfacet
  facet normal -0 0 1
    outer loop
      vertex 1.74981 8.84862 11
      vertex 2.32937 8.69333 11
      vertex 1.90511 9.1176 11
    endloop
  endfacet
  facet normal 0 0 1
    outer loop
      vertex 2.32937 8.69333 11
      vertex 1.74981 8.84862 11
      vertex 1.74981 8.80861 11
    endloop
  endfacet
  facet normal 1 -0 0
    outer loop
      vertex 2.90893 8.53804 11
      vertex 2.90893 8.84862 0
      vertex 2.90893 8.84862 11
    endloop
  endfacet
  facet normal 1 0 0
    outer loop
      vertex 2.90893 8.84862 0
      vertex 2.90893 8.53804 11
      vertex 2.90893 8.53804 0
    endloop
  endfacet
  facet normal 0.499986 0.866033 -0
    outer loop
      vertex 2.75364 9.1176 0
      vertex 2.48466 9.27289 11
      vertex 2.75364 9.1176 11
    endloop
  endfacet
  facet normal 0.499986 0.866033 0
    outer loop
      vertex 2.48466 9.27289 11
      vertex 2.75364 9.1176 0
      vertex 2.48466 9.27289 0
    endloop
  endfacet
  facet normal 0.865973 -0.50009 0
    outer loop
      vertex 2.88892 8.50339 11
      vertex 2.90893 8.53804 0
      vertex 2.90893 8.53804 11
    endloop
  endfacet
  facet normal 0.865973 -0.50009 0
    outer loop
      vertex 2.90893 8.53804 0
      vertex 2.88892 8.50339 11
      vertex 2.88892 8.50339 0
    endloop
  endfacet
  facet normal 0.866033 0.499986 0
    outer loop
      vertex 2.90893 8.84862 11
      vertex 2.75364 9.1176 0
      vertex 2.75364 9.1176 11
    endloop
  endfacet
  facet normal 0.866033 0.499986 0
    outer loop
      vertex 2.75364 9.1176 0
      vertex 2.90893 8.84862 11
      vertex 2.90893 8.84862 0
    endloop
  endfacet
  facet normal -1 0 0
    outer loop
      vertex 1.74981 8.80861 0
      vertex 1.74981 8.84862 11
      vertex 1.74981 8.84862 0
    endloop
  endfacet
  facet normal -1 -0 0
    outer loop
      vertex 1.74981 8.84862 11
      vertex 1.74981 8.80861 0
      vertex 1.74981 8.80861 11
    endloop
  endfacet
  facet normal -0.707113 0.7071 0
    outer loop
      vertex -0.519615 9.3 0
      vertex -0.299999 9.51962 11
      vertex -0.299999 9.51962 0
    endloop
  endfacet
  facet normal -0.707113 0.7071 0
    outer loop
      vertex -0.299999 9.51962 11
      vertex -0.519615 9.3 0
      vertex -0.519615 9.3 11
    endloop
  endfacet
  facet normal -0.258806 0.965929 0
    outer loop
      vertex 0 9.6 0
      vertex -0.299999 9.51962 11
      vertex 0 9.6 11
    endloop
  endfacet
  facet normal -0.258806 0.965929 0
    outer loop
      vertex -0.299999 9.51962 11
      vertex 0 9.6 0
      vertex -0.299999 9.51962 0
    endloop
  endfacet
  facet normal -0.965934 -0.25879 0
    outer loop
      vertex -0.589644 8.96135 0
      vertex -0.599999 9 11
      vertex -0.599999 9 0
    endloop
  endfacet
  facet normal -0.965934 -0.25879 0
    outer loop
      vertex -0.599999 9 11
      vertex -0.589644 8.96135 0
      vertex -0.589644 8.96135 11
    endloop
  endfacet
  facet normal 0.965926 0.258817 0
    outer loop
      vertex 0.599999 9 11
      vertex 0.519615 9.3 0
      vertex 0.519615 9.3 11
    endloop
  endfacet
  facet normal 0.965926 0.258817 0
    outer loop
      vertex 0.519615 9.3 0
      vertex 0.599999 9 11
      vertex 0.599999 9 0
    endloop
  endfacet
  facet normal 0.707113 0.7071 0
    outer loop
      vertex 0.519615 9.3 11
      vertex 0.299999 9.51962 0
      vertex 0.299999 9.51962 11
    endloop
  endfacet
  facet normal 0.707113 0.7071 0
    outer loop
      vertex 0.299999 9.51962 0
      vertex 0.519615 9.3 11
      vertex 0.519615 9.3 0
    endloop
  endfacet
  facet normal 0.965934 -0.25879 0
    outer loop
      vertex 0.589644 8.96135 11
      vertex 0.599999 9 0
      vertex 0.599999 9 11
    endloop
  endfacet
  facet normal 0.965934 -0.25879 0
    outer loop
      vertex 0.599999 9 0
      vertex 0.589644 8.96135 11
      vertex 0.589644 8.96135 0
    endloop
  endfacet
  facet normal 0 0 1
    outer loop
      vertex 0 9 11
      vertex 0.599999 9 11
      vertex 0.519615 9.3 11
    endloop
  endfacet
  facet normal 0 0 1
    outer loop
      vertex 0 9 11
      vertex 0.519615 9.3 11
      vertex 0.299999 9.51962 11
    endloop
  endfacet
  facet normal 0 0 1
    outer loop
      vertex 0 9 11
      vertex 0.299999 9.51962 11
      vertex 0 9.6 11
    endloop
  endfacet
  facet normal 0 0 1
    outer loop
      vertex 0.599999 9 11
      vertex 0 9 11
      vertex 0.589644 8.96135 11
    endloop
  endfacet
  facet normal -0 0 1
    outer loop
      vertex -0.299999 9.51962 11
      vertex 0 9 11
      vertex 0 9.6 11
    endloop
  endfacet
  facet normal -0 0 1
    outer loop
      vertex -0.519615 9.3 11
      vertex 0 9 11
      vertex -0.299999 9.51962 11
    endloop
  endfacet
  facet normal 0 0 1
    outer loop
      vertex -0.599999 9 11
      vertex 0 9 11
      vertex -0.519615 9.3 11
    endloop
  endfacet
  facet normal 0 0 1
    outer loop
      vertex 0 9 11
      vertex -0.599999 9 11
      vertex -0.589644 8.96135 11
    endloop
  endfacet
  facet normal 0.258806 0.965929 -0
    outer loop
      vertex 0.299999 9.51962 0
      vertex 0 9.6 11
      vertex 0.299999 9.51962 11
    endloop
  endfacet
  facet normal 0.258806 0.965929 0
    outer loop
      vertex 0 9.6 11
      vertex 0.299999 9.51962 0
      vertex 0 9.6 0
    endloop
  endfacet
  facet normal -0.965926 0.258817 0
    outer loop
      vertex -0.599999 9 0
      vertex -0.519615 9.3 11
      vertex -0.519615 9.3 0
    endloop
  endfacet
  facet normal -0.965926 0.258817 0
    outer loop
      vertex -0.519615 9.3 11
      vertex -0.599999 9 0
      vertex -0.599999 9 11
    endloop
  endfacet
  facet normal -0.866033 0.499986 0
    outer loop
      vertex -2.90893 8.84862 0
      vertex -2.75364 9.1176 11
      vertex -2.75364 9.1176 0
    endloop
  endfacet
  facet normal -0.866033 0.499986 0
    outer loop
      vertex -2.75364 9.1176 11
      vertex -2.90893 8.84862 0
      vertex -2.90893 8.84862 11
    endloop
  endfacet
  facet normal -0.499986 0.866033 0
    outer loop
      vertex -2.48466 9.27289 0
      vertex -2.75364 9.1176 11
      vertex -2.48466 9.27289 11
    endloop
  endfacet
  facet normal -0.499986 0.866033 0
    outer loop
      vertex -2.75364 9.1176 11
      vertex -2.48466 9.27289 0
      vertex -2.75364 9.1176 0
    endloop
  endfacet
  facet normal 0.866019 0.50001 0
    outer loop
      vertex -1.74981 8.84862 11
      vertex -1.90511 9.1176 0
      vertex -1.90511 9.1176 11
    endloop
  endfacet
  facet normal 0.866019 0.50001 0
    outer loop
      vertex -1.90511 9.1176 0
      vertex -1.74981 8.84862 11
      vertex -1.74981 8.84862 0
    endloop
  endfacet
  facet normal 1 -0 0
    outer loop
      vertex -1.74981 8.80861 11
      vertex -1.74981 8.84862 0
      vertex -1.74981 8.84862 11
    endloop
  endfacet
  facet normal 1 0 0
    outer loop
      vertex -1.74981 8.84862 0
      vertex -1.74981 8.80861 11
      vertex -1.74981 8.80861 0
    endloop
  endfacet
  facet normal 0.5 0.866025 -0
    outer loop
      vertex -1.90511 9.1176 0
      vertex -2.17408 9.27289 11
      vertex -1.90511 9.1176 11
    endloop
  endfacet
  facet normal 0.5 0.866025 0
    outer loop
      vertex -2.17408 9.27289 11
      vertex -1.90511 9.1176 0
      vertex -2.17408 9.27289 0
    endloop
  endfacet
  facet normal -0.865973 -0.50009 0
    outer loop
      vertex -2.88892 8.50339 0
      vertex -2.90893 8.53804 11
      vertex -2.90893 8.53804 0
    endloop
  endfacet
  facet normal -0.865973 -0.50009 0
    outer loop
      vertex -2.90893 8.53804 11
      vertex -2.88892 8.50339 0
      vertex -2.88892 8.50339 11
    endloop
  endfacet
  facet normal -1 0 0
    outer loop
      vertex -2.90893 8.53804 0
      vertex -2.90893 8.84862 11
      vertex -2.90893 8.84862 0
    endloop
  endfacet
  facet normal -1 -0 0
    outer loop
      vertex -2.90893 8.84862 11
      vertex -2.90893 8.53804 0
      vertex -2.90893 8.53804 11
    endloop
  endfacet
  facet normal 0 0 1
    outer loop
      vertex -2.32937 8.69333 11
      vertex -1.74981 8.84862 11
      vertex -1.90511 9.1176 11
    endloop
  endfacet
  facet normal 0 0 1
    outer loop
      vertex -2.32937 8.69333 11
      vertex -1.90511 9.1176 11
      vertex -2.17408 9.27289 11
    endloop
  endfacet
  facet normal 0 0 1
    outer loop
      vertex -1.74981 8.84862 11
      vertex -2.32937 8.69333 11
      vertex -1.74981 8.80861 11
    endloop
  endfacet
  facet normal -0 0 1
    outer loop
      vertex -2.48466 9.27289 11
      vertex -2.32937 8.69333 11
      vertex -2.17408 9.27289 11
    endloop
  endfacet
  facet normal -0 0 1
    outer loop
      vertex -2.75364 9.1176 11
      vertex -2.32937 8.69333 11
      vertex -2.48466 9.27289 11
    endloop
  endfacet
  facet normal -0 0 1
    outer loop
      vertex -2.90893 8.84862 11
      vertex -2.32937 8.69333 11
      vertex -2.75364 9.1176 11
    endloop
  endfacet
  facet normal 0 0 1
    outer loop
      vertex -2.90893 8.53804 11
      vertex -2.32937 8.69333 11
      vertex -2.90893 8.84862 11
    endloop
  endfacet
  facet normal 0 0 1
    outer loop
      vertex -2.32937 8.69333 11
      vertex -2.90893 8.53804 11
      vertex -2.88892 8.50339 11
    endloop
  endfacet
  facet normal 0 1 -0
    outer loop
      vertex -2.17408 9.27289 0
      vertex -2.48466 9.27289 11
      vertex -2.17408 9.27289 11
    endloop
  endfacet
  facet normal 0 1 0
    outer loop
      vertex -2.48466 9.27289 11
      vertex -2.17408 9.27289 0
      vertex -2.48466 9.27289 0
    endloop
  endfacet
  facet normal -0.96593 0.258805 0
    outer loop
      vertex -5.1 7.79423 0
      vertex -5.01962 8.09423 11
      vertex -5.01962 8.09423 0
    endloop
  endfacet
  facet normal -0.96593 0.258805 0
    outer loop
      vertex -5.01962 8.09423 11
      vertex -5.1 7.79423 0
      vertex -5.1 7.79423 11
    endloop
  endfacet
  facet normal -0.707091 0.707123 0
    outer loop
      vertex -5.01962 8.09423 0
      vertex -4.8 8.31384 11
      vertex -4.8 8.31384 0
    endloop
  endfacet
  facet normal -0.707091 0.707123 0
    outer loop
      vertex -4.8 8.31384 11
      vertex -5.01962 8.09423 0
      vertex -5.01962 8.09423 11
    endloop
  endfacet
  facet normal -0.96593 -0.258805 0
    outer loop
      vertex -5.01962 7.49423 0
      vertex -5.1 7.79423 11
      vertex -5.1 7.79423 0
    endloop
  endfacet
  facet normal -0.96593 -0.258805 0
    outer loop
      vertex -5.1 7.79423 11
      vertex -5.01962 7.49423 0
      vertex -5.01962 7.49423 11
    endloop
  endfacet
  facet normal -0.706982 -0.707232 0
    outer loop
      vertex -5.01962 7.49423 0
      vertex -4.99132 7.46594 11
      vertex -5.01962 7.49423 11
    endloop
  endfacet
  facet normal -0.706982 -0.707232 -0
    outer loop
      vertex -4.99132 7.46594 11
      vertex -5.01962 7.49423 0
      vertex -4.99132 7.46594 0
    endloop
  endfacet
  facet normal 0.707091 0.707123 0
    outer loop
      vertex -3.98038 8.09423 11
      vertex -4.2 8.31384 0
      vertex -4.2 8.31384 11
    endloop
  endfacet
  facet normal 0.707091 0.707123 0
    outer loop
      vertex -4.2 8.31384 0
      vertex -3.98038 8.09423 11
      vertex -3.98038 8.09423 0
    endloop
  endfacet
  facet normal 0 0 1
    outer loop
      vertex -4.5 7.79423 11
      vertex -3.98038 8.09423 11
      vertex -4.2 8.31384 11
    endloop
  endfacet
  facet normal 0 0 1
    outer loop
      vertex -4.5 7.79423 11
      vertex -4.2 8.31384 11
      vertex -4.5 8.39423 11
    endloop
  endfacet
  facet normal 0 0 1
    outer loop
      vertex -3.98038 8.09423 11
      vertex -4.5 7.79423 11
      vertex -3.97003 8.05558 11
    endloop
  endfacet
  facet normal -0 0 1
    outer loop
      vertex -4.8 8.31384 11
      vertex -4.5 7.79423 11
      vertex -4.5 8.39423 11
    endloop
  endfacet
  facet normal -0 0 1
    outer loop
      vertex -5.01962 8.09423 11
      vertex -4.5 7.79423 11
      vertex -4.8 8.31384 11
    endloop
  endfacet
  facet normal 0 0 1
    outer loop
      vertex -5.1 7.79423 11
      vertex -4.5 7.79423 11
      vertex -5.01962 8.09423 11
    endloop
  endfacet
  facet normal 0 -0 1
    outer loop
      vertex -5.01962 7.49423 11
      vertex -4.5 7.79423 11
      vertex -5.1 7.79423 11
    endloop
  endfacet
  facet normal 0 0 1
    outer loop
      vertex -4.5 7.79423 11
      vertex -5.01962 7.49423 11
      vertex -4.99132 7.46594 11
    endloop
  endfacet
  facet normal 0.965965 0.258674 0
    outer loop
      vertex -3.97003 8.05558 11
      vertex -3.98038 8.09423 0
      vertex -3.98038 8.09423 11
    endloop
  endfacet
  facet normal 0.965965 0.258674 0
    outer loop
      vertex -3.98038 8.09423 0
      vertex -3.97003 8.05558 11
      vertex -3.97003 8.05558 0
    endloop
  endfacet
  facet normal 0.258835 0.965922 -0
    outer loop
      vertex -4.2 8.31384 0
      vertex -4.5 8.39423 11
      vertex -4.2 8.31384 11
    endloop
  endfacet
  facet normal 0.258835 0.965922 0
    outer loop
      vertex -4.5 8.39423 11
      vertex -4.2 8.31384 0
      vertex -4.5 8.39423 0
    endloop
  endfacet
  facet normal -0.258835 0.965922 0
    outer loop
      vertex -4.5 8.39423 0
      vertex -4.8 8.31384 11
      vertex -4.5 8.39423 11
    endloop
  endfacet
  facet normal -0.258835 0.965922 0
    outer loop
      vertex -4.8 8.31384 11
      vertex -4.5 8.39423 0
      vertex -4.8 8.31384 0
    endloop
  endfacet
  facet normal -1 0 0
    outer loop
      vertex -6.94352 6.20867 0
      vertex -6.94352 6.51925 11
      vertex -6.94352 6.51925 0
    endloop
  endfacet
  facet normal -1 -0 0
    outer loop
      vertex -6.94352 6.51925 11
      vertex -6.94352 6.20867 0
      vertex -6.94352 6.20867 11
    endloop
  endfacet
  facet normal -0.866011 0.500024 0
    outer loop
      vertex -6.94352 6.51925 0
      vertex -6.78822 6.78822 11
      vertex -6.78822 6.78822 0
    endloop
  endfacet
  facet normal -0.866011 0.500024 0
    outer loop
      vertex -6.78822 6.78822 11
      vertex -6.94352 6.51925 0
      vertex -6.94352 6.51925 11
    endloop
  endfacet
  facet normal -0.50009 -0.865973 0
    outer loop
      vertex -6.78822 5.9397 0
      vertex -6.75357 5.91969 11
      vertex -6.78822 5.9397 11
    endloop
  endfacet
  facet normal -0.50009 -0.865973 -0
    outer loop
      vertex -6.75357 5.91969 11
      vertex -6.78822 5.9397 0
      vertex -6.75357 5.91969 0
    endloop
  endfacet
  facet normal 0 0 1
    outer loop
      vertex -6.36396 6.36396 11
      vertex -5.9397 6.78822 11
      vertex -6.20867 6.94352 11
    endloop
  endfacet
  facet normal 0 0 1
    outer loop
      vertex -5.9397 6.78822 11
      vertex -6.36396 6.36396 11
      vertex -5.91969 6.75357 11
    endloop
  endfacet
  facet normal -0 0 1
    outer loop
      vertex -6.51925 6.94352 11
      vertex -6.36396 6.36396 11
      vertex -6.20867 6.94352 11
    endloop
  endfacet
  facet normal -0 0 1
    outer loop
      vertex -6.78822 6.78822 11
      vertex -6.36396 6.36396 11
      vertex -6.51925 6.94352 11
    endloop
  endfacet
  facet normal -0 0 1
    outer loop
      vertex -6.94352 6.51925 11
      vertex -6.36396 6.36396 11
      vertex -6.78822 6.78822 11
    endloop
  endfacet
  facet normal 0 0 1
    outer loop
      vertex -6.94352 6.20867 11
      vertex -6.36396 6.36396 11
      vertex -6.94352 6.51925 11
    endloop
  endfacet
  facet normal 0 -0 1
    outer loop
      vertex -6.78822 5.9397 11
      vertex -6.36396 6.36396 11
      vertex -6.94352 6.20867 11
    endloop
  endfacet
  facet normal 0 0 1
    outer loop
      vertex -6.36396 6.36396 11
      vertex -6.78822 5.9397 11
      vertex -6.75357 5.91969 11
    endloop
  endfacet
  facet normal 0.865973 0.50009 0
    outer loop
      vertex -5.91969 6.75357 11
      vertex -5.9397 6.78822 0
      vertex -5.9397 6.78822 11
    endloop
  endfacet
  facet normal 0.865973 0.50009 0
    outer loop
      vertex -5.9397 6.78822 0
      vertex -5.91969 6.75357 11
      vertex -5.91969 6.75357 0
    endloop
  endfacet
  facet normal 0 1 -0
    outer loop
      vertex -6.20867 6.94352 0
      vertex -6.51925 6.94352 11
      vertex -6.20867 6.94352 11
    endloop
  endfacet
  facet normal 0 1 0
    outer loop
      vertex -6.51925 6.94352 11
      vertex -6.20867 6.94352 0
      vertex -6.51925 6.94352 0
    endloop
  endfacet
  facet normal 0.500024 0.866011 -0
    outer loop
      vertex -5.9397 6.78822 0
      vertex -6.20867 6.94352 11
      vertex -5.9397 6.78822 11
    endloop
  endfacet
  facet normal 0.500024 0.866011 0
    outer loop
      vertex -6.20867 6.94352 11
      vertex -5.9397 6.78822 0
      vertex -6.20867 6.94352 0
    endloop
  endfacet
  facet normal -0.500024 0.866011 0
    outer loop
      vertex -6.51925 6.94352 0
      vertex -6.78822 6.78822 11
      vertex -6.51925 6.94352 11
    endloop
  endfacet
  facet normal -0.500024 0.866011 0
    outer loop
      vertex -6.78822 6.78822 11
      vertex -6.51925 6.94352 0
      vertex -6.78822 6.78822 0
    endloop
  endfacet
  facet normal -0.866011 -0.500024 0
    outer loop
      vertex -6.78822 5.9397 0
      vertex -6.94352 6.20867 11
      vertex -6.94352 6.20867 0
    endloop
  endfacet
  facet normal -0.866011 -0.500024 0
    outer loop
      vertex -6.94352 6.20867 11
      vertex -6.78822 5.9397 0
      vertex -6.78822 5.9397 11
    endloop
  endfacet
  facet normal 0.707232 0.706982 0
    outer loop
      vertex -7.46594 4.99132 11
      vertex -7.49423 5.01962 0
      vertex -7.49423 5.01962 11
    endloop
  endfacet
  facet normal 0.707232 0.706982 0
    outer loop
      vertex -7.49423 5.01962 0
      vertex -7.46594 4.99132 11
      vertex -7.46594 4.99132 0
    endloop
  endfacet
  facet normal -0.965922 0.258835 0
    outer loop
      vertex -8.39423 4.5 0
      vertex -8.31384 4.8 11
      vertex -8.31384 4.8 0
    endloop
  endfacet
  facet normal -0.965922 0.258835 0
    outer loop
      vertex -8.31384 4.8 11
      vertex -8.39423 4.5 0
      vertex -8.39423 4.5 11
    endloop
  endfacet
  facet normal 0.258805 0.96593 -0
    outer loop
      vertex -7.49423 5.01962 0
      vertex -7.79423 5.1 11
      vertex -7.49423 5.01962 11
    endloop
  endfacet
  facet normal 0.258805 0.96593 0
    outer loop
      vertex -7.79423 5.1 11
      vertex -7.49423 5.01962 0
      vertex -7.79423 5.1 0
    endloop
  endfacet
  facet normal -0.965922 -0.258835 0
    outer loop
      vertex -8.31384 4.2 0
      vertex -8.39423 4.5 11
      vertex -8.39423 4.5 0
    endloop
  endfacet
  facet normal -0.965922 -0.258835 0
    outer loop
      vertex -8.39423 4.5 11
      vertex -8.31384 4.2 0
      vertex -8.31384 4.2 11
    endloop
  endfacet
  facet normal -0.258674 -0.965965 0
    outer loop
      vertex -8.09423 3.98038 0
      vertex -8.05558 3.97003 11
      vertex -8.09423 3.98038 11
    endloop
  endfacet
  facet normal -0.258674 -0.965965 -0
    outer loop
      vertex -8.05558 3.97003 11
      vertex -8.09423 3.98038 0
      vertex -8.05558 3.97003 0
    endloop
  endfacet
  facet normal -0.707123 0.707091 0
    outer loop
      vertex -8.31384 4.8 0
      vertex -8.09423 5.01962 11
      vertex -8.09423 5.01962 0
    endloop
  endfacet
  facet normal -0.707123 0.707091 0
    outer loop
      vertex -8.09423 5.01962 11
      vertex -8.31384 4.8 0
      vertex -8.31384 4.8 11
    endloop
  endfacet
  facet normal -0.258805 0.96593 0
    outer loop
      vertex -7.79423 5.1 0
      vertex -8.09423 5.01962 11
      vertex -7.79423 5.1 11
    endloop
  endfacet
  facet normal -0.258805 0.96593 0
    outer loop
      vertex -8.09423 5.01962 11
      vertex -7.79423 5.1 0
      vertex -8.09423 5.01962 0
    endloop
  endfacet
  facet normal -0.707123 -0.707091 0
    outer loop
      vertex -8.09423 3.98038 0
      vertex -8.31384 4.2 11
      vertex -8.31384 4.2 0
    endloop
  endfacet
  facet normal -0.707123 -0.707091 0
    outer loop
      vertex -8.31384 4.2 11
      vertex -8.09423 3.98038 0
      vertex -8.09423 3.98038 11
    endloop
  endfacet
  facet normal 0 0 1
    outer loop
      vertex -7.79423 4.5 11
      vertex -7.49423 5.01962 11
      vertex -7.79423 5.1 11
    endloop
  endfacet
  facet normal 0 0 1
    outer loop
      vertex -7.49423 5.01962 11
      vertex -7.79423 4.5 11
      vertex -7.46594 4.99132 11
    endloop
  endfacet
  facet normal -0 0 1
    outer loop
      vertex -8.09423 5.01962 11
      vertex -7.79423 4.5 11
      vertex -7.79423 5.1 11
    endloop
  endfacet
  facet normal -0 0 1
    outer loop
      vertex -8.31384 4.8 11
      vertex -7.79423 4.5 11
      vertex -8.09423 5.01962 11
    endloop
  endfacet
  facet normal 0 0 1
    outer loop
      vertex -8.39423 4.5 11
      vertex -7.79423 4.5 11
      vertex -8.31384 4.8 11
    endloop
  endfacet
  facet normal 0 -0 1
    outer loop
      vertex -8.31384 4.2 11
      vertex -7.79423 4.5 11
      vertex -8.39423 4.5 11
    endloop
  endfacet
  facet normal 0 0 1
    outer loop
      vertex -7.79423 4.5 11
      vertex -8.09423 3.98038 11
      vertex -8.05558 3.97003 11
    endloop
  endfacet
  facet normal 0 -0 1
    outer loop
      vertex -8.09423 3.98038 11
      vertex -7.79423 4.5 11
      vertex -8.31384 4.2 11
    endloop
  endfacet
  facet normal -1 0 0
    outer loop
      vertex -9.27289 2.17408 0
      vertex -9.27289 2.48466 11
      vertex -9.27289 2.48466 0
    endloop
  endfacet
  facet normal -1 -0 0
    outer loop
      vertex -9.27289 2.48466 11
      vertex -9.27289 2.17408 0
      vertex -9.27289 2.17408 11
    endloop
  endfacet
  facet normal -0.50001 -0.866019 0
    outer loop
      vertex -9.1176 1.90511 0
      vertex -8.84862 1.74981 11
      vertex -9.1176 1.90511 11
    endloop
  endfacet
  facet normal -0.50001 -0.866019 -0
    outer loop
      vertex -8.84862 1.74981 11
      vertex -9.1176 1.90511 0
      vertex -8.84862 1.74981 0
    endloop
  endfacet
  facet normal 0 1 -0
    outer loop
      vertex -8.53804 2.90893 0
      vertex -8.84862 2.90893 11
      vertex -8.53804 2.90893 11
    endloop
  endfacet
  facet normal 0 1 0
    outer loop
      vertex -8.84862 2.90893 11
      vertex -8.53804 2.90893 0
      vertex -8.84862 2.90893 0
    endloop
  endfacet
  facet normal 0 0 1
    outer loop
      vertex -8.53804 2.90893 11
      vertex -8.69333 2.32937 11
      vertex -8.50339 2.88892 11
    endloop
  endfacet
  facet normal -0 0 1
    outer loop
      vertex -8.84862 2.90893 11
      vertex -8.69333 2.32937 11
      vertex -8.53804 2.90893 11
    endloop
  endfacet
  facet normal -0 0 1
    outer loop
      vertex -9.1176 2.75364 11
      vertex -8.69333 2.32937 11
      vertex -8.84862 2.90893 11
    endloop
  endfacet
  facet normal -0 0 1
    outer loop
      vertex -9.27289 2.48466 11
      vertex -8.69333 2.32937 11
      vertex -9.1176 2.75364 11
    endloop
  endfacet
  facet normal 0 0 1
    outer loop
      vertex -9.27289 2.17408 11
      vertex -8.69333 2.32937 11
      vertex -9.27289 2.48466 11
    endloop
  endfacet
  facet normal 0 0 1
    outer loop
      vertex -8.69333 2.32937 11
      vertex -8.84862 1.74981 11
      vertex -8.80861 1.74981 11
    endloop
  endfacet
  facet normal 0 -0 1
    outer loop
      vertex -9.1176 1.90511 11
      vertex -8.69333 2.32937 11
      vertex -9.27289 2.17408 11
    endloop
  endfacet
  facet normal 0 -0 1
    outer loop
      vertex -8.84862 1.74981 11
      vertex -8.69333 2.32937 11
      vertex -9.1176 1.90511 11
    endloop
  endfacet
  facet normal -0.866025 -0.5 0
    outer loop
      vertex -9.1176 1.90511 0
      vertex -9.27289 2.17408 11
      vertex -9.27289 2.17408 0
    endloop
  endfacet
  facet normal -0.866025 -0.5 0
    outer loop
      vertex -9.27289 2.17408 11
      vertex -9.1176 1.90511 0
      vertex -9.1176 1.90511 11
    endloop
  endfacet
  facet normal -0.866033 0.499986 0
    outer loop
      vertex -9.27289 2.48466 0
      vertex -9.1176 2.75364 11
      vertex -9.1176 2.75364 0
    endloop
  endfacet
  facet normal -0.866033 0.499986 0
    outer loop
      vertex -9.1176 2.75364 11
      vertex -9.27289 2.48466 0
      vertex -9.27289 2.48466 11
    endloop
  endfacet
  facet normal 0.50009 0.865973 -0
    outer loop
      vertex -8.50339 2.88892 0
      vertex -8.53804 2.90893 11
      vertex -8.50339 2.88892 11
    endloop
  endfacet
  facet normal 0.50009 0.865973 0
    outer loop
      vertex -8.53804 2.90893 11
      vertex -8.50339 2.88892 0
      vertex -8.53804 2.90893 0
    endloop
  endfacet
  facet normal -0.499986 0.866033 0
    outer loop
      vertex -8.84862 2.90893 0
      vertex -9.1176 2.75364 11
      vertex -8.84862 2.90893 11
    endloop
  endfacet
  facet normal -0.499986 0.866033 0
    outer loop
      vertex -9.1176 2.75364 11
      vertex -8.84862 2.90893 0
      vertex -9.1176 2.75364 0
    endloop
  endfacet
  facet normal 0 -1 0
    outer loop
      vertex -8.84862 1.74981 0
      vertex -8.80861 1.74981 11
      vertex -8.84862 1.74981 11
    endloop
  endfacet
  facet normal 0 -1 -0
    outer loop
      vertex -8.80861 1.74981 11
      vertex -8.84862 1.74981 0
      vertex -8.80861 1.74981 0
    endloop
  endfacet
  facet normal 0.25879 -0.965934 0
    outer loop
      vertex -9 -0.599999 0
      vertex -8.96135 -0.589644 11
      vertex -9 -0.599999 11
    endloop
  endfacet
  facet normal 0.25879 -0.965934 0
    outer loop
      vertex -8.96135 -0.589644 11
      vertex -9 -0.599999 0
      vertex -8.96135 -0.589644 0
    endloop
  endfacet
  facet normal -0.965929 0.258806 0
    outer loop
      vertex -9.6 0 0
      vertex -9.51962 0.299999 11
      vertex -9.51962 0.299999 0
    endloop
  endfacet
  facet normal -0.965929 0.258806 0
    outer loop
      vertex -9.51962 0.299999 11
      vertex -9.6 0 0
      vertex -9.6 0 11
    endloop
  endfacet
  facet normal -0.965929 -0.258806 0
    outer loop
      vertex -9.51962 -0.299999 0
      vertex -9.6 0 11
      vertex -9.6 0 0
    endloop
  endfacet
  facet normal -0.965929 -0.258806 0
    outer loop
      vertex -9.6 0 11
      vertex -9.51962 -0.299999 0
      vertex -9.51962 -0.299999 11
    endloop
  endfacet
  facet normal -0.258817 0.965926 0
    outer loop
      vertex -9 0.599999 0
      vertex -9.3 0.519615 11
      vertex -9 0.599999 11
    endloop
  endfacet
  facet normal -0.258817 0.965926 0
    outer loop
      vertex -9.3 0.519615 11
      vertex -9 0.599999 0
      vertex -9.3 0.519615 0
    endloop
  endfacet
  facet normal -0.7071 -0.707113 0
    outer loop
      vertex -9.3 -0.519615 0
      vertex -9.51962 -0.299999 11
      vertex -9.51962 -0.299999 0
    endloop
  endfacet
  facet normal -0.7071 -0.707113 0
    outer loop
      vertex -9.51962 -0.299999 11
      vertex -9.3 -0.519615 0
      vertex -9.3 -0.519615 11
    endloop
  endfacet
  facet normal -0.7071 0.707113 0
    outer loop
      vertex -9.51962 0.299999 0
      vertex -9.3 0.519615 11
      vertex -9.3 0.519615 0
    endloop
  endfacet
  facet normal -0.7071 0.707113 0
    outer loop
      vertex -9.3 0.519615 11
      vertex -9.51962 0.299999 0
      vertex -9.51962 0.299999 11
    endloop
  endfacet
  facet normal 0.25879 0.965934 -0
    outer loop
      vertex -8.96135 0.589644 0
      vertex -9 0.599999 11
      vertex -8.96135 0.589644 11
    endloop
  endfacet
  facet normal 0.25879 0.965934 0
    outer loop
      vertex -9 0.599999 11
      vertex -8.96135 0.589644 0
      vertex -9 0.599999 0
    endloop
  endfacet
  facet normal 0 0 1
    outer loop
      vertex -9 0.599999 11
      vertex -9 0 11
      vertex -8.96135 0.589644 11
    endloop
  endfacet
  facet normal -0 0 1
    outer loop
      vertex -9.3 0.519615 11
      vertex -9 0 11
      vertex -9 0.599999 11
    endloop
  endfacet
  facet normal -0 0 1
    outer loop
      vertex -9.51962 0.299999 11
      vertex -9 0 11
      vertex -9.3 0.519615 11
    endloop
  endfacet
  facet normal 0 0 1
    outer loop
      vertex -9 0 11
      vertex -9.3 -0.519615 11
      vertex -9 -0.599999 11
    endloop
  endfacet
  facet normal 0 0 1
    outer loop
      vertex -9.6 0 11
      vertex -9 0 11
      vertex -9.51962 0.299999 11
    endloop
  endfacet
  facet normal 0 0 1
    outer loop
      vertex -9 0 11
      vertex -9.51962 -0.299999 11
      vertex -9.3 -0.519615 11
    endloop
  endfacet
  facet normal 0 0 1
    outer loop
      vertex -9 0 11
      vertex -9.6 0 11
      vertex -9.51962 -0.299999 11
    endloop
  endfacet
  facet normal 0 0 1
    outer loop
      vertex -8.96135 -0.589644 11
      vertex -9 0 11
      vertex -9 -0.599999 11
    endloop
  endfacet
  facet normal -0.258817 -0.965926 0
    outer loop
      vertex -9.3 -0.519615 0
      vertex -9 -0.599999 11
      vertex -9.3 -0.519615 11
    endloop
  endfacet
  facet normal -0.258817 -0.965926 -0
    outer loop
      vertex -9 -0.599999 11
      vertex -9.3 -0.519615 0
      vertex -9 -0.599999 0
    endloop
  endfacet
  facet normal -0.50001 0.866019 0
    outer loop
      vertex -8.84862 -1.74981 0
      vertex -9.1176 -1.90511 11
      vertex -8.84862 -1.74981 11
    endloop
  endfacet
  facet normal -0.50001 0.866019 0
    outer loop
      vertex -9.1176 -1.90511 11
      vertex -8.84862 -1.74981 0
      vertex -9.1176 -1.90511 0
    endloop
  endfacet
  facet normal -0.866033 -0.499986 0
    outer loop
      vertex -9.1176 -2.75364 0
      vertex -9.27289 -2.48466 11
      vertex -9.27289 -2.48466 0
    endloop
  endfacet
  facet normal -0.866033 -0.499986 0
    outer loop
      vertex -9.27289 -2.48466 11
      vertex -9.1176 -2.75364 0
      vertex -9.1176 -2.75364 11
    endloop
  endfacet
  facet normal -0.499986 -0.866033 0
    outer loop
      vertex -9.1176 -2.75364 0
      vertex -8.84862 -2.90893 11
      vertex -9.1176 -2.75364 11
    endloop
  endfacet
  facet normal -0.499986 -0.866033 -0
    outer loop
      vertex -8.84862 -2.90893 11
      vertex -9.1176 -2.75364 0
      vertex -8.84862 -2.90893 0
    endloop
  endfacet
  facet normal 0 1 -0
    outer loop
      vertex -8.80861 -1.74981 0
      vertex -8.84862 -1.74981 11
      vertex -8.80861 -1.74981 11
    endloop
  endfacet
  facet normal 0 1 0
    outer loop
      vertex -8.84862 -1.74981 11
      vertex -8.80861 -1.74981 0
      vertex -8.84862 -1.74981 0
    endloop
  endfacet
  facet normal -0.866025 0.5 0
    outer loop
      vertex -9.27289 -2.17408 0
      vertex -9.1176 -1.90511 11
      vertex -9.1176 -1.90511 0
    endloop
  endfacet
  facet normal -0.866025 0.5 0
    outer loop
      vertex -9.1176 -1.90511 11
      vertex -9.27289 -2.17408 0
      vertex -9.27289 -2.17408 11
    endloop
  endfacet
  facet normal 0.50009 -0.865973 0
    outer loop
      vertex -8.53804 -2.90893 0
      vertex -8.50339 -2.88892 11
      vertex -8.53804 -2.90893 11
    endloop
  endfacet
  facet normal 0.50009 -0.865973 0
    outer loop
      vertex -8.50339 -2.88892 11
      vertex -8.53804 -2.90893 0
      vertex -8.50339 -2.88892 0
    endloop
  endfacet
  facet normal -1 0 0
    outer loop
      vertex -9.27289 -2.48466 0
      vertex -9.27289 -2.17408 11
      vertex -9.27289 -2.17408 0
    endloop
  endfacet
  facet normal -1 -0 0
    outer loop
      vertex -9.27289 -2.17408 11
      vertex -9.27289 -2.48466 0
      vertex -9.27289 -2.48466 11
    endloop
  endfacet
  facet normal 0 -1 0
    outer loop
      vertex -8.84862 -2.90893 0
      vertex -8.53804 -2.90893 11
      vertex -8.84862 -2.90893 11
    endloop
  endfacet
  facet normal 0 -1 -0
    outer loop
      vertex -8.53804 -2.90893 11
      vertex -8.84862 -2.90893 0
      vertex -8.53804 -2.90893 0
    endloop
  endfacet
  facet normal 0 0 1
    outer loop
      vertex -8.69333 -2.32937 11
      vertex -8.53804 -2.90893 11
      vertex -8.50339 -2.88892 11
    endloop
  endfacet
  facet normal -0 0 1
    outer loop
      vertex -8.84862 -1.74981 11
      vertex -8.69333 -2.32937 11
      vertex -8.80861 -1.74981 11
    endloop
  endfacet
  facet normal -0 0 1
    outer loop
      vertex -9.1176 -1.90511 11
      vertex -8.69333 -2.32937 11
      vertex -8.84862 -1.74981 11
    endloop
  endfacet
  facet normal 0 0 1
    outer loop
      vertex -8.69333 -2.32937 11
      vertex -8.84862 -2.90893 11
      vertex -8.53804 -2.90893 11
    endloop
  endfacet
  facet normal -0 0 1
    outer loop
      vertex -9.27289 -2.17408 11
      vertex -8.69333 -2.32937 11
      vertex -9.1176 -1.90511 11
    endloop
  endfacet
  facet normal 0 0 1
    outer loop
      vertex -8.69333 -2.32937 11
      vertex -9.1176 -2.75364 11
      vertex -8.84862 -2.90893 11
    endloop
  endfacet
  facet normal 0 0 1
    outer loop
      vertex -9.27289 -2.48466 11
      vertex -8.69333 -2.32937 11
      vertex -9.27289 -2.17408 11
    endloop
  endfacet
  facet normal 0 0 1
    outer loop
      vertex -8.69333 -2.32937 11
      vertex -9.27289 -2.48466 11
      vertex -9.1176 -2.75364 11
    endloop
  endfacet
  facet normal -0.258805 -0.96593 0
    outer loop
      vertex -8.09423 -5.01962 0
      vertex -7.79423 -5.1 11
      vertex -8.09423 -5.01962 11
    endloop
  endfacet
  facet normal -0.258805 -0.96593 -0
    outer loop
      vertex -7.79423 -5.1 11
      vertex -8.09423 -5.01962 0
      vertex -7.79423 -5.1 0
    endloop
  endfacet
  facet normal 0.258805 -0.96593 0
    outer loop
      vertex -7.79423 -5.1 0
      vertex -7.49423 -5.01962 11
      vertex -7.79423 -5.1 11
    endloop
  endfacet
  facet normal 0.258805 -0.96593 0
    outer loop
      vertex -7.49423 -5.01962 11
      vertex -7.79423 -5.1 0
      vertex -7.49423 -5.01962 0
    endloop
  endfacet
  facet normal -0.707123 -0.707091 0
    outer loop
      vertex -8.09423 -5.01962 0
      vertex -8.31384 -4.8 11
      vertex -8.31384 -4.8 0
    endloop
  endfacet
  facet normal -0.707123 -0.707091 0
    outer loop
      vertex -8.31384 -4.8 11
      vertex -8.09423 -5.01962 0
      vertex -8.09423 -5.01962 11
    endloop
  endfacet
  facet normal 0.707232 -0.706982 0
    outer loop
      vertex -7.49423 -5.01962 11
      vertex -7.46594 -4.99132 0
      vertex -7.46594 -4.99132 11
    endloop
  endfacet
  facet normal 0.707232 -0.706982 0
    outer loop
      vertex -7.46594 -4.99132 0
      vertex -7.49423 -5.01962 11
      vertex -7.49423 -5.01962 0
    endloop
  endfacet
  facet normal -0.965922 -0.258835 0
    outer loop
      vertex -8.31384 -4.8 0
      vertex -8.39423 -4.5 11
      vertex -8.39423 -4.5 0
    endloop
  endfacet
  facet normal -0.965922 -0.258835 0
    outer loop
      vertex -8.39423 -4.5 11
      vertex -8.31384 -4.8 0
      vertex -8.31384 -4.8 11
    endloop
  endfacet
  facet normal -0.707123 0.707091 0
    outer loop
      vertex -8.31384 -4.2 0
      vertex -8.09423 -3.98038 11
      vertex -8.09423 -3.98038 0
    endloop
  endfacet
  facet normal -0.707123 0.707091 0
    outer loop
      vertex -8.09423 -3.98038 11
      vertex -8.31384 -4.2 0
      vertex -8.31384 -4.2 11
    endloop
  endfacet
  facet normal -0.258674 0.965965 0
    outer loop
      vertex -8.05558 -3.97003 0
      vertex -8.09423 -3.98038 11
      vertex -8.05558 -3.97003 11
    endloop
  endfacet
  facet normal -0.258674 0.965965 0
    outer loop
      vertex -8.09423 -3.98038 11
      vertex -8.05558 -3.97003 0
      vertex -8.09423 -3.98038 0
    endloop
  endfacet
  facet normal -0.965922 0.258835 0
    outer loop
      vertex -8.39423 -4.5 0
      vertex -8.31384 -4.2 11
      vertex -8.31384 -4.2 0
    endloop
  endfacet
  facet normal -0.965922 0.258835 0
    outer loop
      vertex -8.31384 -4.2 11
      vertex -8.39423 -4.5 0
      vertex -8.39423 -4.5 11
    endloop
  endfacet
  facet normal 0 0 1
    outer loop
      vertex -7.79423 -4.5 11
      vertex -7.49423 -5.01962 11
      vertex -7.46594 -4.99132 11
    endloop
  endfacet
  facet normal 0 0 1
    outer loop
      vertex -7.79423 -4.5 11
      vertex -7.79423 -5.1 11
      vertex -7.49423 -5.01962 11
    endloop
  endfacet
  facet normal -0 0 1
    outer loop
      vertex -8.09423 -3.98038 11
      vertex -7.79423 -4.5 11
      vertex -8.05558 -3.97003 11
    endloop
  endfacet
  facet normal 0 0 1
    outer loop
      vertex -7.79423 -4.5 11
      vertex -8.09423 -3.98038 11
      vertex -8.31384 -4.2 11
    endloop
  endfacet
  facet normal 0 0 1
    outer loop
      vertex -7.79423 -4.5 11
      vertex -8.09423 -5.01962 11
      vertex -7.79423 -5.1 11
    endloop
  endfacet
  facet normal 0 0 1
    outer loop
      vertex -7.79423 -4.5 11
      vertex -8.31384 -4.2 11
      vertex -8.39423 -4.5 11
    endloop
  endfacet
  facet normal 0 0 1
    outer loop
      vertex -7.79423 -4.5 11
      vertex -8.31384 -4.8 11
      vertex -8.09423 -5.01962 11
    endloop
  endfacet
  facet normal 0 0 1
    outer loop
      vertex -7.79423 -4.5 11
      vertex -8.39423 -4.5 11
      vertex -8.31384 -4.8 11
    endloop
  endfacet
  facet normal 0.865973 -0.50009 0
    outer loop
      vertex -5.9397 -6.78822 11
      vertex -5.91969 -6.75357 0
      vertex -5.91969 -6.75357 11
    endloop
  endfacet
  facet normal 0.865973 -0.50009 0
    outer loop
      vertex -5.91969 -6.75357 0
      vertex -5.9397 -6.78822 11
      vertex -5.9397 -6.78822 0
    endloop
  endfacet
  facet normal -0.866011 -0.500024 0
    outer loop
      vertex -6.78822 -6.78822 0
      vertex -6.94352 -6.51925 11
      vertex -6.94352 -6.51925 0
    endloop
  endfacet
  facet normal -0.866011 -0.500024 0
    outer loop
      vertex -6.94352 -6.51925 11
      vertex -6.78822 -6.78822 0
      vertex -6.78822 -6.78822 11
    endloop
  endfacet
  facet normal -0.500024 -0.866011 0
    outer loop
      vertex -6.78822 -6.78822 0
      vertex -6.51925 -6.94352 11
      vertex -6.78822 -6.78822 11
    endloop
  endfacet
  facet normal -0.500024 -0.866011 -0
    outer loop
      vertex -6.51925 -6.94352 11
      vertex -6.78822 -6.78822 0
      vertex -6.51925 -6.94352 0
    endloop
  endfacet
  facet normal 0 -1 0
    outer loop
      vertex -6.51925 -6.94352 0
      vertex -6.20867 -6.94352 11
      vertex -6.51925 -6.94352 11
    endloop
  endfacet
  facet normal 0 -1 -0
    outer loop
      vertex -6.20867 -6.94352 11
      vertex -6.51925 -6.94352 0
      vertex -6.20867 -6.94352 0
    endloop
  endfacet
  facet normal -0.50009 0.865973 0
    outer loop
      vertex -6.75357 -5.91969 0
      vertex -6.78822 -5.9397 11
      vertex -6.75357 -5.91969 11
    endloop
  endfacet
  facet normal -0.50009 0.865973 0
    outer loop
      vertex -6.78822 -5.9397 11
      vertex -6.75357 -5.91969 0
      vertex -6.78822 -5.9397 0
    endloop
  endfacet
  facet normal -1 0 0
    outer loop
      vertex -6.94352 -6.51925 0
      vertex -6.94352 -6.20867 11
      vertex -6.94352 -6.20867 0
    endloop
  endfacet
  facet normal -1 -0 0
    outer loop
      vertex -6.94352 -6.20867 11
      vertex -6.94352 -6.51925 0
      vertex -6.94352 -6.51925 11
    endloop
  endfacet
  facet normal -0.866011 0.500024 0
    outer loop
      vertex -6.94352 -6.20867 0
      vertex -6.78822 -5.9397 11
      vertex -6.78822 -5.9397 0
    endloop
  endfacet
  facet normal -0.866011 0.500024 0
    outer loop
      vertex -6.78822 -5.9397 11
      vertex -6.94352 -6.20867 0
      vertex -6.94352 -6.20867 11
    endloop
  endfacet
  facet normal 0 0 1
    outer loop
      vertex -6.36396 -6.36396 11
      vertex -5.9397 -6.78822 11
      vertex -5.91969 -6.75357 11
    endloop
  endfacet
  facet normal 0 0 1
    outer loop
      vertex -5.9397 -6.78822 11
      vertex -6.36396 -6.36396 11
      vertex -6.20867 -6.94352 11
    endloop
  endfacet
  facet normal 0 0 1
    outer loop
      vertex -6.36396 -6.36396 11
      vertex -6.51925 -6.94352 11
      vertex -6.20867 -6.94352 11
    endloop
  endfacet
  facet normal -0 0 1
    outer loop
      vertex -6.78822 -5.9397 11
      vertex -6.36396 -6.36396 11
      vertex -6.75357 -5.91969 11
    endloop
  endfacet
  facet normal 0 0 1
    outer loop
      vertex -6.36396 -6.36396 11
      vertex -6.78822 -5.9397 11
      vertex -6.94352 -6.20867 11
    endloop
  endfacet
  facet normal 0 0 1
    outer loop
      vertex -6.36396 -6.36396 11
      vertex -6.78822 -6.78822 11
      vertex -6.51925 -6.94352 11
    endloop
  endfacet
  facet normal 0 0 1
    outer loop
      vertex -6.36396 -6.36396 11
      vertex -6.94352 -6.20867 11
      vertex -6.94352 -6.51925 11
    endloop
  endfacet
  facet normal 0 0 1
    outer loop
      vertex -6.36396 -6.36396 11
      vertex -6.94352 -6.51925 11
      vertex -6.78822 -6.78822 11
    endloop
  endfacet
  facet normal 0.500024 -0.866011 0
    outer loop
      vertex -6.20867 -6.94352 0
      vertex -5.9397 -6.78822 11
      vertex -6.20867 -6.94352 11
    endloop
  endfacet
  facet normal 0.500024 -0.866011 0
    outer loop
      vertex -5.9397 -6.78822 11
      vertex -6.20867 -6.94352 0
      vertex -5.9397 -6.78822 0
    endloop
  endfacet
  facet normal -0.706982 0.707232 0
    outer loop
      vertex -4.99132 -7.46594 0
      vertex -5.01962 -7.49423 11
      vertex -4.99132 -7.46594 11
    endloop
  endfacet
  facet normal -0.706982 0.707232 0
    outer loop
      vertex -5.01962 -7.49423 11
      vertex -4.99132 -7.46594 0
      vertex -5.01962 -7.49423 0
    endloop
  endfacet
  facet normal -0.258835 -0.965922 0
    outer loop
      vertex -4.8 -8.31384 0
      vertex -4.5 -8.39423 11
      vertex -4.8 -8.31384 11
    endloop
  endfacet
  facet normal -0.258835 -0.965922 -0
    outer loop
      vertex -4.5 -8.39423 11
      vertex -4.8 -8.31384 0
      vertex -4.5 -8.39423 0
    endloop
  endfacet
  facet normal -0.96593 0.258805 0
    outer loop
      vertex -5.1 -7.79423 0
      vertex -5.01962 -7.49423 11
      vertex -5.01962 -7.49423 0
    endloop
  endfacet
  facet normal -0.96593 0.258805 0
    outer loop
      vertex -5.01962 -7.49423 11
      vertex -5.1 -7.79423 0
      vertex -5.1 -7.79423 11
    endloop
  endfacet
  facet normal -0.707091 -0.707123 0
    outer loop
      vertex -4.8 -8.31384 0
      vertex -5.01962 -8.09423 11
      vertex -5.01962 -8.09423 0
    endloop
  endfacet
  facet normal -0.707091 -0.707123 0
    outer loop
      vertex -5.01962 -8.09423 11
      vertex -4.8 -8.31384 0
      vertex -4.8 -8.31384 11
    endloop
  endfacet
  facet normal -0.96593 -0.258805 0
    outer loop
      vertex -5.01962 -8.09423 0
      vertex -5.1 -7.79423 11
      vertex -5.1 -7.79423 0
    endloop
  endfacet
  facet normal -0.96593 -0.258805 0
    outer loop
      vertex -5.1 -7.79423 11
      vertex -5.01962 -8.09423 0
      vertex -5.01962 -8.09423 11
    endloop
  endfacet
  facet normal 0.258835 -0.965922 0
    outer loop
      vertex -4.5 -8.39423 0
      vertex -4.2 -8.31384 11
      vertex -4.5 -8.39423 11
    endloop
  endfacet
  facet normal 0.258835 -0.965922 0
    outer loop
      vertex -4.2 -8.31384 11
      vertex -4.5 -8.39423 0
      vertex -4.2 -8.31384 0
    endloop
  endfacet
  facet normal 0.965965 -0.258674 0
    outer loop
      vertex -3.98038 -8.09423 11
      vertex -3.97003 -8.05558 0
      vertex -3.97003 -8.05558 11
    endloop
  endfacet
  facet normal 0.965965 -0.258674 0
    outer loop
      vertex -3.97003 -8.05558 0
      vertex -3.98038 -8.09423 11
      vertex -3.98038 -8.09423 0
    endloop
  endfacet
  facet normal 0.707091 -0.707123 0
    outer loop
      vertex -4.2 -8.31384 11
      vertex -3.98038 -8.09423 0
      vertex -3.98038 -8.09423 11
    endloop
  endfacet
  facet normal 0.707091 -0.707123 0
    outer loop
      vertex -3.98038 -8.09423 0
      vertex -4.2 -8.31384 11
      vertex -4.2 -8.31384 0
    endloop
  endfacet
  facet normal 0 0 1
    outer loop
      vertex -4.5 -7.79423 11
      vertex -3.98038 -8.09423 11
      vertex -3.97003 -8.05558 11
    endloop
  endfacet
  facet normal 0 0 1
    outer loop
      vertex -3.98038 -8.09423 11
      vertex -4.5 -7.79423 11
      vertex -4.2 -8.31384 11
    endloop
  endfacet
  facet normal 0 0 1
    outer loop
      vertex -4.5 -7.79423 11
      vertex -4.5 -8.39423 11
      vertex -4.2 -8.31384 11
    endloop
  endfacet
  facet normal 0 0 1
    outer loop
      vertex -4.5 -7.79423 11
      vertex -4.8 -8.31384 11
      vertex -4.5 -8.39423 11
    endloop
  endfacet
  facet normal -0 0 1
    outer loop
      vertex -5.01962 -7.49423 11
      vertex -4.5 -7.79423 11
      vertex -4.99132 -7.46594 11
    endloop
  endfacet
  facet normal 0 0 1
    outer loop
      vertex -4.5 -7.79423 11
      vertex -5.01962 -7.49423 11
      vertex -5.1 -7.79423 11
    endloop
  endfacet
  facet normal 0 0 1
    outer loop
      vertex -4.5 -7.79423 11
      vertex -5.01962 -8.09423 11
      vertex -4.8 -8.31384 11
    endloop
  endfacet
  facet normal 0 0 1
    outer loop
      vertex -4.5 -7.79423 11
      vertex -5.1 -7.79423 11
      vertex -5.01962 -8.09423 11
    endloop
  endfacet
  facet normal 0.866019 -0.50001 0
    outer loop
      vertex -1.90511 -9.1176 11
      vertex -1.74981 -8.84862 0
      vertex -1.74981 -8.84862 11
    endloop
  endfacet
  facet normal 0.866019 -0.50001 0
    outer loop
      vertex -1.74981 -8.84862 0
      vertex -1.90511 -9.1176 11
      vertex -1.90511 -9.1176 0
    endloop
  endfacet
  facet normal -1 0 0
    outer loop
      vertex -2.90893 -8.84862 0
      vertex -2.90893 -8.53804 11
      vertex -2.90893 -8.53804 0
    endloop
  endfacet
  facet normal -1 -0 0
    outer loop
      vertex -2.90893 -8.53804 11
      vertex -2.90893 -8.84862 0
      vertex -2.90893 -8.84862 11
    endloop
  endfacet
  facet normal 0 -1 0
    outer loop
      vertex -2.48466 -9.27289 0
      vertex -2.17408 -9.27289 11
      vertex -2.48466 -9.27289 11
    endloop
  endfacet
  facet normal 0 -1 -0
    outer loop
      vertex -2.17408 -9.27289 11
      vertex -2.48466 -9.27289 0
      vertex -2.17408 -9.27289 0
    endloop
  endfacet
  facet normal 0.5 -0.866025 0
    outer loop
      vertex -2.17408 -9.27289 0
      vertex -1.90511 -9.1176 11
      vertex -2.17408 -9.27289 11
    endloop
  endfacet
  facet normal 0.5 -0.866025 0
    outer loop
      vertex -1.90511 -9.1176 11
      vertex -2.17408 -9.27289 0
      vertex -1.90511 -9.1176 0
    endloop
  endfacet
  facet normal -0.499986 -0.866033 0
    outer loop
      vertex -2.75364 -9.1176 0
      vertex -2.48466 -9.27289 11
      vertex -2.75364 -9.1176 11
    endloop
  endfacet
  facet normal -0.499986 -0.866033 -0
    outer loop
      vertex -2.48466 -9.27289 11
      vertex -2.75364 -9.1176 0
      vertex -2.48466 -9.27289 0
    endloop
  endfacet
  facet normal 0 0 1
    outer loop
      vertex -2.32937 -8.69333 11
      vertex -1.74981 -8.84862 11
      vertex -1.74981 -8.80861 11
    endloop
  endfacet
  facet normal 0 0 1
    outer loop
      vertex -1.74981 -8.84862 11
      vertex -2.32937 -8.69333 11
      vertex -1.90511 -9.1176 11
    endloop
  endfacet
  facet normal 0 0 1
    outer loop
      vertex -1.90511 -9.1176 11
      vertex -2.32937 -8.69333 11
      vertex -2.17408 -9.27289 11
    endloop
  endfacet
  facet normal 0 0 1
    outer loop
      vertex -2.32937 -8.69333 11
      vertex -2.48466 -9.27289 11
      vertex -2.17408 -9.27289 11
    endloop
  endfacet
  facet normal 0 0 1
    outer loop
      vertex -2.32937 -8.69333 11
      vertex -2.75364 -9.1176 11
      vertex -2.48466 -9.27289 11
    endloop
  endfacet
  facet normal -0 0 1
    outer loop
      vertex -2.90893 -8.53804 11
      vertex -2.32937 -8.69333 11
      vertex -2.88892 -8.50339 11
    endloop
  endfacet
  facet normal 0 0 1
    outer loop
      vertex -2.32937 -8.69333 11
      vertex -2.90893 -8.53804 11
      vertex -2.90893 -8.84862 11
    endloop
  endfacet
  facet normal 0 0 1
    outer loop
      vertex -2.32937 -8.69333 11
      vertex -2.90893 -8.84862 11
      vertex -2.75364 -9.1176 11
    endloop
  endfacet
  facet normal -0.865973 0.50009 0
    outer loop
      vertex -2.90893 -8.53804 0
      vertex -2.88892 -8.50339 11
      vertex -2.88892 -8.50339 0
    endloop
  endfacet
  facet normal -0.865973 0.50009 0
    outer loop
      vertex -2.88892 -8.50339 11
      vertex -2.90893 -8.53804 0
      vertex -2.90893 -8.53804 11
    endloop
  endfacet
  facet normal -0.866033 -0.499986 0
    outer loop
      vertex -2.75364 -9.1176 0
      vertex -2.90893 -8.84862 11
      vertex -2.90893 -8.84862 0
    endloop
  endfacet
  facet normal -0.866033 -0.499986 0
    outer loop
      vertex -2.90893 -8.84862 11
      vertex -2.75364 -9.1176 0
      vertex -2.75364 -9.1176 11
    endloop
  endfacet
  facet normal 1 -0 0
    outer loop
      vertex -1.74981 -8.84862 11
      vertex -1.74981 -8.80861 0
      vertex -1.74981 -8.80861 11
    endloop
  endfacet
  facet normal 1 0 0
    outer loop
      vertex -1.74981 -8.80861 0
      vertex -1.74981 -8.84862 11
      vertex -1.74981 -8.84862 0
    endloop
  endfacet
  facet normal -0.258806 -0.965929 0
    outer loop
      vertex -0.299999 -9.51962 0
      vertex 0 -9.6 11
      vertex -0.299999 -9.51962 11
    endloop
  endfacet
  facet normal -0.258806 -0.965929 -0
    outer loop
      vertex 0 -9.6 11
      vertex -0.299999 -9.51962 0
      vertex 0 -9.6 0
    endloop
  endfacet
  facet normal 0.258806 -0.965929 0
    outer loop
      vertex 0 -9.6 0
      vertex 0.299999 -9.51962 11
      vertex 0 -9.6 11
    endloop
  endfacet
  facet normal 0.258806 -0.965929 0
    outer loop
      vertex 0.299999 -9.51962 11
      vertex 0 -9.6 0
      vertex 0.299999 -9.51962 0
    endloop
  endfacet
  facet normal 0.707113 -0.7071 0
    outer loop
      vertex 0.299999 -9.51962 11
      vertex 0.519615 -9.3 0
      vertex 0.519615 -9.3 11
    endloop
  endfacet
  facet normal 0.707113 -0.7071 0
    outer loop
      vertex 0.519615 -9.3 0
      vertex 0.299999 -9.51962 11
      vertex 0.299999 -9.51962 0
    endloop
  endfacet
  facet normal -0.707113 -0.7071 0
    outer loop
      vertex -0.299999 -9.51962 0
      vertex -0.519615 -9.3 11
      vertex -0.519615 -9.3 0
    endloop
  endfacet
  facet normal -0.707113 -0.7071 0
    outer loop
      vertex -0.519615 -9.3 11
      vertex -0.299999 -9.51962 0
      vertex -0.299999 -9.51962 11
    endloop
  endfacet
  facet normal 0 0 1
    outer loop
      vertex 0 -9 11
      vertex 0.599999 -9 11
      vertex 0.589644 -8.96135 11
    endloop
  endfacet
  facet normal 0 0 1
    outer loop
      vertex 0.599999 -9 11
      vertex 0 -9 11
      vertex 0.519615 -9.3 11
    endloop
  endfacet
  facet normal 0 0 1
    outer loop
      vertex 0.519615 -9.3 11
      vertex 0 -9 11
      vertex 0.299999 -9.51962 11
    endloop
  endfacet
  facet normal 0 0 1
    outer loop
      vertex 0 -9 11
      vertex 0 -9.6 11
      vertex 0.299999 -9.51962 11
    endloop
  endfacet
  facet normal 0 0 1
    outer loop
      vertex 0 -9 11
      vertex -0.299999 -9.51962 11
      vertex 0 -9.6 11
    endloop
  endfacet
  facet normal 0 0 1
    outer loop
      vertex 0 -9 11
      vertex -0.519615 -9.3 11
      vertex -0.299999 -9.51962 11
    endloop
  endfacet
  facet normal 0 0 1
    outer loop
      vertex -0.599999 -9 11
      vertex 0 -9 11
      vertex -0.589644 -8.96135 11
    endloop
  endfacet
  facet normal 0 0 1
    outer loop
      vertex 0 -9 11
      vertex -0.599999 -9 11
      vertex -0.519615 -9.3 11
    endloop
  endfacet
  facet normal -0.965934 0.25879 0
    outer loop
      vertex -0.599999 -9 0
      vertex -0.589644 -8.96135 11
      vertex -0.589644 -8.96135 0
    endloop
  endfacet
  facet normal -0.965934 0.25879 0
    outer loop
      vertex -0.589644 -8.96135 11
      vertex -0.599999 -9 0
      vertex -0.599999 -9 11
    endloop
  endfacet
  facet normal 0.965934 0.25879 0
    outer loop
      vertex 0.599999 -9 11
      vertex 0.589644 -8.96135 0
      vertex 0.589644 -8.96135 11
    endloop
  endfacet
  facet normal 0.965934 0.25879 0
    outer loop
      vertex 0.589644 -8.96135 0
      vertex 0.599999 -9 11
      vertex 0.599999 -9 0
    endloop
  endfacet
  facet normal -0.965926 -0.258817 0
    outer loop
      vertex -0.519615 -9.3 0
      vertex -0.599999 -9 11
      vertex -0.599999 -9 0
    endloop
  endfacet
  facet normal -0.965926 -0.258817 0
    outer loop
      vertex -0.599999 -9 11
      vertex -0.519615 -9.3 0
      vertex -0.519615 -9.3 11
    endloop
  endfacet
  facet normal 0.965926 -0.258817 0
    outer loop
      vertex 0.519615 -9.3 11
      vertex 0.599999 -9 0
      vertex 0.599999 -9 11
    endloop
  endfacet
  facet normal 0.965926 -0.258817 0
    outer loop
      vertex 0.599999 -9 0
      vertex 0.519615 -9.3 11
      vertex 0.519615 -9.3 0
    endloop
  endfacet
  facet normal -0.866019 -0.50001 0
    outer loop
      vertex 1.90511 -9.1176 0
      vertex 1.74981 -8.84862 11
      vertex 1.74981 -8.84862 0
    endloop
  endfacet
  facet normal -0.866019 -0.50001 0
    outer loop
      vertex 1.74981 -8.84862 11
      vertex 1.90511 -9.1176 0
      vertex 1.90511 -9.1176 11
    endloop
  endfacet
  facet normal 0 -1 0
    outer loop
      vertex 2.17408 -9.27289 0
      vertex 2.48466 -9.27289 11
      vertex 2.17408 -9.27289 11
    endloop
  endfacet
  facet normal 0 -1 -0
    outer loop
      vertex 2.48466 -9.27289 11
      vertex 2.17408 -9.27289 0
      vertex 2.48466 -9.27289 0
    endloop
  endfacet
  facet normal 0.499986 -0.866033 0
    outer loop
      vertex 2.48466 -9.27289 0
      vertex 2.75364 -9.1176 11
      vertex 2.48466 -9.27289 11
    endloop
  endfacet
  facet normal 0.499986 -0.866033 0
    outer loop
      vertex 2.75364 -9.1176 11
      vertex 2.48466 -9.27289 0
      vertex 2.75364 -9.1176 0
    endloop
  endfacet
  facet normal 0.865973 0.50009 0
    outer loop
      vertex 2.90893 -8.53804 11
      vertex 2.88892 -8.50339 0
      vertex 2.88892 -8.50339 11
    endloop
  endfacet
  facet normal 0.865973 0.50009 0
    outer loop
      vertex 2.88892 -8.50339 0
      vertex 2.90893 -8.53804 11
      vertex 2.90893 -8.53804 0
    endloop
  endfacet
  facet normal 0.866033 -0.499986 0
    outer loop
      vertex 2.75364 -9.1176 11
      vertex 2.90893 -8.84862 0
      vertex 2.90893 -8.84862 11
    endloop
  endfacet
  facet normal 0.866033 -0.499986 0
    outer loop
      vertex 2.90893 -8.84862 0
      vertex 2.75364 -9.1176 11
      vertex 2.75364 -9.1176 0
    endloop
  endfacet
  facet normal -1 0 0
    outer loop
      vertex 1.74981 -8.84862 0
      vertex 1.74981 -8.80861 11
      vertex 1.74981 -8.80861 0
    endloop
  endfacet
  facet normal -1 -0 0
    outer loop
      vertex 1.74981 -8.80861 11
      vertex 1.74981 -8.84862 0
      vertex 1.74981 -8.84862 11
    endloop
  endfacet
  facet normal 0 0 1
    outer loop
      vertex 2.32937 -8.69333 11
      vertex 2.90893 -8.53804 11
      vertex 2.88892 -8.50339 11
    endloop
  endfacet
  facet normal 0 0 1
    outer loop
      vertex 2.90893 -8.53804 11
      vertex 2.32937 -8.69333 11
      vertex 2.90893 -8.84862 11
    endloop
  endfacet
  facet normal 0 0 1
    outer loop
      vertex 2.90893 -8.84862 11
      vertex 2.32937 -8.69333 11
      vertex 2.75364 -9.1176 11
    endloop
  endfacet
  facet normal 0 0 1
    outer loop
      vertex 2.75364 -9.1176 11
      vertex 2.32937 -8.69333 11
      vertex 2.48466 -9.27289 11
    endloop
  endfacet
  facet normal 0 0 1
    outer loop
      vertex 2.32937 -8.69333 11
      vertex 2.17408 -9.27289 11
      vertex 2.48466 -9.27289 11
    endloop
  endfacet
  facet normal 0 0 1
    outer loop
      vertex 2.32937 -8.69333 11
      vertex 1.90511 -9.1176 11
      vertex 2.17408 -9.27289 11
    endloop
  endfacet
  facet normal 0 0 1
    outer loop
      vertex 1.74981 -8.84862 11
      vertex 2.32937 -8.69333 11
      vertex 1.74981 -8.80861 11
    endloop
  endfacet
  facet normal 0 0 1
    outer loop
      vertex 2.32937 -8.69333 11
      vertex 1.74981 -8.84862 11
      vertex 1.90511 -9.1176 11
    endloop
  endfacet
  facet normal -0.5 -0.866025 0
    outer loop
      vertex 1.90511 -9.1176 0
      vertex 2.17408 -9.27289 11
      vertex 1.90511 -9.1176 11
    endloop
  endfacet
  facet normal -0.5 -0.866025 -0
    outer loop
      vertex 2.17408 -9.27289 11
      vertex 1.90511 -9.1176 0
      vertex 2.17408 -9.27289 0
    endloop
  endfacet
  facet normal 1 -0 0
    outer loop
      vertex 2.90893 -8.84862 11
      vertex 2.90893 -8.53804 0
      vertex 2.90893 -8.53804 11
    endloop
  endfacet
  facet normal 1 0 0
    outer loop
      vertex 2.90893 -8.53804 0
      vertex 2.90893 -8.84862 11
      vertex 2.90893 -8.84862 0
    endloop
  endfacet
  facet normal -0.965965 -0.258674 0
    outer loop
      vertex 3.98038 -8.09423 0
      vertex 3.97003 -8.05558 11
      vertex 3.97003 -8.05558 0
    endloop
  endfacet
  facet normal -0.965965 -0.258674 0
    outer loop
      vertex 3.97003 -8.05558 11
      vertex 3.98038 -8.09423 0
      vertex 3.98038 -8.09423 11
    endloop
  endfacet
  facet normal 0.96593 -0.258805 0
    outer loop
      vertex 5.01962 -8.09423 11
      vertex 5.1 -7.79423 0
      vertex 5.1 -7.79423 11
    endloop
  endfacet
  facet normal 0.96593 -0.258805 0
    outer loop
      vertex 5.1 -7.79423 0
      vertex 5.01962 -8.09423 11
      vertex 5.01962 -8.09423 0
    endloop
  endfacet
  facet normal 0.96593 0.258805 0
    outer loop
      vertex 5.1 -7.79423 11
      vertex 5.01962 -7.49423 0
      vertex 5.01962 -7.49423 11
    endloop
  endfacet
  facet normal 0.96593 0.258805 0
    outer loop
      vertex 5.01962 -7.49423 0
      vertex 5.1 -7.79423 11
      vertex 5.1 -7.79423 0
    endloop
  endfacet
  facet normal 0.707091 -0.707123 0
    outer loop
      vertex 4.8 -8.31384 11
      vertex 5.01962 -8.09423 0
      vertex 5.01962 -8.09423 11
    endloop
  endfacet
  facet normal 0.707091 -0.707123 0
    outer loop
      vertex 5.01962 -8.09423 0
      vertex 4.8 -8.31384 11
      vertex 4.8 -8.31384 0
    endloop
  endfacet
  facet normal 0 0 1
    outer loop
      vertex 4.5 -7.79423 11
      vertex 5.1 -7.79423 11
      vertex 5.01962 -7.49423 11
    endloop
  endfacet
  facet normal 0 0 1
    outer loop
      vertex 4.5 -7.79423 11
      vertex 5.01962 -7.49423 11
      vertex 4.99132 -7.46594 11
    endloop
  endfacet
  facet normal 0 0 1
    outer loop
      vertex 5.1 -7.79423 11
      vertex 4.5 -7.79423 11
      vertex 5.01962 -8.09423 11
    endloop
  endfacet
  facet normal 0 0 1
    outer loop
      vertex 5.01962 -8.09423 11
      vertex 4.5 -7.79423 11
      vertex 4.8 -8.31384 11
    endloop
  endfacet
  facet normal 0 0 1
    outer loop
      vertex 4.5 -7.79423 11
      vertex 4.5 -8.39423 11
      vertex 4.8 -8.31384 11
    endloop
  endfacet
  facet normal 0 0 1
    outer loop
      vertex 4.5 -7.79423 11
      vertex 4.2 -8.31384 11
      vertex 4.5 -8.39423 11
    endloop
  endfacet
  facet normal 0 0 1
    outer loop
      vertex 4.5 -7.79423 11
      vertex 3.98038 -8.09423 11
      vertex 4.2 -8.31384 11
    endloop
  endfacet
  facet normal 0 -0 1
    outer loop
      vertex 3.98038 -8.09423 11
      vertex 4.5 -7.79423 11
      vertex 3.97003 -8.05558 11
    endloop
  endfacet
  facet normal 0.706982 0.707232 -0
    outer loop
      vertex 5.01962 -7.49423 0
      vertex 4.99132 -7.46594 11
      vertex 5.01962 -7.49423 11
    endloop
  endfacet
  facet normal 0.706982 0.707232 0
    outer loop
      vertex 4.99132 -7.46594 11
      vertex 5.01962 -7.49423 0
      vertex 4.99132 -7.46594 0
    endloop
  endfacet
  facet normal 0.258835 -0.965922 0
    outer loop
      vertex 4.5 -8.39423 0
      vertex 4.8 -8.31384 11
      vertex 4.5 -8.39423 11
    endloop
  endfacet
  facet normal 0.258835 -0.965922 0
    outer loop
      vertex 4.8 -8.31384 11
      vertex 4.5 -8.39423 0
      vertex 4.8 -8.31384 0
    endloop
  endfacet
  facet normal -0.707091 -0.707123 0
    outer loop
      vertex 4.2 -8.31384 0
      vertex 3.98038 -8.09423 11
      vertex 3.98038 -8.09423 0
    endloop
  endfacet
  facet normal -0.707091 -0.707123 0
    outer loop
      vertex 3.98038 -8.09423 11
      vertex 4.2 -8.31384 0
      vertex 4.2 -8.31384 11
    endloop
  endfacet
  facet normal -0.258835 -0.965922 0
    outer loop
      vertex 4.2 -8.31384 0
      vertex 4.5 -8.39423 11
      vertex 4.2 -8.31384 11
    endloop
  endfacet
  facet normal -0.258835 -0.965922 -0
    outer loop
      vertex 4.5 -8.39423 11
      vertex 4.2 -8.31384 0
      vertex 4.5 -8.39423 0
    endloop
  endfacet
  facet normal 0.866011 0.500024 0
    outer loop
      vertex 6.94352 -6.20867 11
      vertex 6.78822 -5.9397 0
      vertex 6.78822 -5.9397 11
    endloop
  endfacet
  facet normal 0.866011 0.500024 0
    outer loop
      vertex 6.78822 -5.9397 0
      vertex 6.94352 -6.20867 11
      vertex 6.94352 -6.20867 0
    endloop
  endfacet
  facet normal 0.500024 -0.866011 0
    outer loop
      vertex 6.51925 -6.94352 0
      vertex 6.78822 -6.78822 11
      vertex 6.51925 -6.94352 11
    endloop
  endfacet
  facet normal 0.500024 -0.866011 0
    outer loop
      vertex 6.78822 -6.78822 11
      vertex 6.51925 -6.94352 0
      vertex 6.78822 -6.78822 0
    endloop
  endfacet
  facet normal 0.866011 -0.500024 0
    outer loop
      vertex 6.78822 -6.78822 11
      vertex 6.94352 -6.51925 0
      vertex 6.94352 -6.51925 11
    endloop
  endfacet
  facet normal 0.866011 -0.500024 0
    outer loop
      vertex 6.94352 -6.51925 0
      vertex 6.78822 -6.78822 11
      vertex 6.78822 -6.78822 0
    endloop
  endfacet
  facet normal 1 -0 0
    outer loop
      vertex 6.94352 -6.51925 11
      vertex 6.94352 -6.20867 0
      vertex 6.94352 -6.20867 11
    endloop
  endfacet
  facet normal 1 0 0
    outer loop
      vertex 6.94352 -6.20867 0
      vertex 6.94352 -6.51925 11
      vertex 6.94352 -6.51925 0
    endloop
  endfacet
  facet normal -0.865973 -0.50009 0
    outer loop
      vertex 5.9397 -6.78822 0
      vertex 5.91969 -6.75357 11
      vertex 5.91969 -6.75357 0
    endloop
  endfacet
  facet normal -0.865973 -0.50009 0
    outer loop
      vertex 5.91969 -6.75357 11
      vertex 5.9397 -6.78822 0
      vertex 5.9397 -6.78822 11
    endloop
  endfacet
  facet normal 0 -1 0
    outer loop
      vertex 6.20867 -6.94352 0
      vertex 6.51925 -6.94352 11
      vertex 6.20867 -6.94352 11
    endloop
  endfacet
  facet normal 0 -1 -0
    outer loop
      vertex 6.51925 -6.94352 11
      vertex 6.20867 -6.94352 0
      vertex 6.51925 -6.94352 0
    endloop
  endfacet
  facet normal 0 0 1
    outer loop
      vertex 6.36396 -6.36396 11
      vertex 6.94352 -6.20867 11
      vertex 6.78822 -5.9397 11
    endloop
  endfacet
  facet normal 0 0 1
    outer loop
      vertex 6.94352 -6.20867 11
      vertex 6.36396 -6.36396 11
      vertex 6.94352 -6.51925 11
    endloop
  endfacet
  facet normal 0 0 1
    outer loop
      vertex 6.36396 -6.36396 11
      vertex 6.78822 -5.9397 11
      vertex 6.75357 -5.91969 11
    endloop
  endfacet
  facet normal 0 0 1
    outer loop
      vertex 6.94352 -6.51925 11
      vertex 6.36396 -6.36396 11
      vertex 6.78822 -6.78822 11
    endloop
  endfacet
  facet normal 0 0 1
    outer loop
      vertex 6.78822 -6.78822 11
      vertex 6.36396 -6.36396 11
      vertex 6.51925 -6.94352 11
    endloop
  endfacet
  facet normal 0 0 1
    outer loop
      vertex 6.36396 -6.36396 11
      vertex 6.20867 -6.94352 11
      vertex 6.51925 -6.94352 11
    endloop
  endfacet
  facet normal 0 0 1
    outer loop
      vertex 6.36396 -6.36396 11
      vertex 5.9397 -6.78822 11
      vertex 6.20867 -6.94352 11
    endloop
  endfacet
  facet normal 0 -0 1
    outer loop
      vertex 5.9397 -6.78822 11
      vertex 6.36396 -6.36396 11
      vertex 5.91969 -6.75357 11
    endloop
  endfacet
  facet normal 0.50009 0.865973 -0
    outer loop
      vertex 6.78822 -5.9397 0
      vertex 6.75357 -5.91969 11
      vertex 6.78822 -5.9397 11
    endloop
  endfacet
  facet normal 0.50009 0.865973 0
    outer loop
      vertex 6.75357 -5.91969 11
      vertex 6.78822 -5.9397 0
      vertex 6.75357 -5.91969 0
    endloop
  endfacet
  facet normal -0.500024 -0.866011 0
    outer loop
      vertex 5.9397 -6.78822 0
      vertex 6.20867 -6.94352 11
      vertex 5.9397 -6.78822 11
    endloop
  endfacet
  facet normal -0.500024 -0.866011 -0
    outer loop
      vertex 6.20867 -6.94352 11
      vertex 5.9397 -6.78822 0
      vertex 6.20867 -6.94352 0
    endloop
  endfacet
  facet normal 0.965922 0.258835 0
    outer loop
      vertex 8.39423 -4.5 11
      vertex 8.31384 -4.2 0
      vertex 8.31384 -4.2 11
    endloop
  endfacet
  facet normal 0.965922 0.258835 0
    outer loop
      vertex 8.31384 -4.2 0
      vertex 8.39423 -4.5 11
      vertex 8.39423 -4.5 0
    endloop
  endfacet
  facet normal 0.965922 -0.258835 0
    outer loop
      vertex 8.31384 -4.8 11
      vertex 8.39423 -4.5 0
      vertex 8.39423 -4.5 11
    endloop
  endfacet
  facet normal 0.965922 -0.258835 0
    outer loop
      vertex 8.39423 -4.5 0
      vertex 8.31384 -4.8 11
      vertex 8.31384 -4.8 0
    endloop
  endfacet
  facet normal 0.707123 0.707091 0
    outer loop
      vertex 8.31384 -4.2 11
      vertex 8.09423 -3.98038 0
      vertex 8.09423 -3.98038 11
    endloop
  endfacet
  facet normal 0.707123 0.707091 0
    outer loop
      vertex 8.09423 -3.98038 0
      vertex 8.31384 -4.2 11
      vertex 8.31384 -4.2 0
    endloop
  endfacet
  facet normal -0.258805 -0.96593 0
    outer loop
      vertex 7.49423 -5.01962 0
      vertex 7.79423 -5.1 11
      vertex 7.49423 -5.01962 11
    endloop
  endfacet
  facet normal -0.258805 -0.96593 -0
    outer loop
      vertex 7.79423 -5.1 11
      vertex 7.49423 -5.01962 0
      vertex 7.79423 -5.1 0
    endloop
  endfacet
  facet normal -0.707232 -0.706982 0
    outer loop
      vertex 7.49423 -5.01962 0
      vertex 7.46594 -4.99132 11
      vertex 7.46594 -4.99132 0
    endloop
  endfacet
  facet normal -0.707232 -0.706982 0
    outer loop
      vertex 7.46594 -4.99132 11
      vertex 7.49423 -5.01962 0
      vertex 7.49423 -5.01962 11
    endloop
  endfacet
  facet normal 0.707123 -0.707091 0
    outer loop
      vertex 8.09423 -5.01962 11
      vertex 8.31384 -4.8 0
      vertex 8.31384 -4.8 11
    endloop
  endfacet
  facet normal 0.707123 -0.707091 0
    outer loop
      vertex 8.31384 -4.8 0
      vertex 8.09423 -5.01962 11
      vertex 8.09423 -5.01962 0
    endloop
  endfacet
  facet normal 0.258805 -0.96593 0
    outer loop
      vertex 7.79423 -5.1 0
      vertex 8.09423 -5.01962 11
      vertex 7.79423 -5.1 11
    endloop
  endfacet
  facet normal 0.258805 -0.96593 0
    outer loop
      vertex 8.09423 -5.01962 11
      vertex 7.79423 -5.1 0
      vertex 8.09423 -5.01962 0
    endloop
  endfacet
  facet normal 0 0 1
    outer loop
      vertex 7.79423 -4.5 11
      vertex 8.39423 -4.5 11
      vertex 8.31384 -4.2 11
    endloop
  endfacet
  facet normal 0 0 1
    outer loop
      vertex 7.79423 -4.5 11
      vertex 8.31384 -4.2 11
      vertex 8.09423 -3.98038 11
    endloop
  endfacet
  facet normal 0 0 1
    outer loop
      vertex 8.39423 -4.5 11
      vertex 7.79423 -4.5 11
      vertex 8.31384 -4.8 11
    endloop
  endfacet
  facet normal 0 0 1
    outer loop
      vertex 7.79423 -4.5 11
      vertex 8.09423 -3.98038 11
      vertex 8.05558 -3.97003 11
    endloop
  endfacet
  facet normal 0 0 1
    outer loop
      vertex 8.31384 -4.8 11
      vertex 7.79423 -4.5 11
      vertex 8.09423 -5.01962 11
    endloop
  endfacet
  facet normal 0 0 1
    outer loop
      vertex 7.79423 -4.5 11
      vertex 7.79423 -5.1 11
      vertex 8.09423 -5.01962 11
    endloop
  endfacet
  facet normal 0 0 1
    outer loop
      vertex 7.79423 -4.5 11
      vertex 7.49423 -5.01962 11
      vertex 7.79423 -5.1 11
    endloop
  endfacet
  facet normal 0 -0 1
    outer loop
      vertex 7.49423 -5.01962 11
      vertex 7.79423 -4.5 11
      vertex 7.46594 -4.99132 11
    endloop
  endfacet
  facet normal 0.258674 0.965965 -0
    outer loop
      vertex 8.09423 -3.98038 0
      vertex 8.05558 -3.97003 11
      vertex 8.09423 -3.98038 11
    endloop
  endfacet
  facet normal 0.258674 0.965965 0
    outer loop
      vertex 8.05558 -3.97003 11
      vertex 8.09423 -3.98038 0
      vertex 8.05558 -3.97003 0
    endloop
  endfacet
  facet normal 0.866025 0.5 0
    outer loop
      vertex 9.27289 -2.17408 11
      vertex 9.1176 -1.90511 0
      vertex 9.1176 -1.90511 11
    endloop
  endfacet
  facet normal 0.866025 0.5 0
    outer loop
      vertex 9.1176 -1.90511 0
      vertex 9.27289 -2.17408 11
      vertex 9.27289 -2.17408 0
    endloop
  endfacet
  facet normal 0.50001 0.866019 -0
    outer loop
      vertex 9.1176 -1.90511 0
      vertex 8.84862 -1.74981 11
      vertex 9.1176 -1.90511 11
    endloop
  endfacet
  facet normal 0.50001 0.866019 0
    outer loop
      vertex 8.84862 -1.74981 11
      vertex 9.1176 -1.90511 0
      vertex 8.84862 -1.74981 0
    endloop
  endfacet
  facet normal 1 -0 0
    outer loop
      vertex 9.27289 -2.48466 11
      vertex 9.27289 -2.17408 0
      vertex 9.27289 -2.17408 11
    endloop
  endfacet
  facet normal 1 0 0
    outer loop
      vertex 9.27289 -2.17408 0
      vertex 9.27289 -2.48466 11
      vertex 9.27289 -2.48466 0
    endloop
  endfacet
  facet normal 0 -1 0
    outer loop
      vertex 8.53804 -2.90893 0
      vertex 8.84862 -2.90893 11
      vertex 8.53804 -2.90893 11
    endloop
  endfacet
  facet normal 0 -1 -0
    outer loop
      vertex 8.84862 -2.90893 11
      vertex 8.53804 -2.90893 0
      vertex 8.84862 -2.90893 0
    endloop
  endfacet
  facet normal 0.866033 -0.499986 0
    outer loop
      vertex 9.1176 -2.75364 11
      vertex 9.27289 -2.48466 0
      vertex 9.27289 -2.48466 11
    endloop
  endfacet
  facet normal 0.866033 -0.499986 0
    outer loop
      vertex 9.27289 -2.48466 0
      vertex 9.1176 -2.75364 11
      vertex 9.1176 -2.75364 0
    endloop
  endfacet
  facet normal -0.50009 -0.865973 0
    outer loop
      vertex 8.50339 -2.88892 0
      vertex 8.53804 -2.90893 11
      vertex 8.50339 -2.88892 11
    endloop
  endfacet
  facet normal -0.50009 -0.865973 -0
    outer loop
      vertex 8.53804 -2.90893 11
      vertex 8.50339 -2.88892 0
      vertex 8.53804 -2.90893 0
    endloop
  endfacet
  facet normal 0.499986 -0.866033 0
    outer loop
      vertex 8.84862 -2.90893 0
      vertex 9.1176 -2.75364 11
      vertex 8.84862 -2.90893 11
    endloop
  endfacet
  facet normal 0.499986 -0.866033 0
    outer loop
      vertex 9.1176 -2.75364 11
      vertex 8.84862 -2.90893 0
      vertex 9.1176 -2.75364 0
    endloop
  endfacet
  facet normal 0 1 -0
    outer loop
      vertex 8.84862 -1.74981 0
      vertex 8.80861 -1.74981 11
      vertex 8.84862 -1.74981 11
    endloop
  endfacet
  facet normal 0 1 0
    outer loop
      vertex 8.80861 -1.74981 11
      vertex 8.84862 -1.74981 0
      vertex 8.80861 -1.74981 0
    endloop
  endfacet
  facet normal 0 0 1
    outer loop
      vertex 8.69333 -2.32937 11
      vertex 9.27289 -2.17408 11
      vertex 9.1176 -1.90511 11
    endloop
  endfacet
  facet normal 0 0 1
    outer loop
      vertex 9.27289 -2.17408 11
      vertex 8.69333 -2.32937 11
      vertex 9.27289 -2.48466 11
    endloop
  endfacet
  facet normal 0 0 1
    outer loop
      vertex 8.69333 -2.32937 11
      vertex 9.1176 -1.90511 11
      vertex 8.84862 -1.74981 11
    endloop
  endfacet
  facet normal 0 0 1
    outer loop
      vertex 9.27289 -2.48466 11
      vertex 8.69333 -2.32937 11
      vertex 9.1176 -2.75364 11
    endloop
  endfacet
  facet normal 0 0 1
    outer loop
      vertex 8.69333 -2.32937 11
      vertex 8.84862 -1.74981 11
      vertex 8.80861 -1.74981 11
    endloop
  endfacet
  facet normal 0 0 1
    outer loop
      vertex 9.1176 -2.75364 11
      vertex 8.69333 -2.32937 11
      vertex 8.84862 -2.90893 11
    endloop
  endfacet
  facet normal 0 0 1
    outer loop
      vertex 8.69333 -2.32937 11
      vertex 8.53804 -2.90893 11
      vertex 8.84862 -2.90893 11
    endloop
  endfacet
  facet normal 0 -0 1
    outer loop
      vertex 8.53804 -2.90893 11
      vertex 8.69333 -2.32937 11
      vertex 8.50339 -2.88892 11
    endloop
  endfacet
  facet normal 0.980785 0.195093 0
    outer loop
      vertex 8.923 1.17474 11
      vertex 8.80861 1.74981 0
      vertex 8.80861 1.74981 11
    endloop
  endfacet
  facet normal 0.980785 0.195093 0
    outer loop
      vertex 8.80861 1.74981 0
      vertex 8.923 1.17474 11
      vertex 8.923 1.17474 0
    endloop
  endfacet
  facet normal 0.997859 0.0654045 0
    outer loop
      vertex 8.96135 0.589644 11
      vertex 8.923 1.17474 0
      vertex 8.923 1.17474 11
    endloop
  endfacet
  facet normal 0.997859 0.0654045 0
    outer loop
      vertex 8.923 1.17474 0
      vertex 8.96135 0.589644 11
      vertex 8.96135 0.589644 0
    endloop
  endfacet
  facet normal 0.946933 0.321432 0
    outer loop
      vertex 8.50339 2.88892 11
      vertex 8.31492 3.44415 0
      vertex 8.31492 3.44415 11
    endloop
  endfacet
  facet normal 0.946933 0.321432 0
    outer loop
      vertex 8.31492 3.44415 0
      vertex 8.50339 2.88892 11
      vertex 8.50339 2.88892 0
    endloop
  endfacet
  facet normal 0.442295 0.89687 -0
    outer loop
      vertex 3.97003 8.05558 0
      vertex 3.44415 8.31492 11
      vertex 3.97003 8.05558 11
    endloop
  endfacet
  facet normal 0.442295 0.89687 0
    outer loop
      vertex 3.44415 8.31492 11
      vertex 3.97003 8.05558 0
      vertex 3.44415 8.31492 0
    endloop
  endfacet
  facet normal -0.980785 -0.195093 0
    outer loop
      vertex -8.80861 -1.74981 0
      vertex -8.923 -1.17474 11
      vertex -8.923 -1.17474 0
    endloop
  endfacet
  facet normal -0.980785 -0.195093 -0
    outer loop
      vertex -8.80861 -1.74981 11
      vertex -8.923 -1.17474 11
      vertex -8.80861 -1.74981 0
    endloop
  endfacet
  facet normal -0 -0 -1
    outer loop
      vertex -8.80861 -1.74981 11
      vertex -8.69333 -2.32937 11
      vertex -8.923 -1.17474 11
    endloop
  endfacet
  facet normal 0.659349 0.751837 -0
    outer loop
      vertex 5.91969 6.75357 0
      vertex 5.47885 7.14018 11
      vertex 5.91969 6.75357 11
    endloop
  endfacet
  facet normal 0.659349 0.751837 0
    outer loop
      vertex 5.47885 7.14018 11
      vertex 5.91969 6.75357 0
      vertex 5.47885 7.14018 0
    endloop
  endfacet
  facet normal 0.946933 -0.321432 0
    outer loop
      vertex 8.31492 -3.44415 11
      vertex 8.50339 -2.88892 0
      vertex 8.50339 -2.88892 11
    endloop
  endfacet
  facet normal 0.946933 -0.321432 0
    outer loop
      vertex 8.50339 -2.88892 0
      vertex 8.31492 -3.44415 11
      vertex 8.31492 -3.44415 0
    endloop
  endfacet
  facet normal -0.442295 0.89687 0
    outer loop
      vertex -3.44415 8.31492 0
      vertex -3.97003 8.05558 11
      vertex -3.44415 8.31492 11
    endloop
  endfacet
  facet normal -0.442295 0.89687 0
    outer loop
      vertex -3.97003 8.05558 11
      vertex -3.44415 8.31492 0
      vertex -3.97003 8.05558 0
    endloop
  endfacet
  facet normal 0.195093 -0.980785 0
    outer loop
      vertex 1.17474 -8.923 0
      vertex 1.74981 -8.80861 11
      vertex 1.17474 -8.923 11
    endloop
  endfacet
  facet normal 0.195093 -0.980785 0
    outer loop
      vertex 1.74981 -8.80861 11
      vertex 1.17474 -8.923 0
      vertex 1.74981 -8.80861 0
    endloop
  endfacet
  facet normal -0.0654045 0.997859 0
    outer loop
      vertex -0.589644 8.96135 0
      vertex -1.17474 8.923 11
      vertex -0.589644 8.96135 11
    endloop
  endfacet
  facet normal -0.0654045 0.997859 0
    outer loop
      vertex -1.17474 8.923 11
      vertex -0.589644 8.96135 0
      vertex -1.17474 8.923 0
    endloop
  endfacet
  facet normal 0.831467 0.555574 0
    outer loop
      vertex 7.46594 4.99132 11
      vertex 7.14018 5.47885 0
      vertex 7.14018 5.47885 11
    endloop
  endfacet
  facet normal 0.831467 0.555574 0
    outer loop
      vertex 7.14018 5.47885 0
      vertex 7.46594 4.99132 11
      vertex 7.46594 4.99132 0
    endloop
  endfacet
  facet normal 0.89687 0.442295 0
    outer loop
      vertex 8.31492 3.44415 11
      vertex 8.05558 3.97003 0
      vertex 8.05558 3.97003 11
    endloop
  endfacet
  facet normal 0.89687 0.442295 0
    outer loop
      vertex 8.05558 3.97003 0
      vertex 8.31492 3.44415 11
      vertex 8.31492 3.44415 0
    endloop
  endfacet
  facet normal 0.89687 -0.442295 0
    outer loop
      vertex 8.05558 -3.97003 11
      vertex 8.31492 -3.44415 0
      vertex 8.31492 -3.44415 11
    endloop
  endfacet
  facet normal 0.89687 -0.442295 0
    outer loop
      vertex 8.31492 -3.44415 0
      vertex 8.05558 -3.97003 11
      vertex 8.05558 -3.97003 0
    endloop
  endfacet
  facet normal -0.980785 0.195093 0
    outer loop
      vertex -8.80861 1.74981 0
      vertex -8.923 1.17474 0
      vertex -8.80861 1.74981 11
    endloop
  endfacet
  facet normal -0 0 -1
    outer loop
      vertex -8.80861 1.74981 11
      vertex -8.923 1.17474 11
      vertex -8.69333 2.32937 11
    endloop
  endfacet
  facet normal -0.980785 0.195093 0
    outer loop
      vertex -8.923 1.17474 11
      vertex -8.80861 1.74981 11
      vertex -8.923 1.17474 0
    endloop
  endfacet
  facet normal -0.997859 0.0654045 0
    outer loop
      vertex -8.96135 0.589644 0
      vertex -8.923 1.17474 11
      vertex -8.923 1.17474 0
    endloop
  endfacet
  facet normal -0.997859 0.0654045 0
    outer loop
      vertex -8.923 1.17474 11
      vertex -8.96135 0.589644 0
      vertex -8.96135 0.589644 11
    endloop
  endfacet
  facet normal 0.831467 -0.555574 0
    outer loop
      vertex 7.14018 -5.47885 11
      vertex 7.46594 -4.99132 0
      vertex 7.46594 -4.99132 11
    endloop
  endfacet
  facet normal 0.831467 -0.555574 0
    outer loop
      vertex 7.46594 -4.99132 0
      vertex 7.14018 -5.47885 11
      vertex 7.14018 -5.47885 0
    endloop
  endfacet
  facet normal -0.555574 0.831467 0
    outer loop
      vertex -4.99132 7.46594 0
      vertex -5.47885 7.14018 11
      vertex -4.99132 7.46594 11
    endloop
  endfacet
  facet normal -0.555574 0.831467 0
    outer loop
      vertex -5.47885 7.14018 11
      vertex -4.99132 7.46594 0
      vertex -5.47885 7.14018 0
    endloop
  endfacet
  facet normal -0.831467 -0.555574 0
    outer loop
      vertex -7.14018 -5.47885 0
      vertex -7.46594 -4.99132 11
      vertex -7.46594 -4.99132 0
    endloop
  endfacet
  facet normal -0.831467 -0.555574 0
    outer loop
      vertex -7.46594 -4.99132 11
      vertex -7.14018 -5.47885 0
      vertex -7.14018 -5.47885 11
    endloop
  endfacet
  facet normal -0.195093 0.980785 0
    outer loop
      vertex -1.17474 8.923 0
      vertex -1.74981 8.80861 11
      vertex -1.17474 8.923 11
    endloop
  endfacet
  facet normal -0.195093 0.980785 0
    outer loop
      vertex -1.74981 8.80861 11
      vertex -1.17474 8.923 0
      vertex -1.74981 8.80861 0
    endloop
  endfacet
  facet normal 0.980785 -0.195093 0
    outer loop
      vertex 8.80861 -1.74981 11
      vertex 8.923 -1.17474 0
      vertex 8.923 -1.17474 11
    endloop
  endfacet
  facet normal 0.980785 -0.195093 0
    outer loop
      vertex 8.923 -1.17474 0
      vertex 8.80861 -1.74981 11
      vertex 8.80861 -1.74981 0
    endloop
  endfacet
  facet normal 0.555574 0.831467 -0
    outer loop
      vertex 5.47885 7.14018 0
      vertex 4.99132 7.46594 11
      vertex 5.47885 7.14018 11
    endloop
  endfacet
  facet normal 0.555574 0.831467 0
    outer loop
      vertex 4.99132 7.46594 11
      vertex 5.47885 7.14018 0
      vertex 4.99132 7.46594 0
    endloop
  endfacet
  facet normal 0.0654045 0.997859 -0
    outer loop
      vertex 1.17474 8.923 0
      vertex 0.589644 8.96135 11
      vertex 1.17474 8.923 11
    endloop
  endfacet
  facet normal 0.0654045 0.997859 0
    outer loop
      vertex 0.589644 8.96135 11
      vertex 1.17474 8.923 0
      vertex 0.589644 8.96135 0
    endloop
  endfacet
  facet normal 0.0654045 -0.997859 0
    outer loop
      vertex 0.589644 -8.96135 0
      vertex 1.17474 -8.923 11
      vertex 0.589644 -8.96135 11
    endloop
  endfacet
  facet normal 0.0654045 -0.997859 0
    outer loop
      vertex 1.17474 -8.923 11
      vertex 0.589644 -8.96135 0
      vertex 1.17474 -8.923 0
    endloop
  endfacet
  facet normal 0.659349 -0.751837 0
    outer loop
      vertex 5.47885 -7.14018 0
      vertex 5.91969 -6.75357 11
      vertex 5.47885 -7.14018 11
    endloop
  endfacet
  facet normal 0.659349 -0.751837 0
    outer loop
      vertex 5.91969 -6.75357 11
      vertex 5.47885 -7.14018 0
      vertex 5.91969 -6.75357 0
    endloop
  endfacet
  facet normal 0 0 -1
    outer loop
      vertex -5.47885 7.14018 11
      vertex -5.91969 6.75357 11
      vertex -6.36396 6.36396 11
    endloop
  endfacet
  facet normal -0.659349 0.751837 0
    outer loop
      vertex -5.47885 7.14018 0
      vertex -5.91969 6.75357 11
      vertex -5.47885 7.14018 11
    endloop
  endfacet
  facet normal -0.659349 0.751837 0
    outer loop
      vertex -5.91969 6.75357 11
      vertex -5.47885 7.14018 0
      vertex -5.91969 6.75357 0
    endloop
  endfacet
  facet normal 0.997859 -0.0654045 0
    outer loop
      vertex 8.923 -1.17474 11
      vertex 8.96135 -0.589644 0
      vertex 8.96135 -0.589644 11
    endloop
  endfacet
  facet normal 0.997859 -0.0654045 0
    outer loop
      vertex 8.96135 -0.589644 0
      vertex 8.923 -1.17474 11
      vertex 8.923 -1.17474 0
    endloop
  endfacet
  facet normal -0.321432 0.946933 0
    outer loop
      vertex -2.88892 8.50339 0
      vertex -3.44415 8.31492 11
      vertex -2.88892 8.50339 11
    endloop
  endfacet
  facet normal -0.321432 0.946933 0
    outer loop
      vertex -3.44415 8.31492 11
      vertex -2.88892 8.50339 0
      vertex -3.44415 8.31492 0
    endloop
  endfacet
  facet normal -0.195093 -0.980785 0
    outer loop
      vertex -1.74981 -8.80861 0
      vertex -1.17474 -8.923 11
      vertex -1.74981 -8.80861 11
    endloop
  endfacet
  facet normal -0.195093 -0.980785 -0
    outer loop
      vertex -1.17474 -8.923 11
      vertex -1.74981 -8.80861 0
      vertex -1.17474 -8.923 0
    endloop
  endfacet
  facet normal -0.946933 0.321432 0
    outer loop
      vertex -8.50339 2.88892 0
      vertex -8.31492 3.44415 11
      vertex -8.31492 3.44415 0
    endloop
  endfacet
  facet normal -0.946933 0.321432 0
    outer loop
      vertex -8.50339 2.88892 11
      vertex -8.31492 3.44415 11
      vertex -8.50339 2.88892 0
    endloop
  endfacet
  facet normal -0 0 -1
    outer loop
      vertex -8.50339 2.88892 11
      vertex -8.69333 2.32937 11
      vertex -8.31492 3.44415 11
    endloop
  endfacet
  facet normal 0.751837 -0.659349 0
    outer loop
      vertex 6.75357 -5.91969 11
      vertex 7.14018 -5.47885 0
      vertex 7.14018 -5.47885 11
    endloop
  endfacet
  facet normal 0.751837 -0.659349 0
    outer loop
      vertex 7.14018 -5.47885 0
      vertex 6.75357 -5.91969 11
      vertex 6.75357 -5.91969 0
    endloop
  endfacet
  facet normal 0 0 -1
    outer loop
      vertex -6.36396 -6.36396 11
      vertex -5.91969 -6.75357 11
      vertex -5.47885 -7.14018 11
    endloop
  endfacet
  facet normal -0.659349 -0.751837 0
    outer loop
      vertex -5.91969 -6.75357 0
      vertex -5.47885 -7.14018 11
      vertex -5.91969 -6.75357 11
    endloop
  endfacet
  facet normal -0.659349 -0.751837 -0
    outer loop
      vertex -5.47885 -7.14018 11
      vertex -5.91969 -6.75357 0
      vertex -5.47885 -7.14018 0
    endloop
  endfacet
  facet normal -0.89687 -0.442295 0
    outer loop
      vertex -8.05558 -3.97003 0
      vertex -8.31492 -3.44415 11
      vertex -8.31492 -3.44415 0
    endloop
  endfacet
  facet normal -0.89687 -0.442295 0
    outer loop
      vertex -8.31492 -3.44415 11
      vertex -8.05558 -3.97003 0
      vertex -8.05558 -3.97003 11
    endloop
  endfacet
  facet normal -0.997859 -0.0654045 0
    outer loop
      vertex -8.923 -1.17474 0
      vertex -8.96135 -0.589644 11
      vertex -8.96135 -0.589644 0
    endloop
  endfacet
  facet normal -0.997859 -0.0654045 0
    outer loop
      vertex -8.96135 -0.589644 11
      vertex -8.923 -1.17474 0
      vertex -8.923 -1.17474 11
    endloop
  endfacet
  facet normal 0.751837 0.659349 0
    outer loop
      vertex 7.14018 5.47885 11
      vertex 6.75357 5.91969 0
      vertex 6.75357 5.91969 11
    endloop
  endfacet
  facet normal 0.751837 0.659349 0
    outer loop
      vertex 6.75357 5.91969 0
      vertex 7.14018 5.47885 11
      vertex 7.14018 5.47885 0
    endloop
  endfacet
  facet normal 0.555574 -0.831467 0
    outer loop
      vertex 4.99132 -7.46594 0
      vertex 5.47885 -7.14018 11
      vertex 4.99132 -7.46594 11
    endloop
  endfacet
  facet normal 0.555574 -0.831467 0
    outer loop
      vertex 5.47885 -7.14018 11
      vertex 4.99132 -7.46594 0
      vertex 5.47885 -7.14018 0
    endloop
  endfacet
  facet normal -0.751837 0.659349 0
    outer loop
      vertex -6.75357 5.91969 0
      vertex -7.14018 5.47885 0
      vertex -6.75357 5.91969 11
    endloop
  endfacet
  facet normal -0 0 -1
    outer loop
      vertex -6.75357 5.91969 11
      vertex -7.14018 5.47885 11
      vertex -6.36396 6.36396 11
    endloop
  endfacet
  facet normal -0.751837 0.659349 0
    outer loop
      vertex -7.14018 5.47885 11
      vertex -6.75357 5.91969 11
      vertex -7.14018 5.47885 0
    endloop
  endfacet
  facet normal 0.321432 0.946933 -0
    outer loop
      vertex 3.44415 8.31492 0
      vertex 2.88892 8.50339 11
      vertex 3.44415 8.31492 11
    endloop
  endfacet
  facet normal 0.321432 0.946933 0
    outer loop
      vertex 2.88892 8.50339 11
      vertex 3.44415 8.31492 0
      vertex 2.88892 8.50339 0
    endloop
  endfacet
  facet normal -0.321432 -0.946933 0
    outer loop
      vertex -3.44415 -8.31492 0
      vertex -2.88892 -8.50339 11
      vertex -3.44415 -8.31492 11
    endloop
  endfacet
  facet normal -0.321432 -0.946933 -0
    outer loop
      vertex -2.88892 -8.50339 11
      vertex -3.44415 -8.31492 0
      vertex -2.88892 -8.50339 0
    endloop
  endfacet
  facet normal -0.946933 -0.321432 0
    outer loop
      vertex -8.50339 -2.88892 0
      vertex -8.31492 -3.44415 0
      vertex -8.50339 -2.88892 11
    endloop
  endfacet
  facet normal -0 -0 -1
    outer loop
      vertex -8.50339 -2.88892 11
      vertex -8.31492 -3.44415 11
      vertex -8.69333 -2.32937 11
    endloop
  endfacet
  facet normal -0.946933 -0.321432 -0
    outer loop
      vertex -8.31492 -3.44415 11
      vertex -8.50339 -2.88892 11
      vertex -8.31492 -3.44415 0
    endloop
  endfacet
  facet normal -0.0654045 -0.997859 0
    outer loop
      vertex -1.17474 -8.923 0
      vertex -0.589644 -8.96135 11
      vertex -1.17474 -8.923 11
    endloop
  endfacet
  facet normal -0.0654045 -0.997859 -0
    outer loop
      vertex -0.589644 -8.96135 11
      vertex -1.17474 -8.923 0
      vertex -0.589644 -8.96135 0
    endloop
  endfacet
  facet normal 0.442295 -0.89687 0
    outer loop
      vertex 3.44415 -8.31492 0
      vertex 3.97003 -8.05558 11
      vertex 3.44415 -8.31492 11
    endloop
  endfacet
  facet normal 0.442295 -0.89687 0
    outer loop
      vertex 3.97003 -8.05558 11
      vertex 3.44415 -8.31492 0
      vertex 3.97003 -8.05558 0
    endloop
  endfacet
  facet normal -0.751837 -0.659349 0
    outer loop
      vertex -6.75357 -5.91969 0
      vertex -7.14018 -5.47885 11
      vertex -7.14018 -5.47885 0
    endloop
  endfacet
  facet normal -0.751837 -0.659349 -0
    outer loop
      vertex -6.75357 -5.91969 11
      vertex -7.14018 -5.47885 11
      vertex -6.75357 -5.91969 0
    endloop
  endfacet
  facet normal -0 -0 -1
    outer loop
      vertex -6.75357 -5.91969 11
      vertex -6.36396 -6.36396 11
      vertex -7.14018 -5.47885 11
    endloop
  endfacet
  facet normal 0.321432 -0.946933 0
    outer loop
      vertex 2.88892 -8.50339 0
      vertex 3.44415 -8.31492 11
      vertex 2.88892 -8.50339 11
    endloop
  endfacet
  facet normal 0.321432 -0.946933 0
    outer loop
      vertex 3.44415 -8.31492 11
      vertex 2.88892 -8.50339 0
      vertex 3.44415 -8.31492 0
    endloop
  endfacet
  facet normal 0.195093 0.980785 -0
    outer loop
      vertex 1.74981 8.80861 0
      vertex 1.17474 8.923 11
      vertex 1.74981 8.80861 11
    endloop
  endfacet
  facet normal 0.195093 0.980785 0
    outer loop
      vertex 1.17474 8.923 11
      vertex 1.74981 8.80861 0
      vertex 1.17474 8.923 0
    endloop
  endfacet
  facet normal -0.442295 -0.89687 0
    outer loop
      vertex -3.97003 -8.05558 0
      vertex -3.44415 -8.31492 11
      vertex -3.97003 -8.05558 11
    endloop
  endfacet
  facet normal -0.442295 -0.89687 -0
    outer loop
      vertex -3.44415 -8.31492 11
      vertex -3.97003 -8.05558 0
      vertex -3.44415 -8.31492 0
    endloop
  endfacet
  facet normal -0.89687 0.442295 0
    outer loop
      vertex -8.31492 3.44415 0
      vertex -8.05558 3.97003 11
      vertex -8.05558 3.97003 0
    endloop
  endfacet
  facet normal -0.89687 0.442295 0
    outer loop
      vertex -8.05558 3.97003 11
      vertex -8.31492 3.44415 0
      vertex -8.31492 3.44415 11
    endloop
  endfacet
  facet normal -0.555574 -0.831467 0
    outer loop
      vertex -5.47885 -7.14018 0
      vertex -4.99132 -7.46594 11
      vertex -5.47885 -7.14018 11
    endloop
  endfacet
  facet normal -0.555574 -0.831467 -0
    outer loop
      vertex -4.99132 -7.46594 11
      vertex -5.47885 -7.14018 0
      vertex -4.99132 -7.46594 0
    endloop
  endfacet
  facet normal -0.831467 0.555574 0
    outer loop
      vertex -7.46594 4.99132 0
      vertex -7.14018 5.47885 11
      vertex -7.14018 5.47885 0
    endloop
  endfacet
  facet normal -0.831467 0.555574 0
    outer loop
      vertex -7.14018 5.47885 11
      vertex -7.46594 4.99132 0
      vertex -7.46594 4.99132 11
    endloop
  endfacet
  facet normal 0.227531 -0.670303 0.706346
    outer loop
      vertex 2.07055 -7.72741 12
      vertex 2.88892 -8.50339 11
      vertex 3.44415 -8.31492 11
    endloop
  endfacet
  facet normal 0.227534 -0.6703 0.706347
    outer loop
      vertex 2.88892 -8.50339 11
      vertex 2.07055 -7.72741 12
      vertex 2.32937 -8.69333 11
    endloop
  endfacet
  facet normal -0.694265 0.138098 0.706347
    outer loop
      vertex -8.69333 2.32937 11
      vertex -8.923 1.17474 11
      vertex -7.72741 2.07055 12
    endloop
  endfacet
  facet normal -0.1381 -0.694265 0.706346
    outer loop
      vertex -2.07055 -7.72741 12
      vertex -1.74981 -8.80861 11
      vertex -1.17474 -8.923 11
    endloop
  endfacet
  facet normal -0.138096 -0.694265 0.706347
    outer loop
      vertex -1.74981 -8.80861 11
      vertex -2.07055 -7.72741 12
      vertex -2.32937 -8.69333 11
    endloop
  endfacet
  facet normal 0.706351 -0.0462999 0.706346
    outer loop
      vertex 7.93156 -1.04421 12
      vertex 8.96135 -0.589644 11
      vertex 9 0 11
    endloop
  endfacet
  facet normal 0.70635 -0.0462976 0.706347
    outer loop
      vertex 8.96135 -0.589644 11
      vertex 7.93156 -1.04421 12
      vertex 8.923 -1.17474 11
    endloop
  endfacet
  facet normal 0.706349 0.0462958 0.706349
    outer loop
      vertex 9 0 11
      vertex 7.93156 1.04421 12
      vertex 8 0 12
    endloop
  endfacet
  facet normal 0.70635 0.0462976 0.706347
    outer loop
      vertex 7.93156 1.04421 12
      vertex 8.96135 0.589644 11
      vertex 8.923 1.17474 11
    endloop
  endfacet
  facet normal 0.706351 0.0462999 0.706346
    outer loop
      vertex 8.96135 0.589644 11
      vertex 7.93156 1.04421 12
      vertex 9 0 11
    endloop
  endfacet
  facet normal -0.532198 0.466732 0.706347
    outer loop
      vertex -5.65685 5.65685 12
      vertex -7.14018 5.47885 11
      vertex -6.34683 4.87009 12
    endloop
  endfacet
  facet normal -0.694265 -0.138098 0.706347
    outer loop
      vertex -7.72741 -2.07055 12
      vertex -8.923 -1.17474 11
      vertex -8.69333 -2.32937 11
    endloop
  endfacet
  facet normal 0.694264 -0.138097 0.706347
    outer loop
      vertex 7.93156 -1.04421 12
      vertex 7.72741 -2.07055 12
      vertex 8.923 -1.17474 11
    endloop
  endfacet
  facet normal 0.706349 -0.0462958 0.706349
    outer loop
      vertex 8 0 12
      vertex 7.93156 -1.04421 12
      vertex 9 0 11
    endloop
  endfacet
  facet normal 0.670299 0.227534 0.706348
    outer loop
      vertex 8.31492 3.44415 11
      vertex 7.39104 3.06147 12
      vertex 7.72741 2.07055 12
    endloop
  endfacet
  facet normal 0.313084 0.63486 0.70635
    outer loop
      vertex 4.5 7.79423 11
      vertex 3.06147 7.39104 12
      vertex 4 6.9282 12
    endloop
  endfacet
  facet normal 0.0462958 -0.706349 0.706349
    outer loop
      vertex 0 -8 12
      vertex 0 -9 11
      vertex 1.04421 -7.93156 12
    endloop
  endfacet
  facet normal -0.393269 0.588568 0.706348
    outer loop
      vertex -4.99132 7.46594 11
      vertex -4.87009 6.34683 12
      vertex -4.5 7.79423 11
    endloop
  endfacet
  facet normal -0.393271 0.588567 0.706347
    outer loop
      vertex -4.87009 6.34683 12
      vertex -4.99132 7.46594 11
      vertex -5.47885 7.14018 11
    endloop
  endfacet
  facet normal 0.588568 -0.393265 0.70635
    outer loop
      vertex 6.9282 -4 12
      vertex 6.34683 -4.87009 12
      vertex 7.79423 -4.5 11
    endloop
  endfacet
  facet normal -0.466732 -0.532198 0.706347
    outer loop
      vertex -4.87009 -6.34683 12
      vertex -5.65685 -5.65685 12
      vertex -5.47885 -7.14018 11
    endloop
  endfacet
  facet normal 0.634867 -0.313079 0.706346
    outer loop
      vertex 8.05558 -3.97003 11
      vertex 7.39104 -3.06147 12
      vertex 7.79423 -4.5 11
    endloop
  endfacet
  facet normal 0.634862 -0.313085 0.706348
    outer loop
      vertex 7.39104 -3.06147 12
      vertex 8.05558 -3.97003 11
      vertex 8.31492 -3.44415 11
    endloop
  endfacet
  facet normal 0.588567 0.393271 0.706347
    outer loop
      vertex 6.34683 4.87009 12
      vertex 7.46594 4.99132 11
      vertex 7.14018 5.47885 11
    endloop
  endfacet
  facet normal 0.588568 0.393269 0.706348
    outer loop
      vertex 7.46594 4.99132 11
      vertex 6.34683 4.87009 12
      vertex 7.79423 4.5 11
    endloop
  endfacet
  facet normal -0.313084 -0.63486 0.70635
    outer loop
      vertex -4 -6.9282 12
      vertex -4.5 -7.79423 11
      vertex -3.06147 -7.39104 12
    endloop
  endfacet
  facet normal 0.138097 0.694264 0.706347
    outer loop
      vertex 1.17474 8.923 11
      vertex 1.04421 7.93156 12
      vertex 2.07055 7.72741 12
    endloop
  endfacet
  facet normal 0.532198 0.466732 0.706347
    outer loop
      vertex 7.14018 5.47885 11
      vertex 5.65685 5.65685 12
      vertex 6.34683 4.87009 12
    endloop
  endfacet
  facet normal -0.70635 0.0462976 0.706347
    outer loop
      vertex -8.96135 0.589644 11
      vertex -7.93156 1.04421 12
      vertex -8.923 1.17474 11
    endloop
  endfacet
  facet normal -0.706351 0.0462999 0.706346
    outer loop
      vertex -7.93156 1.04421 12
      vertex -8.96135 0.589644 11
      vertex -9 0 11
    endloop
  endfacet
  facet normal 0.694265 0.138096 0.706347
    outer loop
      vertex 7.72741 2.07055 12
      vertex 8.80861 1.74981 11
      vertex 8.69333 2.32937 11
    endloop
  endfacet
  facet normal 0.694265 0.1381 0.706346
    outer loop
      vertex 8.80861 1.74981 11
      vertex 7.72741 2.07055 12
      vertex 8.923 1.17474 11
    endloop
  endfacet
  facet normal 0.63486 -0.313084 0.70635
    outer loop
      vertex 7.39104 -3.06147 12
      vertex 6.9282 -4 12
      vertex 7.79423 -4.5 11
    endloop
  endfacet
  facet normal 0.532199 -0.46673 0.706348
    outer loop
      vertex 5.65685 -5.65685 12
      vertex 6.75357 -5.91969 11
      vertex 7.14018 -5.47885 11
    endloop
  endfacet
  facet normal 0.532202 -0.466723 0.70635
    outer loop
      vertex 6.75357 -5.91969 11
      vertex 5.65685 -5.65685 12
      vertex 6.36396 -6.36396 11
    endloop
  endfacet
  facet normal -0.532198 -0.466732 0.706347
    outer loop
      vertex -6.34683 -4.87009 12
      vertex -7.14018 -5.47885 11
      vertex -5.65685 -5.65685 12
    endloop
  endfacet
  facet normal -0.393265 0.588568 0.70635
    outer loop
      vertex -4.5 7.79423 11
      vertex -4.87009 6.34683 12
      vertex -4 6.9282 12
    endloop
  endfacet
  facet normal 0.694265 -0.1381 0.706346
    outer loop
      vertex 7.72741 -2.07055 12
      vertex 8.80861 -1.74981 11
      vertex 8.923 -1.17474 11
    endloop
  endfacet
  facet normal 0.694265 -0.138096 0.706347
    outer loop
      vertex 8.80861 -1.74981 11
      vertex 7.72741 -2.07055 12
      vertex 8.69333 -2.32937 11
    endloop
  endfacet
  facet normal 0.63486 0.313084 0.70635
    outer loop
      vertex 7.79423 4.5 11
      vertex 6.9282 4 12
      vertex 7.39104 3.06147 12
    endloop
  endfacet
  facet normal -0.466732 0.532198 0.706347
    outer loop
      vertex -5.47885 7.14018 11
      vertex -5.65685 5.65685 12
      vertex -4.87009 6.34683 12
    endloop
  endfacet
  facet normal 0.138096 -0.694265 0.706347
    outer loop
      vertex 2.07055 -7.72741 12
      vertex 1.74981 -8.80861 11
      vertex 2.32937 -8.69333 11
    endloop
  endfacet
  facet normal 0.1381 -0.694265 0.706346
    outer loop
      vertex 1.74981 -8.80861 11
      vertex 2.07055 -7.72741 12
      vertex 1.17474 -8.923 11
    endloop
  endfacet
  facet normal -0.313085 0.634862 0.706348
    outer loop
      vertex -3.97003 8.05558 11
      vertex -3.06147 7.39104 12
      vertex -3.44415 8.31492 11
    endloop
  endfacet
  facet normal -0.313079 0.634867 0.706346
    outer loop
      vertex -3.06147 7.39104 12
      vertex -3.97003 8.05558 11
      vertex -4.5 7.79423 11
    endloop
  endfacet
  facet normal -0.532199 0.466726 0.70635
    outer loop
      vertex -6.36396 6.36396 11
      vertex -7.14018 5.47885 11
      vertex -5.65685 5.65685 12
    endloop
  endfacet
  facet normal -0.227534 -0.6703 0.706347
    outer loop
      vertex -2.07055 -7.72741 12
      vertex -2.88892 -8.50339 11
      vertex -2.32937 -8.69333 11
    endloop
  endfacet
  facet normal -0.227531 -0.670303 0.706346
    outer loop
      vertex -2.88892 -8.50339 11
      vertex -2.07055 -7.72741 12
      vertex -3.44415 -8.31492 11
    endloop
  endfacet
  facet normal -0.532199 -0.466726 0.70635
    outer loop
      vertex -5.65685 -5.65685 12
      vertex -7.14018 -5.47885 11
      vertex -6.36396 -6.36396 11
    endloop
  endfacet
  facet normal 0.393265 -0.588568 0.70635
    outer loop
      vertex 4.87009 -6.34683 12
      vertex 4 -6.9282 12
      vertex 4.5 -7.79423 11
    endloop
  endfacet
  facet normal -0.670299 -0.227534 0.706348
    outer loop
      vertex -7.72741 -2.07055 12
      vertex -8.31492 -3.44415 11
      vertex -7.39104 -3.06147 12
    endloop
  endfacet
  facet normal 0.694264 0.138097 0.706347
    outer loop
      vertex 8.923 1.17474 11
      vertex 7.72741 2.07055 12
      vertex 7.93156 1.04421 12
    endloop
  endfacet
  facet normal -0.63486 -0.313084 0.70635
    outer loop
      vertex -7.39104 -3.06147 12
      vertex -7.79423 -4.5 11
      vertex -6.9282 -4 12
    endloop
  endfacet
  facet normal -0.466726 0.532199 0.70635
    outer loop
      vertex -5.47885 7.14018 11
      vertex -6.36396 6.36396 11
      vertex -5.65685 5.65685 12
    endloop
  endfacet
  facet normal 0.393271 0.588567 0.706347
    outer loop
      vertex 4.99132 7.46594 11
      vertex 4.87009 6.34683 12
      vertex 5.47885 7.14018 11
    endloop
  endfacet
  facet normal 0.393269 0.588568 0.706348
    outer loop
      vertex 4.87009 6.34683 12
      vertex 4.99132 7.46594 11
      vertex 4.5 7.79423 11
    endloop
  endfacet
  facet normal 0.466723 -0.532202 0.70635
    outer loop
      vertex 5.65685 -5.65685 12
      vertex 5.91969 -6.75357 11
      vertex 6.36396 -6.36396 11
    endloop
  endfacet
  facet normal 0.46673 -0.532199 0.706348
    outer loop
      vertex 5.91969 -6.75357 11
      vertex 5.65685 -5.65685 12
      vertex 5.47885 -7.14018 11
    endloop
  endfacet
  facet normal 0.0462976 0.70635 0.706347
    outer loop
      vertex 0.589644 8.96135 11
      vertex 1.04421 7.93156 12
      vertex 1.17474 8.923 11
    endloop
  endfacet
  facet normal 0.0462999 0.706351 0.706346
    outer loop
      vertex 1.04421 7.93156 12
      vertex 0.589644 8.96135 11
      vertex 0 9 11
    endloop
  endfacet
  facet normal -0.0462999 0.706351 0.706346
    outer loop
      vertex -0.589644 8.96135 11
      vertex -1.04421 7.93156 12
      vertex 0 9 11
    endloop
  endfacet
  facet normal -0.0462976 0.70635 0.706347
    outer loop
      vertex -1.04421 7.93156 12
      vertex -0.589644 8.96135 11
      vertex -1.17474 8.923 11
    endloop
  endfacet
  facet normal -0.706351 -0.0462999 0.706346
    outer loop
      vertex -8.96135 -0.589644 11
      vertex -7.93156 -1.04421 12
      vertex -9 0 11
    endloop
  endfacet
  facet normal -0.70635 -0.0462976 0.706347
    outer loop
      vertex -7.93156 -1.04421 12
      vertex -8.96135 -0.589644 11
      vertex -8.923 -1.17474 11
    endloop
  endfacet
  facet normal -0.0462958 -0.706349 0.706349
    outer loop
      vertex 0 -8 12
      vertex -1.04421 -7.93156 12
      vertex 0 -9 11
    endloop
  endfacet
  facet normal -0.634867 -0.313079 0.706346
    outer loop
      vertex -7.39104 -3.06147 12
      vertex -8.05558 -3.97003 11
      vertex -7.79423 -4.5 11
    endloop
  endfacet
  facet normal -0.634862 -0.313085 0.706348
    outer loop
      vertex -8.05558 -3.97003 11
      vertex -7.39104 -3.06147 12
      vertex -8.31492 -3.44415 11
    endloop
  endfacet
  facet normal 0.0462999 -0.706351 0.706346
    outer loop
      vertex 0.589644 -8.96135 11
      vertex 1.04421 -7.93156 12
      vertex 0 -9 11
    endloop
  endfacet
  facet normal 0.0462976 -0.70635 0.706347
    outer loop
      vertex 1.04421 -7.93156 12
      vertex 0.589644 -8.96135 11
      vertex 1.17474 -8.923 11
    endloop
  endfacet
  facet normal 0.588568 0.393265 0.70635
    outer loop
      vertex 7.79423 4.5 11
      vertex 6.34683 4.87009 12
      vertex 6.9282 4 12
    endloop
  endfacet
  facet normal 0.313085 -0.634862 0.706348
    outer loop
      vertex 3.97003 -8.05558 11
      vertex 3.06147 -7.39104 12
      vertex 3.44415 -8.31492 11
    endloop
  endfacet
  facet normal 0.313079 -0.634867 0.706346
    outer loop
      vertex 3.06147 -7.39104 12
      vertex 3.97003 -8.05558 11
      vertex 4.5 -7.79423 11
    endloop
  endfacet
  facet normal 0.634862 0.313085 0.706348
    outer loop
      vertex 8.05558 3.97003 11
      vertex 7.39104 3.06147 12
      vertex 8.31492 3.44415 11
    endloop
  endfacet
  facet normal 0.634867 0.313079 0.706346
    outer loop
      vertex 7.39104 3.06147 12
      vertex 8.05558 3.97003 11
      vertex 7.79423 4.5 11
    endloop
  endfacet
  facet normal 0.227534 -0.670299 0.706348
    outer loop
      vertex 3.06147 -7.39104 12
      vertex 2.07055 -7.72741 12
      vertex 3.44415 -8.31492 11
    endloop
  endfacet
  facet normal 0.393265 0.588568 0.70635
    outer loop
      vertex 4.5 7.79423 11
      vertex 4 6.9282 12
      vertex 4.87009 6.34683 12
    endloop
  endfacet
  facet normal 0.313079 0.634867 0.706346
    outer loop
      vertex 3.97003 8.05558 11
      vertex 3.06147 7.39104 12
      vertex 4.5 7.79423 11
    endloop
  endfacet
  facet normal 0.313085 0.634862 0.706348
    outer loop
      vertex 3.06147 7.39104 12
      vertex 3.97003 8.05558 11
      vertex 3.44415 8.31492 11
    endloop
  endfacet
  facet normal -0.706349 -0.0462958 0.706349
    outer loop
      vertex -8 0 12
      vertex -9 0 11
      vertex -7.93156 -1.04421 12
    endloop
  endfacet
  facet normal 0.532202 0.466723 0.70635
    outer loop
      vertex 5.65685 5.65685 12
      vertex 6.75357 5.91969 11
      vertex 6.36396 6.36396 11
    endloop
  endfacet
  facet normal 0.532199 0.46673 0.706348
    outer loop
      vertex 6.75357 5.91969 11
      vertex 5.65685 5.65685 12
      vertex 7.14018 5.47885 11
    endloop
  endfacet
  facet normal -0.466726 -0.532199 0.70635
    outer loop
      vertex -5.65685 -5.65685 12
      vertex -6.36396 -6.36396 11
      vertex -5.47885 -7.14018 11
    endloop
  endfacet
  facet normal -0.670301 -0.227532 0.706347
    outer loop
      vertex -7.72741 -2.07055 12
      vertex -8.69333 -2.32937 11
      vertex -8.31492 -3.44415 11
    endloop
  endfacet
  facet normal -0.634867 0.313079 0.706346
    outer loop
      vertex -8.05558 3.97003 11
      vertex -7.39104 3.06147 12
      vertex -7.79423 4.5 11
    endloop
  endfacet
  facet normal -0.634862 0.313085 0.706348
    outer loop
      vertex -7.39104 3.06147 12
      vertex -8.05558 3.97003 11
      vertex -8.31492 3.44415 11
    endloop
  endfacet
  facet normal -0.313085 -0.634862 0.706348
    outer loop
      vertex -3.06147 -7.39104 12
      vertex -3.97003 -8.05558 11
      vertex -3.44415 -8.31492 11
    endloop
  endfacet
  facet normal -0.313079 -0.634867 0.706346
    outer loop
      vertex -3.97003 -8.05558 11
      vertex -3.06147 -7.39104 12
      vertex -4.5 -7.79423 11
    endloop
  endfacet
  facet normal 0.670303 0.227531 0.706346
    outer loop
      vertex 7.72741 2.07055 12
      vertex 8.50339 2.88892 11
      vertex 8.31492 3.44415 11
    endloop
  endfacet
  facet normal 0.6703 0.227534 0.706347
    outer loop
      vertex 8.50339 2.88892 11
      vertex 7.72741 2.07055 12
      vertex 8.69333 2.32937 11
    endloop
  endfacet
  facet normal 0.0462958 0.706349 0.706349
    outer loop
      vertex 0 9 11
      vertex 0 8 12
      vertex 1.04421 7.93156 12
    endloop
  endfacet
  facet normal 0.466723 0.532202 0.70635
    outer loop
      vertex 5.91969 6.75357 11
      vertex 5.65685 5.65685 12
      vertex 6.36396 6.36396 11
    endloop
  endfacet
  facet normal 0.46673 0.532199 0.706348
    outer loop
      vertex 5.65685 5.65685 12
      vertex 5.91969 6.75357 11
      vertex 5.47885 7.14018 11
    endloop
  endfacet
  facet normal 0.466732 0.532198 0.706347
    outer loop
      vertex 5.47885 7.14018 11
      vertex 4.87009 6.34683 12
      vertex 5.65685 5.65685 12
    endloop
  endfacet
  facet normal -0.706349 0.0462958 0.706349
    outer loop
      vertex -7.93156 1.04421 12
      vertex -9 0 11
      vertex -8 0 12
    endloop
  endfacet
  facet normal -0.694264 -0.138097 0.706347
    outer loop
      vertex -7.93156 -1.04421 12
      vertex -8.923 -1.17474 11
      vertex -7.72741 -2.07055 12
    endloop
  endfacet
  facet normal -0.588568 0.393265 0.70635
    outer loop
      vertex -6.34683 4.87009 12
      vertex -7.79423 4.5 11
      vertex -6.9282 4 12
    endloop
  endfacet
  facet normal -0.588567 -0.393271 0.706347
    outer loop
      vertex -6.34683 -4.87009 12
      vertex -7.46594 -4.99132 11
      vertex -7.14018 -5.47885 11
    endloop
  endfacet
  facet normal -0.588568 -0.393269 0.706348
    outer loop
      vertex -7.46594 -4.99132 11
      vertex -6.34683 -4.87009 12
      vertex -7.79423 -4.5 11
    endloop
  endfacet
  facet normal -0.670301 0.227532 0.706347
    outer loop
      vertex -8.31492 3.44415 11
      vertex -8.69333 2.32937 11
      vertex -7.72741 2.07055 12
    endloop
  endfacet
  facet normal 0.670299 -0.227534 0.706348
    outer loop
      vertex 7.72741 -2.07055 12
      vertex 7.39104 -3.06147 12
      vertex 8.31492 -3.44415 11
    endloop
  endfacet
  facet normal 0.6703 -0.227534 0.706347
    outer loop
      vertex 7.72741 -2.07055 12
      vertex 8.50339 -2.88892 11
      vertex 8.69333 -2.32937 11
    endloop
  endfacet
  facet normal 0.670303 -0.227531 0.706346
    outer loop
      vertex 8.50339 -2.88892 11
      vertex 7.72741 -2.07055 12
      vertex 8.31492 -3.44415 11
    endloop
  endfacet
  facet normal 0.138097 -0.694264 0.706347
    outer loop
      vertex 2.07055 -7.72741 12
      vertex 1.04421 -7.93156 12
      vertex 1.17474 -8.923 11
    endloop
  endfacet
  facet normal -0.227534 0.6703 0.706347
    outer loop
      vertex -2.88892 8.50339 11
      vertex -2.07055 7.72741 12
      vertex -2.32937 8.69333 11
    endloop
  endfacet
  facet normal -0.227531 0.670303 0.706346
    outer loop
      vertex -2.07055 7.72741 12
      vertex -2.88892 8.50339 11
      vertex -3.44415 8.31492 11
    endloop
  endfacet
  facet normal 0.588568 -0.393269 0.706348
    outer loop
      vertex 6.34683 -4.87009 12
      vertex 7.46594 -4.99132 11
      vertex 7.79423 -4.5 11
    endloop
  endfacet
  facet normal 0.588567 -0.393271 0.706347
    outer loop
      vertex 7.46594 -4.99132 11
      vertex 6.34683 -4.87009 12
      vertex 7.14018 -5.47885 11
    endloop
  endfacet
  facet normal -0.588567 0.393271 0.706347
    outer loop
      vertex -7.46594 4.99132 11
      vertex -6.34683 4.87009 12
      vertex -7.14018 5.47885 11
    endloop
  endfacet
  facet normal -0.588568 0.393269 0.706348
    outer loop
      vertex -6.34683 4.87009 12
      vertex -7.46594 4.99132 11
      vertex -7.79423 4.5 11
    endloop
  endfacet
  facet normal 0.227534 0.670299 0.706348
    outer loop
      vertex 3.44415 8.31492 11
      vertex 2.07055 7.72741 12
      vertex 3.06147 7.39104 12
    endloop
  endfacet
  facet normal -0.0462976 -0.70635 0.706347
    outer loop
      vertex -0.589644 -8.96135 11
      vertex -1.04421 -7.93156 12
      vertex -1.17474 -8.923 11
    endloop
  endfacet
  facet normal -0.0462999 -0.706351 0.706346
    outer loop
      vertex -1.04421 -7.93156 12
      vertex -0.589644 -8.96135 11
      vertex 0 -9 11
    endloop
  endfacet
  facet normal 0.393271 -0.588567 0.706347
    outer loop
      vertex 4.87009 -6.34683 12
      vertex 4.99132 -7.46594 11
      vertex 5.47885 -7.14018 11
    endloop
  endfacet
  facet normal 0.393269 -0.588568 0.706348
    outer loop
      vertex 4.99132 -7.46594 11
      vertex 4.87009 -6.34683 12
      vertex 4.5 -7.79423 11
    endloop
  endfacet
  facet normal -0.313084 0.63486 0.70635
    outer loop
      vertex -3.06147 7.39104 12
      vertex -4.5 7.79423 11
      vertex -4 6.9282 12
    endloop
  endfacet
  facet normal -0.393269 -0.588568 0.706348
    outer loop
      vertex -4.87009 -6.34683 12
      vertex -4.99132 -7.46594 11
      vertex -4.5 -7.79423 11
    endloop
  endfacet
  facet normal -0.393271 -0.588567 0.706347
    outer loop
      vertex -4.99132 -7.46594 11
      vertex -4.87009 -6.34683 12
      vertex -5.47885 -7.14018 11
    endloop
  endfacet
  facet normal 0 0 1
    outer loop
      vertex 1.5 0 12
      vertex 8 0 12
      vertex 7.93156 1.04421 12
    endloop
  endfacet
  facet normal 0 0 1
    outer loop
      vertex 1.48717 0.195788 12
      vertex 7.93156 1.04421 12
      vertex 7.72741 2.07055 12
    endloop
  endfacet
  facet normal 0 0 1
    outer loop
      vertex 8 0 12
      vertex 1.5 0 12
      vertex 7.93156 -1.04421 12
    endloop
  endfacet
  facet normal 0 0 1
    outer loop
      vertex 1.44889 0.388228 12
      vertex 7.72741 2.07055 12
      vertex 7.39104 3.06147 12
    endloop
  endfacet
  facet normal -0 0 1
    outer loop
      vertex 1.48717 -0.195788 12
      vertex 7.93156 -1.04421 12
      vertex 1.5 0 12
    endloop
  endfacet
  facet normal 0 0 1
    outer loop
      vertex 1.38582 0.574024 12
      vertex 7.39104 3.06147 12
      vertex 6.9282 4 12
    endloop
  endfacet
  facet normal 0 0 1
    outer loop
      vertex 7.93156 -1.04421 12
      vertex 1.48717 -0.195788 12
      vertex 7.72741 -2.07055 12
    endloop
  endfacet
  facet normal 0 0 1
    outer loop
      vertex 1.29904 0.75 12
      vertex 6.9282 4 12
      vertex 6.34683 4.87009 12
    endloop
  endfacet
  facet normal -0 0 1
    outer loop
      vertex 1.44889 -0.388228 12
      vertex 7.72741 -2.07055 12
      vertex 1.48717 -0.195788 12
    endloop
  endfacet
  facet normal 0 0 1
    outer loop
      vertex 1.19003 0.913141 12
      vertex 6.34683 4.87009 12
      vertex 5.65685 5.65685 12
    endloop
  endfacet
  facet normal 0 0 1
    outer loop
      vertex 7.72741 -2.07055 12
      vertex 1.44889 -0.388228 12
      vertex 7.39104 -3.06147 12
    endloop
  endfacet
  facet normal 0 0 1
    outer loop
      vertex 1.06066 1.06066 12
      vertex 5.65685 5.65685 12
      vertex 4.87009 6.34683 12
    endloop
  endfacet
  facet normal -0 0 1
    outer loop
      vertex 1.38582 -0.574024 12
      vertex 7.39104 -3.06147 12
      vertex 1.44889 -0.388228 12
    endloop
  endfacet
  facet normal 0 0 1
    outer loop
      vertex 0.913141 1.19003 12
      vertex 4.87009 6.34683 12
      vertex 4 6.9282 12
    endloop
  endfacet
  facet normal 0 0 1
    outer loop
      vertex 7.39104 -3.06147 12
      vertex 1.38582 -0.574024 12
      vertex 6.9282 -4 12
    endloop
  endfacet
  facet normal 0 0 1
    outer loop
      vertex 0.75 1.29904 12
      vertex 4 6.9282 12
      vertex 3.06147 7.39104 12
    endloop
  endfacet
  facet normal -0 0 1
    outer loop
      vertex 1.29904 -0.75 12
      vertex 6.9282 -4 12
      vertex 1.38582 -0.574024 12
    endloop
  endfacet
  facet normal 0 0 1
    outer loop
      vertex 0.574024 1.38582 12
      vertex 3.06147 7.39104 12
      vertex 2.07055 7.72741 12
    endloop
  endfacet
  facet normal 0 0 1
    outer loop
      vertex 6.9282 -4 12
      vertex 1.29904 -0.75 12
      vertex 6.34683 -4.87009 12
    endloop
  endfacet
  facet normal -0 0 1
    outer loop
      vertex 1.19003 -0.913141 12
      vertex 6.34683 -4.87009 12
      vertex 1.29904 -0.75 12
    endloop
  endfacet
  facet normal 0 0 1
    outer loop
      vertex 7.93156 1.04421 12
      vertex 1.48717 0.195788 12
      vertex 1.5 0 12
    endloop
  endfacet
  facet normal 0 0 1
    outer loop
      vertex 7.72741 2.07055 12
      vertex 1.44889 0.388228 12
      vertex 1.48717 0.195788 12
    endloop
  endfacet
  facet normal 0 0 1
    outer loop
      vertex 7.39104 3.06147 12
      vertex 1.38582 0.574024 12
      vertex 1.44889 0.388228 12
    endloop
  endfacet
  facet normal 0 0 1
    outer loop
      vertex 6.9282 4 12
      vertex 1.29904 0.75 12
      vertex 1.38582 0.574024 12
    endloop
  endfacet
  facet normal 0 0 1
    outer loop
      vertex 6.34683 4.87009 12
      vertex 1.19003 0.913141 12
      vertex 1.29904 0.75 12
    endloop
  endfacet
  facet normal 0 0 1
    outer loop
      vertex 5.65685 5.65685 12
      vertex 1.06066 1.06066 12
      vertex 1.19003 0.913141 12
    endloop
  endfacet
  facet normal 0 0 1
    outer loop
      vertex 0.388228 1.44889 12
      vertex 2.07055 7.72741 12
      vertex 1.04421 7.93156 12
    endloop
  endfacet
  facet normal 0 0 1
    outer loop
      vertex 4.87009 6.34683 12
      vertex 0.913141 1.19003 12
      vertex 1.06066 1.06066 12
    endloop
  endfacet
  facet normal 0 0 1
    outer loop
      vertex 4 6.9282 12
      vertex 0.75 1.29904 12
      vertex 0.913141 1.19003 12
    endloop
  endfacet
  facet normal 0 0 1
    outer loop
      vertex 3.06147 7.39104 12
      vertex 0.574024 1.38582 12
      vertex 0.75 1.29904 12
    endloop
  endfacet
  facet normal 0 0 1
    outer loop
      vertex 2.07055 7.72741 12
      vertex 0.388228 1.44889 12
      vertex 0.574024 1.38582 12
    endloop
  endfacet
  facet normal 0 0 1
    outer loop
      vertex 1.04421 7.93156 12
      vertex 0.195788 1.48717 12
      vertex 0.388228 1.44889 12
    endloop
  endfacet
  facet normal 0 0 1
    outer loop
      vertex 0 8 12
      vertex 0.195788 1.48717 12
      vertex 1.04421 7.93156 12
    endloop
  endfacet
  facet normal 0 0 1
    outer loop
      vertex 0 8 12
      vertex 0 1.5 12
      vertex 0.195788 1.48717 12
    endloop
  endfacet
  facet normal 0 0 1
    outer loop
      vertex 0 8 12
      vertex -0.195788 1.48717 12
      vertex 0 1.5 12
    endloop
  endfacet
  facet normal -0 0 1
    outer loop
      vertex -1.04421 7.93156 12
      vertex -0.195788 1.48717 12
      vertex 0 8 12
    endloop
  endfacet
  facet normal 0 0 1
    outer loop
      vertex -0.195788 1.48717 12
      vertex -1.04421 7.93156 12
      vertex -0.388228 1.44889 12
    endloop
  endfacet
  facet normal -0 0 1
    outer loop
      vertex -2.07055 7.72741 12
      vertex -0.388228 1.44889 12
      vertex -1.04421 7.93156 12
    endloop
  endfacet
  facet normal 0 0 1
    outer loop
      vertex -0.388228 1.44889 12
      vertex -2.07055 7.72741 12
      vertex -0.574024 1.38582 12
    endloop
  endfacet
  facet normal -0 0 1
    outer loop
      vertex -3.06147 7.39104 12
      vertex -0.574024 1.38582 12
      vertex -2.07055 7.72741 12
    endloop
  endfacet
  facet normal 0 0 1
    outer loop
      vertex -0.574024 1.38582 12
      vertex -3.06147 7.39104 12
      vertex -0.75 1.29904 12
    endloop
  endfacet
  facet normal -0 0 1
    outer loop
      vertex -4 6.9282 12
      vertex -0.75 1.29904 12
      vertex -3.06147 7.39104 12
    endloop
  endfacet
  facet normal 0 0 1
    outer loop
      vertex -0.75 1.29904 12
      vertex -4 6.9282 12
      vertex -0.913141 1.19003 12
    endloop
  endfacet
  facet normal -0 0 1
    outer loop
      vertex -4.87009 6.34683 12
      vertex -0.913141 1.19003 12
      vertex -4 6.9282 12
    endloop
  endfacet
  facet normal 0 0 1
    outer loop
      vertex -0.913141 1.19003 12
      vertex -4.87009 6.34683 12
      vertex -1.06066 1.06066 12
    endloop
  endfacet
  facet normal -0 0 1
    outer loop
      vertex -5.65685 5.65685 12
      vertex -1.06066 1.06066 12
      vertex -4.87009 6.34683 12
    endloop
  endfacet
  facet normal 0 0 1
    outer loop
      vertex -1.06066 1.06066 12
      vertex -5.65685 5.65685 12
      vertex -1.19003 0.913141 12
    endloop
  endfacet
  facet normal -0 0 1
    outer loop
      vertex -6.34683 4.87009 12
      vertex -1.19003 0.913141 12
      vertex -5.65685 5.65685 12
    endloop
  endfacet
  facet normal 0 0 1
    outer loop
      vertex 6.34683 -4.87009 12
      vertex 1.19003 -0.913141 12
      vertex 5.65685 -5.65685 12
    endloop
  endfacet
  facet normal -0 0 1
    outer loop
      vertex 1.06066 -1.06066 12
      vertex 5.65685 -5.65685 12
      vertex 1.19003 -0.913141 12
    endloop
  endfacet
  facet normal 0 0 1
    outer loop
      vertex 5.65685 -5.65685 12
      vertex 1.06066 -1.06066 12
      vertex 4.87009 -6.34683 12
    endloop
  endfacet
  facet normal -0 0 1
    outer loop
      vertex 0.913141 -1.19003 12
      vertex 4.87009 -6.34683 12
      vertex 1.06066 -1.06066 12
    endloop
  endfacet
  facet normal 0 0 1
    outer loop
      vertex 4.87009 -6.34683 12
      vertex 0.913141 -1.19003 12
      vertex 4 -6.9282 12
    endloop
  endfacet
  facet normal -0 0 1
    outer loop
      vertex 0.75 -1.29904 12
      vertex 4 -6.9282 12
      vertex 0.913141 -1.19003 12
    endloop
  endfacet
  facet normal 0 0 1
    outer loop
      vertex 4 -6.9282 12
      vertex 0.75 -1.29904 12
      vertex 3.06147 -7.39104 12
    endloop
  endfacet
  facet normal -0 0 1
    outer loop
      vertex 0.574024 -1.38582 12
      vertex 3.06147 -7.39104 12
      vertex 0.75 -1.29904 12
    endloop
  endfacet
  facet normal 0 0 1
    outer loop
      vertex 3.06147 -7.39104 12
      vertex 0.574024 -1.38582 12
      vertex 2.07055 -7.72741 12
    endloop
  endfacet
  facet normal -0 0 1
    outer loop
      vertex 0.388228 -1.44889 12
      vertex 2.07055 -7.72741 12
      vertex 0.574024 -1.38582 12
    endloop
  endfacet
  facet normal 0 0 1
    outer loop
      vertex 2.07055 -7.72741 12
      vertex 0.388228 -1.44889 12
      vertex 1.04421 -7.93156 12
    endloop
  endfacet
  facet normal -0 0 1
    outer loop
      vertex 0.195788 -1.48717 12
      vertex 1.04421 -7.93156 12
      vertex 0.388228 -1.44889 12
    endloop
  endfacet
  facet normal -0 0 1
    outer loop
      vertex 0 -1.5 12
      vertex 1.04421 -7.93156 12
      vertex 0.195788 -1.48717 12
    endloop
  endfacet
  facet normal 0 0 1
    outer loop
      vertex 0 -1.5 12
      vertex 0 -8 12
      vertex 1.04421 -7.93156 12
    endloop
  endfacet
  facet normal 0 0 1
    outer loop
      vertex -0.195788 -1.48717 12
      vertex 0 -8 12
      vertex 0 -1.5 12
    endloop
  endfacet
  facet normal 0 0 1
    outer loop
      vertex -1.04421 -7.93156 12
      vertex -0.195788 -1.48717 12
      vertex -0.388228 -1.44889 12
    endloop
  endfacet
  facet normal 0 0 1
    outer loop
      vertex -2.07055 -7.72741 12
      vertex -0.388228 -1.44889 12
      vertex -0.574024 -1.38582 12
    endloop
  endfacet
  facet normal 0 0 1
    outer loop
      vertex -3.06147 -7.39104 12
      vertex -0.574024 -1.38582 12
      vertex -0.75 -1.29904 12
    endloop
  endfacet
  facet normal 0 0 1
    outer loop
      vertex -4 -6.9282 12
      vertex -0.75 -1.29904 12
      vertex -0.913141 -1.19003 12
    endloop
  endfacet
  facet normal 0 0 1
    outer loop
      vertex -0.195788 -1.48717 12
      vertex -1.04421 -7.93156 12
      vertex 0 -8 12
    endloop
  endfacet
  facet normal 0 0 1
    outer loop
      vertex -4.87009 -6.34683 12
      vertex -0.913141 -1.19003 12
      vertex -1.06066 -1.06066 12
    endloop
  endfacet
  facet normal 0 0 1
    outer loop
      vertex -5.65685 -5.65685 12
      vertex -1.06066 -1.06066 12
      vertex -1.19003 -0.913141 12
    endloop
  endfacet
  facet normal 0 0 1
    outer loop
      vertex -6.34683 -4.87009 12
      vertex -1.19003 -0.913141 12
      vertex -1.29904 -0.75 12
    endloop
  endfacet
  facet normal 0 0 1
    outer loop
      vertex -6.9282 -4 12
      vertex -1.29904 -0.75 12
      vertex -1.38582 -0.574024 12
    endloop
  endfacet
  facet normal 0 0 1
    outer loop
      vertex -7.39104 -3.06147 12
      vertex -1.38582 -0.574024 12
      vertex -1.44889 -0.388228 12
    endloop
  endfacet
  facet normal 0 0 1
    outer loop
      vertex -7.72741 -2.07055 12
      vertex -1.44889 -0.388228 12
      vertex -1.48717 -0.195788 12
    endloop
  endfacet
  facet normal 0 0 1
    outer loop
      vertex -7.93156 -1.04421 12
      vertex -1.48717 -0.195788 12
      vertex -1.5 0 12
    endloop
  endfacet
  facet normal 0 0 1
    outer loop
      vertex -1.19003 0.913141 12
      vertex -6.34683 4.87009 12
      vertex -1.29904 0.75 12
    endloop
  endfacet
  facet normal 0 0 1
    outer loop
      vertex -0.388228 -1.44889 12
      vertex -2.07055 -7.72741 12
      vertex -1.04421 -7.93156 12
    endloop
  endfacet
  facet normal -0 0 1
    outer loop
      vertex -6.9282 4 12
      vertex -1.29904 0.75 12
      vertex -6.34683 4.87009 12
    endloop
  endfacet
  facet normal 0 0 1
    outer loop
      vertex -0.574024 -1.38582 12
      vertex -3.06147 -7.39104 12
      vertex -2.07055 -7.72741 12
    endloop
  endfacet
  facet normal 0 0 1
    outer loop
      vertex -1.29904 0.75 12
      vertex -6.9282 4 12
      vertex -1.38582 0.574024 12
    endloop
  endfacet
  facet normal 0 0 1
    outer loop
      vertex -0.75 -1.29904 12
      vertex -4 -6.9282 12
      vertex -3.06147 -7.39104 12
    endloop
  endfacet
  facet normal -0 0 1
    outer loop
      vertex -7.39104 3.06147 12
      vertex -1.38582 0.574024 12
      vertex -6.9282 4 12
    endloop
  endfacet
  facet normal 0 0 1
    outer loop
      vertex -0.913141 -1.19003 12
      vertex -4.87009 -6.34683 12
      vertex -4 -6.9282 12
    endloop
  endfacet
  facet normal 0 0 1
    outer loop
      vertex -1.38582 0.574024 12
      vertex -7.39104 3.06147 12
      vertex -1.44889 0.388228 12
    endloop
  endfacet
  facet normal 0 0 1
    outer loop
      vertex -1.06066 -1.06066 12
      vertex -5.65685 -5.65685 12
      vertex -4.87009 -6.34683 12
    endloop
  endfacet
  facet normal -0 0 1
    outer loop
      vertex -7.72741 2.07055 12
      vertex -1.44889 0.388228 12
      vertex -7.39104 3.06147 12
    endloop
  endfacet
  facet normal 0 0 1
    outer loop
      vertex -1.19003 -0.913141 12
      vertex -6.34683 -4.87009 12
      vertex -5.65685 -5.65685 12
    endloop
  endfacet
  facet normal 0 0 1
    outer loop
      vertex -1.44889 0.388228 12
      vertex -7.72741 2.07055 12
      vertex -1.48717 0.195788 12
    endloop
  endfacet
  facet normal 0 0 1
    outer loop
      vertex -1.29904 -0.75 12
      vertex -6.9282 -4 12
      vertex -6.34683 -4.87009 12
    endloop
  endfacet
  facet normal -0 0 1
    outer loop
      vertex -7.93156 1.04421 12
      vertex -1.48717 0.195788 12
      vertex -7.72741 2.07055 12
    endloop
  endfacet
  facet normal 0 0 1
    outer loop
      vertex -1.38582 -0.574024 12
      vertex -7.39104 -3.06147 12
      vertex -6.9282 -4 12
    endloop
  endfacet
  facet normal 0 0 1
    outer loop
      vertex -1.48717 0.195788 12
      vertex -7.93156 1.04421 12
      vertex -1.5 0 12
    endloop
  endfacet
  facet normal 0 0 1
    outer loop
      vertex -1.44889 -0.388228 12
      vertex -7.72741 -2.07055 12
      vertex -7.39104 -3.06147 12
    endloop
  endfacet
  facet normal 0 0 1
    outer loop
      vertex -8 0 12
      vertex -1.5 0 12
      vertex -7.93156 1.04421 12
    endloop
  endfacet
  facet normal 0 0 1
    outer loop
      vertex -1.48717 -0.195788 12
      vertex -7.93156 -1.04421 12
      vertex -7.72741 -2.07055 12
    endloop
  endfacet
  facet normal 0 0 1
    outer loop
      vertex -1.5 0 12
      vertex -8 0 12
      vertex -7.93156 -1.04421 12
    endloop
  endfacet
  facet normal 0.313084 -0.63486 0.70635
    outer loop
      vertex 4 -6.9282 12
      vertex 3.06147 -7.39104 12
      vertex 4.5 -7.79423 11
    endloop
  endfacet
  facet normal -0.63486 0.313084 0.70635
    outer loop
      vertex -6.9282 4 12
      vertex -7.79423 4.5 11
      vertex -7.39104 3.06147 12
    endloop
  endfacet
  facet normal -0.138097 0.694264 0.706347
    outer loop
      vertex -1.17474 8.923 11
      vertex -2.07055 7.72741 12
      vertex -1.04421 7.93156 12
    endloop
  endfacet
  facet normal -0.0462958 0.706349 0.706349
    outer loop
      vertex 0 9 11
      vertex -1.04421 7.93156 12
      vertex 0 8 12
    endloop
  endfacet
  facet normal -0.588568 -0.393265 0.70635
    outer loop
      vertex -6.9282 -4 12
      vertex -7.79423 -4.5 11
      vertex -6.34683 -4.87009 12
    endloop
  endfacet
  facet normal -0.393265 -0.588568 0.70635
    outer loop
      vertex -4 -6.9282 12
      vertex -4.87009 -6.34683 12
      vertex -4.5 -7.79423 11
    endloop
  endfacet
  facet normal -0.694264 0.138097 0.706347
    outer loop
      vertex -7.72741 2.07055 12
      vertex -8.923 1.17474 11
      vertex -7.93156 1.04421 12
    endloop
  endfacet
  facet normal 0.466732 -0.532198 0.706347
    outer loop
      vertex 5.65685 -5.65685 12
      vertex 4.87009 -6.34683 12
      vertex 5.47885 -7.14018 11
    endloop
  endfacet
  facet normal 0.227534 0.6703 0.706347
    outer loop
      vertex 2.07055 7.72741 12
      vertex 2.88892 8.50339 11
      vertex 2.32937 8.69333 11
    endloop
  endfacet
  facet normal 0.227531 0.670303 0.706346
    outer loop
      vertex 2.88892 8.50339 11
      vertex 2.07055 7.72741 12
      vertex 3.44415 8.31492 11
    endloop
  endfacet
  facet normal 0.138096 0.694265 0.706347
    outer loop
      vertex 1.74981 8.80861 11
      vertex 2.07055 7.72741 12
      vertex 2.32937 8.69333 11
    endloop
  endfacet
  facet normal 0.1381 0.694265 0.706346
    outer loop
      vertex 2.07055 7.72741 12
      vertex 1.74981 8.80861 11
      vertex 1.17474 8.923 11
    endloop
  endfacet
  facet normal 0.532198 -0.466732 0.706347
    outer loop
      vertex 6.34683 -4.87009 12
      vertex 5.65685 -5.65685 12
      vertex 7.14018 -5.47885 11
    endloop
  endfacet
  facet normal -0.227534 0.670299 0.706348
    outer loop
      vertex -2.07055 7.72741 12
      vertex -3.44415 8.31492 11
      vertex -3.06147 7.39104 12
    endloop
  endfacet
  facet normal -0.1381 0.694265 0.706346
    outer loop
      vertex -1.74981 8.80861 11
      vertex -2.07055 7.72741 12
      vertex -1.17474 8.923 11
    endloop
  endfacet
  facet normal -0.138096 0.694265 0.706347
    outer loop
      vertex -2.07055 7.72741 12
      vertex -1.74981 8.80861 11
      vertex -2.32937 8.69333 11
    endloop
  endfacet
  facet normal -0.227534 -0.670299 0.706348
    outer loop
      vertex -3.06147 -7.39104 12
      vertex -3.44415 -8.31492 11
      vertex -2.07055 -7.72741 12
    endloop
  endfacet
  facet normal -0.670299 0.227534 0.706348
    outer loop
      vertex -7.39104 3.06147 12
      vertex -8.31492 3.44415 11
      vertex -7.72741 2.07055 12
    endloop
  endfacet
  facet normal -0.138097 -0.694264 0.706347
    outer loop
      vertex -1.04421 -7.93156 12
      vertex -2.07055 -7.72741 12
      vertex -1.17474 -8.923 11
    endloop
  endfacet
  facet normal -0.980786 -0.195088 0
    outer loop
      vertex 3.04869 0.401367 0.589999
      vertex 2.97022 0.795868 9.99
      vertex 2.97022 0.795868 0.589999
    endloop
  endfacet
  facet normal -0.980786 -0.195088 0
    outer loop
      vertex 2.97022 0.795868 9.99
      vertex 3.04869 0.401367 0.589999
      vertex 3.04869 0.401367 9.99
    endloop
  endfacet
  facet normal -0.997857 -0.0654397 -0
    outer loop
      vertex 3.05599 0.290053 9
      vertex 3.04869 0.401367 0.589999
      vertex 3.05599 0.290053 0.589999
    endloop
  endfacet
  facet normal -0.997857 -0.0654397 0
    outer loop
      vertex 3.04869 0.401367 0.589999
      vertex 3.05599 0.290053 9
      vertex 3.04869 0.401367 9.99
    endloop
  endfacet
  facet normal -0.997859 -0.0653994 -0
    outer loop
      vertex 3.075 0 9.99
      vertex 3.05599 0.290053 9
      vertex 3.075 0 9
    endloop
  endfacet
  facet normal -0.997858 -0.0654106 -3.28413e-06
    outer loop
      vertex 3.05599 0.290053 9
      vertex 3.075 0 9.99
      vertex 3.04869 0.401367 9.99
    endloop
  endfacet
  facet normal -0.980786 0.195088 0
    outer loop
      vertex 2.97022 -0.795868 0.589999
      vertex 3.04869 -0.401367 9.99
      vertex 3.04869 -0.401367 0.589999
    endloop
  endfacet
  facet normal -0.980786 0.195088 0
    outer loop
      vertex 3.04869 -0.401367 9.99
      vertex 2.97022 -0.795868 0.589999
      vertex 2.97022 -0.795868 9.99
    endloop
  endfacet
  facet normal 0.751835 0.659351 0
    outer loop
      vertex -2.17435 -2.17435 9.99
      vertex -2.43956 -1.87194 0.589999
      vertex -2.43956 -1.87194 9.99
    endloop
  endfacet
  facet normal 0.751835 0.659351 0
    outer loop
      vertex -2.43956 -1.87194 0.589999
      vertex -2.17435 -2.17435 9.99
      vertex -2.17435 -2.17435 0.589999
    endloop
  endfacet
  facet normal 0 0 -1
    outer loop
      vertex 1.5 0 9.99
      vertex 3.075 0 9.99
      vertex 3.04869 -0.401367 9.99
    endloop
  endfacet
  facet normal 0 0 -1
    outer loop
      vertex 1.48717 -0.195788 9.99
      vertex 3.04869 -0.401367 9.99
      vertex 2.97022 -0.795868 9.99
    endloop
  endfacet
  facet normal 0 0 -1
    outer loop
      vertex 3.075 0 9.99
      vertex 1.5 0 9.99
      vertex 3.04869 0.401367 9.99
    endloop
  endfacet
  facet normal 0 0 -1
    outer loop
      vertex 1.44889 -0.388228 9.99
      vertex 2.97022 -0.795868 9.99
      vertex 2.84093 -1.17675 9.99
    endloop
  endfacet
  facet normal 0 0 -1
    outer loop
      vertex 1.48717 0.195788 9.99
      vertex 3.04869 0.401367 9.99
      vertex 1.5 0 9.99
    endloop
  endfacet
  facet normal 0 0 -1
    outer loop
      vertex 1.38582 -0.574024 9.99
      vertex 2.84093 -1.17675 9.99
      vertex 2.66303 -1.5375 9.99
    endloop
  endfacet
  facet normal -0 0 -1
    outer loop
      vertex 3.04869 0.401367 9.99
      vertex 1.48717 0.195788 9.99
      vertex 2.97022 0.795868 9.99
    endloop
  endfacet
  facet normal 0 0 -1
    outer loop
      vertex 1.29904 -0.75 9.99
      vertex 2.66303 -1.5375 9.99
      vertex 2.43956 -1.87194 9.99
    endloop
  endfacet
  facet normal 0 0 -1
    outer loop
      vertex 1.44889 0.388228 9.99
      vertex 2.97022 0.795868 9.99
      vertex 1.48717 0.195788 9.99
    endloop
  endfacet
  facet normal 0 0 -1
    outer loop
      vertex 1.19003 -0.913141 9.99
      vertex 2.43956 -1.87194 9.99
      vertex 2.17435 -2.17435 9.99
    endloop
  endfacet
  facet normal -0 0 -1
    outer loop
      vertex 2.97022 0.795868 9.99
      vertex 1.44889 0.388228 9.99
      vertex 2.84093 1.17675 9.99
    endloop
  endfacet
  facet normal 0 0 -1
    outer loop
      vertex 1.06066 -1.06066 9.99
      vertex 2.17435 -2.17435 9.99
      vertex 1.87194 -2.43956 9.99
    endloop
  endfacet
  facet normal 0 0 -1
    outer loop
      vertex 1.38582 0.574024 9.99
      vertex 2.84093 1.17675 9.99
      vertex 1.44889 0.388228 9.99
    endloop
  endfacet
  facet normal 0 0 -1
    outer loop
      vertex 0.913141 -1.19003 9.99
      vertex 1.87194 -2.43956 9.99
      vertex 1.5375 -2.66303 9.99
    endloop
  endfacet
  facet normal -0 0 -1
    outer loop
      vertex 2.84093 1.17675 9.99
      vertex 1.38582 0.574024 9.99
      vertex 2.66303 1.5375 9.99
    endloop
  endfacet
  facet normal 0 0 -1
    outer loop
      vertex 1.29904 0.75 9.99
      vertex 2.66303 1.5375 9.99
      vertex 1.38582 0.574024 9.99
    endloop
  endfacet
  facet normal 0 0 -1
    outer loop
      vertex 3.04869 -0.401367 9.99
      vertex 1.48717 -0.195788 9.99
      vertex 1.5 0 9.99
    endloop
  endfacet
  facet normal 0 0 -1
    outer loop
      vertex 2.97022 -0.795868 9.99
      vertex 1.44889 -0.388228 9.99
      vertex 1.48717 -0.195788 9.99
    endloop
  endfacet
  facet normal 0 0 -1
    outer loop
      vertex 2.84093 -1.17675 9.99
      vertex 1.38582 -0.574024 9.99
      vertex 1.44889 -0.388228 9.99
    endloop
  endfacet
  facet normal 0 0 -1
    outer loop
      vertex 2.66303 -1.5375 9.99
      vertex 1.29904 -0.75 9.99
      vertex 1.38582 -0.574024 9.99
    endloop
  endfacet
  facet normal 0 0 -1
    outer loop
      vertex 2.43956 -1.87194 9.99
      vertex 1.19003 -0.913141 9.99
      vertex 1.29904 -0.75 9.99
    endloop
  endfacet
  facet normal 0 0 -1
    outer loop
      vertex 0.75 -1.29904 9.99
      vertex 1.5375 -2.66303 9.99
      vertex 1.17675 -2.84093 9.99
    endloop
  endfacet
  facet normal 0 0 -1
    outer loop
      vertex 2.17435 -2.17435 9.99
      vertex 1.06066 -1.06066 9.99
      vertex 1.19003 -0.913141 9.99
    endloop
  endfacet
  facet normal 0 0 -1
    outer loop
      vertex 1.87194 -2.43956 9.99
      vertex 0.913141 -1.19003 9.99
      vertex 1.06066 -1.06066 9.99
    endloop
  endfacet
  facet normal 0 0 -1
    outer loop
      vertex 0.574024 -1.38582 9.99
      vertex 1.17675 -2.84093 9.99
      vertex 0.795868 -2.97022 9.99
    endloop
  endfacet
  facet normal 0 0 -1
    outer loop
      vertex 1.5375 -2.66303 9.99
      vertex 0.75 -1.29904 9.99
      vertex 0.913141 -1.19003 9.99
    endloop
  endfacet
  facet normal 0 0 -1
    outer loop
      vertex 1.17675 -2.84093 9.99
      vertex 0.574024 -1.38582 9.99
      vertex 0.75 -1.29904 9.99
    endloop
  endfacet
  facet normal 0 0 -1
    outer loop
      vertex 0.388228 -1.44889 9.99
      vertex 0.795868 -2.97022 9.99
      vertex 0.401367 -3.04869 9.99
    endloop
  endfacet
  facet normal 0 0 -1
    outer loop
      vertex 0.795868 -2.97022 9.99
      vertex 0.388228 -1.44889 9.99
      vertex 0.574024 -1.38582 9.99
    endloop
  endfacet
  facet normal 0 0 -1
    outer loop
      vertex 0.401367 -3.04869 9.99
      vertex 0.195788 -1.48717 9.99
      vertex 0.388228 -1.44889 9.99
    endloop
  endfacet
  facet normal 0 0 -1
    outer loop
      vertex 0 -3.075 9.99
      vertex 0.195788 -1.48717 9.99
      vertex 0.401367 -3.04869 9.99
    endloop
  endfacet
  facet normal 0 0 -1
    outer loop
      vertex 0 -3.075 9.99
      vertex 0 -1.5 9.99
      vertex 0.195788 -1.48717 9.99
    endloop
  endfacet
  facet normal 0 0 -1
    outer loop
      vertex 0 -3.075 9.99
      vertex -0.195788 -1.48717 9.99
      vertex 0 -1.5 9.99
    endloop
  endfacet
  facet normal 0 0 -1
    outer loop
      vertex -0.401367 -3.04869 9.99
      vertex -0.195788 -1.48717 9.99
      vertex 0 -3.075 9.99
    endloop
  endfacet
  facet normal -0 0 -1
    outer loop
      vertex -0.195788 -1.48717 9.99
      vertex -0.401367 -3.04869 9.99
      vertex -0.388228 -1.44889 9.99
    endloop
  endfacet
  facet normal 0 0 -1
    outer loop
      vertex -0.795868 -2.97022 9.99
      vertex -0.388228 -1.44889 9.99
      vertex -0.401367 -3.04869 9.99
    endloop
  endfacet
  facet normal -0 0 -1
    outer loop
      vertex -0.388228 -1.44889 9.99
      vertex -0.795868 -2.97022 9.99
      vertex -0.574024 -1.38582 9.99
    endloop
  endfacet
  facet normal 0 0 -1
    outer loop
      vertex -1.17675 -2.84093 9.99
      vertex -0.574024 -1.38582 9.99
      vertex -0.795868 -2.97022 9.99
    endloop
  endfacet
  facet normal -0 0 -1
    outer loop
      vertex -0.574024 -1.38582 9.99
      vertex -1.17675 -2.84093 9.99
      vertex -0.75 -1.29904 9.99
    endloop
  endfacet
  facet normal 0 0 -1
    outer loop
      vertex -1.5375 -2.66303 9.99
      vertex -0.75 -1.29904 9.99
      vertex -1.17675 -2.84093 9.99
    endloop
  endfacet
  facet normal -0 0 -1
    outer loop
      vertex -0.75 -1.29904 9.99
      vertex -1.5375 -2.66303 9.99
      vertex -0.913141 -1.19003 9.99
    endloop
  endfacet
  facet normal 0 0 -1
    outer loop
      vertex -1.87194 -2.43956 9.99
      vertex -0.913141 -1.19003 9.99
      vertex -1.5375 -2.66303 9.99
    endloop
  endfacet
  facet normal -0 0 -1
    outer loop
      vertex -0.913141 -1.19003 9.99
      vertex -1.87194 -2.43956 9.99
      vertex -1.06066 -1.06066 9.99
    endloop
  endfacet
  facet normal 0 0 -1
    outer loop
      vertex -2.17435 -2.17435 9.99
      vertex -1.06066 -1.06066 9.99
      vertex -1.87194 -2.43956 9.99
    endloop
  endfacet
  facet normal -0 0 -1
    outer loop
      vertex -1.06066 -1.06066 9.99
      vertex -2.17435 -2.17435 9.99
      vertex -1.19003 -0.913141 9.99
    endloop
  endfacet
  facet normal 0 0 -1
    outer loop
      vertex -2.43956 -1.87194 9.99
      vertex -1.19003 -0.913141 9.99
      vertex -2.17435 -2.17435 9.99
    endloop
  endfacet
  facet normal 0 0 -1
    outer loop
      vertex -2.66303 -1.5375 9.99
      vertex -1.29904 -0.75 9.99
      vertex -2.43956 -1.87194 9.99
    endloop
  endfacet
  facet normal -0 0 -1
    outer loop
      vertex -1.19003 -0.913141 9.99
      vertex -2.43956 -1.87194 9.99
      vertex -1.29904 -0.75 9.99
    endloop
  endfacet
  facet normal -0 0 -1
    outer loop
      vertex 2.66303 1.5375 9.99
      vertex 1.29904 0.75 9.99
      vertex 2.43956 1.87194 9.99
    endloop
  endfacet
  facet normal 0 0 -1
    outer loop
      vertex 1.19003 0.913141 9.99
      vertex 2.43956 1.87194 9.99
      vertex 1.29904 0.75 9.99
    endloop
  endfacet
  facet normal -0 0 -1
    outer loop
      vertex 2.43956 1.87194 9.99
      vertex 1.19003 0.913141 9.99
      vertex 2.17435 2.17435 9.99
    endloop
  endfacet
  facet normal 0 0 -1
    outer loop
      vertex 1.06066 1.06066 9.99
      vertex 2.17435 2.17435 9.99
      vertex 1.19003 0.913141 9.99
    endloop
  endfacet
  facet normal -0 0 -1
    outer loop
      vertex 2.17435 2.17435 9.99
      vertex 1.06066 1.06066 9.99
      vertex 1.87194 2.43956 9.99
    endloop
  endfacet
  facet normal 0 0 -1
    outer loop
      vertex 0.913141 1.19003 9.99
      vertex 1.87194 2.43956 9.99
      vertex 1.06066 1.06066 9.99
    endloop
  endfacet
  facet normal -0 0 -1
    outer loop
      vertex 1.87194 2.43956 9.99
      vertex 0.913141 1.19003 9.99
      vertex 1.5375 2.66303 9.99
    endloop
  endfacet
  facet normal 0 0 -1
    outer loop
      vertex 0.75 1.29904 9.99
      vertex 1.5375 2.66303 9.99
      vertex 0.913141 1.19003 9.99
    endloop
  endfacet
  facet normal -0 0 -1
    outer loop
      vertex 1.5375 2.66303 9.99
      vertex 0.75 1.29904 9.99
      vertex 1.17675 2.84093 9.99
    endloop
  endfacet
  facet normal 0 0 -1
    outer loop
      vertex 0.574024 1.38582 9.99
      vertex 1.17675 2.84093 9.99
      vertex 0.75 1.29904 9.99
    endloop
  endfacet
  facet normal -0 0 -1
    outer loop
      vertex 1.17675 2.84093 9.99
      vertex 0.574024 1.38582 9.99
      vertex 0.795868 2.97022 9.99
    endloop
  endfacet
  facet normal 0 0 -1
    outer loop
      vertex 0.388228 1.44889 9.99
      vertex 0.795868 2.97022 9.99
      vertex 0.574024 1.38582 9.99
    endloop
  endfacet
  facet normal -0 0 -1
    outer loop
      vertex 0.795868 2.97022 9.99
      vertex 0.388228 1.44889 9.99
      vertex 0.401367 3.04869 9.99
    endloop
  endfacet
  facet normal 0 0 -1
    outer loop
      vertex 0.195788 1.48717 9.99
      vertex 0.401367 3.04869 9.99
      vertex 0.388228 1.44889 9.99
    endloop
  endfacet
  facet normal 0 0 -1
    outer loop
      vertex 0 1.5 9.99
      vertex 0.401367 3.04869 9.99
      vertex 0.195788 1.48717 9.99
    endloop
  endfacet
  facet normal 0 0 -1
    outer loop
      vertex 0 1.5 9.99
      vertex 0 3.075 9.99
      vertex 0.401367 3.04869 9.99
    endloop
  endfacet
  facet normal 0 0 -1
    outer loop
      vertex -0.195788 1.48717 9.99
      vertex 0 3.075 9.99
      vertex 0 1.5 9.99
    endloop
  endfacet
  facet normal 0 0 -1
    outer loop
      vertex -0.401367 3.04869 9.99
      vertex -0.195788 1.48717 9.99
      vertex -0.388228 1.44889 9.99
    endloop
  endfacet
  facet normal 0 0 -1
    outer loop
      vertex -0.195788 1.48717 9.99
      vertex -0.401367 3.04869 9.99
      vertex 0 3.075 9.99
    endloop
  endfacet
  facet normal 0 0 -1
    outer loop
      vertex -0.795868 2.97022 9.99
      vertex -0.388228 1.44889 9.99
      vertex -0.574024 1.38582 9.99
    endloop
  endfacet
  facet normal 0 0 -1
    outer loop
      vertex -1.17675 2.84093 9.99
      vertex -0.574024 1.38582 9.99
      vertex -0.75 1.29904 9.99
    endloop
  endfacet
  facet normal 0 0 -1
    outer loop
      vertex -0.388228 1.44889 9.99
      vertex -0.795868 2.97022 9.99
      vertex -0.401367 3.04869 9.99
    endloop
  endfacet
  facet normal 0 0 -1
    outer loop
      vertex -1.5375 2.66303 9.99
      vertex -0.75 1.29904 9.99
      vertex -0.913141 1.19003 9.99
    endloop
  endfacet
  facet normal 0 0 -1
    outer loop
      vertex -1.87194 2.43956 9.99
      vertex -0.913141 1.19003 9.99
      vertex -1.06066 1.06066 9.99
    endloop
  endfacet
  facet normal 0 0 -1
    outer loop
      vertex -0.574024 1.38582 9.99
      vertex -1.17675 2.84093 9.99
      vertex -0.795868 2.97022 9.99
    endloop
  endfacet
  facet normal 0 0 -1
    outer loop
      vertex -2.17435 2.17435 9.99
      vertex -1.06066 1.06066 9.99
      vertex -1.19003 0.913141 9.99
    endloop
  endfacet
  facet normal 0 0 -1
    outer loop
      vertex -2.43956 1.87194 9.99
      vertex -1.19003 0.913141 9.99
      vertex -1.29904 0.75 9.99
    endloop
  endfacet
  facet normal 0 0 -1
    outer loop
      vertex -2.66303 1.5375 9.99
      vertex -1.29904 0.75 9.99
      vertex -1.38582 0.574024 9.99
    endloop
  endfacet
  facet normal 0 0 -1
    outer loop
      vertex -2.84093 1.17675 9.99
      vertex -1.38582 0.574024 9.99
      vertex -1.44889 0.388228 9.99
    endloop
  endfacet
  facet normal 0 0 -1
    outer loop
      vertex -2.97022 0.795868 9.99
      vertex -1.44889 0.388228 9.99
      vertex -1.48717 0.195788 9.99
    endloop
  endfacet
  facet normal 0 0 -1
    outer loop
      vertex -0.75 1.29904 9.99
      vertex -1.5375 2.66303 9.99
      vertex -1.17675 2.84093 9.99
    endloop
  endfacet
  facet normal 0 0 -1
    outer loop
      vertex -3.04869 0.401367 9.99
      vertex -1.48717 0.195788 9.99
      vertex -1.5 0 9.99
    endloop
  endfacet
  facet normal -0 0 -1
    outer loop
      vertex -1.29904 -0.75 9.99
      vertex -2.66303 -1.5375 9.99
      vertex -1.38582 -0.574024 9.99
    endloop
  endfacet
  facet normal 0 0 -1
    outer loop
      vertex -2.84093 -1.17675 9.99
      vertex -1.38582 -0.574024 9.99
      vertex -2.66303 -1.5375 9.99
    endloop
  endfacet
  facet normal 0 0 -1
    outer loop
      vertex -0.913141 1.19003 9.99
      vertex -1.87194 2.43956 9.99
      vertex -1.5375 2.66303 9.99
    endloop
  endfacet
  facet normal -0 0 -1
    outer loop
      vertex -1.38582 -0.574024 9.99
      vertex -2.84093 -1.17675 9.99
      vertex -1.44889 -0.388228 9.99
    endloop
  endfacet
  facet normal 0 0 -1
    outer loop
      vertex -1.06066 1.06066 9.99
      vertex -2.17435 2.17435 9.99
      vertex -1.87194 2.43956 9.99
    endloop
  endfacet
  facet normal 0 0 -1
    outer loop
      vertex -2.97022 -0.795868 9.99
      vertex -1.44889 -0.388228 9.99
      vertex -2.84093 -1.17675 9.99
    endloop
  endfacet
  facet normal 0 0 -1
    outer loop
      vertex -1.19003 0.913141 9.99
      vertex -2.43956 1.87194 9.99
      vertex -2.17435 2.17435 9.99
    endloop
  endfacet
  facet normal -0 0 -1
    outer loop
      vertex -1.44889 -0.388228 9.99
      vertex -2.97022 -0.795868 9.99
      vertex -1.48717 -0.195788 9.99
    endloop
  endfacet
  facet normal 0 0 -1
    outer loop
      vertex -1.29904 0.75 9.99
      vertex -2.66303 1.5375 9.99
      vertex -2.43956 1.87194 9.99
    endloop
  endfacet
  facet normal 0 0 -1
    outer loop
      vertex -3.04869 -0.401367 9.99
      vertex -1.48717 -0.195788 9.99
      vertex -2.97022 -0.795868 9.99
    endloop
  endfacet
  facet normal 0 0 -1
    outer loop
      vertex -1.38582 0.574024 9.99
      vertex -2.84093 1.17675 9.99
      vertex -2.66303 1.5375 9.99
    endloop
  endfacet
  facet normal -0 0 -1
    outer loop
      vertex -1.48717 -0.195788 9.99
      vertex -3.04869 -0.401367 9.99
      vertex -1.5 0 9.99
    endloop
  endfacet
  facet normal 0 0 -1
    outer loop
      vertex -1.44889 0.388228 9.99
      vertex -2.97022 0.795868 9.99
      vertex -2.84093 1.17675 9.99
    endloop
  endfacet
  facet normal 0 0 -1
    outer loop
      vertex -3.075 0 9.99
      vertex -1.5 0 9.99
      vertex -3.04869 -0.401367 9.99
    endloop
  endfacet
  facet normal 0 0 -1
    outer loop
      vertex -1.48717 0.195788 9.99
      vertex -3.04869 0.401367 9.99
      vertex -2.97022 0.795868 9.99
    endloop
  endfacet
  facet normal 0 0 -1
    outer loop
      vertex -1.5 0 9.99
      vertex -3.075 0 9.99
      vertex -3.04869 0.401367 9.99
    endloop
  endfacet
  facet normal -0.831465 -0.555578 0
    outer loop
      vertex 2.66303 1.5375 0.589999
      vertex 2.43956 1.87194 9.99
      vertex 2.43956 1.87194 0.589999
    endloop
  endfacet
  facet normal -0.831465 -0.555578 0
    outer loop
      vertex 2.43956 1.87194 9.99
      vertex 2.66303 1.5375 0.589999
      vertex 2.66303 1.5375 9.99
    endloop
  endfacet
  facet normal -0.555578 -0.831465 0
    outer loop
      vertex 1.5375 2.66303 0.589999
      vertex 1.87194 2.43956 9.99
      vertex 1.5375 2.66303 9.99
    endloop
  endfacet
  facet normal -0.555578 -0.831465 -0
    outer loop
      vertex 1.87194 2.43956 9.99
      vertex 1.5375 2.66303 0.589999
      vertex 1.87194 2.43956 0.589999
    endloop
  endfacet
  facet normal -0.896875 0.442284 0
    outer loop
      vertex 2.66303 -1.5375 0.589999
      vertex 2.84093 -1.17675 9.99
      vertex 2.84093 -1.17675 0.589999
    endloop
  endfacet
  facet normal -0.896875 0.442284 0
    outer loop
      vertex 2.84093 -1.17675 9.99
      vertex 2.66303 -1.5375 0.589999
      vertex 2.66303 -1.5375 9.99
    endloop
  endfacet
  facet normal -0.997857 0.0654397 0
    outer loop
      vertex 3.05599 -0.290053 0.589999
      vertex 3.04869 -0.401367 0.589999
      vertex 3.05599 -0.290053 9
    endloop
  endfacet
  facet normal -0.997859 0.0653994 0
    outer loop
      vertex 3.05599 -0.290053 9
      vertex 3.075 0 9.99
      vertex 3.075 0 9
    endloop
  endfacet
  facet normal -0.997858 0.0654106 -3.28413e-06
    outer loop
      vertex 3.05599 -0.290053 9
      vertex 3.04869 -0.401367 9.99
      vertex 3.075 0 9.99
    endloop
  endfacet
  facet normal -0.997857 0.0654397 0
    outer loop
      vertex 3.04869 -0.401367 9.99
      vertex 3.05599 -0.290053 9
      vertex 3.04869 -0.401367 0.589999
    endloop
  endfacet
  facet normal -0.321435 -0.946932 0
    outer loop
      vertex 0.795868 2.97022 0.589999
      vertex 1.17675 2.84093 9.99
      vertex 0.795868 2.97022 9.99
    endloop
  endfacet
  facet normal -0.321435 -0.946932 -0
    outer loop
      vertex 1.17675 2.84093 9.99
      vertex 0.795868 2.97022 0.589999
      vertex 1.17675 2.84093 0.589999
    endloop
  endfacet
  facet normal 0.896875 -0.442284 0
    outer loop
      vertex -2.84093 1.17675 9.99
      vertex -2.66303 1.5375 0.589999
      vertex -2.66303 1.5375 9.99
    endloop
  endfacet
  facet normal 0.896875 -0.442284 0
    outer loop
      vertex -2.66303 1.5375 0.589999
      vertex -2.84093 1.17675 9.99
      vertex -2.84093 1.17675 0.589999
    endloop
  endfacet
  facet normal 0.659351 -0.751835 0
    outer loop
      vertex -2.17435 2.17435 0.589999
      vertex -1.87194 2.43956 9.99
      vertex -2.17435 2.17435 9.99
    endloop
  endfacet
  facet normal 0.659351 -0.751835 0
    outer loop
      vertex -1.87194 2.43956 9.99
      vertex -2.17435 2.17435 0.589999
      vertex -1.87194 2.43956 0.589999
    endloop
  endfacet
  facet normal -0.321435 0.946932 0
    outer loop
      vertex 1.17675 -2.84093 0.589999
      vertex 0.795868 -2.97022 9.99
      vertex 1.17675 -2.84093 9.99
    endloop
  endfacet
  facet normal -0.321435 0.946932 0
    outer loop
      vertex 0.795868 -2.97022 9.99
      vertex 1.17675 -2.84093 0.589999
      vertex 0.795868 -2.97022 0.589999
    endloop
  endfacet
  facet normal 0.997858 0.0654106 0
    outer loop
      vertex -3.04869 -0.401367 9.99
      vertex -3.075 0 0.589999
      vertex -3.075 0 9.99
    endloop
  endfacet
  facet normal 0.997858 0.0654106 0
    outer loop
      vertex -3.075 0 0.589999
      vertex -3.04869 -0.401367 9.99
      vertex -3.04869 -0.401367 0.589999
    endloop
  endfacet
  facet normal 0.659351 0.751835 -0
    outer loop
      vertex -1.87194 -2.43956 0.589999
      vertex -2.17435 -2.17435 9.99
      vertex -1.87194 -2.43956 9.99
    endloop
  endfacet
  facet normal 0.659351 0.751835 0
    outer loop
      vertex -2.17435 -2.17435 9.99
      vertex -1.87194 -2.43956 0.589999
      vertex -2.17435 -2.17435 0.589999
    endloop
  endfacet
  facet normal 0.321435 -0.946932 0
    outer loop
      vertex -1.17675 2.84093 0.589999
      vertex -0.795868 2.97022 9.99
      vertex -1.17675 2.84093 9.99
    endloop
  endfacet
  facet normal 0.321435 -0.946932 0
    outer loop
      vertex -0.795868 2.97022 9.99
      vertex -1.17675 2.84093 0.589999
      vertex -0.795868 2.97022 0.589999
    endloop
  endfacet
  facet normal 0.831465 0.555578 0
    outer loop
      vertex -2.43956 -1.87194 9.99
      vertex -2.66303 -1.5375 0.589999
      vertex -2.66303 -1.5375 9.99
    endloop
  endfacet
  facet normal 0.831465 0.555578 0
    outer loop
      vertex -2.66303 -1.5375 0.589999
      vertex -2.43956 -1.87194 9.99
      vertex -2.43956 -1.87194 0.589999
    endloop
  endfacet
  facet normal 0.555578 -0.831465 -4.39143e-06
    outer loop
      vertex -1.87194 2.43956 9.99
      vertex -1.77919 2.50154 9
      vertex -1.5375 2.66303 9.99
    endloop
  endfacet
  facet normal 0.55561 -0.831443 0
    outer loop
      vertex -1.87194 2.43956 0.589999
      vertex -1.77919 2.50154 9
      vertex -1.87194 2.43956 9.99
    endloop
  endfacet
  facet normal 0.55561 -0.831443 0
    outer loop
      vertex -1.77919 2.50154 9
      vertex -1.87194 2.43956 0.589999
      vertex -1.77919 2.50154 0.589999
    endloop
  endfacet
  facet normal 0.555565 -0.831473 0
    outer loop
      vertex -1.5375 2.66303 9.99
      vertex -1.77919 2.50154 9
      vertex -1.5375 2.66303 9
    endloop
  endfacet
  facet normal -0.195088 -0.980786 0
    outer loop
      vertex 0.401367 3.04869 0.589999
      vertex 0.795868 2.97022 9.99
      vertex 0.401367 3.04869 9.99
    endloop
  endfacet
  facet normal -0.195088 -0.980786 -0
    outer loop
      vertex 0.795868 2.97022 9.99
      vertex 0.401367 3.04869 0.589999
      vertex 0.795868 2.97022 0.589999
    endloop
  endfacet
  facet normal 0.44228 -0.896877 0
    outer loop
      vertex -1.2768 2.79159 9
      vertex -1.5375 2.66303 9.99
      vertex -1.5375 2.66303 9
    endloop
  endfacet
  facet normal 0.442284 -0.896875 1.28074e-06
    outer loop
      vertex -1.5375 2.66303 9.99
      vertex -1.2768 2.79159 9
      vertex -1.17675 2.84093 9.99
    endloop
  endfacet
  facet normal 0.442294 -0.89687 0
    outer loop
      vertex -1.17675 2.84093 0.589999
      vertex -1.2768 2.79159 9
      vertex -1.2768 2.79159 0.589999
    endloop
  endfacet
  facet normal 0.442294 -0.89687 0
    outer loop
      vertex -1.2768 2.79159 9
      vertex -1.17675 2.84093 0.589999
      vertex -1.17675 2.84093 9.99
    endloop
  endfacet
  facet normal -0.0654106 0.997858 0
    outer loop
      vertex 0.401367 -3.04869 0.589999
      vertex 0 -3.075 9.99
      vertex 0.401367 -3.04869 9.99
    endloop
  endfacet
  facet normal -0.0654106 0.997858 0
    outer loop
      vertex 0 -3.075 9.99
      vertex 0.401367 -3.04869 0.589999
      vertex 0 -3.075 0.589999
    endloop
  endfacet
  facet normal -0.659351 0.751835 0
    outer loop
      vertex 2.17435 -2.17435 0.589999
      vertex 1.87194 -2.43956 9.99
      vertex 2.17435 -2.17435 9.99
    endloop
  endfacet
  facet normal -0.659351 0.751835 0
    outer loop
      vertex 1.87194 -2.43956 9.99
      vertex 2.17435 -2.17435 0.589999
      vertex 1.87194 -2.43956 0.589999
    endloop
  endfacet
  facet normal 0.946932 0.321435 0
    outer loop
      vertex -2.84093 -1.17675 9.99
      vertex -2.97022 -0.795868 0.589999
      vertex -2.97022 -0.795868 9.99
    endloop
  endfacet
  facet normal 0.946932 0.321435 0
    outer loop
      vertex -2.97022 -0.795868 0.589999
      vertex -2.84093 -1.17675 9.99
      vertex -2.84093 -1.17675 0.589999
    endloop
  endfacet
  facet normal -0.946932 0.321435 0
    outer loop
      vertex 2.84093 -1.17675 0.589999
      vertex 2.97022 -0.795868 9.99
      vertex 2.97022 -0.795868 0.589999
    endloop
  endfacet
  facet normal -0.946932 0.321435 0
    outer loop
      vertex 2.97022 -0.795868 9.99
      vertex 2.84093 -1.17675 0.589999
      vertex 2.84093 -1.17675 9.99
    endloop
  endfacet
  facet normal -0.442284 -0.896875 0
    outer loop
      vertex 1.17675 2.84093 0.589999
      vertex 1.5375 2.66303 9.99
      vertex 1.17675 2.84093 9.99
    endloop
  endfacet
  facet normal -0.442284 -0.896875 -0
    outer loop
      vertex 1.5375 2.66303 9.99
      vertex 1.17675 2.84093 0.589999
      vertex 1.5375 2.66303 0.589999
    endloop
  endfacet
  facet normal 0.195088 -0.980786 0
    outer loop
      vertex -0.795868 2.97022 0.589999
      vertex -0.401367 3.04869 9.99
      vertex -0.795868 2.97022 9.99
    endloop
  endfacet
  facet normal 0.195088 -0.980786 0
    outer loop
      vertex -0.401367 3.04869 9.99
      vertex -0.795868 2.97022 0.589999
      vertex -0.401367 3.04869 0.589999
    endloop
  endfacet
  facet normal -0.751835 -0.659351 0
    outer loop
      vertex 2.43956 1.87194 0.589999
      vertex 2.17435 2.17435 9.99
      vertex 2.17435 2.17435 0.589999
    endloop
  endfacet
  facet normal -0.751835 -0.659351 0
    outer loop
      vertex 2.17435 2.17435 9.99
      vertex 2.43956 1.87194 0.589999
      vertex 2.43956 1.87194 9.99
    endloop
  endfacet
  facet normal -0.751835 0.659351 0
    outer loop
      vertex 2.17435 -2.17435 0.589999
      vertex 2.43956 -1.87194 9.99
      vertex 2.43956 -1.87194 0.589999
    endloop
  endfacet
  facet normal -0.751835 0.659351 0
    outer loop
      vertex 2.43956 -1.87194 9.99
      vertex 2.17435 -2.17435 0.589999
      vertex 2.17435 -2.17435 9.99
    endloop
  endfacet
  facet normal 0.442284 0.896875 1.28074e-06
    outer loop
      vertex -1.17675 -2.84093 9.99
      vertex -1.2768 -2.79159 9
      vertex -1.5375 -2.66303 9.99
    endloop
  endfacet
  facet normal 0.442294 0.89687 -0
    outer loop
      vertex -1.17675 -2.84093 0.589999
      vertex -1.2768 -2.79159 9
      vertex -1.17675 -2.84093 9.99
    endloop
  endfacet
  facet normal 0.442294 0.89687 0
    outer loop
      vertex -1.2768 -2.79159 9
      vertex -1.17675 -2.84093 0.589999
      vertex -1.2768 -2.79159 0.589999
    endloop
  endfacet
  facet normal 0.44228 0.896877 0
    outer loop
      vertex -1.5375 -2.66303 9.99
      vertex -1.2768 -2.79159 9
      vertex -1.5375 -2.66303 9
    endloop
  endfacet
  facet normal 0.946932 -0.321435 0
    outer loop
      vertex -2.97022 0.795868 9.99
      vertex -2.84093 1.17675 0.589999
      vertex -2.84093 1.17675 9.99
    endloop
  endfacet
  facet normal 0.946932 -0.321435 0
    outer loop
      vertex -2.84093 1.17675 0.589999
      vertex -2.97022 0.795868 9.99
      vertex -2.97022 0.795868 0.589999
    endloop
  endfacet
  facet normal -0.195088 0.980786 0
    outer loop
      vertex 0.795868 -2.97022 0.589999
      vertex 0.401367 -3.04869 9.99
      vertex 0.795868 -2.97022 9.99
    endloop
  endfacet
  facet normal -0.195088 0.980786 0
    outer loop
      vertex 0.401367 -3.04869 9.99
      vertex 0.795868 -2.97022 0.589999
      vertex 0.401367 -3.04869 0.589999
    endloop
  endfacet
  facet normal -0.442284 0.896875 0
    outer loop
      vertex 1.5375 -2.66303 0.589999
      vertex 1.17675 -2.84093 9.99
      vertex 1.5375 -2.66303 9.99
    endloop
  endfacet
  facet normal -0.442284 0.896875 0
    outer loop
      vertex 1.17675 -2.84093 9.99
      vertex 1.5375 -2.66303 0.589999
      vertex 1.17675 -2.84093 0.589999
    endloop
  endfacet
  facet normal 0.751835 -0.659351 0
    outer loop
      vertex -2.43956 1.87194 9.99
      vertex -2.17435 2.17435 0.589999
      vertex -2.17435 2.17435 9.99
    endloop
  endfacet
  facet normal 0.751835 -0.659351 0
    outer loop
      vertex -2.17435 2.17435 0.589999
      vertex -2.43956 1.87194 9.99
      vertex -2.43956 1.87194 0.589999
    endloop
  endfacet
  facet normal -0.659351 -0.751835 0
    outer loop
      vertex 1.87194 2.43956 0.589999
      vertex 2.17435 2.17435 9.99
      vertex 1.87194 2.43956 9.99
    endloop
  endfacet
  facet normal -0.659351 -0.751835 -0
    outer loop
      vertex 2.17435 2.17435 9.99
      vertex 1.87194 2.43956 0.589999
      vertex 2.17435 2.17435 0.589999
    endloop
  endfacet
  facet normal 0.896875 0.442284 0
    outer loop
      vertex -2.66303 -1.5375 9.99
      vertex -2.84093 -1.17675 0.589999
      vertex -2.84093 -1.17675 9.99
    endloop
  endfacet
  facet normal 0.896875 0.442284 0
    outer loop
      vertex -2.84093 -1.17675 0.589999
      vertex -2.66303 -1.5375 9.99
      vertex -2.66303 -1.5375 0.589999
    endloop
  endfacet
  facet normal 0.997858 -0.0654106 0
    outer loop
      vertex -3.075 0 9.99
      vertex -3.04869 0.401367 0.589999
      vertex -3.04869 0.401367 9.99
    endloop
  endfacet
  facet normal 0.997858 -0.0654106 0
    outer loop
      vertex -3.04869 0.401367 0.589999
      vertex -3.075 0 9.99
      vertex -3.075 0 0.589999
    endloop
  endfacet
  facet normal -0.831465 0.555578 0
    outer loop
      vertex 2.43956 -1.87194 0.589999
      vertex 2.66303 -1.5375 9.99
      vertex 2.66303 -1.5375 0.589999
    endloop
  endfacet
  facet normal -0.831465 0.555578 0
    outer loop
      vertex 2.66303 -1.5375 9.99
      vertex 2.43956 -1.87194 0.589999
      vertex 2.43956 -1.87194 9.99
    endloop
  endfacet
  facet normal -0.896875 -0.442284 0
    outer loop
      vertex 2.84093 1.17675 0.589999
      vertex 2.66303 1.5375 9.99
      vertex 2.66303 1.5375 0.589999
    endloop
  endfacet
  facet normal -0.896875 -0.442284 0
    outer loop
      vertex 2.66303 1.5375 9.99
      vertex 2.84093 1.17675 0.589999
      vertex 2.84093 1.17675 9.99
    endloop
  endfacet
  facet normal 0.0654106 0.997858 -0
    outer loop
      vertex 0 -3.075 0.589999
      vertex -0.401367 -3.04869 9.99
      vertex 0 -3.075 9.99
    endloop
  endfacet
  facet normal 0.0654106 0.997858 0
    outer loop
      vertex -0.401367 -3.04869 9.99
      vertex 0 -3.075 0.589999
      vertex -0.401367 -3.04869 0.589999
    endloop
  endfacet
  facet normal 0.555565 0.831473 0
    outer loop
      vertex -1.77919 -2.50154 9
      vertex -1.5375 -2.66303 9.99
      vertex -1.5375 -2.66303 9
    endloop
  endfacet
  facet normal 0.555578 0.831465 -4.39143e-06
    outer loop
      vertex -1.5375 -2.66303 9.99
      vertex -1.77919 -2.50154 9
      vertex -1.87194 -2.43956 9.99
    endloop
  endfacet
  facet normal 0.55561 0.831443 0
    outer loop
      vertex -1.87194 -2.43956 0.589999
      vertex -1.77919 -2.50154 9
      vertex -1.77919 -2.50154 0.589999
    endloop
  endfacet
  facet normal 0.55561 0.831443 0
    outer loop
      vertex -1.77919 -2.50154 9
      vertex -1.87194 -2.43956 0.589999
      vertex -1.87194 -2.43956 9.99
    endloop
  endfacet
  facet normal -0.555578 0.831465 0
    outer loop
      vertex 1.87194 -2.43956 0.589999
      vertex 1.5375 -2.66303 9.99
      vertex 1.87194 -2.43956 9.99
    endloop
  endfacet
  facet normal -0.555578 0.831465 0
    outer loop
      vertex 1.5375 -2.66303 9.99
      vertex 1.87194 -2.43956 0.589999
      vertex 1.5375 -2.66303 0.589999
    endloop
  endfacet
  facet normal -0.946932 -0.321435 0
    outer loop
      vertex 2.97022 0.795868 0.589999
      vertex 2.84093 1.17675 9.99
      vertex 2.84093 1.17675 0.589999
    endloop
  endfacet
  facet normal -0.946932 -0.321435 0
    outer loop
      vertex 2.84093 1.17675 9.99
      vertex 2.97022 0.795868 0.589999
      vertex 2.97022 0.795868 9.99
    endloop
  endfacet
  facet normal 0.980786 -0.195088 0
    outer loop
      vertex -3.04869 0.401367 9.99
      vertex -2.97022 0.795868 0.589999
      vertex -2.97022 0.795868 9.99
    endloop
  endfacet
  facet normal 0.980786 -0.195088 0
    outer loop
      vertex -2.97022 0.795868 0.589999
      vertex -3.04869 0.401367 9.99
      vertex -3.04869 0.401367 0.589999
    endloop
  endfacet
  facet normal 0.0654106 -0.997858 0
    outer loop
      vertex -0.401367 3.04869 0.589999
      vertex 0 3.075 9.99
      vertex -0.401367 3.04869 9.99
    endloop
  endfacet
  facet normal 0.0654106 -0.997858 0
    outer loop
      vertex 0 3.075 9.99
      vertex -0.401367 3.04869 0.589999
      vertex 0 3.075 0.589999
    endloop
  endfacet
  facet normal 0.321435 0.946932 -0
    outer loop
      vertex -0.795868 -2.97022 0.589999
      vertex -1.17675 -2.84093 9.99
      vertex -0.795868 -2.97022 9.99
    endloop
  endfacet
  facet normal 0.321435 0.946932 0
    outer loop
      vertex -1.17675 -2.84093 9.99
      vertex -0.795868 -2.97022 0.589999
      vertex -1.17675 -2.84093 0.589999
    endloop
  endfacet
  facet normal 0.980786 0.195088 0
    outer loop
      vertex -2.97022 -0.795868 9.99
      vertex -3.04869 -0.401367 0.589999
      vertex -3.04869 -0.401367 9.99
    endloop
  endfacet
  facet normal 0.980786 0.195088 0
    outer loop
      vertex -3.04869 -0.401367 0.589999
      vertex -2.97022 -0.795868 9.99
      vertex -2.97022 -0.795868 0.589999
    endloop
  endfacet
  facet normal -0.0654106 -0.997858 0
    outer loop
      vertex 0 3.075 0.589999
      vertex 0.401367 3.04869 9.99
      vertex 0 3.075 9.99
    endloop
  endfacet
  facet normal -0.0654106 -0.997858 -0
    outer loop
      vertex 0.401367 3.04869 9.99
      vertex 0 3.075 0.589999
      vertex 0.401367 3.04869 0.589999
    endloop
  endfacet
  facet normal 0.195088 0.980786 -0
    outer loop
      vertex -0.401367 -3.04869 0.589999
      vertex -0.795868 -2.97022 9.99
      vertex -0.401367 -3.04869 9.99
    endloop
  endfacet
  facet normal 0.195088 0.980786 0
    outer loop
      vertex -0.795868 -2.97022 9.99
      vertex -0.401367 -3.04869 0.589999
      vertex -0.795868 -2.97022 0.589999
    endloop
  endfacet
  facet normal 0.831465 -0.555578 0
    outer loop
      vertex -2.66303 1.5375 9.99
      vertex -2.43956 1.87194 0.589999
      vertex -2.43956 1.87194 9.99
    endloop
  endfacet
  facet normal 0.831465 -0.555578 0
    outer loop
      vertex -2.43956 1.87194 0.589999
      vertex -2.66303 1.5375 9.99
      vertex -2.66303 1.5375 0.589999
    endloop
  endfacet
  facet normal -0.159298 0.80092 -0.577192
    outer loop
      vertex 0.897459 -3.37521 0
      vertex 0.455917 -3.46303 0
      vertex 0.401367 -3.04869 0.589999
    endloop
  endfacet
  facet normal 0.159298 0.80092 -0.577192
    outer loop
      vertex -0.401367 -3.04869 0.589999
      vertex -0.455917 -3.46303 0
      vertex -0.897459 -3.37521 0
    endloop
  endfacet
  facet normal -0.262492 -0.773273 -0.577189
    outer loop
      vertex 1.33668 3.22703 0
      vertex 1.17675 2.84093 0.589999
      vertex 0.910381 3.37174 0
    endloop
  endfacet
  facet normal 0.538424 -0.61395 -0.577204
    outer loop
      vertex -2.46483 2.47429 0
      vertex -2.17435 2.17435 0.589999
      vertex -2.46987 2.46987 0
    endloop
  endfacet
  facet normal 0.538426 -0.613949 -0.577204
    outer loop
      vertex -2.17435 2.17435 0.589999
      vertex -2.46483 2.47429 0
      vertex -1.87194 2.43956 0.589999
    endloop
  endfacet
  facet normal -0.814856 -0.0534329 -0.577195
    outer loop
      vertex 3.04869 0.401367 0.589999
      vertex 3.23475 0.235901 0.342646
      vertex 3.08 0.299999 0.555181
    endloop
  endfacet
  facet normal -0.814864 -0.053439 -0.577184
    outer loop
      vertex 3.04869 0.401367 0.589999
      vertex 3.08 0.299999 0.555181
      vertex 3.05599 0.290053 0.589999
    endloop
  endfacet
  facet normal -0.814845 -0.0536003 -0.577195
    outer loop
      vertex 3.38 0 0.159413
      vertex 3.49248 0.00668899 0
      vertex 3.49292 0 0
    endloop
  endfacet
  facet normal -0.814857 -0.0534189 -0.577195
    outer loop
      vertex 3.49248 0.00668899 0
      vertex 3.38 0 0.159413
      vertex 3.31001 0.168965 0.242584
    endloop
  endfacet
  facet normal -0.814858 -0.0534373 -0.577193
    outer loop
      vertex 3.46303 0.455917 0
      vertex 3.23475 0.235901 0.342646
      vertex 3.04869 0.401367 0.589999
    endloop
  endfacet
  facet normal -0.814879 -0.0533784 -0.577169
    outer loop
      vertex 3.46303 0.455917 0
      vertex 3.29213 0.212132 0.263832
      vertex 3.23475 0.235901 0.342646
    endloop
  endfacet
  facet normal -0.814862 -0.0534117 -0.577189
    outer loop
      vertex 3.46303 0.455917 0
      vertex 3.31001 0.168965 0.242584
      vertex 3.29213 0.212132 0.263832
    endloop
  endfacet
  facet normal -0.814857 -0.0534195 -0.577195
    outer loop
      vertex 3.31001 0.168965 0.242584
      vertex 3.46303 0.455917 0
      vertex 3.49248 0.00668899 0
    endloop
  endfacet
  facet normal -0.773273 -0.262492 -0.577189
    outer loop
      vertex 3.22703 1.33668 0
      vertex 3.37174 0.910381 0
      vertex 2.84093 1.17675 0.589999
    endloop
  endfacet
  facet normal 0.678989 0.453681 -0.577189
    outer loop
      vertex -2.66303 -1.5375 0.589999
      vertex -2.77484 -2.12078 0
      vertex -3.02495 -1.74646 0
    endloop
  endfacet
  facet normal 0.814859 0.0534197 -0.577192
    outer loop
      vertex -3.04869 -0.401367 0.589999
      vertex -3.46303 -0.455917 0
      vertex -3.49248 -0.00668899 0
    endloop
  endfacet
  facet normal -0.262492 0.773273 -0.577189
    outer loop
      vertex 1.17675 -2.84093 0.589999
      vertex 1.33668 -3.22703 0
      vertex 0.910381 -3.37174 0
    endloop
  endfacet
  facet normal -0.80092 0.159298 -0.577192
    outer loop
      vertex 3.46303 -0.455917 0
      vertex 3.37521 -0.897459 0
      vertex 3.04869 -0.401367 0.589999
    endloop
  endfacet
  facet normal 0.61395 -0.538424 -0.577204
    outer loop
      vertex -2.17435 2.17435 0.589999
      vertex -2.47429 2.46483 0
      vertex -2.46987 2.46987 0
    endloop
  endfacet
  facet normal 0.613949 -0.538426 -0.577204
    outer loop
      vertex -2.47429 2.46483 0
      vertex -2.17435 2.17435 0.589999
      vertex -2.43956 1.87194 0.589999
    endloop
  endfacet
  facet normal 0.773273 -0.262487 -0.577192
    outer loop
      vertex -2.97022 0.795868 0.589999
      vertex -3.37174 0.910381 0
      vertex -2.84093 1.17675 0.589999
    endloop
  endfacet
  facet normal 0.77309 -0.263055 -0.577178
    outer loop
      vertex -3.37174 0.910381 0
      vertex -2.97022 0.795868 0.589999
      vertex -3.3739 0.904033 0
    endloop
  endfacet
  facet normal 0.800854 -0.159586 -0.577205
    outer loop
      vertex -2.97022 0.795868 0.589999
      vertex -3.37521 0.897459 0
      vertex -3.3739 0.904033 0
    endloop
  endfacet
  facet normal 0.800914 -0.159309 -0.577198
    outer loop
      vertex -3.37521 0.897459 0
      vertex -2.97022 0.795868 0.589999
      vertex -3.04869 0.401367 0.589999
    endloop
  endfacet
  facet normal 0.45373 0.678976 -0.577166
    outer loop
      vertex -1.74646 -3.02495 0
      vertex -1.82978 -2.745 0.263831
      vertex -1.69 -2.92717 0.159413
    endloop
  endfacet
  facet normal 0.453727 0.678917 -0.577238
    outer loop
      vertex -1.82978 -2.745 0.263831
      vertex -2.12078 -2.77484 0
      vertex -1.82627 -2.71838 0.297899
    endloop
  endfacet
  facet normal 0.453679 0.678986 -0.577194
    outer loop
      vertex -2.12078 -2.77484 0
      vertex -1.82978 -2.745 0.263831
      vertex -1.74646 -3.02495 0
    endloop
  endfacet
  facet normal 0.67898 0.453688 -0.577194
    outer loop
      vertex -2.43956 -1.87194 0.589999
      vertex -2.77484 -2.12078 0
      vertex -2.66303 -1.5375 0.589999
    endloop
  endfacet
  facet normal 0.679085 0.453536 -0.57719
    outer loop
      vertex -2.77484 -2.12078 0
      vertex -2.43956 -1.87194 0.589999
      vertex -2.77112 -2.12635 0
    endloop
  endfacet
  facet normal 0.159298 -0.80092 -0.577192
    outer loop
      vertex -0.455917 3.46303 0
      vertex -0.401367 3.04869 0.589999
      vertex -0.897459 3.37521 0
    endloop
  endfacet
  facet normal 0.538417 0.613965 -0.577196
    outer loop
      vertex -1.87194 -2.43956 0.589999
      vertex -2.12635 -2.77112 0
      vertex -2.46483 -2.47429 0
    endloop
  endfacet
  facet normal -0.361167 0.732401 -0.57719
    outer loop
      vertex 1.74045 -3.02792 0
      vertex 1.33668 -3.22703 0
      vertex 1.17675 -2.84093 0.589999
    endloop
  endfacet
  facet normal -0.538424 0.61395 -0.577204
    outer loop
      vertex 2.46483 -2.47429 0
      vertex 2.17435 -2.17435 0.589999
      vertex 2.46987 -2.46987 0
    endloop
  endfacet
  facet normal -0.538426 0.613949 -0.577204
    outer loop
      vertex 2.17435 -2.17435 0.589999
      vertex 2.46483 -2.47429 0
      vertex 1.87194 -2.43956 0.589999
    endloop
  endfacet
  facet normal 0.613965 0.538417 -0.577196
    outer loop
      vertex -2.43956 -1.87194 0.589999
      vertex -2.47429 -2.46483 0
      vertex -2.77112 -2.12635 0
    endloop
  endfacet
  facet normal -0.538426 -0.613949 -0.577204
    outer loop
      vertex 2.46483 2.47429 0
      vertex 2.17435 2.17435 0.589999
      vertex 1.87194 2.43956 0.589999
    endloop
  endfacet
  facet normal -0.538424 -0.61395 -0.577204
    outer loop
      vertex 2.17435 2.17435 0.589999
      vertex 2.46483 2.47429 0
      vertex 2.46987 2.46987 0
    endloop
  endfacet
  facet normal -0.678989 0.453681 -0.577189
    outer loop
      vertex 3.02495 -1.74646 0
      vertex 2.77484 -2.12078 0
      vertex 2.66303 -1.5375 0.589999
    endloop
  endfacet
  facet normal -0.613949 0.538426 -0.577204
    outer loop
      vertex 2.47429 -2.46483 0
      vertex 2.17435 -2.17435 0.589999
      vertex 2.43956 -1.87194 0.589999
    endloop
  endfacet
  facet normal -0.61395 0.538424 -0.577204
    outer loop
      vertex 2.17435 -2.17435 0.589999
      vertex 2.47429 -2.46483 0
      vertex 2.46987 -2.46987 0
    endloop
  endfacet
  facet normal -0.732395 0.361173 -0.577193
    outer loop
      vertex 3.02792 -1.74045 0
      vertex 2.66303 -1.5375 0.589999
      vertex 2.84093 -1.17675 0.589999
    endloop
  endfacet
  facet normal -0.732083 0.361778 -0.577209
    outer loop
      vertex 2.66303 -1.5375 0.589999
      vertex 3.02792 -1.74045 0
      vertex 3.02495 -1.74646 0
    endloop
  endfacet
  facet normal -0.361167 -0.732401 -0.57719
    outer loop
      vertex 1.33668 3.22703 0
      vertex 1.74045 3.02792 0
      vertex 1.17675 2.84093 0.589999
    endloop
  endfacet
  facet normal -0.0534147 0.814858 -0.577194
    outer loop
      vertex 0.00668899 -3.49248 0
      vertex 0 -3.075 0.589999
      vertex 0.401367 -3.04869 0.589999
    endloop
  endfacet
  facet normal -0.0536005 0.814849 -0.57719
    outer loop
      vertex 0 -3.075 0.589999
      vertex 0.00668899 -3.49248 0
      vertex 0 -3.49292 0
    endloop
  endfacet
  facet normal -0.800854 -0.159586 -0.577205
    outer loop
      vertex 3.37521 0.897459 0
      vertex 2.97022 0.795868 0.589999
      vertex 3.3739 0.904033 0
    endloop
  endfacet
  facet normal -0.800914 -0.159309 -0.577198
    outer loop
      vertex 2.97022 0.795868 0.589999
      vertex 3.37521 0.897459 0
      vertex 3.04869 0.401367 0.589999
    endloop
  endfacet
  facet normal -0.263055 -0.77309 -0.577178
    outer loop
      vertex 0.910381 3.37174 0
      vertex 0.795868 2.97022 0.589999
      vertex 0.904033 3.3739 0
    endloop
  endfacet
  facet normal -0.262487 -0.773273 -0.577192
    outer loop
      vertex 0.795868 2.97022 0.589999
      vertex 0.910381 3.37174 0
      vertex 1.17675 2.84093 0.589999
    endloop
  endfacet
  facet normal -0.678989 -0.453681 -0.577189
    outer loop
      vertex 2.77484 2.12078 0
      vertex 3.02495 1.74646 0
      vertex 2.66303 1.5375 0.589999
    endloop
  endfacet
  facet normal 0.80092 -0.159298 -0.577192
    outer loop
      vertex -3.37521 0.897459 0
      vertex -3.04869 0.401367 0.589999
      vertex -3.46303 0.455917 0
    endloop
  endfacet
  facet normal -0.538417 -0.613965 -0.577196
    outer loop
      vertex 2.12635 2.77112 0
      vertex 2.46483 2.47429 0
      vertex 1.87194 2.43956 0.589999
    endloop
  endfacet
  facet normal -0.80092 -0.159298 -0.577192
    outer loop
      vertex 3.37521 0.897459 0
      vertex 3.46303 0.455917 0
      vertex 3.04869 0.401367 0.589999
    endloop
  endfacet
  facet normal 0.77309 0.263055 -0.577178
    outer loop
      vertex -2.97022 -0.795868 0.589999
      vertex -3.37174 -0.910381 0
      vertex -3.3739 -0.904033 0
    endloop
  endfacet
  facet normal 0.773273 0.262487 -0.577192
    outer loop
      vertex -3.37174 -0.910381 0
      vertex -2.97022 -0.795868 0.589999
      vertex -2.84093 -1.17675 0.589999
    endloop
  endfacet
  facet normal 0.679085 -0.453536 -0.57719
    outer loop
      vertex -2.43956 1.87194 0.589999
      vertex -2.77484 2.12078 0
      vertex -2.77112 2.12635 0
    endloop
  endfacet
  facet normal 0.67898 -0.453688 -0.577194
    outer loop
      vertex -2.77484 2.12078 0
      vertex -2.43956 1.87194 0.589999
      vertex -2.66303 1.5375 0.589999
    endloop
  endfacet
  facet normal -0.361778 0.732083 -0.577209
    outer loop
      vertex 1.74045 -3.02792 0
      vertex 1.5375 -2.66303 0.589999
      vertex 1.74646 -3.02495 0
    endloop
  endfacet
  facet normal -0.361173 0.732395 -0.577193
    outer loop
      vertex 1.5375 -2.66303 0.589999
      vertex 1.74045 -3.02792 0
      vertex 1.17675 -2.84093 0.589999
    endloop
  endfacet
  facet normal 0.0534197 0.814859 -0.577192
    outer loop
      vertex -0.401367 -3.04869 0.589999
      vertex -0.00668899 -3.49248 0
      vertex -0.455917 -3.46303 0
    endloop
  endfacet
  facet normal 0.262492 0.773273 -0.577189
    outer loop
      vertex -1.17675 -2.84093 0.589999
      vertex -0.910381 -3.37174 0
      vertex -1.33668 -3.22703 0
    endloop
  endfacet
  facet normal -0.538417 0.613965 -0.577196
    outer loop
      vertex 2.46483 -2.47429 0
      vertex 2.12635 -2.77112 0
      vertex 1.87194 -2.43956 0.589999
    endloop
  endfacet
  facet normal -0.159298 -0.80092 -0.577192
    outer loop
      vertex 0.455917 3.46303 0
      vertex 0.897459 3.37521 0
      vertex 0.401367 3.04869 0.589999
    endloop
  endfacet
  facet normal 0.0534197 -0.814859 -0.577192
    outer loop
      vertex -0.00668899 3.49248 0
      vertex -0.401367 3.04869 0.589999
      vertex -0.455917 3.46303 0
    endloop
  endfacet
  facet normal -0.732401 0.361167 -0.57719
    outer loop
      vertex 3.22703 -1.33668 0
      vertex 3.02792 -1.74045 0
      vertex 2.84093 -1.17675 0.589999
    endloop
  endfacet
  facet normal -0.453681 -0.678989 -0.577189
    outer loop
      vertex 1.74646 3.02495 0
      vertex 2.12078 2.77484 0
      vertex 1.5375 2.66303 0.589999
    endloop
  endfacet
  facet normal -0.262487 0.773273 -0.577192
    outer loop
      vertex 0.910381 -3.37174 0
      vertex 0.795868 -2.97022 0.589999
      vertex 1.17675 -2.84093 0.589999
    endloop
  endfacet
  facet normal -0.263055 0.77309 -0.577178
    outer loop
      vertex 0.795868 -2.97022 0.589999
      vertex 0.910381 -3.37174 0
      vertex 0.904033 -3.3739 0
    endloop
  endfacet
  facet normal -0.613965 -0.538417 -0.577196
    outer loop
      vertex 2.47429 2.46483 0
      vertex 2.77112 2.12635 0
      vertex 2.43956 1.87194 0.589999
    endloop
  endfacet
  facet normal 0.262487 -0.773273 -0.577192
    outer loop
      vertex -0.910381 3.37174 0
      vertex -0.795868 2.97022 0.589999
      vertex -1.17675 2.84093 0.589999
    endloop
  endfacet
  facet normal 0.263055 -0.77309 -0.577178
    outer loop
      vertex -0.795868 2.97022 0.589999
      vertex -0.910381 3.37174 0
      vertex -0.904033 3.3739 0
    endloop
  endfacet
  facet normal -0.453688 -0.67898 -0.577194
    outer loop
      vertex 2.12078 2.77484 0
      vertex 1.87194 2.43956 0.589999
      vertex 1.5375 2.66303 0.589999
    endloop
  endfacet
  facet normal -0.453536 -0.679085 -0.57719
    outer loop
      vertex 1.87194 2.43956 0.589999
      vertex 2.12078 2.77484 0
      vertex 2.12635 2.77112 0
    endloop
  endfacet
  facet normal -0.773273 0.262492 -0.577189
    outer loop
      vertex 3.37174 -0.910381 0
      vertex 3.22703 -1.33668 0
      vertex 2.84093 -1.17675 0.589999
    endloop
  endfacet
  facet normal 0.773273 -0.262492 -0.577189
    outer loop
      vertex -3.22703 1.33668 0
      vertex -2.84093 1.17675 0.589999
      vertex -3.37174 0.910381 0
    endloop
  endfacet
  facet normal 0.159586 -0.800854 -0.577205
    outer loop
      vertex -0.897459 3.37521 0
      vertex -0.795868 2.97022 0.589999
      vertex -0.904033 3.3739 0
    endloop
  endfacet
  facet normal 0.159309 -0.800914 -0.577198
    outer loop
      vertex -0.795868 2.97022 0.589999
      vertex -0.897459 3.37521 0
      vertex -0.401367 3.04869 0.589999
    endloop
  endfacet
  facet normal 0.613949 0.538426 -0.577204
    outer loop
      vertex -2.17435 -2.17435 0.589999
      vertex -2.47429 -2.46483 0
      vertex -2.43956 -1.87194 0.589999
    endloop
  endfacet
  facet normal 0.61395 0.538424 -0.577204
    outer loop
      vertex -2.47429 -2.46483 0
      vertex -2.17435 -2.17435 0.589999
      vertex -2.46987 -2.46987 0
    endloop
  endfacet
  facet normal 0.800914 0.159309 -0.577198
    outer loop
      vertex -2.97022 -0.795868 0.589999
      vertex -3.37521 -0.897459 0
      vertex -3.04869 -0.401367 0.589999
    endloop
  endfacet
  facet normal 0.800854 0.159586 -0.577205
    outer loop
      vertex -3.37521 -0.897459 0
      vertex -2.97022 -0.795868 0.589999
      vertex -3.3739 -0.904033 0
    endloop
  endfacet
  facet normal 0.453719 0.678968 -0.577184
    outer loop
      vertex -1.79981 -2.51736 0.55518
      vertex -1.87194 -2.43956 0.589999
      vertex -1.77919 -2.50154 0.589999
    endloop
  endfacet
  facet normal 0.453735 0.678974 -0.577164
    outer loop
      vertex -1.82627 -2.71838 0.297899
      vertex -1.87194 -2.43956 0.589999
      vertex -1.79981 -2.51736 0.55518
    endloop
  endfacet
  facet normal 0.453565 0.679128 -0.577118
    outer loop
      vertex -2.12635 -2.77112 0
      vertex -1.82627 -2.71838 0.297899
      vertex -2.12078 -2.77484 0
    endloop
  endfacet
  facet normal 0.453664 0.678995 -0.577195
    outer loop
      vertex -1.82627 -2.71838 0.297899
      vertex -2.12635 -2.77112 0
      vertex -1.87194 -2.43956 0.589999
    endloop
  endfacet
  facet normal 0.80092 0.159298 -0.577192
    outer loop
      vertex -3.04869 -0.401367 0.589999
      vertex -3.37521 -0.897459 0
      vertex -3.46303 -0.455917 0
    endloop
  endfacet
  facet normal 0.361176 0.732381 -0.577209
    outer loop
      vertex -1.17675 -2.84093 0.589999
      vertex -1.28019 -2.81736 0.55518
      vertex -1.2768 -2.79159 0.589999
    endloop
  endfacet
  facet normal 0.361173 0.7324 -0.577187
    outer loop
      vertex -1.28019 -2.81736 0.55518
      vertex -1.17675 -2.84093 0.589999
      vertex -1.41308 -2.91932 0.342646
    endloop
  endfacet
  facet normal 0.361171 0.732403 -0.577184
    outer loop
      vertex -1.74045 -3.02792 0
      vertex -1.69 -2.92717 0.159413
      vertex -1.50868 -2.95104 0.242584
    endloop
  endfacet
  facet normal 0.361786 0.732098 -0.577186
    outer loop
      vertex -1.69 -2.92717 0.159413
      vertex -1.74045 -3.02792 0
      vertex -1.74646 -3.02495 0
    endloop
  endfacet
  facet normal 0.732401 -0.361167 -0.57719
    outer loop
      vertex -3.02792 1.74045 0
      vertex -2.84093 1.17675 0.589999
      vertex -3.22703 1.33668 0
    endloop
  endfacet
  facet normal 0.0534147 -0.814858 -0.577194
    outer loop
      vertex -0.00668899 3.49248 0
      vertex 0 3.075 0.589999
      vertex -0.401367 3.04869 0.589999
    endloop
  endfacet
  facet normal 0.0536005 -0.814849 -0.57719
    outer loop
      vertex 0 3.075 0.589999
      vertex -0.00668899 3.49248 0
      vertex 0 3.49292 0
    endloop
  endfacet
  facet normal 0.538417 -0.613965 -0.577196
    outer loop
      vertex -2.12635 2.77112 0
      vertex -1.87194 2.43956 0.589999
      vertex -2.46483 2.47429 0
    endloop
  endfacet
  facet normal 0.814859 -0.0534197 -0.577192
    outer loop
      vertex -3.46303 0.455917 0
      vertex -3.04869 0.401367 0.589999
      vertex -3.49248 0.00668899 0
    endloop
  endfacet
  facet normal -0.0534197 -0.814859 -0.577192
    outer loop
      vertex 0.455917 3.46303 0
      vertex 0.401367 3.04869 0.589999
      vertex 0.00668899 3.49248 0
    endloop
  endfacet
  facet normal -0.453536 0.679085 -0.57719
    outer loop
      vertex 2.12078 -2.77484 0
      vertex 1.87194 -2.43956 0.589999
      vertex 2.12635 -2.77112 0
    endloop
  endfacet
  facet normal -0.453688 0.67898 -0.577194
    outer loop
      vertex 1.87194 -2.43956 0.589999
      vertex 2.12078 -2.77484 0
      vertex 1.5375 -2.66303 0.589999
    endloop
  endfacet
  facet normal -0.61395 -0.538424 -0.577204
    outer loop
      vertex 2.47429 2.46483 0
      vertex 2.17435 2.17435 0.589999
      vertex 2.46987 2.46987 0
    endloop
  endfacet
  facet normal -0.613949 -0.538426 -0.577204
    outer loop
      vertex 2.17435 2.17435 0.589999
      vertex 2.47429 2.46483 0
      vertex 2.43956 1.87194 0.589999
    endloop
  endfacet
  facet normal -0.679085 -0.453536 -0.57719
    outer loop
      vertex 2.77484 2.12078 0
      vertex 2.43956 1.87194 0.589999
      vertex 2.77112 2.12635 0
    endloop
  endfacet
  facet normal -0.67898 -0.453688 -0.577194
    outer loop
      vertex 2.43956 1.87194 0.589999
      vertex 2.77484 2.12078 0
      vertex 2.66303 1.5375 0.589999
    endloop
  endfacet
  facet normal 0.361177 0.732396 -0.577189
    outer loop
      vertex -1.33668 -3.22703 0
      vertex -1.41308 -2.91932 0.342646
      vertex -1.17675 -2.84093 0.589999
    endloop
  endfacet
  facet normal 0.361117 0.732407 -0.577213
    outer loop
      vertex -1.41308 -2.91932 0.342646
      vertex -1.33668 -3.22703 0
      vertex -1.46235 -2.95714 0.263833
    endloop
  endfacet
  facet normal 0.361157 0.732404 -0.577191
    outer loop
      vertex -1.33668 -3.22703 0
      vertex -1.50868 -2.95104 0.242584
      vertex -1.46235 -2.95714 0.263833
    endloop
  endfacet
  facet normal 0.361169 0.732405 -0.577183
    outer loop
      vertex -1.50868 -2.95104 0.242584
      vertex -1.33668 -3.22703 0
      vertex -1.74045 -3.02792 0
    endloop
  endfacet
  facet normal -0.159309 -0.800914 -0.577198
    outer loop
      vertex 0.897459 3.37521 0
      vertex 0.795868 2.97022 0.589999
      vertex 0.401367 3.04869 0.589999
    endloop
  endfacet
  facet normal -0.159586 -0.800854 -0.577205
    outer loop
      vertex 0.795868 2.97022 0.589999
      vertex 0.897459 3.37521 0
      vertex 0.904033 3.3739 0
    endloop
  endfacet
  facet normal 0.262492 -0.773273 -0.577189
    outer loop
      vertex -0.910381 3.37174 0
      vertex -1.17675 2.84093 0.589999
      vertex -1.33668 3.22703 0
    endloop
  endfacet
  facet normal -0.77309 0.263055 -0.577178
    outer loop
      vertex 3.37174 -0.910381 0
      vertex 2.97022 -0.795868 0.589999
      vertex 3.3739 -0.904033 0
    endloop
  endfacet
  facet normal -0.773273 0.262487 -0.577192
    outer loop
      vertex 2.97022 -0.795868 0.589999
      vertex 3.37174 -0.910381 0
      vertex 2.84093 -1.17675 0.589999
    endloop
  endfacet
  facet normal 0.453679 -0.678986 -0.577194
    outer loop
      vertex -1.74646 3.02495 0
      vertex -1.82978 2.745 0.263831
      vertex -2.12078 2.77484 0
    endloop
  endfacet
  facet normal 0.453727 -0.678917 -0.577238
    outer loop
      vertex -2.12078 2.77484 0
      vertex -1.82978 2.745 0.263831
      vertex -1.82627 2.71838 0.297899
    endloop
  endfacet
  facet normal 0.45373 -0.678976 -0.577166
    outer loop
      vertex -1.82978 2.745 0.263831
      vertex -1.74646 3.02495 0
      vertex -1.69 2.92717 0.159413
    endloop
  endfacet
  facet normal 0.453719 -0.678968 -0.577184
    outer loop
      vertex -1.87194 2.43956 0.589999
      vertex -1.79981 2.51736 0.55518
      vertex -1.77919 2.50154 0.589999
    endloop
  endfacet
  facet normal 0.453735 -0.678974 -0.577164
    outer loop
      vertex -1.87194 2.43956 0.589999
      vertex -1.82627 2.71838 0.297899
      vertex -1.79981 2.51736 0.55518
    endloop
  endfacet
  facet normal 0.453664 -0.678995 -0.577195
    outer loop
      vertex -2.12635 2.77112 0
      vertex -1.82627 2.71838 0.297899
      vertex -1.87194 2.43956 0.589999
    endloop
  endfacet
  facet normal 0.453565 -0.679128 -0.577118
    outer loop
      vertex -1.82627 2.71838 0.297899
      vertex -2.12635 2.77112 0
      vertex -2.12078 2.77484 0
    endloop
  endfacet
  facet normal -0.814857 0.0534195 -0.577195
    outer loop
      vertex 3.46303 -0.455917 0
      vertex 3.31001 -0.168965 0.242584
      vertex 3.49248 -0.00668899 0
    endloop
  endfacet
  facet normal -0.814879 0.0533784 -0.577169
    outer loop
      vertex 3.46303 -0.455917 0
      vertex 3.23475 -0.235901 0.342646
      vertex 3.29213 -0.212132 0.263832
    endloop
  endfacet
  facet normal -0.814858 0.0534373 -0.577193
    outer loop
      vertex 3.23475 -0.235901 0.342646
      vertex 3.46303 -0.455917 0
      vertex 3.04869 -0.401367 0.589999
    endloop
  endfacet
  facet normal -0.814862 0.0534117 -0.577189
    outer loop
      vertex 3.31001 -0.168965 0.242584
      vertex 3.46303 -0.455917 0
      vertex 3.29213 -0.212132 0.263832
    endloop
  endfacet
  facet normal -0.814856 0.0534329 -0.577195
    outer loop
      vertex 3.23475 -0.235901 0.342646
      vertex 3.04869 -0.401367 0.589999
      vertex 3.08 -0.299999 0.555181
    endloop
  endfacet
  facet normal -0.814864 0.053439 -0.577184
    outer loop
      vertex 3.05599 -0.290053 0.589999
      vertex 3.08 -0.299999 0.555181
      vertex 3.04869 -0.401367 0.589999
    endloop
  endfacet
  facet normal -0.814845 0.0536003 -0.577195
    outer loop
      vertex 3.49248 -0.00668899 0
      vertex 3.38 0 0.159413
      vertex 3.49292 0 0
    endloop
  endfacet
  facet normal -0.814857 0.0534189 -0.577195
    outer loop
      vertex 3.38 0 0.159413
      vertex 3.49248 -0.00668899 0
      vertex 3.31001 -0.168965 0.242584
    endloop
  endfacet
  facet normal 0.732401 0.361167 -0.57719
    outer loop
      vertex -2.84093 -1.17675 0.589999
      vertex -3.02792 -1.74045 0
      vertex -3.22703 -1.33668 0
    endloop
  endfacet
  facet normal -0.77309 -0.263055 -0.577178
    outer loop
      vertex 2.97022 0.795868 0.589999
      vertex 3.37174 0.910381 0
      vertex 3.3739 0.904033 0
    endloop
  endfacet
  facet normal -0.773273 -0.262487 -0.577192
    outer loop
      vertex 3.37174 0.910381 0
      vertex 2.97022 0.795868 0.589999
      vertex 2.84093 1.17675 0.589999
    endloop
  endfacet
  facet normal 0.361117 -0.732407 -0.577213
    outer loop
      vertex -1.33668 3.22703 0
      vertex -1.41308 2.91932 0.342646
      vertex -1.46235 2.95714 0.263833
    endloop
  endfacet
  facet normal 0.361169 -0.732405 -0.577183
    outer loop
      vertex -1.33668 3.22703 0
      vertex -1.50868 2.95104 0.242584
      vertex -1.74045 3.02792 0
    endloop
  endfacet
  facet normal 0.361177 -0.732396 -0.577189
    outer loop
      vertex -1.41308 2.91932 0.342646
      vertex -1.33668 3.22703 0
      vertex -1.17675 2.84093 0.589999
    endloop
  endfacet
  facet normal 0.361157 -0.732404 -0.577191
    outer loop
      vertex -1.50868 2.95104 0.242584
      vertex -1.33668 3.22703 0
      vertex -1.46235 2.95714 0.263833
    endloop
  endfacet
  facet normal -0.0534197 0.814859 -0.577192
    outer loop
      vertex 0.401367 -3.04869 0.589999
      vertex 0.455917 -3.46303 0
      vertex 0.00668899 -3.49248 0
    endloop
  endfacet
  facet normal -0.159586 0.800854 -0.577205
    outer loop
      vertex 0.897459 -3.37521 0
      vertex 0.795868 -2.97022 0.589999
      vertex 0.904033 -3.3739 0
    endloop
  endfacet
  facet normal -0.159309 0.800914 -0.577198
    outer loop
      vertex 0.795868 -2.97022 0.589999
      vertex 0.897459 -3.37521 0
      vertex 0.401367 -3.04869 0.589999
    endloop
  endfacet
  facet normal 0.159309 0.800914 -0.577198
    outer loop
      vertex -0.897459 -3.37521 0
      vertex -0.795868 -2.97022 0.589999
      vertex -0.401367 -3.04869 0.589999
    endloop
  endfacet
  facet normal 0.159586 0.800854 -0.577205
    outer loop
      vertex -0.795868 -2.97022 0.589999
      vertex -0.897459 -3.37521 0
      vertex -0.904033 -3.3739 0
    endloop
  endfacet
  facet normal 0.538426 0.613949 -0.577204
    outer loop
      vertex -2.46483 -2.47429 0
      vertex -2.17435 -2.17435 0.589999
      vertex -1.87194 -2.43956 0.589999
    endloop
  endfacet
  facet normal 0.538424 0.61395 -0.577204
    outer loop
      vertex -2.17435 -2.17435 0.589999
      vertex -2.46483 -2.47429 0
      vertex -2.46987 -2.46987 0
    endloop
  endfacet
  facet normal 0.0536005 0.814849 -0.57719
    outer loop
      vertex -0.00668899 -3.49248 0
      vertex 0 -3.075 0.589999
      vertex 0 -3.49292 0
    endloop
  endfacet
  facet normal 0.0534147 0.814858 -0.577194
    outer loop
      vertex 0 -3.075 0.589999
      vertex -0.00668899 -3.49248 0
      vertex -0.401367 -3.04869 0.589999
    endloop
  endfacet
  facet normal 0.613965 -0.538417 -0.577196
    outer loop
      vertex -2.47429 2.46483 0
      vertex -2.43956 1.87194 0.589999
      vertex -2.77112 2.12635 0
    endloop
  endfacet
  facet normal 0.773273 0.262492 -0.577189
    outer loop
      vertex -2.84093 -1.17675 0.589999
      vertex -3.22703 -1.33668 0
      vertex -3.37174 -0.910381 0
    endloop
  endfacet
  facet normal 0.732395 0.361173 -0.577193
    outer loop
      vertex -2.66303 -1.5375 0.589999
      vertex -3.02792 -1.74045 0
      vertex -2.84093 -1.17675 0.589999
    endloop
  endfacet
  facet normal 0.732083 0.361778 -0.577209
    outer loop
      vertex -3.02792 -1.74045 0
      vertex -2.66303 -1.5375 0.589999
      vertex -3.02495 -1.74646 0
    endloop
  endfacet
  facet normal 0.678989 -0.453681 -0.577189
    outer loop
      vertex -2.77484 2.12078 0
      vertex -2.66303 1.5375 0.589999
      vertex -3.02495 1.74646 0
    endloop
  endfacet
  facet normal 0.814858 -0.0534147 -0.577194
    outer loop
      vertex -3.075 0 0.589999
      vertex -3.49248 0.00668899 0
      vertex -3.04869 0.401367 0.589999
    endloop
  endfacet
  facet normal 0.814849 -0.0536005 -0.57719
    outer loop
      vertex -3.49248 0.00668899 0
      vertex -3.075 0 0.589999
      vertex -3.49292 0 0
    endloop
  endfacet
  facet normal 0.814849 0.0536005 -0.57719
    outer loop
      vertex -3.075 0 0.589999
      vertex -3.49248 -0.00668899 0
      vertex -3.49292 0 0
    endloop
  endfacet
  facet normal 0.814858 0.0534147 -0.577194
    outer loop
      vertex -3.49248 -0.00668899 0
      vertex -3.075 0 0.589999
      vertex -3.04869 -0.401367 0.589999
    endloop
  endfacet
  facet normal -0.732401 -0.361167 -0.57719
    outer loop
      vertex 3.02792 1.74045 0
      vertex 3.22703 1.33668 0
      vertex 2.84093 1.17675 0.589999
    endloop
  endfacet
  facet normal -0.732083 -0.361778 -0.577209
    outer loop
      vertex 3.02792 1.74045 0
      vertex 2.66303 1.5375 0.589999
      vertex 3.02495 1.74646 0
    endloop
  endfacet
  facet normal -0.732395 -0.361173 -0.577193
    outer loop
      vertex 2.66303 1.5375 0.589999
      vertex 3.02792 1.74045 0
      vertex 2.84093 1.17675 0.589999
    endloop
  endfacet
  facet normal -0.0536005 -0.814849 -0.57719
    outer loop
      vertex 0.00668899 3.49248 0
      vertex 0 3.075 0.589999
      vertex 0 3.49292 0
    endloop
  endfacet
  facet normal -0.0534147 -0.814858 -0.577194
    outer loop
      vertex 0 3.075 0.589999
      vertex 0.00668899 3.49248 0
      vertex 0.401367 3.04869 0.589999
    endloop
  endfacet
  facet normal 0.732083 -0.361778 -0.577209
    outer loop
      vertex -2.66303 1.5375 0.589999
      vertex -3.02792 1.74045 0
      vertex -3.02495 1.74646 0
    endloop
  endfacet
  facet normal 0.732395 -0.361173 -0.577193
    outer loop
      vertex -3.02792 1.74045 0
      vertex -2.66303 1.5375 0.589999
      vertex -2.84093 1.17675 0.589999
    endloop
  endfacet
  facet normal -0.67898 0.453688 -0.577194
    outer loop
      vertex 2.77484 -2.12078 0
      vertex 2.43956 -1.87194 0.589999
      vertex 2.66303 -1.5375 0.589999
    endloop
  endfacet
  facet normal -0.679085 0.453536 -0.57719
    outer loop
      vertex 2.43956 -1.87194 0.589999
      vertex 2.77484 -2.12078 0
      vertex 2.77112 -2.12635 0
    endloop
  endfacet
  facet normal -0.613965 0.538417 -0.577196
    outer loop
      vertex 2.77112 -2.12635 0
      vertex 2.47429 -2.46483 0
      vertex 2.43956 -1.87194 0.589999
    endloop
  endfacet
  facet normal -0.800914 0.159309 -0.577198
    outer loop
      vertex 3.37521 -0.897459 0
      vertex 2.97022 -0.795868 0.589999
      vertex 3.04869 -0.401367 0.589999
    endloop
  endfacet
  facet normal -0.800854 0.159586 -0.577205
    outer loop
      vertex 2.97022 -0.795868 0.589999
      vertex 3.37521 -0.897459 0
      vertex 3.3739 -0.904033 0
    endloop
  endfacet
  facet normal -0.361173 -0.732395 -0.577193
    outer loop
      vertex 1.74045 3.02792 0
      vertex 1.5375 2.66303 0.589999
      vertex 1.17675 2.84093 0.589999
    endloop
  endfacet
  facet normal -0.361778 -0.732083 -0.577209
    outer loop
      vertex 1.5375 2.66303 0.589999
      vertex 1.74045 3.02792 0
      vertex 1.74646 3.02495 0
    endloop
  endfacet
  facet normal 0.361176 -0.732381 -0.577209
    outer loop
      vertex -1.28019 2.81736 0.55518
      vertex -1.17675 2.84093 0.589999
      vertex -1.2768 2.79159 0.589999
    endloop
  endfacet
  facet normal 0.361173 -0.7324 -0.577187
    outer loop
      vertex -1.17675 2.84093 0.589999
      vertex -1.28019 2.81736 0.55518
      vertex -1.41308 2.91932 0.342646
    endloop
  endfacet
  facet normal 0.361786 -0.732098 -0.577186
    outer loop
      vertex -1.74045 3.02792 0
      vertex -1.69 2.92717 0.159413
      vertex -1.74646 3.02495 0
    endloop
  endfacet
  facet normal 0.361171 -0.732403 -0.577184
    outer loop
      vertex -1.69 2.92717 0.159413
      vertex -1.74045 3.02792 0
      vertex -1.50868 2.95104 0.242584
    endloop
  endfacet
  facet normal 0.263055 0.77309 -0.577178
    outer loop
      vertex -0.910381 -3.37174 0
      vertex -0.795868 -2.97022 0.589999
      vertex -0.904033 -3.3739 0
    endloop
  endfacet
  facet normal 0.262487 0.773273 -0.577192
    outer loop
      vertex -0.795868 -2.97022 0.589999
      vertex -0.910381 -3.37174 0
      vertex -1.17675 -2.84093 0.589999
    endloop
  endfacet
  facet normal -0.453681 0.678989 -0.577189
    outer loop
      vertex 2.12078 -2.77484 0
      vertex 1.74646 -3.02495 0
      vertex 1.5375 -2.66303 0.589999
    endloop
  endfacet
  facet normal -0.980784 -0.195097 0
    outer loop
      vertex 1.48717 0.195788 9.99
      vertex 1.44889 0.388228 12
      vertex 1.44889 0.388228 9.99
    endloop
  endfacet
  facet normal -0.980784 -0.195097 0
    outer loop
      vertex 1.44889 0.388228 12
      vertex 1.48717 0.195788 9.99
      vertex 1.48717 0.195788 12
    endloop
  endfacet
  facet normal -0.99786 -0.0653898 0
    outer loop
      vertex 1.5 0 9.99
      vertex 1.48717 0.195788 12
      vertex 1.48717 0.195788 9.99
    endloop
  endfacet
  facet normal -0.99786 -0.0653898 0
    outer loop
      vertex 1.48717 0.195788 12
      vertex 1.5 0 9.99
      vertex 1.5 0 12
    endloop
  endfacet
  facet normal -0.321443 0.946929 0
    outer loop
      vertex 0.574024 -1.38582 9.99
      vertex 0.388228 -1.44889 12
      vertex 0.574024 -1.38582 12
    endloop
  endfacet
  facet normal -0.321443 0.946929 0
    outer loop
      vertex 0.388228 -1.44889 12
      vertex 0.574024 -1.38582 9.99
      vertex 0.388228 -1.44889 9.99
    endloop
  endfacet
  facet normal -0.831463 -0.55558 0
    outer loop
      vertex 1.29904 0.75 9.99
      vertex 1.19003 0.913141 12
      vertex 1.19003 0.913141 9.99
    endloop
  endfacet
  facet normal -0.831463 -0.55558 0
    outer loop
      vertex 1.19003 0.913141 12
      vertex 1.29904 0.75 9.99
      vertex 1.29904 0.75 12
    endloop
  endfacet
  facet normal 0.896876 -0.442281 0
    outer loop
      vertex -1.38582 0.574024 12
      vertex -1.29904 0.75 9.99
      vertex -1.29904 0.75 12
    endloop
  endfacet
  facet normal 0.896876 -0.442281 0
    outer loop
      vertex -1.29904 0.75 9.99
      vertex -1.38582 0.574024 12
      vertex -1.38582 0.574024 9.99
    endloop
  endfacet
  facet normal 0.55558 -0.831463 0
    outer loop
      vertex -0.913141 1.19003 9.99
      vertex -0.75 1.29904 12
      vertex -0.913141 1.19003 12
    endloop
  endfacet
  facet normal 0.55558 -0.831463 0
    outer loop
      vertex -0.75 1.29904 12
      vertex -0.913141 1.19003 9.99
      vertex -0.75 1.29904 9.99
    endloop
  endfacet
  facet normal 0.659344 -0.751842 0
    outer loop
      vertex -1.06066 1.06066 9.99
      vertex -0.913141 1.19003 12
      vertex -1.06066 1.06066 12
    endloop
  endfacet
  facet normal 0.659344 -0.751842 0
    outer loop
      vertex -0.913141 1.19003 12
      vertex -1.06066 1.06066 9.99
      vertex -0.913141 1.19003 9.99
    endloop
  endfacet
  facet normal 0.751842 -0.659344 0
    outer loop
      vertex -1.19003 0.913141 12
      vertex -1.06066 1.06066 9.99
      vertex -1.06066 1.06066 12
    endloop
  endfacet
  facet normal 0.751842 -0.659344 0
    outer loop
      vertex -1.06066 1.06066 9.99
      vertex -1.19003 0.913141 12
      vertex -1.19003 0.913141 9.99
    endloop
  endfacet
  facet normal -0.946929 0.321443 0
    outer loop
      vertex 1.38582 -0.574024 9.99
      vertex 1.44889 -0.388228 12
      vertex 1.44889 -0.388228 9.99
    endloop
  endfacet
  facet normal -0.946929 0.321443 0
    outer loop
      vertex 1.44889 -0.388228 12
      vertex 1.38582 -0.574024 9.99
      vertex 1.38582 -0.574024 12
    endloop
  endfacet
  facet normal 0.99786 -0.0653898 0
    outer loop
      vertex -1.5 0 12
      vertex -1.48717 0.195788 9.99
      vertex -1.48717 0.195788 12
    endloop
  endfacet
  facet normal 0.99786 -0.0653898 0
    outer loop
      vertex -1.48717 0.195788 9.99
      vertex -1.5 0 12
      vertex -1.5 0 9.99
    endloop
  endfacet
  facet normal -0.55558 -0.831463 0
    outer loop
      vertex 0.75 1.29904 9.99
      vertex 0.913141 1.19003 12
      vertex 0.75 1.29904 12
    endloop
  endfacet
  facet normal -0.55558 -0.831463 -0
    outer loop
      vertex 0.913141 1.19003 12
      vertex 0.75 1.29904 9.99
      vertex 0.913141 1.19003 9.99
    endloop
  endfacet
  facet normal 0.321443 0.946929 -0
    outer loop
      vertex -0.388228 -1.44889 9.99
      vertex -0.574024 -1.38582 12
      vertex -0.388228 -1.44889 12
    endloop
  endfacet
  facet normal 0.321443 0.946929 0
    outer loop
      vertex -0.574024 -1.38582 12
      vertex -0.388228 -1.44889 9.99
      vertex -0.574024 -1.38582 9.99
    endloop
  endfacet
  facet normal 0.751842 0.659344 0
    outer loop
      vertex -1.06066 -1.06066 12
      vertex -1.19003 -0.913141 9.99
      vertex -1.19003 -0.913141 12
    endloop
  endfacet
  facet normal 0.751842 0.659344 0
    outer loop
      vertex -1.19003 -0.913141 9.99
      vertex -1.06066 -1.06066 12
      vertex -1.06066 -1.06066 9.99
    endloop
  endfacet
  facet normal -0.195097 0.980784 0
    outer loop
      vertex 0.388228 -1.44889 9.99
      vertex 0.195788 -1.48717 12
      vertex 0.388228 -1.44889 12
    endloop
  endfacet
  facet normal -0.195097 0.980784 0
    outer loop
      vertex 0.195788 -1.48717 12
      vertex 0.388228 -1.44889 9.99
      vertex 0.195788 -1.48717 9.99
    endloop
  endfacet
  facet normal 0.321443 -0.946929 0
    outer loop
      vertex -0.574024 1.38582 9.99
      vertex -0.388228 1.44889 12
      vertex -0.574024 1.38582 12
    endloop
  endfacet
  facet normal 0.321443 -0.946929 0
    outer loop
      vertex -0.388228 1.44889 12
      vertex -0.574024 1.38582 9.99
      vertex -0.388228 1.44889 9.99
    endloop
  endfacet
  facet normal 0.831463 0.55558 0
    outer loop
      vertex -1.19003 -0.913141 12
      vertex -1.29904 -0.75 9.99
      vertex -1.29904 -0.75 12
    endloop
  endfacet
  facet normal 0.831463 0.55558 0
    outer loop
      vertex -1.29904 -0.75 9.99
      vertex -1.19003 -0.913141 12
      vertex -1.19003 -0.913141 9.99
    endloop
  endfacet
  facet normal -0.55558 0.831463 0
    outer loop
      vertex 0.913141 -1.19003 9.99
      vertex 0.75 -1.29904 12
      vertex 0.913141 -1.19003 12
    endloop
  endfacet
  facet normal -0.55558 0.831463 0
    outer loop
      vertex 0.75 -1.29904 12
      vertex 0.913141 -1.19003 9.99
      vertex 0.75 -1.29904 9.99
    endloop
  endfacet
  facet normal 0.946929 -0.321443 0
    outer loop
      vertex -1.44889 0.388228 12
      vertex -1.38582 0.574024 9.99
      vertex -1.38582 0.574024 12
    endloop
  endfacet
  facet normal 0.946929 -0.321443 0
    outer loop
      vertex -1.38582 0.574024 9.99
      vertex -1.44889 0.388228 12
      vertex -1.44889 0.388228 9.99
    endloop
  endfacet
  facet normal -0.321443 -0.946929 0
    outer loop
      vertex 0.388228 1.44889 9.99
      vertex 0.574024 1.38582 12
      vertex 0.388228 1.44889 12
    endloop
  endfacet
  facet normal -0.321443 -0.946929 -0
    outer loop
      vertex 0.574024 1.38582 12
      vertex 0.388228 1.44889 9.99
      vertex 0.574024 1.38582 9.99
    endloop
  endfacet
  facet normal -0.0653898 -0.99786 0
    outer loop
      vertex 0 1.5 9.99
      vertex 0.195788 1.48717 12
      vertex 0 1.5 12
    endloop
  endfacet
  facet normal -0.0653898 -0.99786 -0
    outer loop
      vertex 0.195788 1.48717 12
      vertex 0 1.5 9.99
      vertex 0.195788 1.48717 9.99
    endloop
  endfacet
  facet normal 0.442281 -0.896876 0
    outer loop
      vertex -0.75 1.29904 9.99
      vertex -0.574024 1.38582 12
      vertex -0.75 1.29904 12
    endloop
  endfacet
  facet normal 0.442281 -0.896876 0
    outer loop
      vertex -0.574024 1.38582 12
      vertex -0.75 1.29904 9.99
      vertex -0.574024 1.38582 9.99
    endloop
  endfacet
  facet normal -0.831463 0.55558 0
    outer loop
      vertex 1.19003 -0.913141 9.99
      vertex 1.29904 -0.75 12
      vertex 1.29904 -0.75 9.99
    endloop
  endfacet
  facet normal -0.831463 0.55558 0
    outer loop
      vertex 1.29904 -0.75 12
      vertex 1.19003 -0.913141 9.99
      vertex 1.19003 -0.913141 12
    endloop
  endfacet
  facet normal 0.99786 0.0653898 0
    outer loop
      vertex -1.48717 -0.195788 12
      vertex -1.5 0 9.99
      vertex -1.5 0 12
    endloop
  endfacet
  facet normal 0.99786 0.0653898 0
    outer loop
      vertex -1.5 0 9.99
      vertex -1.48717 -0.195788 12
      vertex -1.48717 -0.195788 9.99
    endloop
  endfacet
  facet normal 0.946929 0.321443 0
    outer loop
      vertex -1.38582 -0.574024 12
      vertex -1.44889 -0.388228 9.99
      vertex -1.44889 -0.388228 12
    endloop
  endfacet
  facet normal 0.946929 0.321443 0
    outer loop
      vertex -1.44889 -0.388228 9.99
      vertex -1.38582 -0.574024 12
      vertex -1.38582 -0.574024 9.99
    endloop
  endfacet
  facet normal 0.659344 0.751842 -0
    outer loop
      vertex -0.913141 -1.19003 9.99
      vertex -1.06066 -1.06066 12
      vertex -0.913141 -1.19003 12
    endloop
  endfacet
  facet normal 0.659344 0.751842 0
    outer loop
      vertex -1.06066 -1.06066 12
      vertex -0.913141 -1.19003 9.99
      vertex -1.06066 -1.06066 9.99
    endloop
  endfacet
  facet normal -0.442281 -0.896876 0
    outer loop
      vertex 0.574024 1.38582 9.99
      vertex 0.75 1.29904 12
      vertex 0.574024 1.38582 12
    endloop
  endfacet
  facet normal -0.442281 -0.896876 -0
    outer loop
      vertex 0.75 1.29904 12
      vertex 0.574024 1.38582 9.99
      vertex 0.75 1.29904 9.99
    endloop
  endfacet
  facet normal 0.195097 -0.980784 0
    outer loop
      vertex -0.388228 1.44889 9.99
      vertex -0.195788 1.48717 12
      vertex -0.388228 1.44889 12
    endloop
  endfacet
  facet normal 0.195097 -0.980784 0
    outer loop
      vertex -0.195788 1.48717 12
      vertex -0.388228 1.44889 9.99
      vertex -0.195788 1.48717 9.99
    endloop
  endfacet
  facet normal -0.751842 -0.659344 0
    outer loop
      vertex 1.19003 0.913141 9.99
      vertex 1.06066 1.06066 12
      vertex 1.06066 1.06066 9.99
    endloop
  endfacet
  facet normal -0.751842 -0.659344 0
    outer loop
      vertex 1.06066 1.06066 12
      vertex 1.19003 0.913141 9.99
      vertex 1.19003 0.913141 12
    endloop
  endfacet
  facet normal -0.195097 -0.980784 0
    outer loop
      vertex 0.195788 1.48717 9.99
      vertex 0.388228 1.44889 12
      vertex 0.195788 1.48717 12
    endloop
  endfacet
  facet normal -0.195097 -0.980784 -0
    outer loop
      vertex 0.388228 1.44889 12
      vertex 0.195788 1.48717 9.99
      vertex 0.388228 1.44889 9.99
    endloop
  endfacet
  facet normal -0.751842 0.659344 0
    outer loop
      vertex 1.06066 -1.06066 9.99
      vertex 1.19003 -0.913141 12
      vertex 1.19003 -0.913141 9.99
    endloop
  endfacet
  facet normal -0.751842 0.659344 0
    outer loop
      vertex 1.19003 -0.913141 12
      vertex 1.06066 -1.06066 9.99
      vertex 1.06066 -1.06066 12
    endloop
  endfacet
  facet normal 0.442281 0.896876 -0
    outer loop
      vertex -0.574024 -1.38582 9.99
      vertex -0.75 -1.29904 12
      vertex -0.574024 -1.38582 12
    endloop
  endfacet
  facet normal 0.442281 0.896876 0
    outer loop
      vertex -0.75 -1.29904 12
      vertex -0.574024 -1.38582 9.99
      vertex -0.75 -1.29904 9.99
    endloop
  endfacet
  facet normal 0.0653898 -0.99786 0
    outer loop
      vertex -0.195788 1.48717 9.99
      vertex 0 1.5 12
      vertex -0.195788 1.48717 12
    endloop
  endfacet
  facet normal 0.0653898 -0.99786 0
    outer loop
      vertex 0 1.5 12
      vertex -0.195788 1.48717 9.99
      vertex 0 1.5 9.99
    endloop
  endfacet
  facet normal 0.980784 -0.195097 0
    outer loop
      vertex -1.48717 0.195788 12
      vertex -1.44889 0.388228 9.99
      vertex -1.44889 0.388228 12
    endloop
  endfacet
  facet normal 0.980784 -0.195097 0
    outer loop
      vertex -1.44889 0.388228 9.99
      vertex -1.48717 0.195788 12
      vertex -1.48717 0.195788 9.99
    endloop
  endfacet
  facet normal -0.0653898 0.99786 0
    outer loop
      vertex 0.195788 -1.48717 9.99
      vertex 0 -1.5 12
      vertex 0.195788 -1.48717 12
    endloop
  endfacet
  facet normal -0.0653898 0.99786 0
    outer loop
      vertex 0 -1.5 12
      vertex 0.195788 -1.48717 9.99
      vertex 0 -1.5 9.99
    endloop
  endfacet
  facet normal -0.442281 0.896876 0
    outer loop
      vertex 0.75 -1.29904 9.99
      vertex 0.574024 -1.38582 12
      vertex 0.75 -1.29904 12
    endloop
  endfacet
  facet normal -0.442281 0.896876 0
    outer loop
      vertex 0.574024 -1.38582 12
      vertex 0.75 -1.29904 9.99
      vertex 0.574024 -1.38582 9.99
    endloop
  endfacet
  facet normal -0.659344 0.751842 0
    outer loop
      vertex 1.06066 -1.06066 9.99
      vertex 0.913141 -1.19003 12
      vertex 1.06066 -1.06066 12
    endloop
  endfacet
  facet normal -0.659344 0.751842 0
    outer loop
      vertex 0.913141 -1.19003 12
      vertex 1.06066 -1.06066 9.99
      vertex 0.913141 -1.19003 9.99
    endloop
  endfacet
  facet normal 0.896876 0.442281 0
    outer loop
      vertex -1.29904 -0.75 12
      vertex -1.38582 -0.574024 9.99
      vertex -1.38582 -0.574024 12
    endloop
  endfacet
  facet normal 0.896876 0.442281 0
    outer loop
      vertex -1.38582 -0.574024 9.99
      vertex -1.29904 -0.75 12
      vertex -1.29904 -0.75 9.99
    endloop
  endfacet
  facet normal -0.896876 0.442281 0
    outer loop
      vertex 1.29904 -0.75 9.99
      vertex 1.38582 -0.574024 12
      vertex 1.38582 -0.574024 9.99
    endloop
  endfacet
  facet normal -0.896876 0.442281 0
    outer loop
      vertex 1.38582 -0.574024 12
      vertex 1.29904 -0.75 9.99
      vertex 1.29904 -0.75 12
    endloop
  endfacet
  facet normal -0.659344 -0.751842 0
    outer loop
      vertex 0.913141 1.19003 9.99
      vertex 1.06066 1.06066 12
      vertex 0.913141 1.19003 12
    endloop
  endfacet
  facet normal -0.659344 -0.751842 -0
    outer loop
      vertex 1.06066 1.06066 12
      vertex 0.913141 1.19003 9.99
      vertex 1.06066 1.06066 9.99
    endloop
  endfacet
  facet normal -0.99786 0.0653898 0
    outer loop
      vertex 1.48717 -0.195788 9.99
      vertex 1.5 0 12
      vertex 1.5 0 9.99
    endloop
  endfacet
  facet normal -0.99786 0.0653898 0
    outer loop
      vertex 1.5 0 12
      vertex 1.48717 -0.195788 9.99
      vertex 1.48717 -0.195788 12
    endloop
  endfacet
  facet normal 0.55558 0.831463 -0
    outer loop
      vertex -0.75 -1.29904 9.99
      vertex -0.913141 -1.19003 12
      vertex -0.75 -1.29904 12
    endloop
  endfacet
  facet normal 0.55558 0.831463 0
    outer loop
      vertex -0.913141 -1.19003 12
      vertex -0.75 -1.29904 9.99
      vertex -0.913141 -1.19003 9.99
    endloop
  endfacet
  facet normal -0.896876 -0.442281 0
    outer loop
      vertex 1.38582 0.574024 9.99
      vertex 1.29904 0.75 12
      vertex 1.29904 0.75 9.99
    endloop
  endfacet
  facet normal -0.896876 -0.442281 0
    outer loop
      vertex 1.29904 0.75 12
      vertex 1.38582 0.574024 9.99
      vertex 1.38582 0.574024 12
    endloop
  endfacet
  facet normal -0.980784 0.195097 0
    outer loop
      vertex 1.44889 -0.388228 9.99
      vertex 1.48717 -0.195788 12
      vertex 1.48717 -0.195788 9.99
    endloop
  endfacet
  facet normal -0.980784 0.195097 0
    outer loop
      vertex 1.48717 -0.195788 12
      vertex 1.44889 -0.388228 9.99
      vertex 1.44889 -0.388228 12
    endloop
  endfacet
  facet normal -0.946929 -0.321443 0
    outer loop
      vertex 1.44889 0.388228 9.99
      vertex 1.38582 0.574024 12
      vertex 1.38582 0.574024 9.99
    endloop
  endfacet
  facet normal -0.946929 -0.321443 0
    outer loop
      vertex 1.38582 0.574024 12
      vertex 1.44889 0.388228 9.99
      vertex 1.44889 0.388228 12
    endloop
  endfacet
  facet normal 0.980784 0.195097 0
    outer loop
      vertex -1.44889 -0.388228 12
      vertex -1.48717 -0.195788 9.99
      vertex -1.48717 -0.195788 12
    endloop
  endfacet
  facet normal 0.980784 0.195097 0
    outer loop
      vertex -1.48717 -0.195788 9.99
      vertex -1.44889 -0.388228 12
      vertex -1.44889 -0.388228 9.99
    endloop
  endfacet
  facet normal 0.195097 0.980784 -0
    outer loop
      vertex -0.195788 -1.48717 9.99
      vertex -0.388228 -1.44889 12
      vertex -0.195788 -1.48717 12
    endloop
  endfacet
  facet normal 0.195097 0.980784 0
    outer loop
      vertex -0.388228 -1.44889 12
      vertex -0.195788 -1.48717 9.99
      vertex -0.388228 -1.44889 9.99
    endloop
  endfacet
  facet normal 0.831463 -0.55558 0
    outer loop
      vertex -1.29904 0.75 12
      vertex -1.19003 0.913141 9.99
      vertex -1.19003 0.913141 12
    endloop
  endfacet
  facet normal 0.831463 -0.55558 0
    outer loop
      vertex -1.19003 0.913141 9.99
      vertex -1.29904 0.75 12
      vertex -1.29904 0.75 9.99
    endloop
  endfacet
  facet normal 0.0653898 0.99786 -0
    outer loop
      vertex 0 -1.5 9.99
      vertex -0.195788 -1.48717 12
      vertex 0 -1.5 12
    endloop
  endfacet
  facet normal 0.0653898 0.99786 0
    outer loop
      vertex -0.195788 -1.48717 12
      vertex 0 -1.5 9.99
      vertex -0.195788 -1.48717 9.99
    endloop
  endfacet
  facet normal 0.923875 -0.382693 3.40155e-06
    outer loop
      vertex 3.29213 -0.212132 0
      vertex 3.38 0 0.159413
      vertex 3.31001 -0.168965 0.242584
    endloop
  endfacet
  facet normal 0.923882 -0.382677 0
    outer loop
      vertex 3.29213 -0.212132 0
      vertex 3.31001 -0.168965 0.242584
      vertex 3.29213 -0.212132 0.263832
    endloop
  endfacet
  facet normal 0.923876 -0.382691 0
    outer loop
      vertex 3.38 0 0.159413
      vertex 3.29213 -0.212132 0
      vertex 3.38 0 0
    endloop
  endfacet
  facet normal 0.382683 0.92388 0
    outer loop
      vertex 3.08 0.299999 0
      vertex 3.29213 0.212132 0.263832
      vertex 3.29213 0.212132 0
    endloop
  endfacet
  facet normal 0.382693 0.923876 -8.97587e-06
    outer loop
      vertex 3.29213 0.212132 0.263832
      vertex 3.08 0.299999 0
      vertex 3.23475 0.235901 0.342646
    endloop
  endfacet
  facet normal 0.382676 0.923883 0
    outer loop
      vertex 3.23475 0.235901 0.342646
      vertex 3.08 0.299999 0
      vertex 3.08 0.299999 0.555181
    endloop
  endfacet
  facet normal 0.923882 0.382677 0
    outer loop
      vertex 3.31001 0.168965 0.242584
      vertex 3.29213 0.212132 0
      vertex 3.29213 0.212132 0.263832
    endloop
  endfacet
  facet normal 0.923875 0.382693 3.40155e-06
    outer loop
      vertex 3.38 0 0.159413
      vertex 3.29213 0.212132 0
      vertex 3.31001 0.168965 0.242584
    endloop
  endfacet
  facet normal 0.923876 0.382691 0
    outer loop
      vertex 3.29213 0.212132 0
      vertex 3.38 0 0.159413
      vertex 3.38 0 0
    endloop
  endfacet
  facet normal -0.38268 0.923881 0
    outer loop
      vertex 3.05599 0.290053 0.589999
      vertex 2.86787 0.212132 9
      vertex 3.05599 0.290053 9
    endloop
  endfacet
  facet normal -0.382683 0.92388 0
    outer loop
      vertex 2.86787 0.212132 0
      vertex 3.08 0.299999 0.555181
      vertex 3.08 0.299999 0
    endloop
  endfacet
  facet normal -0.38268 0.923881 0
    outer loop
      vertex 3.05599 0.290053 0.589999
      vertex 2.86787 0.212132 0
      vertex 2.86787 0.212132 9
    endloop
  endfacet
  facet normal -0.382699 0.923873 7.06022e-06
    outer loop
      vertex 3.08 0.299999 0.555181
      vertex 2.86787 0.212132 0
      vertex 3.05599 0.290053 0.589999
    endloop
  endfacet
  facet normal 0.382676 -0.923883 0
    outer loop
      vertex 3.08 -0.299999 0
      vertex 3.23475 -0.235901 0.342646
      vertex 3.08 -0.299999 0.555181
    endloop
  endfacet
  facet normal 0.382693 -0.923876 -8.97587e-06
    outer loop
      vertex 3.08 -0.299999 0
      vertex 3.29213 -0.212132 0.263832
      vertex 3.23475 -0.235901 0.342646
    endloop
  endfacet
  facet normal 0.382683 -0.92388 0
    outer loop
      vertex 3.29213 -0.212132 0.263832
      vertex 3.08 -0.299999 0
      vertex 3.29213 -0.212132 0
    endloop
  endfacet
  facet normal -0.923876 0.382691 0
    outer loop
      vertex 2.78 0 0
      vertex 2.86787 0.212132 9
      vertex 2.86787 0.212132 0
    endloop
  endfacet
  facet normal -0.923876 0.382691 0
    outer loop
      vertex 2.86787 0.212132 9
      vertex 2.78 0 0
      vertex 2.78 0 9
    endloop
  endfacet
  facet normal -0.38268 -0.923881 0
    outer loop
      vertex 2.86787 -0.212132 9
      vertex 3.05599 -0.290053 0.589999
      vertex 3.05599 -0.290053 9
    endloop
  endfacet
  facet normal -0.38268 -0.923881 0
    outer loop
      vertex 2.86787 -0.212132 0
      vertex 3.05599 -0.290053 0.589999
      vertex 2.86787 -0.212132 9
    endloop
  endfacet
  facet normal -0.382699 -0.923873 7.06022e-06
    outer loop
      vertex 2.86787 -0.212132 0
      vertex 3.08 -0.299999 0.555181
      vertex 3.05599 -0.290053 0.589999
    endloop
  endfacet
  facet normal -0.382683 -0.92388 -0
    outer loop
      vertex 3.08 -0.299999 0.555181
      vertex 2.86787 -0.212132 0
      vertex 3.08 -0.299999 0
    endloop
  endfacet
  facet normal -0 0 1
    outer loop
      vertex 2.86787 0.212132 9
      vertex 3.075 0 9
      vertex 3.05599 0.290053 9
    endloop
  endfacet
  facet normal 0 0 1
    outer loop
      vertex 3.075 0 9
      vertex 2.86787 0.212132 9
      vertex 2.78 0 9
    endloop
  endfacet
  facet normal 0 -0 1
    outer loop
      vertex 2.86787 -0.212132 9
      vertex 3.075 0 9
      vertex 2.78 0 9
    endloop
  endfacet
  facet normal 0 0 1
    outer loop
      vertex 3.075 0 9
      vertex 2.86787 -0.212132 9
      vertex 3.05599 -0.290053 9
    endloop
  endfacet
  facet normal -0.923876 -0.382691 0
    outer loop
      vertex 2.86787 -0.212132 0
      vertex 2.78 0 9
      vertex 2.78 0 0
    endloop
  endfacet
  facet normal -0.923876 -0.382691 0
    outer loop
      vertex 2.78 0 9
      vertex 2.86787 -0.212132 0
      vertex 2.86787 -0.212132 9
    endloop
  endfacet
  facet normal 0 0 -1
    outer loop
      vertex 3.29213 -0.212132 0
      vertex 3.29213 0.212132 0
      vertex 3.38 0 0
    endloop
  endfacet
  facet normal 0 0 -1
    outer loop
      vertex 3.08 -0.299999 0
      vertex 3.29213 0.212132 0
      vertex 3.29213 -0.212132 0
    endloop
  endfacet
  facet normal 0 0 -1
    outer loop
      vertex 3.08 -0.299999 0
      vertex 3.08 0.299999 0
      vertex 3.29213 0.212132 0
    endloop
  endfacet
  facet normal 0 0 -1
    outer loop
      vertex 2.86787 -0.212132 0
      vertex 3.08 0.299999 0
      vertex 3.08 -0.299999 0
    endloop
  endfacet
  facet normal 0 0 -1
    outer loop
      vertex 2.86787 -0.212132 0
      vertex 2.86787 0.212132 0
      vertex 3.08 0.299999 0
    endloop
  endfacet
  facet normal 0 -0 -1
    outer loop
      vertex 2.86787 0.212132 0
      vertex 2.86787 -0.212132 0
      vertex 2.78 0 0
    endloop
  endfacet
  facet normal -0.793362 0.608751 0
    outer loop
      vertex -1.82978 2.745 0
      vertex -1.69 2.92717 0.159413
      vertex -1.69 2.92717 0
    endloop
  endfacet
  facet normal -0.793362 0.608751 0
    outer loop
      vertex -1.69 2.92717 0.159413
      vertex -1.82978 2.745 0
      vertex -1.82978 2.745 0.263831
    endloop
  endfacet
  facet normal -0.60878 -0.793339 0
    outer loop
      vertex -1.77919 2.50154 0.589999
      vertex -1.61765 2.37758 9
      vertex -1.77919 2.50154 9
    endloop
  endfacet
  facet normal -0.608772 -0.793346 0
    outer loop
      vertex -1.61765 2.37758 0
      vertex -1.79981 2.51736 0.55518
      vertex -1.79981 2.51736 0
    endloop
  endfacet
  facet normal -0.60878 -0.793339 0
    outer loop
      vertex -1.77919 2.50154 0.589999
      vertex -1.61765 2.37758 0
      vertex -1.61765 2.37758 9
    endloop
  endfacet
  facet normal -0.608729 -0.793378 2.19589e-05
    outer loop
      vertex -1.79981 2.51736 0.55518
      vertex -1.61765 2.37758 0
      vertex -1.77919 2.50154 0.589999
    endloop
  endfacet
  facet normal 0.130523 -0.991445 0
    outer loop
      vertex -1.61765 2.37758 0
      vertex -1.39 2.40755 9
      vertex -1.61765 2.37758 9
    endloop
  endfacet
  facet normal 0.130523 -0.991445 0
    outer loop
      vertex -1.39 2.40755 9
      vertex -1.61765 2.37758 0
      vertex -1.39 2.40755 0
    endloop
  endfacet
  facet normal 0.991444 0.130536 0
    outer loop
      vertex -1.2768 2.79159 9
      vertex -1.25022 2.58971 9
      vertex -1.2768 2.79159 0.589999
    endloop
  endfacet
  facet normal 0.991454 0.13046 2.64613e-05
    outer loop
      vertex -1.25022 2.58971 0
      vertex -1.28019 2.81736 0.55518
      vertex -1.2768 2.79159 0.589999
    endloop
  endfacet
  facet normal 0.991445 0.130523 0
    outer loop
      vertex -1.28019 2.81736 0.55518
      vertex -1.25022 2.58971 0
      vertex -1.28019 2.81736 0
    endloop
  endfacet
  facet normal 0.991444 0.130536 -0
    outer loop
      vertex -1.25022 2.58971 0
      vertex -1.2768 2.79159 0.589999
      vertex -1.25022 2.58971 9
    endloop
  endfacet
  facet normal 0.608724 0.793382 -0
    outer loop
      vertex -1.28019 2.81736 0
      vertex -1.41308 2.91932 0.342646
      vertex -1.28019 2.81736 0.55518
    endloop
  endfacet
  facet normal 0.608833 0.793298 6.75861e-05
    outer loop
      vertex -1.41308 2.91932 0.342646
      vertex -1.28019 2.81736 0
      vertex -1.46235 2.95714 0.263833
    endloop
  endfacet
  facet normal 0.608772 0.793346 0
    outer loop
      vertex -1.46235 2.95714 0.263833
      vertex -1.28019 2.81736 0
      vertex -1.46235 2.95714 0
    endloop
  endfacet
  facet normal -0 0 1
    outer loop
      vertex -1.5375 2.66303 9
      vertex -1.25022 2.58971 9
      vertex -1.2768 2.79159 9
    endloop
  endfacet
  facet normal 0 0 1
    outer loop
      vertex -1.25022 2.58971 9
      vertex -1.5375 2.66303 9
      vertex -1.39 2.40755 9
    endloop
  endfacet
  facet normal 0 0 1
    outer loop
      vertex -1.5375 2.66303 9
      vertex -1.61765 2.37758 9
      vertex -1.39 2.40755 9
    endloop
  endfacet
  facet normal 0 -0 1
    outer loop
      vertex -1.61765 2.37758 9
      vertex -1.5375 2.66303 9
      vertex -1.77919 2.50154 9
    endloop
  endfacet
  facet normal -0.991445 -0.130529 0
    outer loop
      vertex -1.79981 2.51736 0
      vertex -1.82978 2.745 0.263831
      vertex -1.82978 2.745 0
    endloop
  endfacet
  facet normal -0.991432 -0.130622 8.15101e-05
    outer loop
      vertex -1.82978 2.745 0.263831
      vertex -1.79981 2.51736 0
      vertex -1.82627 2.71838 0.297899
    endloop
  endfacet
  facet normal -0.991448 -0.130503 0
    outer loop
      vertex -1.82627 2.71838 0.297899
      vertex -1.79981 2.51736 0
      vertex -1.79981 2.51736 0.55518
    endloop
  endfacet
  facet normal 0.793346 -0.608772 0
    outer loop
      vertex -1.39 2.40755 9
      vertex -1.25022 2.58971 0
      vertex -1.25022 2.58971 9
    endloop
  endfacet
  facet normal 0.793346 -0.608772 0
    outer loop
      vertex -1.25022 2.58971 0
      vertex -1.39 2.40755 9
      vertex -1.39 2.40755 0
    endloop
  endfacet
  facet normal -0.130538 0.991443 0
    outer loop
      vertex -1.46235 2.95714 0
      vertex -1.50868 2.95104 0.242584
      vertex -1.46235 2.95714 0.263833
    endloop
  endfacet
  facet normal -0.130521 0.991446 3.21027e-06
    outer loop
      vertex -1.50868 2.95104 0.242584
      vertex -1.46235 2.95714 0
      vertex -1.69 2.92717 0.159413
    endloop
  endfacet
  facet normal -0.130523 0.991445 0
    outer loop
      vertex -1.69 2.92717 0
      vertex -1.69 2.92717 0.159413
      vertex -1.46235 2.95714 0
    endloop
  endfacet
  facet normal 0 0 -1
    outer loop
      vertex -1.39 2.40755 0
      vertex -1.28019 2.81736 0
      vertex -1.25022 2.58971 0
    endloop
  endfacet
  facet normal 0 0 -1
    outer loop
      vertex -1.39 2.40755 0
      vertex -1.46235 2.95714 0
      vertex -1.28019 2.81736 0
    endloop
  endfacet
  facet normal 0 0 -1
    outer loop
      vertex -1.61765 2.37758 0
      vertex -1.46235 2.95714 0
      vertex -1.39 2.40755 0
    endloop
  endfacet
  facet normal 0 0 -1
    outer loop
      vertex -1.61765 2.37758 0
      vertex -1.69 2.92717 0
      vertex -1.46235 2.95714 0
    endloop
  endfacet
  facet normal 0 0 -1
    outer loop
      vertex -1.79981 2.51736 0
      vertex -1.69 2.92717 0
      vertex -1.61765 2.37758 0
    endloop
  endfacet
  facet normal 0 0 -1
    outer loop
      vertex -1.69 2.92717 0
      vertex -1.79981 2.51736 0
      vertex -1.82978 2.745 0
    endloop
  endfacet
  facet normal 0.130523 0.991445 -0
    outer loop
      vertex -1.39 -2.40755 0
      vertex -1.61765 -2.37758 9
      vertex -1.39 -2.40755 9
    endloop
  endfacet
  facet normal 0.130523 0.991445 0
    outer loop
      vertex -1.61765 -2.37758 9
      vertex -1.39 -2.40755 0
      vertex -1.61765 -2.37758 0
    endloop
  endfacet
  facet normal -0.991448 0.130503 0
    outer loop
      vertex -1.79981 -2.51736 0
      vertex -1.82627 -2.71838 0.297899
      vertex -1.79981 -2.51736 0.55518
    endloop
  endfacet
  facet normal -0.991445 0.130529 0
    outer loop
      vertex -1.82978 -2.745 0.263831
      vertex -1.79981 -2.51736 0
      vertex -1.82978 -2.745 0
    endloop
  endfacet
  facet normal -0.991432 0.130622 8.15101e-05
    outer loop
      vertex -1.79981 -2.51736 0
      vertex -1.82978 -2.745 0.263831
      vertex -1.82627 -2.71838 0.297899
    endloop
  endfacet
  facet normal 0.991444 -0.130536 0
    outer loop
      vertex -1.2768 -2.79159 0.589999
      vertex -1.25022 -2.58971 9
      vertex -1.2768 -2.79159 9
    endloop
  endfacet
  facet normal 0.991444 -0.130536 0
    outer loop
      vertex -1.25022 -2.58971 9
      vertex -1.2768 -2.79159 0.589999
      vertex -1.25022 -2.58971 0
    endloop
  endfacet
  facet normal 0.991454 -0.13046 2.64613e-05
    outer loop
      vertex -1.28019 -2.81736 0.55518
      vertex -1.25022 -2.58971 0
      vertex -1.2768 -2.79159 0.589999
    endloop
  endfacet
  facet normal 0.991445 -0.130523 0
    outer loop
      vertex -1.25022 -2.58971 0
      vertex -1.28019 -2.81736 0.55518
      vertex -1.28019 -2.81736 0
    endloop
  endfacet
  facet normal -0.130521 -0.991446 3.21027e-06
    outer loop
      vertex -1.46235 -2.95714 0
      vertex -1.50868 -2.95104 0.242584
      vertex -1.69 -2.92717 0.159413
    endloop
  endfacet
  facet normal -0.130523 -0.991445 -0
    outer loop
      vertex -1.69 -2.92717 0.159413
      vertex -1.69 -2.92717 0
      vertex -1.46235 -2.95714 0
    endloop
  endfacet
  facet normal -0.130538 -0.991443 0
    outer loop
      vertex -1.50868 -2.95104 0.242584
      vertex -1.46235 -2.95714 0
      vertex -1.46235 -2.95714 0.263833
    endloop
  endfacet
  facet normal 0.793346 0.608772 0
    outer loop
      vertex -1.25022 -2.58971 9
      vertex -1.39 -2.40755 0
      vertex -1.39 -2.40755 9
    endloop
  endfacet
  facet normal 0.793346 0.608772 0
    outer loop
      vertex -1.39 -2.40755 0
      vertex -1.25022 -2.58971 9
      vertex -1.25022 -2.58971 0
    endloop
  endfacet
  facet normal -0.793362 -0.608751 -0
    outer loop
      vertex -1.69 -2.92717 0.159413
      vertex -1.82978 -2.745 0
      vertex -1.69 -2.92717 0
    endloop
  endfacet
  facet normal -0.793362 -0.608751 0
    outer loop
      vertex -1.82978 -2.745 0
      vertex -1.69 -2.92717 0.159413
      vertex -1.82978 -2.745 0.263831
    endloop
  endfacet
  facet normal 0 0 -1
    outer loop
      vertex -1.28019 -2.81736 0
      vertex -1.39 -2.40755 0
      vertex -1.25022 -2.58971 0
    endloop
  endfacet
  facet normal 0 0 -1
    outer loop
      vertex -1.46235 -2.95714 0
      vertex -1.39 -2.40755 0
      vertex -1.28019 -2.81736 0
    endloop
  endfacet
  facet normal 0 0 -1
    outer loop
      vertex -1.46235 -2.95714 0
      vertex -1.61765 -2.37758 0
      vertex -1.39 -2.40755 0
    endloop
  endfacet
  facet normal 0 0 -1
    outer loop
      vertex -1.69 -2.92717 0
      vertex -1.61765 -2.37758 0
      vertex -1.46235 -2.95714 0
    endloop
  endfacet
  facet normal 0 0 -1
    outer loop
      vertex -1.69 -2.92717 0
      vertex -1.79981 -2.51736 0
      vertex -1.61765 -2.37758 0
    endloop
  endfacet
  facet normal 0 -0 -1
    outer loop
      vertex -1.79981 -2.51736 0
      vertex -1.69 -2.92717 0
      vertex -1.82978 -2.745 0
    endloop
  endfacet
  facet normal -0.60878 0.793339 0
    outer loop
      vertex -1.61765 -2.37758 9
      vertex -1.77919 -2.50154 0.589999
      vertex -1.77919 -2.50154 9
    endloop
  endfacet
  facet normal -0.60878 0.793339 0
    outer loop
      vertex -1.61765 -2.37758 0
      vertex -1.77919 -2.50154 0.589999
      vertex -1.61765 -2.37758 9
    endloop
  endfacet
  facet normal -0.608729 0.793378 2.19589e-05
    outer loop
      vertex -1.61765 -2.37758 0
      vertex -1.79981 -2.51736 0.55518
      vertex -1.77919 -2.50154 0.589999
    endloop
  endfacet
  facet normal -0.608772 0.793346 0
    outer loop
      vertex -1.79981 -2.51736 0.55518
      vertex -1.61765 -2.37758 0
      vertex -1.79981 -2.51736 0
    endloop
  endfacet
  facet normal 0.608833 -0.793298 6.75861e-05
    outer loop
      vertex -1.28019 -2.81736 0
      vertex -1.41308 -2.91932 0.342646
      vertex -1.46235 -2.95714 0.263833
    endloop
  endfacet
  facet normal 0.608772 -0.793346 0
    outer loop
      vertex -1.28019 -2.81736 0
      vertex -1.46235 -2.95714 0.263833
      vertex -1.46235 -2.95714 0
    endloop
  endfacet
  facet normal 0.608724 -0.793382 0
    outer loop
      vertex -1.41308 -2.91932 0.342646
      vertex -1.28019 -2.81736 0
      vertex -1.28019 -2.81736 0.55518
    endloop
  endfacet
  facet normal 0 0 1
    outer loop
      vertex -1.5375 -2.66303 9
      vertex -1.25022 -2.58971 9
      vertex -1.39 -2.40755 9
    endloop
  endfacet
  facet normal 0 0 1
    outer loop
      vertex -1.25022 -2.58971 9
      vertex -1.5375 -2.66303 9
      vertex -1.2768 -2.79159 9
    endloop
  endfacet
  facet normal 0 0 1
    outer loop
      vertex -1.61765 -2.37758 9
      vertex -1.5375 -2.66303 9
      vertex -1.39 -2.40755 9
    endloop
  endfacet
  facet normal 0 0 1
    outer loop
      vertex -1.5375 -2.66303 9
      vertex -1.61765 -2.37758 9
      vertex -1.77919 -2.50154 9
    endloop
  endfacet
endsolid OpenSCAD_Model
