solid OpenSCAD_Model
  facet normal 0 0 -1
    outer loop
      vertex 5 14 0
      vertex 1.5483495705504469 6.8516504294495535 0
      vertex 0.25 5.628042083199556 0
    endloop
  endfacet
  facet normal 0 0 -1
    outer loop
      vertex 7.1750750260921325 1.9171446412172979 0
      vertex 7.447595264191644 2.325 0
      vertex 10.677052501831053 3.998982895557499 0
    endloop
  endfacet
  facet normal 0 0 -1
    outer loop
      vertex 7.447595264191644 2.325 0
      vertex 7.664548246917326 2.7649371286309137 0
      vertex 10.402947498168945 3.998982895557499 0
    endloop
  endfacet
  facet normal 0 0 -1
    outer loop
      vertex 7.8222218485840065 3.229428580865547 0
      vertex 10.138182396016655 4.069926490863149 0
      vertex 7.664548246917326 2.7649371286309137 0
    endloop
  endfacet
  facet normal 0 0 -1
    outer loop
      vertex 10.014999999999999 4.13067332602634 0
      vertex 7.8222218485840065 3.229428580865547 0
      vertex 7.917918230151789 3.7105267791748067 0
    endloop
  endfacet
  facet normal 0 0 -1
    outer loop
      vertex 7.917918230151789 3.7105267791748067 0
      vertex 7.95 4.2 0
      vertex 9.630673326026338 4.515 0
    endloop
  endfacet
  facet normal 0 0 -1
    outer loop
      vertex 7.917918230151789 4.689473220825193 0
      vertex 9.525777882396477 4.7682400026423535 0
      vertex 7.95 4.2 0
    endloop
  endfacet
  facet normal 0 0 -1
    outer loop
      vertex 7.8222218485840065 5.170571419134453 0
      vertex 7.664548246917326 5.635062871369087 0
      vertex 9.525777882396477 5.311759997357647 0
    endloop
  endfacet
  facet normal 0 0 -1
    outer loop
      vertex 9.498982895557498 4.902947498168946 0
      vertex 7.917918230151789 4.689473220825193 0
      vertex 7.8222218485840065 5.170571419134453 0
    endloop
  endfacet
  facet normal 0 0 -1
    outer loop
      vertex 9.498982895557498 4.902947498168946 0
      vertex 7.8222218485840065 5.170571419134453 0
      vertex 9.489999999999998 5.04 0
    endloop
  endfacet
  facet normal 0 0 -1
    outer loop
      vertex 7.8222218485840065 5.170571419134453 0
      vertex 9.498982895557498 5.177052501831054 0
      vertex 9.489999999999998 5.04 0
    endloop
  endfacet
  facet normal 0 0 -1
    outer loop
      vertex 7.664548246917326 5.635062871369087 0
      vertex 9.569926490863148 5.441817603983345 0
      vertex 9.525777882396477 5.311759997357647 0
    endloop
  endfacet
  facet normal 0 0 -1
    outer loop
      vertex 7.664548246917326 5.635062871369087 0
      vertex 7.447595264191644 6.075 0
      vertex 9.630673326026338 5.565 0
    endloop
  endfacet
  facet normal -1 0 0
    outer loop
      vertex 0.25 5.628042083199556 0
      vertex 0.25 5.628042083199556 1.5999999999999996
      vertex 0.25 14 0
    endloop
  endfacet
  facet normal 0 0 -1
    outer loop
      vertex 0.25 14 0
      vertex 5 14 0
      vertex 0.25 5.628042083199556 0
    endloop
  endfacet
  facet normal 0 0 -1
    outer loop
      vertex 5 14 0
      vertex 1.9171446412172979 7.1750750260921325 0
      vertex 1.5483495705504469 6.8516504294495535 0
    endloop
  endfacet
  facet normal 0 0 -1
    outer loop
      vertex 5 14 0
      vertex 2.325 7.447595264191644 0
      vertex 1.9171446412172979 7.1750750260921325 0
    endloop
  endfacet
  facet normal 0 0 -1
    outer loop
      vertex 5 14 0
      vertex 2.7649371286309137 7.664548246917326 0
      vertex 2.325 7.447595264191644 0
    endloop
  endfacet
  facet normal 0 0 -1
    outer loop
      vertex 5 14 0
      vertex 3.229428580865547 7.8222218485840065 0
      vertex 2.7649371286309137 7.664548246917326 0
    endloop
  endfacet
  facet normal 0 0 -1
    outer loop
      vertex 5 14 0
      vertex 3.7105267791748067 7.917918230151789 0
      vertex 3.229428580865547 7.8222218485840065 0
    endloop
  endfacet
  facet normal 0 0 -1
    outer loop
      vertex 5 14 0
      vertex 4.2 7.95 0
      vertex 3.7105267791748067 7.917918230151789 0
    endloop
  endfacet
  facet normal 0 0 -1
    outer loop
      vertex 4.2 7.95 0
      vertex 5 14 0
      vertex 4.689473220825193 7.917918230151789 0
    endloop
  endfacet
  facet normal 0 0 -1
    outer loop
      vertex 4.689473220825193 7.917918230151789 0
      vertex 5 14 0
      vertex 5.170571419134453 7.8222218485840065 0
    endloop
  endfacet
  facet normal 0 0 -1
    outer loop
      vertex 5.170571419134453 7.8222218485840065 0
      vertex 13 14.5 0
      vertex 5.635062871369087 7.664548246917326 0
    endloop
  endfacet
  facet normal 0 0 -1
    outer loop
      vertex 6.075 7.447595264191644 0
      vertex 5.635062871369087 7.664548246917326 0
      vertex 13 14.5 0
    endloop
  endfacet
  facet normal 0 0 -1
    outer loop
      vertex 6.482855358782702 7.1750750260921325 0
      vertex 6.075 7.447595264191644 0
      vertex 13 14.5 0
    endloop
  endfacet
  facet normal 0 0 -1
    outer loop
      vertex 6.8516504294495535 6.8516504294495535 0
      vertex 6.482855358782702 7.1750750260921325 0
      vertex 13 14.5 0
    endloop
  endfacet
  facet normal 0 0 -1
    outer loop
      vertex 5 14 0
      vertex 13 14.5 0
      vertex 5.170571419134453 7.8222218485840065 0
    endloop
  endfacet
  facet normal 0 0 -1
    outer loop
      vertex 7.447595264191644 2.325 0
      vertex 10.402947498168945 3.998982895557499 0
      vertex 10.54 3.99 0
    endloop
  endfacet
  facet normal 0 0 -1
    outer loop
      vertex 7.1750750260921325 1.9171446412172979 0
      vertex 10.677052501831053 3.998982895557499 0
      vertex 10.811759997357646 4.025777882396478 0
    endloop
  endfacet
  facet normal 0 0 -1
    outer loop
      vertex 10.54 3.99 0
      vertex 10.677052501831053 3.998982895557499 0
      vertex 7.447595264191644 2.325 0
    endloop
  endfacet
  facet normal 0 0 -1
    outer loop
      vertex 10.138182396016655 4.069926490863149 0
      vertex 10.268240002642353 4.025777882396478 0
      vertex 7.664548246917326 2.7649371286309137 0
    endloop
  endfacet
  facet normal 0 0 -1
    outer loop
      vertex 7.664548246917326 2.7649371286309137 0
      vertex 10.268240002642353 4.025777882396478 0
      vertex 10.402947498168945 3.998982895557499 0
    endloop
  endfacet
  facet normal 0 0 -1
    outer loop
      vertex 7.8222218485840065 3.229428580865547 0
      vertex 10.014999999999999 4.13067332602634 0
      vertex 10.138182396016655 4.069926490863149 0
    endloop
  endfacet
  facet normal 0 0 -1
    outer loop
      vertex 9.900800499540843 4.206978992694203 0
      vertex 10.014999999999999 4.13067332602634 0
      vertex 7.917918230151789 3.7105267791748067 0
    endloop
  endfacet
  facet normal 0 0 -1
    outer loop
      vertex 7.917918230151789 3.7105267791748067 0
      vertex 9.706978992694202 4.400800499540844 0
      vertex 9.797537879754124 4.297537879754125 0
    endloop
  endfacet
  facet normal 0 0 -1
    outer loop
      vertex 7.917918230151789 3.7105267791748067 0
      vertex 9.797537879754124 4.297537879754125 0
      vertex 9.900800499540843 4.206978992694203 0
    endloop
  endfacet
  facet normal 0 0 -1
    outer loop
      vertex 7.917918230151789 3.7105267791748067 0
      vertex 9.630673326026338 4.515 0
      vertex 9.706978992694202 4.400800499540844 0
    endloop
  endfacet
  facet normal 0 0 -1
    outer loop
      vertex 9.630673326026338 4.515 0
      vertex 7.95 4.2 0
      vertex 9.569926490863148 4.6381823960166555 0
    endloop
  endfacet
  facet normal 0 0 -1
    outer loop
      vertex 9.569926490863148 4.6381823960166555 0
      vertex 7.95 4.2 0
      vertex 9.525777882396477 4.7682400026423535 0
    endloop
  endfacet
  facet normal 0 0 -1
    outer loop
      vertex 9.525777882396477 4.7682400026423535 0
      vertex 7.917918230151789 4.689473220825193 0
      vertex 9.498982895557498 4.902947498168946 0
    endloop
  endfacet
  facet normal 0 0 -1
    outer loop
      vertex 7.8222218485840065 5.170571419134453 0
      vertex 9.525777882396477 5.311759997357647 0
      vertex 9.498982895557498 5.177052501831054 0
    endloop
  endfacet
  facet normal 0 0 -1
    outer loop
      vertex 7.664548246917326 5.635062871369087 0
      vertex 9.630673326026338 5.565 0
      vertex 9.569926490863148 5.441817603983345 0
    endloop
  endfacet
  facet normal 0 0 -1
    outer loop
      vertex 7.447595264191644 6.075 0
      vertex 13 14.5 0
      vertex 9.630673326026338 5.565 0
    endloop
  endfacet
  facet normal 0 0 -1
    outer loop
      vertex 9.630673326026338 5.565 0
      vertex 13 14.5 0
      vertex 9.706978992694202 5.6791995004591564 0
    endloop
  endfacet
  facet normal 0 0 -1
    outer loop
      vertex 9.706978992694202 5.6791995004591564 0
      vertex 13 14.5 0
      vertex 9.797537879754124 5.782462120245875 0
    endloop
  endfacet
  facet normal 0 0 -1
    outer loop
      vertex 9.900800499540843 5.873021007305797 0
      vertex 9.797537879754124 5.782462120245875 0
      vertex 13 14.5 0
    endloop
  endfacet
  facet normal 0 0 -1
    outer loop
      vertex 10.014999999999999 5.94932667397366 0
      vertex 9.900800499540843 5.873021007305797 0
      vertex 13 14.5 0
    endloop
  endfacet
  facet normal 0 0 -1
    outer loop
      vertex 10.138182396016655 6.010073509136851 0
      vertex 10.014999999999999 5.94932667397366 0
      vertex 13 14.5 0
    endloop
  endfacet
  facet normal 0 0 -1
    outer loop
      vertex 10.268240002642353 6.054222117603522 0
      vertex 10.138182396016655 6.010073509136851 0
      vertex 13 14.5 0
    endloop
  endfacet
  facet normal 0 0 -1
    outer loop
      vertex 10.402947498168945 6.081017104442501 0
      vertex 10.268240002642353 6.054222117603522 0
      vertex 13 14.5 0
    endloop
  endfacet
  facet normal 0 0 -1
    outer loop
      vertex 10.54 6.09 0
      vertex 10.402947498168945 6.081017104442501 0
      vertex 13 14.5 0
    endloop
  endfacet
  facet normal 0 0 -1
    outer loop
      vertex 10.677052501831053 6.081017104442501 0
      vertex 10.54 6.09 0
      vertex 13 14.5 0
    endloop
  endfacet
  facet normal 0 0 -1
    outer loop
      vertex 10.811759997357646 6.054222117603522 0
      vertex 10.677052501831053 6.081017104442501 0
      vertex 13 14.5 0
    endloop
  endfacet
  facet normal 0 0 -1
    outer loop
      vertex 10.941817603983344 6.010073509136851 0
      vertex 10.811759997357646 6.054222117603522 0
      vertex 13 14.5 0
    endloop
  endfacet
  facet normal 0 0 -1
    outer loop
      vertex 28.048240002642352 4.025777882396478 0
      vertex 6.8516504294495535 1.5483495705504469 0
      vertex 7.1750750260921325 1.9171446412172979 0
    endloop
  endfacet
  facet normal 0 0 -1
    outer loop
      vertex 7.1750750260921325 1.9171446412172979 0
      vertex 10.811759997357646 4.025777882396478 0
      vertex 28.048240002642352 4.025777882396478 0
    endloop
  endfacet
  facet normal 0 0 -1
    outer loop
      vertex 10.811759997357646 4.025777882396478 0
      vertex 10.941817603983344 4.069926490863149 0
      vertex 28.048240002642352 4.025777882396478 0
    endloop
  endfacet
  facet normal 0 0 -1
    outer loop
      vertex 10.941817603983344 4.069926490863149 0
      vertex 11.065 4.13067332602634 0
      vertex 27.918182396016658 4.069926490863149 0
    endloop
  endfacet
  facet normal 0 0 -1
    outer loop
      vertex 11.065 4.13067332602634 0
      vertex 11.179199500459156 4.206978992694203 0
      vertex 27.795 4.13067332602634 0
    endloop
  endfacet
  facet normal 0 0 -1
    outer loop
      vertex 11.179199500459156 4.206978992694203 0
      vertex 11.282462120245874 4.297537879754125 0
      vertex 27.680800499540844 4.206978992694203 0
    endloop
  endfacet
  facet normal 0 0 -1
    outer loop
      vertex 11.282462120245874 4.297537879754125 0
      vertex 11.373021007305796 4.400800499540844 0
      vertex 27.577537879754125 4.297537879754125 0
    endloop
  endfacet
  facet normal 0 0 -1
    outer loop
      vertex 11.44932667397366 4.515 0
      vertex 27.486978992694205 4.400800499540844 0
      vertex 11.373021007305796 4.400800499540844 0
    endloop
  endfacet
  facet normal 0 0 -1
    outer loop
      vertex 11.51007350913685 4.6381823960166555 0
      vertex 27.41067332602634 4.515 0
      vertex 11.44932667397366 4.515 0
    endloop
  endfacet
  facet normal 0 0 -1
    outer loop
      vertex 11.554222117603521 4.7682400026423535 0
      vertex 27.349926490863147 4.6381823960166555 0
      vertex 11.51007350913685 4.6381823960166555 0
    endloop
  endfacet
  facet normal 0 0 -1
    outer loop
      vertex 11.5810171044425 4.902947498168946 0
      vertex 27.305777882396477 4.7682400026423535 0
      vertex 11.554222117603521 4.7682400026423535 0
    endloop
  endfacet
  facet normal 0 0 -1
    outer loop
      vertex 11.59 5.04 0
      vertex 27.278982895557498 4.902947498168946 0
      vertex 11.5810171044425 4.902947498168946 0
    endloop
  endfacet
  facet normal 0 0 -1
    outer loop
      vertex 11.5810171044425 5.177052501831054 0
      vertex 27.27 5.04 0
      vertex 11.59 5.04 0
    endloop
  endfacet
  facet normal 0 0 -1
    outer loop
      vertex 11.554222117603521 5.311759997357647 0
      vertex 27.278982895557498 5.177052501831054 0
      vertex 11.5810171044425 5.177052501831054 0
    endloop
  endfacet
  facet normal 0 0 -1
    outer loop
      vertex 11.51007350913685 5.441817603983345 0
      vertex 27.305777882396477 5.311759997357647 0
      vertex 11.554222117603521 5.311759997357647 0
    endloop
  endfacet
  facet normal 0 0 -1
    outer loop
      vertex 11.44932667397366 5.565 0
      vertex 27.349926490863147 5.441817603983345 0
      vertex 11.51007350913685 5.441817603983345 0
    endloop
  endfacet
  facet normal 0 0 -1
    outer loop
      vertex 11.065 5.94932667397366 0
      vertex 10.941817603983344 6.010073509136851 0
      vertex 25.86 14.5 0
    endloop
  endfacet
  facet normal 0 0 -1
    outer loop
      vertex 11.373021007305796 5.6791995004591564 0
      vertex 25.86 14.5 0
      vertex 11.44932667397366 5.565 0
    endloop
  endfacet
  facet normal 0 0 -1
    outer loop
      vertex 11.179199500459156 5.873021007305797 0
      vertex 11.065 5.94932667397366 0
      vertex 25.86 14.5 0
    endloop
  endfacet
  facet normal 0 0 -1
    outer loop
      vertex 25.86 14.5 0
      vertex 11.282462120245874 5.782462120245875 0
      vertex 11.179199500459156 5.873021007305797 0
    endloop
  endfacet
  facet normal 0 0 -1
    outer loop
      vertex 11.282462120245874 5.782462120245875 0
      vertex 25.86 14.5 0
      vertex 11.373021007305796 5.6791995004591564 0
    endloop
  endfacet
  facet normal 0 0 -1
    outer loop
      vertex 7.1750750260921325 6.482855358782702 0
      vertex 13 14.5 0
      vertex 7.447595264191644 6.075 0
    endloop
  endfacet
  facet normal 0 0 -1
    outer loop
      vertex 6.8516504294495535 6.8516504294495535 0
      vertex 13 14.5 0
      vertex 7.1750750260921325 6.482855358782702 0
    endloop
  endfacet
  facet normal 0 0 -1
    outer loop
      vertex 5 14 0
      vertex 13 19.5 0
      vertex 13 14.5 0
    endloop
  endfacet
  facet normal 0 0 -1
    outer loop
      vertex 10.941817603983344 6.010073509136851 0
      vertex 13 14.5 0
      vertex 25.86 14.5 0
    endloop
  endfacet
  facet normal 0 0 1
    outer loop
      vertex 0.25 5.628042083199556 1.5999999999999996
      vertex 1.5483495705504469 6.8516504294495535 1.5999999999999996
      vertex 0.25 14 1.5999999999999996
    endloop
  endfacet
  facet normal 0 0 1
    outer loop
      vertex 10.866315480550128 2.561387846565474 1.5999999999999996
      vertex 6.8516504294495535 1.5483495705504469 1.5999999999999996
      vertex 5.628042083199556 0.25 1.5999999999999996
    endloop
  endfacet
  facet normal 0 0 1
    outer loop
      vertex 9.29 2.8749364905389037 1.5999999999999996
      vertex 7.447595264191644 2.325 1.5999999999999996
      vertex 7.1750750260921325 1.9171446412172979 1.5999999999999996
    endloop
  endfacet
  facet normal 0 0 1
    outer loop
      vertex 10.866315480550128 2.561387846565474 1.5999999999999996
      vertex 7.1750750260921325 1.9171446412172979 1.5999999999999996
      vertex 6.8516504294495535 1.5483495705504469 1.5999999999999996
    endloop
  endfacet
  facet normal 0 0 1
    outer loop
      vertex 9.018096427478199 3.0566166492719122 1.5999999999999996
      vertex 7.664548246917326 2.7649371286309137 1.5999999999999996
      vertex 7.447595264191644 2.325 1.5999999999999996
    endloop
  endfacet
  facet normal 0 0 1
    outer loop
      vertex 8.77223304703363 3.272233047033631 1.5999999999999996
      vertex 7.8222218485840065 3.229428580865547 1.5999999999999996
      vertex 7.664548246917326 2.7649371286309137 1.5999999999999996
    endloop
  endfacet
  facet normal 0 0 1
    outer loop
      vertex 8.77223304703363 3.272233047033631 1.5999999999999996
      vertex 8.556616649271911 3.5180964274781985 1.5999999999999996
      vertex 7.8222218485840065 3.229428580865547 1.5999999999999996
    endloop
  endfacet
  facet normal 0 0 1
    outer loop
      vertex 9.29 2.8749364905389037 1.5999999999999996
      vertex 9.018096427478199 3.0566166492719122 1.5999999999999996
      vertex 7.447595264191644 2.325 1.5999999999999996
    endloop
  endfacet
  facet normal 0 0 1
    outer loop
      vertex 9.29 2.8749364905389037 1.5999999999999996
      vertex 7.1750750260921325 1.9171446412172979 1.5999999999999996
      vertex 9.583291419087274 2.730301168721783 1.5999999999999996
    endloop
  endfacet
  facet normal 0 0 1
    outer loop
      vertex 9.583291419087274 2.730301168721783 1.5999999999999996
      vertex 7.1750750260921325 1.9171446412172979 1.5999999999999996
      vertex 9.892952387243698 2.6251854342773293 1.5999999999999996
    endloop
  endfacet
  facet normal 0 0 1
    outer loop
      vertex 8.77223304703363 3.272233047033631 1.5999999999999996
      vertex 7.664548246917326 2.7649371286309137 1.5999999999999996
      vertex 9.018096427478199 3.0566166492719122 1.5999999999999996
    endloop
  endfacet
  facet normal 0 0 1
    outer loop
      vertex 8.374936490538904 3.79 1.5999999999999996
      vertex 7.917918230151789 3.7105267791748067 1.5999999999999996
      vertex 7.8222218485840065 3.229428580865547 1.5999999999999996
    endloop
  endfacet
  facet normal 0 0 1
    outer loop
      vertex 8.230301168721782 4.083291419087276 1.5999999999999996
      vertex 7.95 4.2 1.5999999999999996
      vertex 7.917918230151789 3.7105267791748067 1.5999999999999996
    endloop
  endfacet
  facet normal 0 0 1
    outer loop
      vertex 8.374936490538904 3.79 1.5999999999999996
      vertex 7.8222218485840065 3.229428580865547 1.5999999999999996
      vertex 8.556616649271911 3.5180964274781985 1.5999999999999996
    endloop
  endfacet
  facet normal 0 0 1
    outer loop
      vertex 8.374936490538904 3.79 1.5999999999999996
      vertex 8.230301168721782 4.083291419087276 1.5999999999999996
      vertex 7.917918230151789 3.7105267791748067 1.5999999999999996
    endloop
  endfacet
  facet normal 0 0 1
    outer loop
      vertex 8.230301168721782 4.083291419087276 1.5999999999999996
      vertex 8.125185434277329 4.392952387243698 1.5999999999999996
      vertex 7.95 4.2 1.5999999999999996
    endloop
  endfacet
  facet normal 0 0 1
    outer loop
      vertex 8.061387846565474 4.713684519449871 1.5999999999999996
      vertex 7.917918230151789 4.689473220825193 1.5999999999999996
      vertex 7.95 4.2 1.5999999999999996
    endloop
  endfacet
  facet normal 0 0 1
    outer loop
      vertex 8.125185434277329 4.392952387243698 1.5999999999999996
      vertex 8.061387846565474 4.713684519449871 1.5999999999999996
      vertex 7.95 4.2 1.5999999999999996
    endloop
  endfacet
  facet normal 0 0 1
    outer loop
      vertex 8.061387846565474 4.713684519449871 1.5999999999999996
      vertex 8.04 5.04 1.5999999999999996
      vertex 7.917918230151789 4.689473220825193 1.5999999999999996
    endloop
  endfacet
  facet normal 0 0 1
    outer loop
      vertex 8.04 5.04 1.5999999999999996
      vertex 7.8222218485840065 5.170571419134453 1.5999999999999996
      vertex 7.917918230151789 4.689473220825193 1.5999999999999996
    endloop
  endfacet
  facet normal 0 0 1
    outer loop
      vertex 8.04 5.04 1.5999999999999996
      vertex 8.061387846565474 5.366315480550129 1.5999999999999996
      vertex 7.8222218485840065 5.170571419134453 1.5999999999999996
    endloop
  endfacet
  facet normal 0 0 1
    outer loop
      vertex 8.230301168721782 5.996708580912724 1.5999999999999996
      vertex 7.664548246917326 5.635062871369087 1.5999999999999996
      vertex 7.8222218485840065 5.170571419134453 1.5999999999999996
    endloop
  endfacet
  facet normal 0 0 1
    outer loop
      vertex 8.061387846565474 5.366315480550129 1.5999999999999996
      vertex 8.125185434277329 5.687047612756302 1.5999999999999996
      vertex 7.8222218485840065 5.170571419134453 1.5999999999999996
    endloop
  endfacet
  facet normal 0 0 1
    outer loop
      vertex 8.125185434277329 5.687047612756302 1.5999999999999996
      vertex 8.230301168721782 5.996708580912724 1.5999999999999996
      vertex 7.8222218485840065 5.170571419134453 1.5999999999999996
    endloop
  endfacet
  facet normal 0 0 1
    outer loop
      vertex 8.77223304703363 6.807766952966369 1.5999999999999996
      vertex 7.447595264191644 6.075 1.5999999999999996
      vertex 7.664548246917326 5.635062871369087 1.5999999999999996
    endloop
  endfacet
  facet normal 0 0 1
    outer loop
      vertex 8.230301168721782 5.996708580912724 1.5999999999999996
      vertex 8.374936490538904 6.29 1.5999999999999996
      vertex 7.664548246917326 5.635062871369087 1.5999999999999996
    endloop
  endfacet
  facet normal 0 0 1
    outer loop
      vertex 8.374936490538904 6.29 1.5999999999999996
      vertex 8.556616649271911 6.561903572521802 1.5999999999999996
      vertex 7.664548246917326 5.635062871369087 1.5999999999999996
    endloop
  endfacet
  facet normal 0 0 1
    outer loop
      vertex 8.556616649271911 6.561903572521802 1.5999999999999996
      vertex 8.77223304703363 6.807766952966369 1.5999999999999996
      vertex 7.664548246917326 5.635062871369087 1.5999999999999996
    endloop
  endfacet
  facet normal 0 0 1
    outer loop
      vertex 8.77223304703363 6.807766952966369 1.5999999999999996
      vertex 9.018096427478199 7.023383350728087 1.5999999999999996
      vertex 7.447595264191644 6.075 1.5999999999999996
    endloop
  endfacet
  facet normal -1 0 0
    outer loop
      vertex 0.25 5.628042083199556 1.5999999999999996
      vertex 0.25 14 1.5999999999999996
      vertex 0.25 14 0
    endloop
  endfacet
  facet normal 0 0 1
    outer loop
      vertex 0.25 14 1.5999999999999996
      vertex 1.5483495705504469 6.8516504294495535 1.5999999999999996
      vertex 1.9171446412172979 7.1750750260921325 1.5999999999999996
    endloop
  endfacet
  facet normal 0 0 1
    outer loop
      vertex 0.25 14 1.5999999999999996
      vertex 1.9171446412172979 7.1750750260921325 1.5999999999999996
      vertex 2.325 7.447595264191644 1.5999999999999996
    endloop
  endfacet
  facet normal 0 0 1
    outer loop
      vertex 2.7649371286309137 7.664548246917326 1.5999999999999996
      vertex 0.25 14 1.5999999999999996
      vertex 2.325 7.447595264191644 1.5999999999999996
    endloop
  endfacet
  facet normal 0 0 1
    outer loop
      vertex 0.25 14 1.5999999999999996
      vertex 2.7649371286309137 7.664548246917326 1.5999999999999996
      vertex 3.229428580865547 7.8222218485840065 1.5999999999999996
    endloop
  endfacet
  facet normal 0 0 1
    outer loop
      vertex 0.25 14 1.5999999999999996
      vertex 3.229428580865547 7.8222218485840065 1.5999999999999996
      vertex 3.7105267791748067 7.917918230151789 1.5999999999999996
    endloop
  endfacet
  facet normal 0 0 1
    outer loop
      vertex 0.25 14 1.5999999999999996
      vertex 3.7105267791748067 7.917918230151789 1.5999999999999996
      vertex 4.2 7.95 1.5999999999999996
    endloop
  endfacet
  facet normal 0 0 1
    outer loop
      vertex 0.25 14 1.5999999999999996
      vertex 4.2 7.95 1.5999999999999996
      vertex 5 14 1.5999999999999996
    endloop
  endfacet
  facet normal 0 0 1
    outer loop
      vertex 4.689473220825193 7.917918230151789 1.5999999999999996
      vertex 5 14 1.5999999999999996
      vertex 4.2 7.95 1.5999999999999996
    endloop
  endfacet
  facet normal 0 0 1
    outer loop
      vertex 5.170571419134453 7.8222218485840065 1.5999999999999996
      vertex 5 14 1.5999999999999996
      vertex 4.689473220825193 7.917918230151789 1.5999999999999996
    endloop
  endfacet
  facet normal 0 0 1
    outer loop
      vertex 5.635062871369087 7.664548246917326 1.5999999999999996
      vertex 5 14 1.5999999999999996
      vertex 5.170571419134453 7.8222218485840065 1.5999999999999996
    endloop
  endfacet
  facet normal 0 0 1
    outer loop
      vertex 6.075 7.447595264191644 1.5999999999999996
      vertex 13 14.5 1.5999999999999996
      vertex 5.635062871369087 7.664548246917326 1.5999999999999996
    endloop
  endfacet
  facet normal 0 0 1
    outer loop
      vertex 6.075 7.447595264191644 1.5999999999999996
      vertex 6.482855358782702 7.1750750260921325 1.5999999999999996
      vertex 13 14.5 1.5999999999999996
    endloop
  endfacet
  facet normal 0 0 1
    outer loop
      vertex 6.482855358782702 7.1750750260921325 1.5999999999999996
      vertex 6.8516504294495535 6.8516504294495535 1.5999999999999996
      vertex 13 14.5 1.5999999999999996
    endloop
  endfacet
  facet normal 0 0 1
    outer loop
      vertex 5 14 1.5999999999999996
      vertex 5.635062871369087 7.664548246917326 1.5999999999999996
      vertex 13 14.5 1.5999999999999996
    endloop
  endfacet
  facet normal 0 0 1
    outer loop
      vertex 9.892952387243698 2.6251854342773293 1.5999999999999996
      vertex 7.1750750260921325 1.9171446412172979 1.5999999999999996
      vertex 10.21368451944987 2.561387846565474 1.5999999999999996
    endloop
  endfacet
  facet normal 0 0 1
    outer loop
      vertex 10.21368451944987 2.561387846565474 1.5999999999999996
      vertex 7.1750750260921325 1.9171446412172979 1.5999999999999996
      vertex 10.54 2.54 1.5999999999999996
    endloop
  endfacet
  facet normal 0 0 1
    outer loop
      vertex 10.54 2.54 1.5999999999999996
      vertex 7.1750750260921325 1.9171446412172979 1.5999999999999996
      vertex 10.866315480550128 2.561387846565474 1.5999999999999996
    endloop
  endfacet
  facet normal 0 0 1
    outer loop
      vertex 10.866315480550128 2.561387846565474 1.5999999999999996
      vertex 5.628042083199556 0.25 1.5999999999999996
      vertex 27.99368451944987 2.561387846565474 1.5999999999999996
    endloop
  endfacet
  facet normal 0 0 1
    outer loop
      vertex 10.866315480550128 2.561387846565474 1.5999999999999996
      vertex 27.672952387243697 2.6251854342773293 1.5999999999999996
      vertex 11.1870476127563 2.6251854342773293 1.5999999999999996
    endloop
  endfacet
  facet normal 0 0 1
    outer loop
      vertex 11.1870476127563 2.6251854342773293 1.5999999999999996
      vertex 27.672952387243697 2.6251854342773293 1.5999999999999996
      vertex 11.496708580912724 2.730301168721783 1.5999999999999996
    endloop
  endfacet
  facet normal 0 0 1
    outer loop
      vertex 11.496708580912724 2.730301168721783 1.5999999999999996
      vertex 27.363291419087275 2.730301168721783 1.5999999999999996
      vertex 11.79 2.8749364905389037 1.5999999999999996
    endloop
  endfacet
  facet normal 0 0 1
    outer loop
      vertex 11.79 2.8749364905389037 1.5999999999999996
      vertex 27.07 2.8749364905389037 1.5999999999999996
      vertex 12.0619035725218 3.0566166492719122 1.5999999999999996
    endloop
  endfacet
  facet normal 0 0 1
    outer loop
      vertex 12.0619035725218 3.0566166492719122 1.5999999999999996
      vertex 26.7980964274782 3.0566166492719122 1.5999999999999996
      vertex 12.307766952966368 3.272233047033631 1.5999999999999996
    endloop
  endfacet
  facet normal 0 0 1
    outer loop
      vertex 12.307766952966368 3.272233047033631 1.5999999999999996
      vertex 26.55223304703363 3.272233047033631 1.5999999999999996
      vertex 12.523383350728087 3.5180964274781985 1.5999999999999996
    endloop
  endfacet
  facet normal 0 0 1
    outer loop
      vertex 12.523383350728087 3.5180964274781985 1.5999999999999996
      vertex 26.154936490538905 3.79 1.5999999999999996
      vertex 12.705063509461095 3.79 1.5999999999999996
    endloop
  endfacet
  facet normal 0 0 1
    outer loop
      vertex 12.705063509461095 3.79 1.5999999999999996
      vertex 26.01030116872178 4.083291419087276 1.5999999999999996
      vertex 12.849698831278216 4.083291419087276 1.5999999999999996
    endloop
  endfacet
  facet normal 0 0 1
    outer loop
      vertex 12.849698831278216 4.083291419087276 1.5999999999999996
      vertex 26.01030116872178 4.083291419087276 1.5999999999999996
      vertex 12.95481456572267 4.392952387243698 1.5999999999999996
    endloop
  endfacet
  facet normal 0 0 1
    outer loop
      vertex 12.95481456572267 4.392952387243698 1.5999999999999996
      vertex 25.90518543427733 4.392952387243698 1.5999999999999996
      vertex 13.018612153434525 4.713684519449871 1.5999999999999996
    endloop
  endfacet
  facet normal 0 0 1
    outer loop
      vertex 13.018612153434525 4.713684519449871 1.5999999999999996
      vertex 25.841387846565475 4.713684519449871 1.5999999999999996
      vertex 13.04 5.04 1.5999999999999996
    endloop
  endfacet
  facet normal 0 0 1
    outer loop
      vertex 13.04 5.04 1.5999999999999996
      vertex 25.82 5.04 1.5999999999999996
      vertex 13.018612153434525 5.366315480550129 1.5999999999999996
    endloop
  endfacet
  facet normal 0 0 1
    outer loop
      vertex 13.018612153434525 5.366315480550129 1.5999999999999996
      vertex 25.90518543427733 5.687047612756302 1.5999999999999996
      vertex 12.95481456572267 5.687047612756302 1.5999999999999996
    endloop
  endfacet
  facet normal 0 0 1
    outer loop
      vertex 12.95481456572267 5.687047612756302 1.5999999999999996
      vertex 25.90518543427733 5.687047612756302 1.5999999999999996
      vertex 12.849698831278216 5.996708580912724 1.5999999999999996
    endloop
  endfacet
  facet normal 0 0 1
    outer loop
      vertex 12.705063509461095 6.29 1.5999999999999996
      vertex 12.849698831278216 5.996708580912724 1.5999999999999996
      vertex 26.01030116872178 5.996708580912724 1.5999999999999996
    endloop
  endfacet
  facet normal 0 0 1
    outer loop
      vertex 12.705063509461095 6.29 1.5999999999999996
      vertex 26.154936490538905 6.29 1.5999999999999996
      vertex 12.523383350728087 6.561903572521802 1.5999999999999996
    endloop
  endfacet
  facet normal 0 0 1
    outer loop
      vertex 12.523383350728087 6.561903572521802 1.5999999999999996
      vertex 26.55223304703363 6.807766952966369 1.5999999999999996
      vertex 12.307766952966368 6.807766952966369 1.5999999999999996
    endloop
  endfacet
  facet normal 0 0 1
    outer loop
      vertex 11.496708580912724 7.349698831278217 1.5999999999999996
      vertex 11.79 7.205063509461096 1.5999999999999996
      vertex 27.07 7.205063509461096 1.5999999999999996
    endloop
  endfacet
  facet normal 0 0 1
    outer loop
      vertex 12.0619035725218 7.023383350728087 1.5999999999999996
      vertex 12.307766952966368 6.807766952966369 1.5999999999999996
      vertex 26.55223304703363 6.807766952966369 1.5999999999999996
    endloop
  endfacet
  facet normal 0 0 1
    outer loop
      vertex 11.79 7.205063509461096 1.5999999999999996
      vertex 12.0619035725218 7.023383350728087 1.5999999999999996
      vertex 26.7980964274782 7.023383350728087 1.5999999999999996
    endloop
  endfacet
  facet normal 0 0 1
    outer loop
      vertex 13 14.5 1.5999999999999996
      vertex 7.1750750260921325 6.482855358782702 1.5999999999999996
      vertex 7.447595264191644 6.075 1.5999999999999996
    endloop
  endfacet
  facet normal 0 0 1
    outer loop
      vertex 7.1750750260921325 6.482855358782702 1.5999999999999996
      vertex 13 14.5 1.5999999999999996
      vertex 6.8516504294495535 6.8516504294495535 1.5999999999999996
    endloop
  endfacet
  facet normal 0 0 1
    outer loop
      vertex 9.018096427478199 7.023383350728087 1.5999999999999996
      vertex 13 14.5 1.5999999999999996
      vertex 7.447595264191644 6.075 1.5999999999999996
    endloop
  endfacet
  facet normal 0 0 1
    outer loop
      vertex 9.018096427478199 7.023383350728087 1.5999999999999996
      vertex 9.29 7.205063509461096 1.5999999999999996
      vertex 13 14.5 1.5999999999999996
    endloop
  endfacet
  facet normal 0 0 1
    outer loop
      vertex 9.29 7.205063509461096 1.5999999999999996
      vertex 9.583291419087274 7.349698831278217 1.5999999999999996
      vertex 13 14.5 1.5999999999999996
    endloop
  endfacet
  facet normal 0 0 1
    outer loop
      vertex 9.583291419087274 7.349698831278217 1.5999999999999996
      vertex 9.892952387243698 7.454814565722671 1.5999999999999996
      vertex 13 14.5 1.5999999999999996
    endloop
  endfacet
  facet normal 0 0 1
    outer loop
      vertex 9.892952387243698 7.454814565722671 1.5999999999999996
      vertex 10.21368451944987 7.5186121534345265 1.5999999999999996
      vertex 13 14.5 1.5999999999999996
    endloop
  endfacet
  facet normal 0 0 1
    outer loop
      vertex 10.21368451944987 7.5186121534345265 1.5999999999999996
      vertex 10.54 7.54 1.5999999999999996
      vertex 13 14.5 1.5999999999999996
    endloop
  endfacet
  facet normal 0 0 1
    outer loop
      vertex 10.54 7.54 1.5999999999999996
      vertex 10.866315480550128 7.5186121534345265 1.5999999999999996
      vertex 13 14.5 1.5999999999999996
    endloop
  endfacet
  facet normal 0 0 1
    outer loop
      vertex 10.866315480550128 7.5186121534345265 1.5999999999999996
      vertex 11.1870476127563 7.454814565722671 1.5999999999999996
      vertex 13 14.5 1.5999999999999996
    endloop
  endfacet
  facet normal 0 0 1
    outer loop
      vertex 5 14 1.5999999999999996
      vertex 13 14.5 1.5999999999999996
      vertex 13 19.5 1.5999999999999996
    endloop
  endfacet
  facet normal 0 0 1
    outer loop
      vertex 11.1870476127563 7.454814565722671 1.5999999999999996
      vertex 25.86 14.5 1.5999999999999996
      vertex 13 14.5 1.5999999999999996
    endloop
  endfacet
  facet normal 0 0 -1
    outer loop
      vertex 5 14 0
      vertex 5 30 0
      vertex 13 19.5 0
    endloop
  endfacet
  facet normal 0 0 -1
    outer loop
      vertex 0.25 30 0
      vertex 2.387564434701786 33.3 0
      vertex 2.489305323592271 33.14773399938779 0
    endloop
  endfacet
  facet normal 0 0 -1
    outer loop
      vertex 0.25 30 0
      vertex 2.489305323592271 33.14773399938779 0
      vertex 2.6100505063388333 33.010050506338835 0
    endloop
  endfacet
  facet normal 0 0 -1
    outer loop
      vertex 0.25 30 0
      vertex 2.6100505063388333 33.010050506338835 0
      vertex 2.7477339993877914 32.88930532359227 0
    endloop
  endfacet
  facet normal 0 0 -1
    outer loop
      vertex 0.25 30 0
      vertex 2.2477038431953043 33.637653336856474 0
      vertex 2.306568654484199 33.464243194688876 0
    endloop
  endfacet
  facet normal 0 0 -1
    outer loop
      vertex 0.25 30 0
      vertex 2.211977194076666 33.817263330891926 0
      vertex 2.2477038431953043 33.637653336856474 0
    endloop
  endfacet
  facet normal 0 0 -1
    outer loop
      vertex 0.25 30 0
      vertex 2.2 34 0
      vertex 2.211977194076666 33.817263330891926 0
    endloop
  endfacet
  facet normal 0 0 -1
    outer loop
      vertex 0.25 30 0
      vertex 2.306568654484199 33.464243194688876 0
      vertex 2.387564434701786 33.3 0
    endloop
  endfacet
  facet normal 0 0 -1
    outer loop
      vertex 0.25 30 0
      vertex 2.7477339993877914 32.88930532359227 0
      vertex 2.9000000000000004 32.787564434701785 0
    endloop
  endfacet
  facet normal 0 0 -1
    outer loop
      vertex 0.25 30 0
      vertex 2.9000000000000004 32.787564434701785 0
      vertex 3.064243194688874 32.7065686544842 0
    endloop
  endfacet
  facet normal 0 0 -1
    outer loop
      vertex 0.25 30 0
      vertex 3.064243194688874 32.7065686544842 0
      vertex 3.237653336856471 32.6477038431953 0
    endloop
  endfacet
  facet normal 0 0 -1
    outer loop
      vertex 0.25 30 0
      vertex 3.237653336856471 32.6477038431953 0
      vertex 3.417263330891928 32.611977194076665 0
    endloop
  endfacet
  facet normal 0 0 -1
    outer loop
      vertex 0.25 30 0
      vertex 0.25 40.65 0
      vertex 2.2 34 0
    endloop
  endfacet
  facet normal 0 0 -1
    outer loop
      vertex 0.25 30 0
      vertex 3.417263330891928 32.611977194076665 0
      vertex 3.6 32.6 0
    endloop
  endfacet
  facet normal 0 0 -1
    outer loop
      vertex 0.25 30 0
      vertex 3.6 32.6 0
      vertex 3.7827366691080724 32.611977194076665 0
    endloop
  endfacet
  facet normal 0 0 -1
    outer loop
      vertex 0.25 30 0
      vertex 3.7827366691080724 32.611977194076665 0
      vertex 3.962346663143529 32.6477038431953 0
    endloop
  endfacet
  facet normal 0 0 -1
    outer loop
      vertex 4.589949493661167 33.010050506338835 0
      vertex 13 34.5 0
      vertex 4.452266000612209 32.88930532359227 0
    endloop
  endfacet
  facet normal 0 0 -1
    outer loop
      vertex 4.710694676407729 33.14773399938779 0
      vertex 13 34.5 0
      vertex 4.589949493661167 33.010050506338835 0
    endloop
  endfacet
  facet normal 0 0 -1
    outer loop
      vertex 4.812435565298214 33.3 0
      vertex 13 34.5 0
      vertex 4.710694676407729 33.14773399938779 0
    endloop
  endfacet
  facet normal 0 0 -1
    outer loop
      vertex 4.893431345515801 33.464243194688876 0
      vertex 13 34.5 0
      vertex 4.812435565298214 33.3 0
    endloop
  endfacet
  facet normal 0 0 -1
    outer loop
      vertex 4.952296156804696 33.637653336856474 0
      vertex 13 34.5 0
      vertex 4.893431345515801 33.464243194688876 0
    endloop
  endfacet
  facet normal 0 0 -1
    outer loop
      vertex 4.988022805923334 33.817263330891926 0
      vertex 13 34.5 0
      vertex 4.952296156804696 33.637653336856474 0
    endloop
  endfacet
  facet normal 0 0 -1
    outer loop
      vertex 5 34 0
      vertex 13 34.5 0
      vertex 4.988022805923334 33.817263330891926 0
    endloop
  endfacet
  facet normal 0 0 -1
    outer loop
      vertex 4.988022805923334 34.182736669108074 0
      vertex 13 34.5 0
      vertex 5 34 0
    endloop
  endfacet
  facet normal 0 0 -1
    outer loop
      vertex 4.952296156804696 34.362346663143526 0
      vertex 13 34.5 0
      vertex 4.988022805923334 34.182736669108074 0
    endloop
  endfacet
  facet normal 0 0 -1
    outer loop
      vertex 4.812435565298214 34.7 0
      vertex 13 34.5 0
      vertex 4.893431345515801 34.535756805311124 0
    endloop
  endfacet
  facet normal 0 0 -1
    outer loop
      vertex 4.589949493661167 34.989949493661165 0
      vertex 13 34.5 0
      vertex 4.710694676407729 34.85226600061221 0
    endloop
  endfacet
  facet normal 0 0 -1
    outer loop
      vertex 4.710694676407729 34.85226600061221 0
      vertex 13 34.5 0
      vertex 4.812435565298214 34.7 0
    endloop
  endfacet
  facet normal 0 0 -1
    outer loop
      vertex 4.893431345515801 34.535756805311124 0
      vertex 13 34.5 0
      vertex 4.952296156804696 34.362346663143526 0
    endloop
  endfacet
  facet normal -1 0 0
    outer loop
      vertex 0.25 30 0
      vertex 0.25 30 1.5999999999999996
      vertex 0.25 40.65 0
    endloop
  endfacet
  facet normal 0 0 -1
    outer loop
      vertex 5 30 0
      vertex 13 24.5 0
      vertex 13 19.5 0
    endloop
  endfacet
  facet normal 0 0 -1
    outer loop
      vertex 13 19.5 0
      vertex 13 24.5 0
      vertex 25.86 24.5 0
    endloop
  endfacet
  facet normal 0 0 -1
    outer loop
      vertex 5 30 0
      vertex 13 29.5 0
      vertex 13 24.5 0
    endloop
  endfacet
  facet normal 0 0 -1
    outer loop
      vertex 34.215 30.390673326026345 0
      vertex 5 30 0
      vertex 0.25 30 0
    endloop
  endfacet
  facet normal 0 0 -1
    outer loop
      vertex 0.25 30 0
      vertex 3.962346663143529 32.6477038431953 0
      vertex 33.690000000000005 31.300000000000004 0
    endloop
  endfacet
  facet normal 0 0 -1
    outer loop
      vertex 5 30 0
      vertex 25.86 29.5 0
      vertex 13 29.5 0
    endloop
  endfacet
  facet normal 0 0 -1
    outer loop
      vertex 4.135756805311126 32.7065686544842 0
      vertex 33.690000000000005 31.300000000000004 0
      vertex 3.962346663143529 32.6477038431953 0
    endloop
  endfacet
  facet normal 0 0 -1
    outer loop
      vertex 4.3 32.787564434701785 0
      vertex 33.690000000000005 31.300000000000004 0
      vertex 4.135756805311126 32.7065686544842 0
    endloop
  endfacet
  facet normal 0 0 -1
    outer loop
      vertex 4.452266000612209 32.88930532359227 0
      vertex 33.690000000000005 31.300000000000004 0
      vertex 4.3 32.787564434701785 0
    endloop
  endfacet
  facet normal 0 0 -1
    outer loop
      vertex 4.452266000612209 32.88930532359227 0
      vertex 13 34.5 0
      vertex 34.468240002642354 32.31422211760353 0
    endloop
  endfacet
  facet normal 0 0 1
    outer loop
      vertex 5 14 1.5999999999999996
      vertex 6.085956699537463 32.97028301957933 1.5999999999999996
      vertex 5 30 1.5999999999999996
    endloop
  endfacet
  facet normal 0 0 1
    outer loop
      vertex 0.25 30 1.5999999999999996
      vertex 5 30 1.5999999999999996
      vertex 2.903574853107118 31.400905968127145 1.5999999999999996
    endloop
  endfacet
  facet normal 0 0 1
    outer loop
      vertex 0.25 30 1.5999999999999996
      vertex 1.4652605864787613 32.36195683570277 1.5999999999999996
      vertex 1.269716041164425 32.65460992907801 1.5999999999999996
    endloop
  endfacet
  facet normal 0 0 1
    outer loop
      vertex 0.25 30 1.5999999999999996
      vertex 1.9619568357027757 31.86526058647876 1.5999999999999996
      vertex 1.6973311150200272 32.097331115020026 1.5999999999999996
    endloop
  endfacet
  facet normal 0 0 1
    outer loop
      vertex 0.25 30 1.5999999999999996
      vertex 1.6973311150200272 32.097331115020026 1.5999999999999996
      vertex 1.4652605864787613 32.36195683570277 1.5999999999999996
    endloop
  endfacet
  facet normal 0 0 1
    outer loop
      vertex 0.25 30 1.5999999999999996
      vertex 1.1140433004625374 32.97028301957933 1.5999999999999996
      vertex 1.000905968127145 33.30357485310712 1.5999999999999996
    endloop
  endfacet
  facet normal 0 0 1
    outer loop
      vertex 0.25 30 1.5999999999999996
      vertex 1.000905968127145 33.30357485310712 1.5999999999999996
      vertex 0.9322398552821014 33.64878271398378 1.5999999999999996
    endloop
  endfacet
  facet normal 0 0 1
    outer loop
      vertex 0.25 30 1.5999999999999996
      vertex 0.9322398552821014 33.64878271398378 1.5999999999999996
      vertex 0.9092198581560281 34 1.5999999999999996
    endloop
  endfacet
  facet normal 0 0 1
    outer loop
      vertex 0.25 30 1.5999999999999996
      vertex 1.269716041164425 32.65460992907801 1.5999999999999996
      vertex 1.1140433004625374 32.97028301957933 1.5999999999999996
    endloop
  endfacet
  facet normal 0 0 1
    outer loop
      vertex 0.25 30 1.5999999999999996
      vertex 2.5702830195793256 31.514043300462536 1.5999999999999996
      vertex 2.254609929078014 31.669716041164424 1.5999999999999996
    endloop
  endfacet
  facet normal 0 0 1
    outer loop
      vertex 0.25 30 1.5999999999999996
      vertex 2.254609929078014 31.669716041164424 1.5999999999999996
      vertex 1.9619568357027757 31.86526058647876 1.5999999999999996
    endloop
  endfacet
  facet normal 0 0 1
    outer loop
      vertex 0.25 30 1.5999999999999996
      vertex 2.903574853107118 31.400905968127145 1.5999999999999996
      vertex 2.5702830195793256 31.514043300462536 1.5999999999999996
    endloop
  endfacet
  facet normal 0 0 1
    outer loop
      vertex 0.25 30 1.5999999999999996
      vertex 0.9092198581560281 34 1.5999999999999996
      vertex 0.25 40.65 1.5999999999999996
    endloop
  endfacet
  facet normal 0 0 1
    outer loop
      vertex 3.248782713983776 31.3322398552821 1.5999999999999996
      vertex 2.903574853107118 31.400905968127145 1.5999999999999996
      vertex 5 30 1.5999999999999996
    endloop
  endfacet
  facet normal 0 0 1
    outer loop
      vertex 3.248782713983776 31.3322398552821 1.5999999999999996
      vertex 5 30 1.5999999999999996
      vertex 3.6 31.30921985815603 1.5999999999999996
    endloop
  endfacet
  facet normal 0 0 1
    outer loop
      vertex 3.6 31.30921985815603 1.5999999999999996
      vertex 5 30 1.5999999999999996
      vertex 3.9512172860162242 31.3322398552821 1.5999999999999996
    endloop
  endfacet
  facet normal 0 0 1
    outer loop
      vertex 3.9512172860162242 31.3322398552821 1.5999999999999996
      vertex 5 30 1.5999999999999996
      vertex 4.296425146892882 31.400905968127145 1.5999999999999996
    endloop
  endfacet
  facet normal 0 0 1
    outer loop
      vertex 5 14 1.5999999999999996
      vertex 6.199094031872854 33.30357485310712 1.5999999999999996
      vertex 6.085956699537463 32.97028301957933 1.5999999999999996
    endloop
  endfacet
  facet normal 0 0 1
    outer loop
      vertex 5 14 1.5999999999999996
      vertex 6.267760144717899 33.64878271398378 1.5999999999999996
      vertex 6.199094031872854 33.30357485310712 1.5999999999999996
    endloop
  endfacet
  facet normal 0 0 1
    outer loop
      vertex 4.296425146892882 31.400905968127145 1.5999999999999996
      vertex 5 30 1.5999999999999996
      vertex 4.629716980420675 31.514043300462536 1.5999999999999996
    endloop
  endfacet
  facet normal 0 0 1
    outer loop
      vertex 4.629716980420675 31.514043300462536 1.5999999999999996
      vertex 5 30 1.5999999999999996
      vertex 4.945390070921986 31.669716041164424 1.5999999999999996
    endloop
  endfacet
  facet normal 0 0 1
    outer loop
      vertex 4.945390070921986 31.669716041164424 1.5999999999999996
      vertex 5 30 1.5999999999999996
      vertex 5.238043164297225 31.86526058647876 1.5999999999999996
    endloop
  endfacet
  facet normal 0 0 1
    outer loop
      vertex 5.238043164297225 31.86526058647876 1.5999999999999996
      vertex 5 30 1.5999999999999996
      vertex 5.502668884979973 32.097331115020026 1.5999999999999996
    endloop
  endfacet
  facet normal 0 0 1
    outer loop
      vertex 5.502668884979973 32.097331115020026 1.5999999999999996
      vertex 5 30 1.5999999999999996
      vertex 5.734739413521239 32.36195683570277 1.5999999999999996
    endloop
  endfacet
  facet normal 0 0 1
    outer loop
      vertex 5.734739413521239 32.36195683570277 1.5999999999999996
      vertex 5 30 1.5999999999999996
      vertex 5.930283958835575 32.65460992907801 1.5999999999999996
    endloop
  endfacet
  facet normal 0 0 1
    outer loop
      vertex 5.930283958835575 32.65460992907801 1.5999999999999996
      vertex 5 30 1.5999999999999996
      vertex 6.085956699537463 32.97028301957933 1.5999999999999996
    endloop
  endfacet
  facet normal 0 0 1
    outer loop
      vertex 14.43 56.92 1.5999999999999996
      vertex 6.267760144717899 33.64878271398378 1.5999999999999996
      vertex 5 14 1.5999999999999996
    endloop
  endfacet
  facet normal 0 0 1
    outer loop
      vertex 5 14 1.5999999999999996
      vertex 13 19.5 1.5999999999999996
      vertex 13 24.5 1.5999999999999996
    endloop
  endfacet
  facet normal 0 0 1
    outer loop
      vertex 5 14 1.5999999999999996
      vertex 13 24.5 1.5999999999999996
      vertex 13 29.5 1.5999999999999996
    endloop
  endfacet
  facet normal 0 0 1
    outer loop
      vertex 5 14 1.5999999999999996
      vertex 13 29.5 1.5999999999999996
      vertex 13 34.5 1.5999999999999996
    endloop
  endfacet
  facet normal 0 0 1
    outer loop
      vertex 25.86 19.5 1.5999999999999996
      vertex 13 24.5 1.5999999999999996
      vertex 13 19.5 1.5999999999999996
    endloop
  endfacet
  facet normal 0 0 1
    outer loop
      vertex 5 14 1.5999999999999996
      vertex 13 34.5 1.5999999999999996
      vertex 13 39.5 1.5999999999999996
    endloop
  endfacet
  facet normal 0 0 1
    outer loop
      vertex 5 14 1.5999999999999996
      vertex 13 39.5 1.5999999999999996
      vertex 13 44.5 1.5999999999999996
    endloop
  endfacet
  facet normal 0 0 1
    outer loop
      vertex 13 29.5 1.5999999999999996
      vertex 25.86 29.5 1.5999999999999996
      vertex 13 34.5 1.5999999999999996
    endloop
  endfacet
  facet normal 0 0 -1
    outer loop
      vertex 6.8516504294495535 1.5483495705504469 0
      vertex 28.048240002642352 4.025777882396478 0
      vertex 28.182947498168947 3.998982895557499 0
    endloop
  endfacet
  facet normal 0 0 -1
    outer loop
      vertex 6.8516504294495535 1.5483495705504469 0
      vertex 28.182947498168947 3.998982895557499 0
      vertex 28.32 3.99 0
    endloop
  endfacet
  facet normal 0 0 -1
    outer loop
      vertex 25.86 14.5 0
      vertex 27.41067332602634 5.565 0
      vertex 11.44932667397366 5.565 0
    endloop
  endfacet
  facet normal 0 0 -1
    outer loop
      vertex 27.680800499540844 4.206978992694203 0
      vertex 27.795 4.13067332602634 0
      vertex 11.179199500459156 4.206978992694203 0
    endloop
  endfacet
  facet normal 0 0 -1
    outer loop
      vertex 11.282462120245874 4.297537879754125 0
      vertex 27.577537879754125 4.297537879754125 0
      vertex 27.680800499540844 4.206978992694203 0
    endloop
  endfacet
  facet normal 0 0 -1
    outer loop
      vertex 27.577537879754125 4.297537879754125 0
      vertex 11.373021007305796 4.400800499540844 0
      vertex 27.486978992694205 4.400800499540844 0
    endloop
  endfacet
  facet normal 0 0 -1
    outer loop
      vertex 27.486978992694205 4.400800499540844 0
      vertex 11.44932667397366 4.515 0
      vertex 27.41067332602634 4.515 0
    endloop
  endfacet
  facet normal 0 0 -1
    outer loop
      vertex 10.941817603983344 4.069926490863149 0
      vertex 27.918182396016658 4.069926490863149 0
      vertex 28.048240002642352 4.025777882396478 0
    endloop
  endfacet
  facet normal 0 0 -1
    outer loop
      vertex 11.065 4.13067332602634 0
      vertex 27.795 4.13067332602634 0
      vertex 27.918182396016658 4.069926490863149 0
    endloop
  endfacet
  facet normal 0 0 -1
    outer loop
      vertex 5.628042083199556 0.25 0
      vertex 6.8516504294495535 1.5483495705504469 0
      vertex 64.37195791680044 0.25 0
    endloop
  endfacet
  facet normal 0 0 -1
    outer loop
      vertex 11.51007350913685 4.6381823960166555 0
      vertex 27.349926490863147 4.6381823960166555 0
      vertex 27.41067332602634 4.515 0
    endloop
  endfacet
  facet normal 0 0 -1
    outer loop
      vertex 27.349926490863147 4.6381823960166555 0
      vertex 11.554222117603521 4.7682400026423535 0
      vertex 27.305777882396477 4.7682400026423535 0
    endloop
  endfacet
  facet normal 0 0 -1
    outer loop
      vertex 27.305777882396477 4.7682400026423535 0
      vertex 11.5810171044425 4.902947498168946 0
      vertex 27.278982895557498 4.902947498168946 0
    endloop
  endfacet
  facet normal 0 0 -1
    outer loop
      vertex 11.59 5.04 0
      vertex 27.27 5.04 0
      vertex 27.278982895557498 4.902947498168946 0
    endloop
  endfacet
  facet normal 0 0 -1
    outer loop
      vertex 11.5810171044425 5.177052501831054 0
      vertex 27.278982895557498 5.177052501831054 0
      vertex 27.27 5.04 0
    endloop
  endfacet
  facet normal 0 0 -1
    outer loop
      vertex 11.554222117603521 5.311759997357647 0
      vertex 27.305777882396477 5.311759997357647 0
      vertex 27.278982895557498 5.177052501831054 0
    endloop
  endfacet
  facet normal 0 0 -1
    outer loop
      vertex 11.51007350913685 5.441817603983345 0
      vertex 27.349926490863147 5.441817603983345 0
      vertex 27.305777882396477 5.311759997357647 0
    endloop
  endfacet
  facet normal 0 0 -1
    outer loop
      vertex 11.44932667397366 5.565 0
      vertex 27.41067332602634 5.565 0
      vertex 27.349926490863147 5.441817603983345 0
    endloop
  endfacet
  facet normal 0 0 -1
    outer loop
      vertex 25.86 14.5 0
      vertex 27.486978992694205 5.6791995004591564 0
      vertex 27.41067332602634 5.565 0
    endloop
  endfacet
  facet normal 0 0 -1
    outer loop
      vertex 25.86 14.5 0
      vertex 27.577537879754125 5.782462120245875 0
      vertex 27.486978992694205 5.6791995004591564 0
    endloop
  endfacet
  facet normal 0 0 -1
    outer loop
      vertex 25.86 14.5 0
      vertex 27.680800499540844 5.873021007305797 0
      vertex 27.577537879754125 5.782462120245875 0
    endloop
  endfacet
  facet normal 0 0 -1
    outer loop
      vertex 25.86 14.5 0
      vertex 27.795 5.94932667397366 0
      vertex 27.680800499540844 5.873021007305797 0
    endloop
  endfacet
  facet normal 0 0 -1
    outer loop
      vertex 25.86 14.5 0
      vertex 27.918182396016658 6.010073509136851 0
      vertex 27.795 5.94932667397366 0
    endloop
  endfacet
  facet normal 0 0 -1
    outer loop
      vertex 25.86 14.5 0
      vertex 28.048240002642352 6.054222117603522 0
      vertex 27.918182396016658 6.010073509136851 0
    endloop
  endfacet
  facet normal 0 0 -1
    outer loop
      vertex 25.86 14.5 0
      vertex 28.182947498168947 6.081017104442501 0
      vertex 28.048240002642352 6.054222117603522 0
    endloop
  endfacet
  facet normal 0 0 -1
    outer loop
      vertex 25.86 14.5 0
      vertex 28.32 6.09 0
      vertex 28.182947498168947 6.081017104442501 0
    endloop
  endfacet
  facet normal 0 0 -1
    outer loop
      vertex 25.86 14.5 0
      vertex 28.457052501831054 6.081017104442501 0
      vertex 28.32 6.09 0
    endloop
  endfacet
  facet normal 0 0 -1
    outer loop
      vertex 25.86 14.5 0
      vertex 28.59175999735765 6.054222117603522 0
      vertex 28.457052501831054 6.081017104442501 0
    endloop
  endfacet
  facet normal 0 0 -1
    outer loop
      vertex 25.86 14.5 0
      vertex 28.721817603983343 6.010073509136851 0
      vertex 28.59175999735765 6.054222117603522 0
    endloop
  endfacet
  facet normal 0 0 -1
    outer loop
      vertex 25.86 14.5 0
      vertex 28.959199500459157 5.873021007305797 0
      vertex 28.845 5.94932667397366 0
    endloop
  endfacet
  facet normal 0 0 -1
    outer loop
      vertex 25.86 14.5 0
      vertex 28.845 5.94932667397366 0
      vertex 28.721817603983343 6.010073509136851 0
    endloop
  endfacet
  facet normal 0 0 -1
    outer loop
      vertex 25.86 14.5 0
      vertex 29.062462120245875 5.782462120245875 0
      vertex 28.959199500459157 5.873021007305797 0
    endloop
  endfacet
  facet normal 0 0 -1
    outer loop
      vertex 25.86 14.5 0
      vertex 29.153021007305796 5.6791995004591564 0
      vertex 29.062462120245875 5.782462120245875 0
    endloop
  endfacet
  facet normal 0 0 -1
    outer loop
      vertex 6.8516504294495535 1.5483495705504469 0
      vertex 28.32 3.99 0
      vertex 62.33545175308267 2.7649371286309137 0
    endloop
  endfacet
  facet normal 0 0 -1
    outer loop
      vertex 25.86 19.5 0
      vertex 29.22932667397366 5.565 0
      vertex 29.153021007305796 5.6791995004591564 0
    endloop
  endfacet
  facet normal 0 0 -1
    outer loop
      vertex 25.86 14.5 0
      vertex 25.86 19.5 0
      vertex 29.153021007305796 5.6791995004591564 0
    endloop
  endfacet
  facet normal 0 0 -1
    outer loop
      vertex 29.22932667397366 5.565 0
      vertex 25.86 24.5 0
      vertex 29.290073509136853 5.441817603983345 0
    endloop
  endfacet
  facet normal 0 0 -1
    outer loop
      vertex 25.86 24.5 0
      vertex 29.22932667397366 5.565 0
      vertex 25.86 19.5 0
    endloop
  endfacet
  facet normal 0 -1 0
    outer loop
      vertex 5.628042083199556 0.25 0
      vertex 64.37195791680044 0.25 1.5999999999999996
      vertex 5.628042083199556 0.25 1.5999999999999996
    endloop
  endfacet
  facet normal 0 0 1
    outer loop
      vertex 27.99368451944987 2.561387846565474 1.5999999999999996
      vertex 5.628042083199556 0.25 1.5999999999999996
      vertex 28.32 2.54 1.5999999999999996
    endloop
  endfacet
  facet normal 0 0 1
    outer loop
      vertex 12.307766952966368 3.272233047033631 1.5999999999999996
      vertex 26.7980964274782 3.0566166492719122 1.5999999999999996
      vertex 26.55223304703363 3.272233047033631 1.5999999999999996
    endloop
  endfacet
  facet normal 0 0 1
    outer loop
      vertex 12.523383350728087 3.5180964274781985 1.5999999999999996
      vertex 26.55223304703363 3.272233047033631 1.5999999999999996
      vertex 26.336616649271914 3.5180964274781985 1.5999999999999996
    endloop
  endfacet
  facet normal 0 0 1
    outer loop
      vertex 12.523383350728087 3.5180964274781985 1.5999999999999996
      vertex 26.336616649271914 3.5180964274781985 1.5999999999999996
      vertex 26.154936490538905 3.79 1.5999999999999996
    endloop
  endfacet
  facet normal 0 0 1
    outer loop
      vertex 12.705063509461095 3.79 1.5999999999999996
      vertex 26.154936490538905 3.79 1.5999999999999996
      vertex 26.01030116872178 4.083291419087276 1.5999999999999996
    endloop
  endfacet
  facet normal 0 0 1
    outer loop
      vertex 12.95481456572267 4.392952387243698 1.5999999999999996
      vertex 26.01030116872178 4.083291419087276 1.5999999999999996
      vertex 25.90518543427733 4.392952387243698 1.5999999999999996
    endloop
  endfacet
  facet normal 0 0 1
    outer loop
      vertex 13.018612153434525 4.713684519449871 1.5999999999999996
      vertex 25.90518543427733 4.392952387243698 1.5999999999999996
      vertex 25.841387846565475 4.713684519449871 1.5999999999999996
    endloop
  endfacet
  facet normal 0 0 1
    outer loop
      vertex 13.04 5.04 1.5999999999999996
      vertex 25.841387846565475 4.713684519449871 1.5999999999999996
      vertex 25.82 5.04 1.5999999999999996
    endloop
  endfacet
  facet normal 0 0 1
    outer loop
      vertex 13.018612153434525 5.366315480550129 1.5999999999999996
      vertex 25.82 5.04 1.5999999999999996
      vertex 25.841387846565475 5.366315480550129 1.5999999999999996
    endloop
  endfacet
  facet normal 0 0 1
    outer loop
      vertex 13.018612153434525 5.366315480550129 1.5999999999999996
      vertex 25.841387846565475 5.366315480550129 1.5999999999999996
      vertex 25.90518543427733 5.687047612756302 1.5999999999999996
    endloop
  endfacet
  facet normal 0 0 1
    outer loop
      vertex 12.849698831278216 5.996708580912724 1.5999999999999996
      vertex 25.90518543427733 5.687047612756302 1.5999999999999996
      vertex 26.01030116872178 5.996708580912724 1.5999999999999996
    endloop
  endfacet
  facet normal 0 0 1
    outer loop
      vertex 12.705063509461095 6.29 1.5999999999999996
      vertex 26.01030116872178 5.996708580912724 1.5999999999999996
      vertex 26.154936490538905 6.29 1.5999999999999996
    endloop
  endfacet
  facet normal 0 0 1
    outer loop
      vertex 12.523383350728087 6.561903572521802 1.5999999999999996
      vertex 26.154936490538905 6.29 1.5999999999999996
      vertex 26.336616649271914 6.561903572521802 1.5999999999999996
    endloop
  endfacet
  facet normal 0 0 1
    outer loop
      vertex 12.523383350728087 6.561903572521802 1.5999999999999996
      vertex 26.336616649271914 6.561903572521802 1.5999999999999996
      vertex 26.55223304703363 6.807766952966369 1.5999999999999996
    endloop
  endfacet
  facet normal 0 0 1
    outer loop
      vertex 12.0619035725218 7.023383350728087 1.5999999999999996
      vertex 26.55223304703363 6.807766952966369 1.5999999999999996
      vertex 26.7980964274782 7.023383350728087 1.5999999999999996
    endloop
  endfacet
  facet normal 0 0 1
    outer loop
      vertex 11.79 7.205063509461096 1.5999999999999996
      vertex 26.7980964274782 7.023383350728087 1.5999999999999996
      vertex 27.07 7.205063509461096 1.5999999999999996
    endloop
  endfacet
  facet normal 0 0 1
    outer loop
      vertex 10.866315480550128 2.561387846565474 1.5999999999999996
      vertex 27.99368451944987 2.561387846565474 1.5999999999999996
      vertex 27.672952387243697 2.6251854342773293 1.5999999999999996
    endloop
  endfacet
  facet normal 0 0 1
    outer loop
      vertex 11.79 2.8749364905389037 1.5999999999999996
      vertex 27.363291419087275 2.730301168721783 1.5999999999999996
      vertex 27.07 2.8749364905389037 1.5999999999999996
    endloop
  endfacet
  facet normal 0 0 1
    outer loop
      vertex 11.496708580912724 2.730301168721783 1.5999999999999996
      vertex 27.672952387243697 2.6251854342773293 1.5999999999999996
      vertex 27.363291419087275 2.730301168721783 1.5999999999999996
    endloop
  endfacet
  facet normal 0 0 1
    outer loop
      vertex 12.0619035725218 3.0566166492719122 1.5999999999999996
      vertex 27.07 2.8749364905389037 1.5999999999999996
      vertex 26.7980964274782 3.0566166492719122 1.5999999999999996
    endloop
  endfacet
  facet normal 0 0 1
    outer loop
      vertex 11.496708580912724 7.349698831278217 1.5999999999999996
      vertex 27.07 7.205063509461096 1.5999999999999996
      vertex 27.363291419087275 7.349698831278217 1.5999999999999996
    endloop
  endfacet
  facet normal 0 0 1
    outer loop
      vertex 11.496708580912724 7.349698831278217 1.5999999999999996
      vertex 27.363291419087275 7.349698831278217 1.5999999999999996
      vertex 27.672952387243697 7.454814565722671 1.5999999999999996
    endloop
  endfacet
  facet normal 0 0 1
    outer loop
      vertex 28.32 2.54 1.5999999999999996
      vertex 5.628042083199556 0.25 1.5999999999999996
      vertex 63.148349570550444 1.5483495705504469 1.5999999999999996
    endloop
  endfacet
  facet normal 0 0 1
    outer loop
      vertex 11.1870476127563 7.454814565722671 1.5999999999999996
      vertex 11.496708580912724 7.349698831278217 1.5999999999999996
      vertex 64.47661664927192 32.821903572521805 1.5999999999999996
    endloop
  endfacet
  facet normal 0 0 1
    outer loop
      vertex 11.496708580912724 7.349698831278217 1.5999999999999996
      vertex 27.672952387243697 7.454814565722671 1.5999999999999996
      vertex 64.47661664927192 32.821903572521805 1.5999999999999996
    endloop
  endfacet
  facet normal 0 0 -1
    outer loop
      vertex 25.86 24.5 0
      vertex 25.86 19.5 0
      vertex 13 19.5 0
    endloop
  endfacet
  facet normal 0 0 -1
    outer loop
      vertex 34.602947498168945 30.2589828955575 0
      vertex 25.86 29.5 0
      vertex 5 30 0
    endloop
  endfacet
  facet normal 0 0 -1
    outer loop
      vertex 33.83067332602634 30.775000000000006 0
      vertex 0.25 30 0
      vertex 33.76992649086315 30.89818239601666 0
    endloop
  endfacet
  facet normal 0 0 -1
    outer loop
      vertex 0.25 30 0
      vertex 33.99753787975413 30.55753787975413 0
      vertex 34.100800499540846 30.46697899269421 0
    endloop
  endfacet
  facet normal 0 0 -1
    outer loop
      vertex 33.99753787975413 30.55753787975413 0
      vertex 0.25 30 0
      vertex 33.90697899269421 30.660800499540848 0
    endloop
  endfacet
  facet normal 0 0 -1
    outer loop
      vertex 33.90697899269421 30.660800499540848 0
      vertex 0.25 30 0
      vertex 33.83067332602634 30.775000000000006 0
    endloop
  endfacet
  facet normal 0 0 -1
    outer loop
      vertex 34.100800499540846 30.46697899269421 0
      vertex 34.215 30.390673326026345 0
      vertex 0.25 30 0
    endloop
  endfacet
  facet normal 0 0 -1
    outer loop
      vertex 34.215 30.390673326026345 0
      vertex 34.338182396016656 30.32992649086315 0
      vertex 5 30 0
    endloop
  endfacet
  facet normal 0 0 -1
    outer loop
      vertex 34.338182396016656 30.32992649086315 0
      vertex 34.468240002642354 30.28577788239648 0
      vertex 5 30 0
    endloop
  endfacet
  facet normal 0 0 -1
    outer loop
      vertex 34.468240002642354 30.28577788239648 0
      vertex 34.602947498168945 30.2589828955575 0
      vertex 5 30 0
    endloop
  endfacet
  facet normal 0 0 -1
    outer loop
      vertex 33.76992649086315 30.89818239601666 0
      vertex 0.25 30 0
      vertex 33.72577788239648 31.028240002642356 0
    endloop
  endfacet
  facet normal 0 0 -1
    outer loop
      vertex 33.72577788239648 31.028240002642356 0
      vertex 0.25 30 0
      vertex 33.6989828955575 31.16294749816895 0
    endloop
  endfacet
  facet normal 0 0 -1
    outer loop
      vertex 33.6989828955575 31.16294749816895 0
      vertex 0.25 30 0
      vertex 33.690000000000005 31.300000000000004 0
    endloop
  endfacet
  facet normal 0 0 -1
    outer loop
      vertex 4.452266000612209 32.88930532359227 0
      vertex 33.6989828955575 31.437052501831058 0
      vertex 33.690000000000005 31.300000000000004 0
    endloop
  endfacet
  facet normal 0 0 -1
    outer loop
      vertex 4.452266000612209 32.88930532359227 0
      vertex 33.72577788239648 31.571759997357653 0
      vertex 33.6989828955575 31.437052501831058 0
    endloop
  endfacet
  facet normal 0 0 -1
    outer loop
      vertex 4.452266000612209 32.88930532359227 0
      vertex 33.76992649086315 31.701817603983347 0
      vertex 33.72577788239648 31.571759997357653 0
    endloop
  endfacet
  facet normal 0 0 -1
    outer loop
      vertex 4.452266000612209 32.88930532359227 0
      vertex 33.83067332602634 31.825000000000003 0
      vertex 33.76992649086315 31.701817603983347 0
    endloop
  endfacet
  facet normal 0 0 -1
    outer loop
      vertex 4.452266000612209 32.88930532359227 0
      vertex 33.90697899269421 31.93919950045916 0
      vertex 33.83067332602634 31.825000000000003 0
    endloop
  endfacet
  facet normal 0 0 -1
    outer loop
      vertex 4.452266000612209 32.88930532359227 0
      vertex 33.99753787975413 32.04246212024588 0
      vertex 33.90697899269421 31.93919950045916 0
    endloop
  endfacet
  facet normal 0 0 -1
    outer loop
      vertex 4.452266000612209 32.88930532359227 0
      vertex 34.100800499540846 32.1330210073058 0
      vertex 33.99753787975413 32.04246212024588 0
    endloop
  endfacet
  facet normal 0 0 -1
    outer loop
      vertex 4.452266000612209 32.88930532359227 0
      vertex 34.215 32.20932667397366 0
      vertex 34.100800499540846 32.1330210073058 0
    endloop
  endfacet
  facet normal 0 0 -1
    outer loop
      vertex 4.452266000612209 32.88930532359227 0
      vertex 34.338182396016656 32.27007350913686 0
      vertex 34.215 32.20932667397366 0
    endloop
  endfacet
  facet normal 0 0 -1
    outer loop
      vertex 4.452266000612209 32.88930532359227 0
      vertex 34.468240002642354 32.31422211760353 0
      vertex 34.338182396016656 32.27007350913686 0
    endloop
  endfacet
  facet normal 0 0 -1
    outer loop
      vertex 34.602947498168945 32.34101710444251 0
      vertex 13 34.5 0
      vertex 25.86 34.5 0
    endloop
  endfacet
  facet normal 0 0 -1
    outer loop
      vertex 34.602947498168945 32.34101710444251 0
      vertex 34.468240002642354 32.31422211760353 0
      vertex 13 34.5 0
    endloop
  endfacet
  facet normal 0 0 -1
    outer loop
      vertex 34.602947498168945 30.2589828955575 0
      vertex 34.74 30.250000000000004 0
      vertex 25.86 29.5 0
    endloop
  endfacet
  facet normal 0 0 -1
    outer loop
      vertex 34.74 30.250000000000004 0
      vertex 34.87705250183106 30.2589828955575 0
      vertex 25.86 29.5 0
    endloop
  endfacet
  facet normal 0 0 1
    outer loop
      vertex 13 24.5 1.5999999999999996
      vertex 25.86 19.5 1.5999999999999996
      vertex 25.86 24.5 1.5999999999999996
    endloop
  endfacet
  facet normal 0 0 1
    outer loop
      vertex 25.86 34.5 1.5999999999999996
      vertex 13 34.5 1.5999999999999996
      vertex 25.86 29.5 1.5999999999999996
    endloop
  endfacet
  facet normal 0 0 1
    outer loop
      vertex 36.2619035725218 29.316616649271918 1.5999999999999996
      vertex 25.86 19.5 1.5999999999999996
      vertex 25.86 14.5 1.5999999999999996
    endloop
  endfacet
  facet normal 0 0 1
    outer loop
      vertex 32.43030116872178 30.34329141908728 1.5999999999999996
      vertex 25.86 24.5 1.5999999999999996
      vertex 25.86 19.5 1.5999999999999996
    endloop
  endfacet
  facet normal 0 0 1
    outer loop
      vertex 11.1870476127563 7.454814565722671 1.5999999999999996
      vertex 64.47661664927192 32.821903572521805 1.5999999999999996
      vertex 25.86 14.5 1.5999999999999996
    endloop
  endfacet
  facet normal 0 0 1
    outer loop
      vertex 33.2180964274782 29.316616649271918 1.5999999999999996
      vertex 25.86 19.5 1.5999999999999996
      vertex 33.49 29.13493649053891 1.5999999999999996
    endloop
  endfacet
  facet normal 0 0 1
    outer loop
      vertex 33.2180964274782 29.316616649271918 1.5999999999999996
      vertex 32.97223304703363 29.532233047033635 1.5999999999999996
      vertex 25.86 19.5 1.5999999999999996
    endloop
  endfacet
  facet normal 0 0 1
    outer loop
      vertex 33.49 29.13493649053891 1.5999999999999996
      vertex 25.86 19.5 1.5999999999999996
      vertex 33.78329141908728 28.990301168721786 1.5999999999999996
    endloop
  endfacet
  facet normal 0 0 1
    outer loop
      vertex 34.41368451944987 28.82138784656548 1.5999999999999996
      vertex 25.86 19.5 1.5999999999999996
      vertex 34.74 28.800000000000004 1.5999999999999996
    endloop
  endfacet
  facet normal 0 0 1
    outer loop
      vertex 33.78329141908728 28.990301168721786 1.5999999999999996
      vertex 25.86 19.5 1.5999999999999996
      vertex 34.0929523872437 28.885185434277332 1.5999999999999996
    endloop
  endfacet
  facet normal 0 0 1
    outer loop
      vertex 34.0929523872437 28.885185434277332 1.5999999999999996
      vertex 25.86 19.5 1.5999999999999996
      vertex 34.41368451944987 28.82138784656548 1.5999999999999996
    endloop
  endfacet
  facet normal 0 0 1
    outer loop
      vertex 34.74 28.800000000000004 1.5999999999999996
      vertex 25.86 19.5 1.5999999999999996
      vertex 35.06631548055013 28.82138784656548 1.5999999999999996
    endloop
  endfacet
  facet normal 0 0 1
    outer loop
      vertex 35.06631548055013 28.82138784656548 1.5999999999999996
      vertex 25.86 19.5 1.5999999999999996
      vertex 35.387047612756305 28.885185434277332 1.5999999999999996
    endloop
  endfacet
  facet normal 0 0 1
    outer loop
      vertex 35.387047612756305 28.885185434277332 1.5999999999999996
      vertex 25.86 19.5 1.5999999999999996
      vertex 35.69670858091273 28.990301168721786 1.5999999999999996
    endloop
  endfacet
  facet normal 0 0 1
    outer loop
      vertex 35.69670858091273 28.990301168721786 1.5999999999999996
      vertex 25.86 19.5 1.5999999999999996
      vertex 35.99 29.13493649053891 1.5999999999999996
    endloop
  endfacet
  facet normal 0 0 1
    outer loop
      vertex 35.99 29.13493649053891 1.5999999999999996
      vertex 25.86 19.5 1.5999999999999996
      vertex 36.2619035725218 29.316616649271918 1.5999999999999996
    endloop
  endfacet
  facet normal 0 0 1
    outer loop
      vertex 32.5749364905389 32.550000000000004 1.5999999999999996
      vertex 25.86 29.5 1.5999999999999996
      vertex 25.86 24.5 1.5999999999999996
    endloop
  endfacet
  facet normal 0 0 1
    outer loop
      vertex 32.43030116872178 30.34329141908728 1.5999999999999996
      vertex 25.86 19.5 1.5999999999999996
      vertex 32.5749364905389 30.050000000000004 1.5999999999999996
    endloop
  endfacet
  facet normal 0 0 1
    outer loop
      vertex 32.75661664927191 29.778096427478204 1.5999999999999996
      vertex 32.5749364905389 30.050000000000004 1.5999999999999996
      vertex 25.86 19.5 1.5999999999999996
    endloop
  endfacet
  facet normal 0 0 1
    outer loop
      vertex 32.75661664927191 29.778096427478204 1.5999999999999996
      vertex 25.86 19.5 1.5999999999999996
      vertex 32.97223304703363 29.532233047033635 1.5999999999999996
    endloop
  endfacet
  facet normal 0 0 1
    outer loop
      vertex 32.43030116872178 30.34329141908728 1.5999999999999996
      vertex 32.32518543427733 30.6529523872437 1.5999999999999996
      vertex 25.86 24.5 1.5999999999999996
    endloop
  endfacet
  facet normal 0 0 1
    outer loop
      vertex 32.261387846565476 30.973684519449876 1.5999999999999996
      vertex 25.86 24.5 1.5999999999999996
      vertex 32.32518543427733 30.6529523872437 1.5999999999999996
    endloop
  endfacet
  facet normal 0 0 1
    outer loop
      vertex 32.261387846565476 30.973684519449876 1.5999999999999996
      vertex 32.24 31.300000000000004 1.5999999999999996
      vertex 25.86 24.5 1.5999999999999996
    endloop
  endfacet
  facet normal 0 0 1
    outer loop
      vertex 32.24 31.300000000000004 1.5999999999999996
      vertex 32.261387846565476 31.626315480550133 1.5999999999999996
      vertex 25.86 24.5 1.5999999999999996
    endloop
  endfacet
  facet normal 0 0 1
    outer loop
      vertex 32.261387846565476 31.626315480550133 1.5999999999999996
      vertex 32.32518543427733 31.947047612756307 1.5999999999999996
      vertex 25.86 24.5 1.5999999999999996
    endloop
  endfacet
  facet normal 0 0 1
    outer loop
      vertex 32.32518543427733 31.947047612756307 1.5999999999999996
      vertex 32.43030116872178 32.25670858091273 1.5999999999999996
      vertex 25.86 24.5 1.5999999999999996
    endloop
  endfacet
  facet normal 0 0 1
    outer loop
      vertex 32.43030116872178 32.25670858091273 1.5999999999999996
      vertex 32.5749364905389 32.550000000000004 1.5999999999999996
      vertex 25.86 24.5 1.5999999999999996
    endloop
  endfacet
  facet normal 0 0 1
    outer loop
      vertex 32.5749364905389 32.550000000000004 1.5999999999999996
      vertex 25.86 34.5 1.5999999999999996
      vertex 25.86 29.5 1.5999999999999996
    endloop
  endfacet
  facet normal 0 0 -1
    outer loop
      vertex 0.25 40.65 0
      vertex 2.211977194076666 34.182736669108074 0
      vertex 2.2 34 0
    endloop
  endfacet
  facet normal 0 0 -1
    outer loop
      vertex 0.25 40.65 0
      vertex 2.2477038431953043 34.362346663143526 0
      vertex 2.211977194076666 34.182736669108074 0
    endloop
  endfacet
  facet normal 0 0 -1
    outer loop
      vertex 0.25 40.65 0
      vertex 2.306568654484199 34.535756805311124 0
      vertex 2.2477038431953043 34.362346663143526 0
    endloop
  endfacet
  facet normal 0 0 -1
    outer loop
      vertex 0.25 40.65 0
      vertex 2.387564434701786 34.7 0
      vertex 2.306568654484199 34.535756805311124 0
    endloop
  endfacet
  facet normal 0 0 -1
    outer loop
      vertex 0.25 40.65 0
      vertex 2.489305323592271 34.85226600061221 0
      vertex 2.387564434701786 34.7 0
    endloop
  endfacet
  facet normal 0 0 -1
    outer loop
      vertex 0.25 40.65 0
      vertex 2.6100505063388333 34.989949493661165 0
      vertex 2.489305323592271 34.85226600061221 0
    endloop
  endfacet
  facet normal 0 0 -1
    outer loop
      vertex 0.25 40.65 0
      vertex 2.7477339993877914 35.11069467640773 0
      vertex 2.6100505063388333 34.989949493661165 0
    endloop
  endfacet
  facet normal 0 0 -1
    outer loop
      vertex 0.25 40.65 0
      vertex 2.9000000000000004 35.212435565298215 0
      vertex 2.7477339993877914 35.11069467640773 0
    endloop
  endfacet
  facet normal 0 0 -1
    outer loop
      vertex 0.25 40.65 0
      vertex 3.064243194688874 35.2934313455158 0
      vertex 2.9000000000000004 35.212435565298215 0
    endloop
  endfacet
  facet normal 0 0 -1
    outer loop
      vertex 0.25 40.65 0
      vertex 3.237653336856471 35.3522961568047 0
      vertex 3.064243194688874 35.2934313455158 0
    endloop
  endfacet
  facet normal 0 0 -1
    outer loop
      vertex 4.135756805311126 35.2934313455158 0
      vertex 4.6 40.65 0
      vertex 4.3 35.212435565298215 0
    endloop
  endfacet
  facet normal 0 0 -1
    outer loop
      vertex 0.25 40.65 0
      vertex 4.6 40.65 0
      vertex 3.237653336856471 35.3522961568047 0
    endloop
  endfacet
  facet normal 0 0 -1
    outer loop
      vertex 3.237653336856471 35.3522961568047 0
      vertex 4.6 40.65 0
      vertex 3.417263330891928 35.388022805923335 0
    endloop
  endfacet
  facet normal 0 0 -1
    outer loop
      vertex 3.417263330891928 35.388022805923335 0
      vertex 4.6 40.65 0
      vertex 3.6 35.4 0
    endloop
  endfacet
  facet normal 0 0 -1
    outer loop
      vertex 3.6 35.4 0
      vertex 4.6 40.65 0
      vertex 3.7827366691080724 35.388022805923335 0
    endloop
  endfacet
  facet normal 0 0 -1
    outer loop
      vertex 3.7827366691080724 35.388022805923335 0
      vertex 4.6 40.65 0
      vertex 3.962346663143529 35.3522961568047 0
    endloop
  endfacet
  facet normal 0 0 -1
    outer loop
      vertex 3.962346663143529 35.3522961568047 0
      vertex 4.6 40.65 0
      vertex 4.135756805311126 35.2934313455158 0
    endloop
  endfacet
  facet normal 0 0 -1
    outer loop
      vertex 4.3 35.212435565298215 0
      vertex 13 39.5 0
      vertex 4.452266000612209 35.11069467640773 0
    endloop
  endfacet
  facet normal 0 0 -1
    outer loop
      vertex 4.452266000612209 35.11069467640773 0
      vertex 13 39.5 0
      vertex 4.589949493661167 34.989949493661165 0
    endloop
  endfacet
  facet normal 0 0 -1
    outer loop
      vertex 4.3 35.212435565298215 0
      vertex 4.6 40.65 0
      vertex 13 39.5 0
    endloop
  endfacet
  facet normal 0 0 -1
    outer loop
      vertex 4.6 40.65 0
      vertex 4.6 51.349999999999994 0
      vertex 13 39.5 0
    endloop
  endfacet
  facet normal 0 0 -1
    outer loop
      vertex 4.589949493661167 34.989949493661165 0
      vertex 13 39.5 0
      vertex 13 34.5 0
    endloop
  endfacet
  facet normal 0 0 -1
    outer loop
      vertex 13 39.5 0
      vertex 13 44.5 0
      vertex 25.86 44.5 0
    endloop
  endfacet
  facet normal 0 0 -1
    outer loop
      vertex 13 39.5 0
      vertex 4.6 51.349999999999994 0
      vertex 13 44.5 0
    endloop
  endfacet
  facet normal 0 0 -1
    outer loop
      vertex 13 44.5 0
      vertex 4.6 51.349999999999994 0
      vertex 13 49.5 0
    endloop
  endfacet
  facet normal -1 0 0
    outer loop
      vertex 0.25 30 1.5999999999999996
      vertex 0.25 40.65 1.5999999999999996
      vertex 0.25 40.65 0
    endloop
  endfacet
  facet normal 0 0 1
    outer loop
      vertex 0.25 40.65 1.5999999999999996
      vertex 0.9092198581560281 34 1.5999999999999996
      vertex 0.9322398552821014 34.35121728601622 1.5999999999999996
    endloop
  endfacet
  facet normal 0 0 1
    outer loop
      vertex 0.25 40.65 1.5999999999999996
      vertex 0.9322398552821014 34.35121728601622 1.5999999999999996
      vertex 1.000905968127145 34.69642514689288 1.5999999999999996
    endloop
  endfacet
  facet normal 0 0 1
    outer loop
      vertex 0.25 40.65 1.5999999999999996
      vertex 1.000905968127145 34.69642514689288 1.5999999999999996
      vertex 1.1140433004625374 35.02971698042067 1.5999999999999996
    endloop
  endfacet
  facet normal 0 0 1
    outer loop
      vertex 0.25 40.65 1.5999999999999996
      vertex 1.1140433004625374 35.02971698042067 1.5999999999999996
      vertex 1.269716041164425 35.34539007092199 1.5999999999999996
    endloop
  endfacet
  facet normal 0 0 1
    outer loop
      vertex 0.25 40.65 1.5999999999999996
      vertex 1.269716041164425 35.34539007092199 1.5999999999999996
      vertex 1.4652605864787613 35.63804316429723 1.5999999999999996
    endloop
  endfacet
  facet normal 0 0 1
    outer loop
      vertex 0.25 40.65 1.5999999999999996
      vertex 1.4652605864787613 35.63804316429723 1.5999999999999996
      vertex 1.6973311150200272 35.902668884979974 1.5999999999999996
    endloop
  endfacet
  facet normal 0 0 1
    outer loop
      vertex 0.25 40.65 1.5999999999999996
      vertex 1.6973311150200272 35.902668884979974 1.5999999999999996
      vertex 1.9619568357027757 36.13473941352124 1.5999999999999996
    endloop
  endfacet
  facet normal 0 0 1
    outer loop
      vertex 0.25 40.65 1.5999999999999996
      vertex 1.9619568357027757 36.13473941352124 1.5999999999999996
      vertex 4.6 40.65 1.5999999999999996
    endloop
  endfacet
  facet normal 0 0 1
    outer loop
      vertex 14.43 56.92 1.5999999999999996
      vertex 1.9619568357027757 36.13473941352124 1.5999999999999996
      vertex 2.254609929078014 36.33028395883558 1.5999999999999996
    endloop
  endfacet
  facet normal 0 0 1
    outer loop
      vertex 14.43 56.92 1.5999999999999996
      vertex 2.254609929078014 36.33028395883558 1.5999999999999996
      vertex 2.5702830195793256 36.48595669953746 1.5999999999999996
    endloop
  endfacet
  facet normal 0 0 1
    outer loop
      vertex 14.43 56.92 1.5999999999999996
      vertex 2.5702830195793256 36.48595669953746 1.5999999999999996
      vertex 2.903574853107118 36.59909403187285 1.5999999999999996
    endloop
  endfacet
  facet normal 0 0 1
    outer loop
      vertex 14.43 56.92 1.5999999999999996
      vertex 2.903574853107118 36.59909403187285 1.5999999999999996
      vertex 3.248782713983776 36.667760144717896 1.5999999999999996
    endloop
  endfacet
  facet normal 0 0 1
    outer loop
      vertex 14.43 56.92 1.5999999999999996
      vertex 3.248782713983776 36.667760144717896 1.5999999999999996
      vertex 3.6 36.69078014184397 1.5999999999999996
    endloop
  endfacet
  facet normal 0 0 1
    outer loop
      vertex 14.43 56.92 1.5999999999999996
      vertex 3.6 36.69078014184397 1.5999999999999996
      vertex 3.9512172860162242 36.667760144717896 1.5999999999999996
    endloop
  endfacet
  facet normal 0 0 1
    outer loop
      vertex 14.43 56.92 1.5999999999999996
      vertex 3.9512172860162242 36.667760144717896 1.5999999999999996
      vertex 4.296425146892882 36.59909403187285 1.5999999999999996
    endloop
  endfacet
  facet normal 0 0 1
    outer loop
      vertex 14.43 56.92 1.5999999999999996
      vertex 4.296425146892882 36.59909403187285 1.5999999999999996
      vertex 4.629716980420675 36.48595669953746 1.5999999999999996
    endloop
  endfacet
  facet normal 0 0 1
    outer loop
      vertex 14.43 56.92 1.5999999999999996
      vertex 6.085956699537463 35.02971698042067 1.5999999999999996
      vertex 6.199094031872854 34.69642514689288 1.5999999999999996
    endloop
  endfacet
  facet normal 0 0 1
    outer loop
      vertex 14.43 56.92 1.5999999999999996
      vertex 5.930283958835575 35.34539007092199 1.5999999999999996
      vertex 6.085956699537463 35.02971698042067 1.5999999999999996
    endloop
  endfacet
  facet normal 0 0 1
    outer loop
      vertex 14.43 56.92 1.5999999999999996
      vertex 5.238043164297225 36.13473941352124 1.5999999999999996
      vertex 5.502668884979973 35.902668884979974 1.5999999999999996
    endloop
  endfacet
  facet normal 0 0 1
    outer loop
      vertex 14.43 56.92 1.5999999999999996
      vertex 4.629716980420675 36.48595669953746 1.5999999999999996
      vertex 4.945390070921986 36.33028395883558 1.5999999999999996
    endloop
  endfacet
  facet normal 0 0 1
    outer loop
      vertex 14.43 56.92 1.5999999999999996
      vertex 4.945390070921986 36.33028395883558 1.5999999999999996
      vertex 5.238043164297225 36.13473941352124 1.5999999999999996
    endloop
  endfacet
  facet normal 0 0 1
    outer loop
      vertex 14.43 56.92 1.5999999999999996
      vertex 5.502668884979973 35.902668884979974 1.5999999999999996
      vertex 5.734739413521239 35.63804316429723 1.5999999999999996
    endloop
  endfacet
  facet normal 0 0 1
    outer loop
      vertex 14.43 56.92 1.5999999999999996
      vertex 5.734739413521239 35.63804316429723 1.5999999999999996
      vertex 5.930283958835575 35.34539007092199 1.5999999999999996
    endloop
  endfacet
  facet normal 0 0 1
    outer loop
      vertex 14.43 56.92 1.5999999999999996
      vertex 4.6 40.65 1.5999999999999996
      vertex 1.9619568357027757 36.13473941352124 1.5999999999999996
    endloop
  endfacet
  facet normal 0 0 1
    outer loop
      vertex 14.43 56.92 1.5999999999999996
      vertex 4.6 51.349999999999994 1.5999999999999996
      vertex 4.6 40.65 1.5999999999999996
    endloop
  endfacet
  facet normal 0 0 1
    outer loop
      vertex 5 14 1.5999999999999996
      vertex 13 44.5 1.5999999999999996
      vertex 13 49.5 1.5999999999999996
    endloop
  endfacet
  facet normal 0 0 1
    outer loop
      vertex 14.43 56.92 1.5999999999999996
      vertex 5 14 1.5999999999999996
      vertex 13 49.5 1.5999999999999996
    endloop
  endfacet
  facet normal 0 0 1
    outer loop
      vertex 14.43 56.92 1.5999999999999996
      vertex 6.290780141843973 34 1.5999999999999996
      vertex 6.267760144717899 33.64878271398378 1.5999999999999996
    endloop
  endfacet
  facet normal 0 0 1
    outer loop
      vertex 14.43 56.92 1.5999999999999996
      vertex 6.267760144717899 34.35121728601622 1.5999999999999996
      vertex 6.290780141843973 34 1.5999999999999996
    endloop
  endfacet
  facet normal 0 0 1
    outer loop
      vertex 14.43 56.92 1.5999999999999996
      vertex 6.199094031872854 34.69642514689288 1.5999999999999996
      vertex 6.267760144717899 34.35121728601622 1.5999999999999996
    endloop
  endfacet
  facet normal 0 0 1
    outer loop
      vertex 13 39.5 1.5999999999999996
      vertex 25.86 39.5 1.5999999999999996
      vertex 13 44.5 1.5999999999999996
    endloop
  endfacet
  facet normal 0 0 -1
    outer loop
      vertex 0.25 51.349999999999994 0
      vertex 2.6100505063388333 59.010050506338835 0
      vertex 2.7477339993877914 58.88930532359227 0
    endloop
  endfacet
  facet normal 0 0 -1
    outer loop
      vertex 0.25 51.349999999999994 0
      vertex 2.489305323592271 59.14773399938779 0
      vertex 2.6100505063388333 59.010050506338835 0
    endloop
  endfacet
  facet normal 0 0 -1
    outer loop
      vertex 0.25 51.349999999999994 0
      vertex 2.9000000000000004 58.787564434701785 0
      vertex 3.064243194688874 58.7065686544842 0
    endloop
  endfacet
  facet normal 0 0 -1
    outer loop
      vertex 0.25 51.349999999999994 0
      vertex 2.7477339993877914 58.88930532359227 0
      vertex 2.9000000000000004 58.787564434701785 0
    endloop
  endfacet
  facet normal 0 0 -1
    outer loop
      vertex 0.25 51.349999999999994 0
      vertex 3.064243194688874 58.7065686544842 0
      vertex 3.237653336856471 58.6477038431953 0
    endloop
  endfacet
  facet normal 0 0 -1
    outer loop
      vertex 0.25 51.349999999999994 0
      vertex 3.237653336856471 58.6477038431953 0
      vertex 3.417263330891928 58.611977194076665 0
    endloop
  endfacet
  facet normal 0 0 -1
    outer loop
      vertex 3.7827366691080724 58.611977194076665 0
      vertex 4.6 51.349999999999994 0
      vertex 0.25 51.349999999999994 0
    endloop
  endfacet
  facet normal 0 0 -1
    outer loop
      vertex 3.417263330891928 58.611977194076665 0
      vertex 3.6 58.6 0
      vertex 0.25 51.349999999999994 0
    endloop
  endfacet
  facet normal 0 0 -1
    outer loop
      vertex 3.7827366691080724 58.611977194076665 0
      vertex 0.25 51.349999999999994 0
      vertex 3.6 58.6 0
    endloop
  endfacet
  facet normal 0 0 -1
    outer loop
      vertex 3.962346663143529 58.6477038431953 0
      vertex 4.6 51.349999999999994 0
      vertex 3.7827366691080724 58.611977194076665 0
    endloop
  endfacet
  facet normal 0 0 -1
    outer loop
      vertex 4.135756805311126 58.7065686544842 0
      vertex 4.6 51.349999999999994 0
      vertex 3.962346663143529 58.6477038431953 0
    endloop
  endfacet
  facet normal 0 0 -1
    outer loop
      vertex 4.3 58.787564434701785 0
      vertex 4.6 51.349999999999994 0
      vertex 4.135756805311126 58.7065686544842 0
    endloop
  endfacet
  facet normal 0 0 -1
    outer loop
      vertex 4.452266000612209 58.88930532359227 0
      vertex 4.6 51.349999999999994 0
      vertex 4.3 58.787564434701785 0
    endloop
  endfacet
  facet normal 0 0 -1
    outer loop
      vertex 4.589949493661167 59.010050506338835 0
      vertex 4.6 51.349999999999994 0
      vertex 4.452266000612209 58.88930532359227 0
    endloop
  endfacet
  facet normal 0 0 -1
    outer loop
      vertex 0.25 51.349999999999994 0
      vertex 2.2477038431953043 59.637653336856474 0
      vertex 2.306568654484199 59.464243194688876 0
    endloop
  endfacet
  facet normal 0 0 -1
    outer loop
      vertex 0.25 51.349999999999994 0
      vertex 2.211977194076666 59.817263330891926 0
      vertex 2.2477038431953043 59.637653336856474 0
    endloop
  endfacet
  facet normal 0 0 -1
    outer loop
      vertex 0.25 51.349999999999994 0
      vertex 2.2 60 0
      vertex 2.211977194076666 59.817263330891926 0
    endloop
  endfacet
  facet normal 0 0 -1
    outer loop
      vertex 0.25 51.349999999999994 0
      vertex 2.306568654484199 59.464243194688876 0
      vertex 2.387564434701786 59.3 0
    endloop
  endfacet
  facet normal 0 0 -1
    outer loop
      vertex 0.25 51.349999999999994 0
      vertex 2.387564434701786 59.3 0
      vertex 2.489305323592271 59.14773399938779 0
    endloop
  endfacet
  facet normal 0 0 -1
    outer loop
      vertex 2.3 69.6 0
      vertex 2.2 60 0
      vertex 0.25 51.349999999999994 0
    endloop
  endfacet
  facet normal 0 0 -1
    outer loop
      vertex 4.589949493661167 59.010050506338835 0
      vertex 13 49.5 0
      vertex 4.6 51.349999999999994 0
    endloop
  endfacet
  facet normal 0 0 -1
    outer loop
      vertex 4.710694676407729 59.14773399938779 0
      vertex 13 49.5 0
      vertex 4.589949493661167 59.010050506338835 0
    endloop
  endfacet
  facet normal 0 0 -1
    outer loop
      vertex 4.812435565298214 59.3 0
      vertex 13 49.5 0
      vertex 4.710694676407729 59.14773399938779 0
    endloop
  endfacet
  facet normal 0 0 -1
    outer loop
      vertex 4.893431345515801 59.464243194688876 0
      vertex 13 49.5 0
      vertex 4.812435565298214 59.3 0
    endloop
  endfacet
  facet normal 0 0 -1
    outer loop
      vertex 4.952296156804696 59.637653336856474 0
      vertex 13 49.5 0
      vertex 4.893431345515801 59.464243194688876 0
    endloop
  endfacet
  facet normal 0 0 -1
    outer loop
      vertex 4.988022805923334 59.817263330891926 0
      vertex 13 49.5 0
      vertex 4.952296156804696 59.637653336856474 0
    endloop
  endfacet
  facet normal 0 0 -1
    outer loop
      vertex 4.988022805923334 59.817263330891926 0
      vertex 5 60 0
      vertex 13 49.5 0
    endloop
  endfacet
  facet normal 0 0 -1
    outer loop
      vertex 4.988022805923334 60.182736669108074 0
      vertex 13 49.5 0
      vertex 5 60 0
    endloop
  endfacet
  facet normal 0 0 -1
    outer loop
      vertex 4.812435565298214 60.7 0
      vertex 13 49.5 0
      vertex 4.893431345515801 60.535756805311124 0
    endloop
  endfacet
  facet normal 0 0 -1
    outer loop
      vertex 4.710694676407729 60.85226600061221 0
      vertex 13 49.5 0
      vertex 4.812435565298214 60.7 0
    endloop
  endfacet
  facet normal 0 0 -1
    outer loop
      vertex 4.952296156804696 60.362346663143526 0
      vertex 13 49.5 0
      vertex 4.988022805923334 60.182736669108074 0
    endloop
  endfacet
  facet normal 0 0 -1
    outer loop
      vertex 4.893431345515801 60.535756805311124 0
      vertex 13 49.5 0
      vertex 4.952296156804696 60.362346663143526 0
    endloop
  endfacet
  facet normal -1 0 0
    outer loop
      vertex 0.25 67.55 0
      vertex 0.25 51.349999999999994 0
      vertex 0.25 51.349999999999994 1.5999999999999996
    endloop
  endfacet
  facet normal 0 0 -1
    outer loop
      vertex 0.25 67.55 0
      vertex 2.3 69.6 0
      vertex 0.25 51.349999999999994 0
    endloop
  endfacet
  facet normal 0 0 -1
    outer loop
      vertex 2.3 69.6 0
      vertex 2.211977194076666 60.182736669108074 0
      vertex 2.2 60 0
    endloop
  endfacet
  facet normal 0 0 -1
    outer loop
      vertex 2.3 69.6 0
      vertex 2.2477038431953043 60.362346663143526 0
      vertex 2.211977194076666 60.182736669108074 0
    endloop
  endfacet
  facet normal 0 0 -1
    outer loop
      vertex 2.3 69.6 0
      vertex 2.306568654484199 60.535756805311124 0
      vertex 2.2477038431953043 60.362346663143526 0
    endloop
  endfacet
  facet normal 0 0 -1
    outer loop
      vertex 2.3 69.6 0
      vertex 2.387564434701786 60.7 0
      vertex 2.306568654484199 60.535756805311124 0
    endloop
  endfacet
  facet normal 0 0 -1
    outer loop
      vertex 2.3 69.6 0
      vertex 2.489305323592271 60.85226600061221 0
      vertex 2.387564434701786 60.7 0
    endloop
  endfacet
  facet normal 0 0 -1
    outer loop
      vertex 2.3 69.6 0
      vertex 2.6100505063388333 60.989949493661165 0
      vertex 2.489305323592271 60.85226600061221 0
    endloop
  endfacet
  facet normal 0 0 -1
    outer loop
      vertex 2.3 69.6 0
      vertex 2.7477339993877914 61.11069467640773 0
      vertex 2.6100505063388333 60.989949493661165 0
    endloop
  endfacet
  facet normal 0 0 -1
    outer loop
      vertex 2.3 69.6 0
      vertex 2.9000000000000004 61.212435565298215 0
      vertex 2.7477339993877914 61.11069467640773 0
    endloop
  endfacet
  facet normal 0 0 -1
    outer loop
      vertex 2.3 69.6 0
      vertex 3.064243194688874 61.2934313455158 0
      vertex 2.9000000000000004 61.212435565298215 0
    endloop
  endfacet
  facet normal 0 0 -1
    outer loop
      vertex 2.3 69.6 0
      vertex 3.237653336856471 61.3522961568047 0
      vertex 3.064243194688874 61.2934313455158 0
    endloop
  endfacet
  facet normal 0 0 -1
    outer loop
      vertex 2.3 69.6 0
      vertex 3.417263330891928 61.388022805923335 0
      vertex 3.237653336856471 61.3522961568047 0
    endloop
  endfacet
  facet normal 0 0 -1
    outer loop
      vertex 2.3 69.6 0
      vertex 3.6 61.4 0
      vertex 3.417263330891928 61.388022805923335 0
    endloop
  endfacet
  facet normal 0 0 -1
    outer loop
      vertex 2.3 69.6 0
      vertex 3.7827366691080724 61.388022805923335 0
      vertex 3.6 61.4 0
    endloop
  endfacet
  facet normal 0 0 -1
    outer loop
      vertex 2.3 69.6 0
      vertex 3.962346663143529 61.3522961568047 0
      vertex 3.7827366691080724 61.388022805923335 0
    endloop
  endfacet
  facet normal 0 0 -1
    outer loop
      vertex 2.3 69.6 0
      vertex 4.135756805311126 61.2934313455158 0
      vertex 3.962346663143529 61.3522961568047 0
    endloop
  endfacet
  facet normal 0 0 -1
    outer loop
      vertex 2.3 69.6 0
      vertex 4.3 61.212435565298215 0
      vertex 4.135756805311126 61.2934313455158 0
    endloop
  endfacet
  facet normal 0 0 -1
    outer loop
      vertex 0.25 67.55 0
      vertex 0.2675380341836888 67.81757869405111 0
      vertex 0.4060469583518622 68.33450103634843 0
    endloop
  endfacet
  facet normal 0 0 -1
    outer loop
      vertex 0.2675380341836888 67.81757869405111 0
      vertex 0.31985205610740985 68.08057904246016 0
      vertex 0.4060469583518622 68.33450103634843 0
    endloop
  endfacet
  facet normal 0 0 -1
    outer loop
      vertex 0.25 67.55 0
      vertex 0.4060469583518622 68.33450103634843 0
      vertex 0.8504310985675774 68.99956890143243 0
    endloop
  endfacet
  facet normal 0 0 -1
    outer loop
      vertex 0.4060469583518622 68.33450103634843 0
      vertex 0.5246479222419009 68.575 0
      vertex 0.8504310985675774 68.99956890143243 0
    endloop
  endfacet
  facet normal 0 0 -1
    outer loop
      vertex 0.5246479222419009 68.575 0
      vertex 0.6736256524029678 68.79796092946788 0
      vertex 0.8504310985675774 68.99956890143243 0
    endloop
  endfacet
  facet normal 0 0 -1
    outer loop
      vertex 0.25 67.55 0
      vertex 0.8504310985675774 68.99956890143243 0
      vertex 2.3 69.6 0
    endloop
  endfacet
  facet normal 0 0 -1
    outer loop
      vertex 0.8504310985675774 68.99956890143243 0
      vertex 1.0520390705321225 69.17637434759703 0
      vertex 1.515498963651566 69.44395304164813 0
    endloop
  endfacet
  facet normal 0 0 -1
    outer loop
      vertex 1.0520390705321225 69.17637434759703 0
      vertex 1.275 69.3253520777581 0
      vertex 1.515498963651566 69.44395304164813 0
    endloop
  endfacet
  facet normal 0 0 -1
    outer loop
      vertex 0.8504310985675774 68.99956890143243 0
      vertex 1.515498963651566 69.44395304164813 0
      vertex 2.3 69.6 0
    endloop
  endfacet
  facet normal 0 0 -1
    outer loop
      vertex 1.515498963651566 69.44395304164813 0
      vertex 1.7694209575398323 69.53014794389259 0
      vertex 2.3 69.6 0
    endloop
  endfacet
  facet normal 0 0 -1
    outer loop
      vertex 1.7694209575398323 69.53014794389259 0
      vertex 2.032421305948894 69.58246196581631 0
      vertex 2.3 69.6 0
    endloop
  endfacet
  facet normal -0.9978589232386035 0.06540312923014259 0
    outer loop
      vertex 0.25 67.55 0
      vertex 0.25 67.55 1.5999999999999996
      vertex 0.2675380341836888 67.81757869405111 0
    endloop
  endfacet
  facet normal -0.9807852804032291 0.19509032201613494 0
    outer loop
      vertex 0.2675380341836888 67.81757869405111 0
      vertex 0.2675380341836888 67.81757869405111 1.5999999999999996
      vertex 0.31985205610740985 68.08057904246016 0
    endloop
  endfacet
  facet normal -0.9469301294951066 0.32143946530315887 1.061546264593392e-18
    outer loop
      vertex 0.31985205610740985 68.08057904246016 0
      vertex 0.4060469583518622 68.33450103634843 1.5999999999999996
      vertex 0.4060469583518622 68.33450103634843 0
    endloop
  endfacet
  facet normal -0.8968727415326948 0.44228869021898803 0
    outer loop
      vertex 0.4060469583518622 68.33450103634843 0
      vertex 0.4060469583518622 68.33450103634843 1.5999999999999996
      vertex 0.5246479222419009 68.575 0
    endloop
  endfacet
  facet normal -0.8314696123025418 0.5555702330196075 0
    outer loop
      vertex 0.5246479222419009 68.575 0
      vertex 0.5246479222419009 68.575 1.5999999999999996
      vertex 0.6736256524029678 68.79796092946788 0
    endloop
  endfacet
  facet normal -0.7518398074789837 0.6593458151000616 1.0630989640979885e-18
    outer loop
      vertex 0.6736256524029678 68.79796092946788 0
      vertex 0.8504310985675774 68.99956890143243 1.5999999999999996
      vertex 0.8504310985675774 68.99956890143243 0
    endloop
  endfacet
  facet normal -0.659345815100064 0.7518398074789818 0
    outer loop
      vertex 0.8504310985675774 68.99956890143243 0
      vertex 0.8504310985675774 68.99956890143243 1.5999999999999996
      vertex 1.0520390705321225 69.17637434759703 0
    endloop
  endfacet
  facet normal -0.5555702330195952 0.83146961230255 0
    outer loop
      vertex 1.0520390705321225 69.17637434759703 0
      vertex 1.0520390705321225 69.17637434759703 1.5999999999999996
      vertex 1.275 69.3253520777581 0
    endloop
  endfacet
  facet normal -0.4422886902189802 0.8968727415326987 2.9519154523938843e-19
    outer loop
      vertex 1.275 69.3253520777581 0
      vertex 1.515498963651566 69.44395304164813 1.5999999999999996
      vertex 1.515498963651566 69.44395304164813 0
    endloop
  endfacet
  facet normal -0.32143946530318024 0.9469301294950994 0
    outer loop
      vertex 1.515498963651566 69.44395304164813 0
      vertex 1.515498963651566 69.44395304164813 1.5999999999999996
      vertex 1.7694209575398323 69.53014794389259 0
    endloop
  endfacet
  facet normal -0.19509032201612558 0.980785280403231 0
    outer loop
      vertex 1.7694209575398323 69.53014794389259 0
      vertex 1.7694209575398323 69.53014794389259 1.5999999999999996
      vertex 2.032421305948894 69.58246196581631 0
    endloop
  endfacet
  facet normal -0.06540312923013708 0.9978589232386039 -5.17783508419484e-19
    outer loop
      vertex 2.032421305948894 69.58246196581631 0
      vertex 2.3 69.6 1.5999999999999996
      vertex 2.3 69.6 0
    endloop
  endfacet
  facet normal 0 0 -1
    outer loop
      vertex 2.3 69.6 0
      vertex 25.86 49.5 0
      vertex 4.3 61.212435565298215 0
    endloop
  endfacet
  facet normal 0 0 -1
    outer loop
      vertex 25.86 49.5 0
      vertex 4.589949493661167 60.989949493661165 0
      vertex 4.452266000612209 61.11069467640773 0
    endloop
  endfacet
  facet normal 0 0 -1
    outer loop
      vertex 25.86 49.5 0
      vertex 4.452266000612209 61.11069467640773 0
      vertex 4.3 61.212435565298215 0
    endloop
  endfacet
  facet normal 0 0 -1
    outer loop
      vertex 25.86 49.5 0
      vertex 4.710694676407729 60.85226600061221 0
      vertex 4.589949493661167 60.989949493661165 0
    endloop
  endfacet
  facet normal 0 0 -1
    outer loop
      vertex 25.86 49.5 0
      vertex 13 49.5 0
      vertex 4.710694676407729 60.85226600061221 0
    endloop
  endfacet
  facet normal 0 1 0
    outer loop
      vertex 2.3 69.6 0
      vertex 2.3 69.6 1.5999999999999996
      vertex 38.35 69.6 0
    endloop
  endfacet
  facet normal 0 0 1
    outer loop
      vertex 0.25 51.349999999999994 1.5999999999999996
      vertex 1.1140433004625374 58.97028301957933 1.5999999999999996
      vertex 1.000905968127145 59.30357485310712 1.5999999999999996
    endloop
  endfacet
  facet normal 0 0 1
    outer loop
      vertex 0.25 51.349999999999994 1.5999999999999996
      vertex 1.9619568357027757 57.86526058647876 1.5999999999999996
      vertex 1.6973311150200272 58.097331115020026 1.5999999999999996
    endloop
  endfacet
  facet normal 0 0 1
    outer loop
      vertex 0.25 51.349999999999994 1.5999999999999996
      vertex 1.6973311150200272 58.097331115020026 1.5999999999999996
      vertex 1.4652605864787613 58.36195683570277 1.5999999999999996
    endloop
  endfacet
  facet normal 0 0 1
    outer loop
      vertex 0.25 51.349999999999994 1.5999999999999996
      vertex 1.269716041164425 58.65460992907801 1.5999999999999996
      vertex 1.1140433004625374 58.97028301957933 1.5999999999999996
    endloop
  endfacet
  facet normal 0 0 1
    outer loop
      vertex 0.25 51.349999999999994 1.5999999999999996
      vertex 1.4652605864787613 58.36195683570277 1.5999999999999996
      vertex 1.269716041164425 58.65460992907801 1.5999999999999996
    endloop
  endfacet
  facet normal 0 0 1
    outer loop
      vertex 0.25 51.349999999999994 1.5999999999999996
      vertex 2.5702830195793256 57.51404330046254 1.5999999999999996
      vertex 2.254609929078014 57.66971604116442 1.5999999999999996
    endloop
  endfacet
  facet normal 0 0 1
    outer loop
      vertex 0.25 51.349999999999994 1.5999999999999996
      vertex 2.903574853107118 57.40090596812715 1.5999999999999996
      vertex 2.5702830195793256 57.51404330046254 1.5999999999999996
    endloop
  endfacet
  facet normal 0 0 1
    outer loop
      vertex 0.25 51.349999999999994 1.5999999999999996
      vertex 3.248782713983776 57.332239855282104 1.5999999999999996
      vertex 2.903574853107118 57.40090596812715 1.5999999999999996
    endloop
  endfacet
  facet normal 0 0 1
    outer loop
      vertex 0.25 51.349999999999994 1.5999999999999996
      vertex 2.254609929078014 57.66971604116442 1.5999999999999996
      vertex 1.9619568357027757 57.86526058647876 1.5999999999999996
    endloop
  endfacet
  facet normal 0 0 1
    outer loop
      vertex 0.25 51.349999999999994 1.5999999999999996
      vertex 4.6 51.349999999999994 1.5999999999999996
      vertex 3.248782713983776 57.332239855282104 1.5999999999999996
    endloop
  endfacet
  facet normal 0 0 1
    outer loop
      vertex 3.248782713983776 57.332239855282104 1.5999999999999996
      vertex 4.6 51.349999999999994 1.5999999999999996
      vertex 3.6 57.30921985815603 1.5999999999999996
    endloop
  endfacet
  facet normal 0 0 1
    outer loop
      vertex 0.25 51.349999999999994 1.5999999999999996
      vertex 1.000905968127145 59.30357485310712 1.5999999999999996
      vertex 0.9322398552821014 59.64878271398378 1.5999999999999996
    endloop
  endfacet
  facet normal 0 0 1
    outer loop
      vertex 0.25 51.349999999999994 1.5999999999999996
      vertex 0.9322398552821014 59.64878271398378 1.5999999999999996
      vertex 0.9092198581560281 60 1.5999999999999996
    endloop
  endfacet
  facet normal 0 0 1
    outer loop
      vertex 0.8504310985675774 68.99956890143243 1.5999999999999996
      vertex 0.25 51.349999999999994 1.5999999999999996
      vertex 0.9092198581560281 60 1.5999999999999996
    endloop
  endfacet
  facet normal 0 0 1
    outer loop
      vertex 14.43 56.92 1.5999999999999996
      vertex 3.6 57.30921985815603 1.5999999999999996
      vertex 4.6 51.349999999999994 1.5999999999999996
    endloop
  endfacet
  facet normal 0 0 1
    outer loop
      vertex 14.43 56.92 1.5999999999999996
      vertex 3.9512172860162242 57.332239855282104 1.5999999999999996
      vertex 3.6 57.30921985815603 1.5999999999999996
    endloop
  endfacet
  facet normal 0 0 1
    outer loop
      vertex 14.43 56.92 1.5999999999999996
      vertex 4.296425146892882 57.40090596812715 1.5999999999999996
      vertex 3.9512172860162242 57.332239855282104 1.5999999999999996
    endloop
  endfacet
  facet normal 0 0 1
    outer loop
      vertex 14.43 56.92 1.5999999999999996
      vertex 4.629716980420675 57.51404330046254 1.5999999999999996
      vertex 4.296425146892882 57.40090596812715 1.5999999999999996
    endloop
  endfacet
  facet normal 0 0 1
    outer loop
      vertex 14.43 56.92 1.5999999999999996
      vertex 4.945390070921986 57.66971604116442 1.5999999999999996
      vertex 4.629716980420675 57.51404330046254 1.5999999999999996
    endloop
  endfacet
  facet normal 0 0 1
    outer loop
      vertex 14.43 56.92 1.5999999999999996
      vertex 5.238043164297225 57.86526058647876 1.5999999999999996
      vertex 4.945390070921986 57.66971604116442 1.5999999999999996
    endloop
  endfacet
  facet normal 0 0 1
    outer loop
      vertex 14.43 56.92 1.5999999999999996
      vertex 5.502668884979973 58.097331115020026 1.5999999999999996
      vertex 5.238043164297225 57.86526058647876 1.5999999999999996
    endloop
  endfacet
  facet normal 0 0 1
    outer loop
      vertex 14.43 56.92 1.5999999999999996
      vertex 5.734739413521239 58.36195683570277 1.5999999999999996
      vertex 5.502668884979973 58.097331115020026 1.5999999999999996
    endloop
  endfacet
  facet normal 0 0 1
    outer loop
      vertex 14.43 56.92 1.5999999999999996
      vertex 5.930283958835575 58.65460992907801 1.5999999999999996
      vertex 5.734739413521239 58.36195683570277 1.5999999999999996
    endloop
  endfacet
  facet normal 0 0 1
    outer loop
      vertex 14.43 56.92 1.5999999999999996
      vertex 6.085956699537463 58.97028301957933 1.5999999999999996
      vertex 5.930283958835575 58.65460992907801 1.5999999999999996
    endloop
  endfacet
  facet normal 0 0 1
    outer loop
      vertex 14.43 56.92 1.5999999999999996
      vertex 6.199094031872854 59.30357485310712 1.5999999999999996
      vertex 6.085956699537463 58.97028301957933 1.5999999999999996
    endloop
  endfacet
  facet normal 0 0 1
    outer loop
      vertex 14.43 56.92 1.5999999999999996
      vertex 6.085956699537463 61.02971698042067 1.5999999999999996
      vertex 6.199094031872854 60.69642514689288 1.5999999999999996
    endloop
  endfacet
  facet normal 0 0 1
    outer loop
      vertex 14.43 56.92 1.5999999999999996
      vertex 5.930283958835575 61.34539007092199 1.5999999999999996
      vertex 6.085956699537463 61.02971698042067 1.5999999999999996
    endloop
  endfacet
  facet normal -1 0 0
    outer loop
      vertex 0.25 67.55 0
      vertex 0.25 51.349999999999994 1.5999999999999996
      vertex 0.25 67.55 1.5999999999999996
    endloop
  endfacet
  facet normal -0.9978589232386035 0.06540312923014259 0
    outer loop
      vertex 0.2675380341836888 67.81757869405111 0
      vertex 0.25 67.55 1.5999999999999996
      vertex 0.2675380341836888 67.81757869405111 1.5999999999999996
    endloop
  endfacet
  facet normal -0.9807852804032291 0.19509032201613494 0
    outer loop
      vertex 0.31985205610740985 68.08057904246016 0
      vertex 0.2675380341836888 67.81757869405111 1.5999999999999996
      vertex 0.31985205610740985 68.08057904246016 1.5999999999999996
    endloop
  endfacet
  facet normal -0.9469301294951066 0.32143946530315887 0
    outer loop
      vertex 0.31985205610740985 68.08057904246016 0
      vertex 0.31985205610740985 68.08057904246016 1.5999999999999996
      vertex 0.4060469583518622 68.33450103634843 1.5999999999999996
    endloop
  endfacet
  facet normal -0.8968727415326948 0.44228869021898803 0
    outer loop
      vertex 0.5246479222419009 68.575 0
      vertex 0.4060469583518622 68.33450103634843 1.5999999999999996
      vertex 0.5246479222419009 68.575 1.5999999999999996
    endloop
  endfacet
  facet normal -0.8314696123025418 0.5555702330196075 0
    outer loop
      vertex 0.6736256524029678 68.79796092946788 0
      vertex 0.5246479222419009 68.575 1.5999999999999996
      vertex 0.6736256524029678 68.79796092946788 1.5999999999999996
    endloop
  endfacet
  facet normal -0.7518398074789837 0.6593458151000616 0
    outer loop
      vertex 0.6736256524029678 68.79796092946788 0
      vertex 0.6736256524029678 68.79796092946788 1.5999999999999996
      vertex 0.8504310985675774 68.99956890143243 1.5999999999999996
    endloop
  endfacet
  facet normal -0.659345815100064 0.7518398074789818 0
    outer loop
      vertex 1.0520390705321225 69.17637434759703 0
      vertex 0.8504310985675774 68.99956890143243 1.5999999999999996
      vertex 1.0520390705321225 69.17637434759703 1.5999999999999996
    endloop
  endfacet
  facet normal -0.5555702330195952 0.83146961230255 0
    outer loop
      vertex 1.275 69.3253520777581 0
      vertex 1.0520390705321225 69.17637434759703 1.5999999999999996
      vertex 1.275 69.3253520777581 1.5999999999999996
    endloop
  endfacet
  facet normal -0.4422886902189802 0.8968727415326987 0
    outer loop
      vertex 1.275 69.3253520777581 0
      vertex 1.275 69.3253520777581 1.5999999999999996
      vertex 1.515498963651566 69.44395304164813 1.5999999999999996
    endloop
  endfacet
  facet normal -0.32143946530318024 0.9469301294950994 0
    outer loop
      vertex 1.7694209575398323 69.53014794389259 0
      vertex 1.515498963651566 69.44395304164813 1.5999999999999996
      vertex 1.7694209575398323 69.53014794389259 1.5999999999999996
    endloop
  endfacet
  facet normal -0.19509032201612558 0.980785280403231 0
    outer loop
      vertex 2.032421305948894 69.58246196581631 0
      vertex 1.7694209575398323 69.53014794389259 1.5999999999999996
      vertex 2.032421305948894 69.58246196581631 1.5999999999999996
    endloop
  endfacet
  facet normal -0.06540312923013708 0.9978589232386039 0
    outer loop
      vertex 2.032421305948894 69.58246196581631 0
      vertex 2.032421305948894 69.58246196581631 1.5999999999999996
      vertex 2.3 69.6 1.5999999999999996
    endloop
  endfacet
  facet normal 0 0 1
    outer loop
      vertex 0.25 67.55 1.5999999999999996
      vertex 0.25 51.349999999999994 1.5999999999999996
      vertex 0.8504310985675774 68.99956890143243 1.5999999999999996
    endloop
  endfacet
  facet normal 0 0 1
    outer loop
      vertex 0.8504310985675774 68.99956890143243 1.5999999999999996
      vertex 0.9092198581560281 60 1.5999999999999996
      vertex 0.9322398552821014 60.35121728601622 1.5999999999999996
    endloop
  endfacet
  facet normal 0 0 1
    outer loop
      vertex 0.8504310985675774 68.99956890143243 1.5999999999999996
      vertex 0.9322398552821014 60.35121728601622 1.5999999999999996
      vertex 1.000905968127145 60.69642514689288 1.5999999999999996
    endloop
  endfacet
  facet normal 0 0 1
    outer loop
      vertex 0.8504310985675774 68.99956890143243 1.5999999999999996
      vertex 1.000905968127145 60.69642514689288 1.5999999999999996
      vertex 1.1140433004625374 61.02971698042067 1.5999999999999996
    endloop
  endfacet
  facet normal 0 0 1
    outer loop
      vertex 0.8504310985675774 68.99956890143243 1.5999999999999996
      vertex 1.1140433004625374 61.02971698042067 1.5999999999999996
      vertex 1.269716041164425 61.34539007092199 1.5999999999999996
    endloop
  endfacet
  facet normal 0 0 1
    outer loop
      vertex 0.8504310985675774 68.99956890143243 1.5999999999999996
      vertex 1.269716041164425 61.34539007092199 1.5999999999999996
      vertex 1.4652605864787613 61.63804316429723 1.5999999999999996
    endloop
  endfacet
  facet normal 0 0 1
    outer loop
      vertex 0.8504310985675774 68.99956890143243 1.5999999999999996
      vertex 1.4652605864787613 61.63804316429723 1.5999999999999996
      vertex 1.6973311150200272 61.902668884979974 1.5999999999999996
    endloop
  endfacet
  facet normal 0 0 1
    outer loop
      vertex 0.8504310985675774 68.99956890143243 1.5999999999999996
      vertex 1.6973311150200272 61.902668884979974 1.5999999999999996
      vertex 1.9619568357027757 62.13473941352124 1.5999999999999996
    endloop
  endfacet
  facet normal 0 0 1
    outer loop
      vertex 0.8504310985675774 68.99956890143243 1.5999999999999996
      vertex 1.9619568357027757 62.13473941352124 1.5999999999999996
      vertex 2.254609929078014 62.33028395883558 1.5999999999999996
    endloop
  endfacet
  facet normal 0 0 1
    outer loop
      vertex 0.8504310985675774 68.99956890143243 1.5999999999999996
      vertex 2.254609929078014 62.33028395883558 1.5999999999999996
      vertex 2.5702830195793256 62.48595669953746 1.5999999999999996
    endloop
  endfacet
  facet normal 0 0 1
    outer loop
      vertex 0.8504310985675774 68.99956890143243 1.5999999999999996
      vertex 2.5702830195793256 62.48595669953746 1.5999999999999996
      vertex 2.903574853107118 62.59909403187285 1.5999999999999996
    endloop
  endfacet
  facet normal 0 0 1
    outer loop
      vertex 0.8504310985675774 68.99956890143243 1.5999999999999996
      vertex 2.903574853107118 62.59909403187285 1.5999999999999996
      vertex 3.248782713983776 62.667760144717896 1.5999999999999996
    endloop
  endfacet
  facet normal 0 0 1
    outer loop
      vertex 0.8504310985675774 68.99956890143243 1.5999999999999996
      vertex 3.248782713983776 62.667760144717896 1.5999999999999996
      vertex 3.6 62.69078014184397 1.5999999999999996
    endloop
  endfacet
  facet normal 0 0 1
    outer loop
      vertex 0.8504310985675774 68.99956890143243 1.5999999999999996
      vertex 3.6 62.69078014184397 1.5999999999999996
      vertex 3.9512172860162242 62.667760144717896 1.5999999999999996
    endloop
  endfacet
  facet normal 0 0 1
    outer loop
      vertex 0.8504310985675774 68.99956890143243 1.5999999999999996
      vertex 4.296425146892882 62.59909403187285 1.5999999999999996
      vertex 4.629716980420675 62.48595669953746 1.5999999999999996
    endloop
  endfacet
  facet normal 0 0 1
    outer loop
      vertex 0.8504310985675774 68.99956890143243 1.5999999999999996
      vertex 4.629716980420675 62.48595669953746 1.5999999999999996
      vertex 4.945390070921986 62.33028395883558 1.5999999999999996
    endloop
  endfacet
  facet normal 0 0 1
    outer loop
      vertex 0.8504310985675774 68.99956890143243 1.5999999999999996
      vertex 3.9512172860162242 62.667760144717896 1.5999999999999996
      vertex 4.296425146892882 62.59909403187285 1.5999999999999996
    endloop
  endfacet
  facet normal 0 0 1
    outer loop
      vertex 0.8504310985675774 68.99956890143243 1.5999999999999996
      vertex 5.502668884979973 61.902668884979974 1.5999999999999996
      vertex 5.734739413521239 61.63804316429723 1.5999999999999996
    endloop
  endfacet
  facet normal 0 0 1
    outer loop
      vertex 0.8504310985675774 68.99956890143243 1.5999999999999996
      vertex 5.734739413521239 61.63804316429723 1.5999999999999996
      vertex 5.930283958835575 61.34539007092199 1.5999999999999996
    endloop
  endfacet
  facet normal 0 0 1
    outer loop
      vertex 0.8504310985675774 68.99956890143243 1.5999999999999996
      vertex 4.945390070921986 62.33028395883558 1.5999999999999996
      vertex 5.238043164297225 62.13473941352124 1.5999999999999996
    endloop
  endfacet
  facet normal 0 0 1
    outer loop
      vertex 0.8504310985675774 68.99956890143243 1.5999999999999996
      vertex 5.238043164297225 62.13473941352124 1.5999999999999996
      vertex 5.502668884979973 61.902668884979974 1.5999999999999996
    endloop
  endfacet
  facet normal 0 0 1
    outer loop
      vertex 0.25 67.55 1.5999999999999996
      vertex 0.4060469583518622 68.33450103634843 1.5999999999999996
      vertex 0.2675380341836888 67.81757869405111 1.5999999999999996
    endloop
  endfacet
  facet normal 0 0 1
    outer loop
      vertex 0.2675380341836888 67.81757869405111 1.5999999999999996
      vertex 0.4060469583518622 68.33450103634843 1.5999999999999996
      vertex 0.31985205610740985 68.08057904246016 1.5999999999999996
    endloop
  endfacet
  facet normal 0 0 1
    outer loop
      vertex 0.25 67.55 1.5999999999999996
      vertex 0.8504310985675774 68.99956890143243 1.5999999999999996
      vertex 0.4060469583518622 68.33450103634843 1.5999999999999996
    endloop
  endfacet
  facet normal 0 0 1
    outer loop
      vertex 0.4060469583518622 68.33450103634843 1.5999999999999996
      vertex 0.8504310985675774 68.99956890143243 1.5999999999999996
      vertex 0.5246479222419009 68.575 1.5999999999999996
    endloop
  endfacet
  facet normal 0 0 1
    outer loop
      vertex 0.5246479222419009 68.575 1.5999999999999996
      vertex 0.8504310985675774 68.99956890143243 1.5999999999999996
      vertex 0.6736256524029678 68.79796092946788 1.5999999999999996
    endloop
  endfacet
  facet normal 0 0 1
    outer loop
      vertex 0.8504310985675774 68.99956890143243 1.5999999999999996
      vertex 1.515498963651566 69.44395304164813 1.5999999999999996
      vertex 1.0520390705321225 69.17637434759703 1.5999999999999996
    endloop
  endfacet
  facet normal 0 0 1
    outer loop
      vertex 1.0520390705321225 69.17637434759703 1.5999999999999996
      vertex 1.515498963651566 69.44395304164813 1.5999999999999996
      vertex 1.275 69.3253520777581 1.5999999999999996
    endloop
  endfacet
  facet normal 0 0 1
    outer loop
      vertex 0.8504310985675774 68.99956890143243 1.5999999999999996
      vertex 2.3 69.6 1.5999999999999996
      vertex 1.515498963651566 69.44395304164813 1.5999999999999996
    endloop
  endfacet
  facet normal 0 0 1
    outer loop
      vertex 1.515498963651566 69.44395304164813 1.5999999999999996
      vertex 2.3 69.6 1.5999999999999996
      vertex 1.7694209575398323 69.53014794389259 1.5999999999999996
    endloop
  endfacet
  facet normal 0 0 1
    outer loop
      vertex 1.7694209575398323 69.53014794389259 1.5999999999999996
      vertex 2.3 69.6 1.5999999999999996
      vertex 2.032421305948894 69.58246196581631 1.5999999999999996
    endloop
  endfacet
  facet normal 0 0 1
    outer loop
      vertex 0.8504310985675774 68.99956890143243 1.5999999999999996
      vertex 5.930283958835575 61.34539007092199 1.5999999999999996
      vertex 14.43 56.92 1.5999999999999996
    endloop
  endfacet
  facet normal 0 0 1
    outer loop
      vertex 14.43 56.92 1.5999999999999996
      vertex 6.267760144717899 59.64878271398378 1.5999999999999996
      vertex 6.199094031872854 59.30357485310712 1.5999999999999996
    endloop
  endfacet
  facet normal 0 0 1
    outer loop
      vertex 14.43 56.92 1.5999999999999996
      vertex 6.290780141843973 60 1.5999999999999996
      vertex 6.267760144717899 59.64878271398378 1.5999999999999996
    endloop
  endfacet
  facet normal 0 0 1
    outer loop
      vertex 14.43 56.92 1.5999999999999996
      vertex 6.267760144717899 60.35121728601622 1.5999999999999996
      vertex 6.290780141843973 60 1.5999999999999996
    endloop
  endfacet
  facet normal 0 0 1
    outer loop
      vertex 14.43 56.92 1.5999999999999996
      vertex 6.199094031872854 60.69642514689288 1.5999999999999996
      vertex 6.267760144717899 60.35121728601622 1.5999999999999996
    endloop
  endfacet
  facet normal 0 0 1
    outer loop
      vertex 0.8504310985675774 68.99956890143243 1.5999999999999996
      vertex 14.43 56.92 1.5999999999999996
      vertex 14.43 59.92 1.5999999999999996
    endloop
  endfacet
  facet normal 0 0 1
    outer loop
      vertex 0.8504310985675774 68.99956890143243 1.5999999999999996
      vertex 14.43 59.92 1.5999999999999996
      vertex 24.43 59.92 1.5999999999999996
    endloop
  endfacet
  facet normal 0 0 1
    outer loop
      vertex 0.8504310985675774 68.99956890143243 1.5999999999999996
      vertex 33.49 69.0250635094611 1.5999999999999996
      vertex 2.3 69.6 1.5999999999999996
    endloop
  endfacet
  facet normal 0 0 -1
    outer loop
      vertex 25.86 44.5 0
      vertex 25.86 39.5 0
      vertex 13 39.5 0
    endloop
  endfacet
  facet normal 0 0 -1
    outer loop
      vertex 25.86 34.5 0
      vertex 25.86 39.5 0
      vertex 34.602947498168945 32.34101710444251 0
    endloop
  endfacet
  facet normal 0 0 -1
    outer loop
      vertex 25.86 44.5 0
      vertex 34.602947498168945 32.34101710444251 0
      vertex 25.86 39.5 0
    endloop
  endfacet
  facet normal 0 0 -1
    outer loop
      vertex 25.86 44.5 0
      vertex 34.74 32.35 0
      vertex 34.602947498168945 32.34101710444251 0
    endloop
  endfacet
  facet normal 0 0 -1
    outer loop
      vertex 25.86 44.5 0
      vertex 34.87705250183106 32.34101710444251 0
      vertex 34.74 32.35 0
    endloop
  endfacet
  facet normal 0 0 -1
    outer loop
      vertex 25.86 44.5 0
      vertex 35.01175999735765 32.31422211760353 0
      vertex 34.87705250183106 32.34101710444251 0
    endloop
  endfacet
  facet normal 0 0 -1
    outer loop
      vertex 25.86 44.5 0
      vertex 35.14181760398335 32.27007350913686 0
      vertex 35.01175999735765 32.31422211760353 0
    endloop
  endfacet
  facet normal 0 0 -1
    outer loop
      vertex 25.86 44.5 0
      vertex 35.48246212024588 32.04246212024588 0
      vertex 35.37919950045916 32.1330210073058 0
    endloop
  endfacet
  facet normal 0 0 -1
    outer loop
      vertex 25.86 44.5 0
      vertex 35.265 32.20932667397366 0
      vertex 35.14181760398335 32.27007350913686 0
    endloop
  endfacet
  facet normal 0 0 -1
    outer loop
      vertex 25.86 44.5 0
      vertex 35.37919950045916 32.1330210073058 0
      vertex 35.265 32.20932667397366 0
    endloop
  endfacet
  facet normal 0 0 -1
    outer loop
      vertex 25.86 49.5 0
      vertex 39.2 40.760000000000005 0
      vertex 39.2 35.760000000000005 0
    endloop
  endfacet
  facet normal 0 0 -1
    outer loop
      vertex 25.86 49.5 0
      vertex 39.2 45.760000000000005 0
      vertex 39.2 40.760000000000005 0
    endloop
  endfacet
  facet normal 0 0 -1
    outer loop
      vertex 25.86 49.5 0
      vertex 39.2 50.760000000000005 0
      vertex 39.2 45.760000000000005 0
    endloop
  endfacet
  facet normal 0 0 -1
    outer loop
      vertex 25.86 49.5 0
      vertex 39.2 55.760000000000005 0
      vertex 39.2 50.760000000000005 0
    endloop
  endfacet
  facet normal 0 0 1
    outer loop
      vertex 25.86 44.5 1.5999999999999996
      vertex 13 44.5 1.5999999999999996
      vertex 25.86 39.5 1.5999999999999996
    endloop
  endfacet
  facet normal 0 0 1
    outer loop
      vertex 14.43 56.92 1.5999999999999996
      vertex 13 49.5 1.5999999999999996
      vertex 25.86 49.5 1.5999999999999996
    endloop
  endfacet
  facet normal 0 0 1
    outer loop
      vertex 32.5749364905389 32.550000000000004 1.5999999999999996
      vertex 25.86 39.5 1.5999999999999996
      vertex 25.86 34.5 1.5999999999999996
    endloop
  endfacet
  facet normal 0 0 1
    outer loop
      vertex 32.5749364905389 32.550000000000004 1.5999999999999996
      vertex 25.86 44.5 1.5999999999999996
      vertex 25.86 39.5 1.5999999999999996
    endloop
  endfacet
  facet normal 0 0 1
    outer loop
      vertex 32.5749364905389 32.550000000000004 1.5999999999999996
      vertex 32.75661664927191 32.821903572521805 1.5999999999999996
      vertex 25.86 44.5 1.5999999999999996
    endloop
  endfacet
  facet normal 0 0 1
    outer loop
      vertex 32.75661664927191 32.821903572521805 1.5999999999999996
      vertex 32.97223304703363 33.06776695296637 1.5999999999999996
      vertex 25.86 44.5 1.5999999999999996
    endloop
  endfacet
  facet normal 0 0 1
    outer loop
      vertex 33.2180964274782 33.283383350728094 1.5999999999999996
      vertex 25.86 49.5 1.5999999999999996
      vertex 25.86 44.5 1.5999999999999996
    endloop
  endfacet
  facet normal 0 0 1
    outer loop
      vertex 33.2180964274782 33.283383350728094 1.5999999999999996
      vertex 33.49 33.4650635094611 1.5999999999999996
      vertex 24.43 56.92 1.5999999999999996
    endloop
  endfacet
  facet normal 0 0 1
    outer loop
      vertex 33.49 33.4650635094611 1.5999999999999996
      vertex 33.78329141908728 33.60969883127822 1.5999999999999996
      vertex 24.43 56.92 1.5999999999999996
    endloop
  endfacet
  facet normal 0 0 1
    outer loop
      vertex 32.97223304703363 33.06776695296637 1.5999999999999996
      vertex 33.2180964274782 33.283383350728094 1.5999999999999996
      vertex 25.86 44.5 1.5999999999999996
    endloop
  endfacet
  facet normal 0 0 1
    outer loop
      vertex 33.2180964274782 33.283383350728094 1.5999999999999996
      vertex 24.43 56.92 1.5999999999999996
      vertex 25.86 49.5 1.5999999999999996
    endloop
  endfacet
  facet normal 0 0 1
    outer loop
      vertex 33.78329141908728 33.60969883127822 1.5999999999999996
      vertex 24.43 59.92 1.5999999999999996
      vertex 24.43 56.92 1.5999999999999996
    endloop
  endfacet
  facet normal 0 0 1
    outer loop
      vertex 33.78329141908728 33.60969883127822 1.5999999999999996
      vertex 39.2 40.760000000000005 1.5999999999999996
      vertex 24.43 59.92 1.5999999999999996
    endloop
  endfacet
  facet normal 0 0 1
    outer loop
      vertex 24.43 59.92 1.5999999999999996
      vertex 39.2 40.760000000000005 1.5999999999999996
      vertex 39.2 45.760000000000005 1.5999999999999996
    endloop
  endfacet
  facet normal 0 0 1
    outer loop
      vertex 24.43 59.92 1.5999999999999996
      vertex 39.2 45.760000000000005 1.5999999999999996
      vertex 39.2 50.760000000000005 1.5999999999999996
    endloop
  endfacet
  facet normal 0 0 -1
    outer loop
      vertex 2.3 69.6 0
      vertex 33.6989828955575 66.72294749816896 0
      vertex 25.86 49.5 0
    endloop
  endfacet
  facet normal 0 0 -1
    outer loop
      vertex 2.3 69.6 0
      vertex 33.690000000000005 66.86000000000001 0
      vertex 33.6989828955575 66.72294749816896 0
    endloop
  endfacet
  facet normal 0 0 -1
    outer loop
      vertex 2.3 69.6 0
      vertex 33.6989828955575 66.99705250183106 0
      vertex 33.690000000000005 66.86000000000001 0
    endloop
  endfacet
  facet normal 0 0 -1
    outer loop
      vertex 2.3 69.6 0
      vertex 33.72577788239648 67.13175999735766 0
      vertex 33.6989828955575 66.99705250183106 0
    endloop
  endfacet
  facet normal 0 0 -1
    outer loop
      vertex 2.3 69.6 0
      vertex 33.76992649086315 67.26181760398336 0
      vertex 33.72577788239648 67.13175999735766 0
    endloop
  endfacet
  facet normal 0 0 -1
    outer loop
      vertex 2.3 69.6 0
      vertex 33.83067332602634 67.38500000000002 0
      vertex 33.76992649086315 67.26181760398336 0
    endloop
  endfacet
  facet normal 0 0 -1
    outer loop
      vertex 2.3 69.6 0
      vertex 33.90697899269421 67.49919950045917 0
      vertex 33.83067332602634 67.38500000000002 0
    endloop
  endfacet
  facet normal 0 0 -1
    outer loop
      vertex 2.3 69.6 0
      vertex 33.99753787975413 67.60246212024589 0
      vertex 33.90697899269421 67.49919950045917 0
    endloop
  endfacet
  facet normal 0 0 -1
    outer loop
      vertex 2.3 69.6 0
      vertex 34.100800499540846 67.69302100730582 0
      vertex 33.99753787975413 67.60246212024589 0
    endloop
  endfacet
  facet normal 0 0 -1
    outer loop
      vertex 2.3 69.6 0
      vertex 34.215 67.76932667397368 0
      vertex 34.100800499540846 67.69302100730582 0
    endloop
  endfacet
  facet normal 0 0 -1
    outer loop
      vertex 2.3 69.6 0
      vertex 34.338182396016656 67.83007350913687 0
      vertex 34.215 67.76932667397368 0
    endloop
  endfacet
  facet normal 0 0 -1
    outer loop
      vertex 2.3 69.6 0
      vertex 38.35 69.6 0
      vertex 34.338182396016656 67.83007350913687 0
    endloop
  endfacet
  facet normal 0 0 -1
    outer loop
      vertex 25.86 49.5 0
      vertex 39.2 60.760000000000005 0
      vertex 39.2 55.760000000000005 0
    endloop
  endfacet
  facet normal 0 0 -1
    outer loop
      vertex 25.86 49.5 0
      vertex 33.83067332602634 66.33500000000001 0
      vertex 33.90697899269421 66.22080049954086 0
    endloop
  endfacet
  facet normal 0 0 -1
    outer loop
      vertex 25.86 49.5 0
      vertex 33.76992649086315 66.45818239601667 0
      vertex 33.83067332602634 66.33500000000001 0
    endloop
  endfacet
  facet normal 0 0 -1
    outer loop
      vertex 25.86 49.5 0
      vertex 33.72577788239648 66.58824000264237 0
      vertex 33.76992649086315 66.45818239601667 0
    endloop
  endfacet
  facet normal 0 0 -1
    outer loop
      vertex 25.86 49.5 0
      vertex 34.468240002642354 65.84577788239649 0
      vertex 34.602947498168945 65.81898289555751 0
    endloop
  endfacet
  facet normal 0 0 -1
    outer loop
      vertex 25.86 49.5 0
      vertex 33.90697899269421 66.22080049954086 0
      vertex 33.99753787975413 66.11753787975414 0
    endloop
  endfacet
  facet normal 0 0 -1
    outer loop
      vertex 25.86 49.5 0
      vertex 33.99753787975413 66.11753787975414 0
      vertex 34.100800499540846 66.02697899269421 0
    endloop
  endfacet
  facet normal 0 0 -1
    outer loop
      vertex 25.86 49.5 0
      vertex 34.100800499540846 66.02697899269421 0
      vertex 34.215 65.95067332602635 0
    endloop
  endfacet
  facet normal 0 0 -1
    outer loop
      vertex 25.86 49.5 0
      vertex 34.215 65.95067332602635 0
      vertex 34.338182396016656 65.88992649086316 0
    endloop
  endfacet
  facet normal 0 0 -1
    outer loop
      vertex 25.86 49.5 0
      vertex 34.338182396016656 65.88992649086316 0
      vertex 34.468240002642354 65.84577788239649 0
    endloop
  endfacet
  facet normal 0 0 -1
    outer loop
      vertex 25.86 49.5 0
      vertex 34.602947498168945 65.81898289555751 0
      vertex 39.2 60.760000000000005 0
    endloop
  endfacet
  facet normal 0 0 -1
    outer loop
      vertex 25.86 49.5 0
      vertex 33.6989828955575 66.72294749816896 0
      vertex 33.72577788239648 66.58824000264237 0
    endloop
  endfacet
  facet normal 0 0 1
    outer loop
      vertex 14.43 56.92 1.5999999999999996
      vertex 25.86 49.5 1.5999999999999996
      vertex 24.43 56.92 1.5999999999999996
    endloop
  endfacet
  facet normal 0 0 1
    outer loop
      vertex 0.8504310985675774 68.99956890143243 1.5999999999999996
      vertex 24.43 59.92 1.5999999999999996
      vertex 33.2180964274782 64.87661664927192 1.5999999999999996
    endloop
  endfacet
  facet normal 0 0 1
    outer loop
      vertex 0.8504310985675774 68.99956890143243 1.5999999999999996
      vertex 32.5749364905389 65.61000000000001 1.5999999999999996
      vertex 32.43030116872178 65.9032914190873 1.5999999999999996
    endloop
  endfacet
  facet normal 0 0 1
    outer loop
      vertex 0.8504310985675774 68.99956890143243 1.5999999999999996
      vertex 32.43030116872178 65.9032914190873 1.5999999999999996
      vertex 32.32518543427733 66.21295238724372 1.5999999999999996
    endloop
  endfacet
  facet normal 0 0 1
    outer loop
      vertex 0.8504310985675774 68.99956890143243 1.5999999999999996
      vertex 32.32518543427733 66.21295238724372 1.5999999999999996
      vertex 32.261387846565476 66.53368451944988 1.5999999999999996
    endloop
  endfacet
  facet normal 0 0 1
    outer loop
      vertex 0.8504310985675774 68.99956890143243 1.5999999999999996
      vertex 32.261387846565476 66.53368451944988 1.5999999999999996
      vertex 32.24 66.86000000000001 1.5999999999999996
    endloop
  endfacet
  facet normal 0 0 1
    outer loop
      vertex 0.8504310985675774 68.99956890143243 1.5999999999999996
      vertex 32.24 66.86000000000001 1.5999999999999996
      vertex 32.261387846565476 67.18631548055015 1.5999999999999996
    endloop
  endfacet
  facet normal 0 0 1
    outer loop
      vertex 0.8504310985675774 68.99956890143243 1.5999999999999996
      vertex 32.261387846565476 67.18631548055015 1.5999999999999996
      vertex 32.32518543427733 67.50704761275631 1.5999999999999996
    endloop
  endfacet
  facet normal 0 0 1
    outer loop
      vertex 0.8504310985675774 68.99956890143243 1.5999999999999996
      vertex 32.32518543427733 67.50704761275631 1.5999999999999996
      vertex 32.43030116872178 67.81670858091273 1.5999999999999996
    endloop
  endfacet
  facet normal 0 0 1
    outer loop
      vertex 0.8504310985675774 68.99956890143243 1.5999999999999996
      vertex 32.43030116872178 67.81670858091273 1.5999999999999996
      vertex 32.5749364905389 68.11000000000001 1.5999999999999996
    endloop
  endfacet
  facet normal 0 0 1
    outer loop
      vertex 0.8504310985675774 68.99956890143243 1.5999999999999996
      vertex 33.2180964274782 64.87661664927192 1.5999999999999996
      vertex 32.97223304703363 65.09223304703364 1.5999999999999996
    endloop
  endfacet
  facet normal 0 0 1
    outer loop
      vertex 0.8504310985675774 68.99956890143243 1.5999999999999996
      vertex 32.97223304703363 65.09223304703364 1.5999999999999996
      vertex 32.75661664927191 65.3380964274782 1.5999999999999996
    endloop
  endfacet
  facet normal 0 0 1
    outer loop
      vertex 0.8504310985675774 68.99956890143243 1.5999999999999996
      vertex 32.75661664927191 65.3380964274782 1.5999999999999996
      vertex 32.5749364905389 65.61000000000001 1.5999999999999996
    endloop
  endfacet
  facet normal 0 0 1
    outer loop
      vertex 0.8504310985675774 68.99956890143243 1.5999999999999996
      vertex 32.5749364905389 68.11000000000001 1.5999999999999996
      vertex 32.75661664927191 68.38190357252182 1.5999999999999996
    endloop
  endfacet
  facet normal 0 0 1
    outer loop
      vertex 0.8504310985675774 68.99956890143243 1.5999999999999996
      vertex 32.75661664927191 68.38190357252182 1.5999999999999996
      vertex 32.97223304703363 68.62776695296638 1.5999999999999996
    endloop
  endfacet
  facet normal 0 0 1
    outer loop
      vertex 0.8504310985675774 68.99956890143243 1.5999999999999996
      vertex 32.97223304703363 68.62776695296638 1.5999999999999996
      vertex 33.2180964274782 68.8433833507281 1.5999999999999996
    endloop
  endfacet
  facet normal 0 0 1
    outer loop
      vertex 0.8504310985675774 68.99956890143243 1.5999999999999996
      vertex 33.2180964274782 68.8433833507281 1.5999999999999996
      vertex 33.49 69.0250635094611 1.5999999999999996
    endloop
  endfacet
  facet normal 0 0 1
    outer loop
      vertex 2.3 69.6 1.5999999999999996
      vertex 33.49 69.0250635094611 1.5999999999999996
      vertex 33.78329141908728 69.16969883127823 1.5999999999999996
    endloop
  endfacet
  facet normal 0 0 1
    outer loop
      vertex 2.3 69.6 1.5999999999999996
      vertex 33.78329141908728 69.16969883127823 1.5999999999999996
      vertex 34.0929523872437 69.27481456572268 1.5999999999999996
    endloop
  endfacet
  facet normal 0 0 1
    outer loop
      vertex 2.3 69.6 1.5999999999999996
      vertex 34.0929523872437 69.27481456572268 1.5999999999999996
      vertex 34.41368451944987 69.33861215343454 1.5999999999999996
    endloop
  endfacet
  facet normal 0 0 1
    outer loop
      vertex 2.3 69.6 1.5999999999999996
      vertex 34.41368451944987 69.33861215343454 1.5999999999999996
      vertex 34.74 69.36000000000001 1.5999999999999996
    endloop
  endfacet
  facet normal 0 0 1
    outer loop
      vertex 2.3 69.6 1.5999999999999996
      vertex 34.74 69.36000000000001 1.5999999999999996
      vertex 38.35 69.6 1.5999999999999996
    endloop
  endfacet
  facet normal 0 0 1
    outer loop
      vertex 24.43 59.92 1.5999999999999996
      vertex 39.2 50.760000000000005 1.5999999999999996
      vertex 39.2 55.760000000000005 1.5999999999999996
    endloop
  endfacet
  facet normal 0 0 1
    outer loop
      vertex 24.43 59.92 1.5999999999999996
      vertex 39.2 55.760000000000005 1.5999999999999996
      vertex 39.2 60.760000000000005 1.5999999999999996
    endloop
  endfacet
  facet normal 0 1 0
    outer loop
      vertex 2.3 69.6 1.5999999999999996
      vertex 38.35 69.6 1.5999999999999996
      vertex 38.35 69.6 0
    endloop
  endfacet
  facet normal 0 0 1
    outer loop
      vertex 24.43 59.92 1.5999999999999996
      vertex 33.78329141908728 64.5503011687218 1.5999999999999996
      vertex 33.49 64.69493649053892 1.5999999999999996
    endloop
  endfacet
  facet normal 0 0 1
    outer loop
      vertex 24.43 59.92 1.5999999999999996
      vertex 33.49 64.69493649053892 1.5999999999999996
      vertex 33.2180964274782 64.87661664927192 1.5999999999999996
    endloop
  endfacet
  facet normal 0 0 1
    outer loop
      vertex 24.43 59.92 1.5999999999999996
      vertex 34.0929523872437 64.44518543427735 1.5999999999999996
      vertex 33.78329141908728 64.5503011687218 1.5999999999999996
    endloop
  endfacet
  facet normal 0 0 1
    outer loop
      vertex 24.43 59.92 1.5999999999999996
      vertex 34.41368451944987 64.38138784656549 1.5999999999999996
      vertex 34.0929523872437 64.44518543427735 1.5999999999999996
    endloop
  endfacet
  facet normal 0 0 1
    outer loop
      vertex 24.43 59.92 1.5999999999999996
      vertex 34.74 64.36000000000001 1.5999999999999996
      vertex 34.41368451944987 64.38138784656549 1.5999999999999996
    endloop
  endfacet
  facet normal 0 0 -1
    outer loop
      vertex 28.32 3.99 0
      vertex 28.457052501831054 3.998982895557499 0
      vertex 62.33545175308267 2.7649371286309137 0
    endloop
  endfacet
  facet normal 0 0 -1
    outer loop
      vertex 28.457052501831054 3.998982895557499 0
      vertex 28.59175999735765 4.025777882396478 0
      vertex 62.33545175308267 2.7649371286309137 0
    endloop
  endfacet
  facet normal 0 0 -1
    outer loop
      vertex 28.59175999735765 4.025777882396478 0
      vertex 28.721817603983343 4.069926490863149 0
      vertex 62.33545175308267 2.7649371286309137 0
    endloop
  endfacet
  facet normal 0 0 -1
    outer loop
      vertex 28.721817603983343 4.069926490863149 0
      vertex 28.845 4.13067332602634 0
      vertex 62.33545175308267 2.7649371286309137 0
    endloop
  endfacet
  facet normal 0 0 -1
    outer loop
      vertex 28.845 4.13067332602634 0
      vertex 28.959199500459157 4.206978992694203 0
      vertex 62.33545175308267 2.7649371286309137 0
    endloop
  endfacet
  facet normal 0 0 -1
    outer loop
      vertex 28.959199500459157 4.206978992694203 0
      vertex 29.062462120245875 4.297537879754125 0
      vertex 62.33545175308267 2.7649371286309137 0
    endloop
  endfacet
  facet normal 0 0 -1
    outer loop
      vertex 29.062462120245875 4.297537879754125 0
      vertex 29.153021007305796 4.400800499540844 0
      vertex 62.33545175308267 2.7649371286309137 0
    endloop
  endfacet
  facet normal 0 0 -1
    outer loop
      vertex 29.22932667397366 4.515 0
      vertex 62.33545175308267 2.7649371286309137 0
      vertex 29.153021007305796 4.400800499540844 0
    endloop
  endfacet
  facet normal 0 0 -1
    outer loop
      vertex 29.290073509136853 4.6381823960166555 0
      vertex 62.33545175308267 2.7649371286309137 0
      vertex 29.22932667397366 4.515 0
    endloop
  endfacet
  facet normal 0 0 -1
    outer loop
      vertex 29.334222117603524 4.7682400026423535 0
      vertex 62.33545175308267 2.7649371286309137 0
      vertex 29.290073509136853 4.6381823960166555 0
    endloop
  endfacet
  facet normal 0 0 -1
    outer loop
      vertex 29.361017104442503 4.902947498168946 0
      vertex 62.33545175308267 2.7649371286309137 0
      vertex 29.334222117603524 4.7682400026423535 0
    endloop
  endfacet
  facet normal 0 0 -1
    outer loop
      vertex 29.37 5.04 0
      vertex 62.33545175308267 2.7649371286309137 0
      vertex 29.361017104442503 4.902947498168946 0
    endloop
  endfacet
  facet normal 0 0 -1
    outer loop
      vertex 29.361017104442503 5.177052501831054 0
      vertex 62.33545175308267 2.7649371286309137 0
      vertex 29.37 5.04 0
    endloop
  endfacet
  facet normal 0 0 -1
    outer loop
      vertex 29.334222117603524 5.311759997357647 0
      vertex 62.33545175308267 2.7649371286309137 0
      vertex 29.361017104442503 5.177052501831054 0
    endloop
  endfacet
  facet normal 0 0 -1
    outer loop
      vertex 29.290073509136853 5.441817603983345 0
      vertex 62.33545175308267 2.7649371286309137 0
      vertex 29.334222117603524 5.311759997357647 0
    endloop
  endfacet
  facet normal 0 0 -1
    outer loop
      vertex 25.86 24.5 0
      vertex 62.33545175308267 2.7649371286309137 0
      vertex 29.290073509136853 5.441817603983345 0
    endloop
  endfacet
  facet normal 0 0 -1
    outer loop
      vertex 6.8516504294495535 1.5483495705504469 0
      vertex 62.33545175308267 2.7649371286309137 0
      vertex 62.55240473580835 2.325 0
    endloop
  endfacet
  facet normal 0 0 -1
    outer loop
      vertex 6.8516504294495535 1.5483495705504469 0
      vertex 62.55240473580835 2.325 0
      vertex 62.82492497390786 1.9171446412172979 0
    endloop
  endfacet
  facet normal 0 0 -1
    outer loop
      vertex 6.8516504294495535 1.5483495705504469 0
      vertex 62.82492497390786 1.9171446412172979 0
      vertex 63.148349570550444 1.5483495705504469 0
    endloop
  endfacet
  facet normal 0 0 -1
    outer loop
      vertex 6.8516504294495535 1.5483495705504469 0
      vertex 63.148349570550444 1.5483495705504469 0
      vertex 64.37195791680044 0.25 0
    endloop
  endfacet
  facet normal 0 -1 0
    outer loop
      vertex 5.628042083199556 0.25 0
      vertex 64.37195791680044 0.25 0
      vertex 64.37195791680044 0.25 1.5999999999999996
    endloop
  endfacet
  facet normal 0 0 -1
    outer loop
      vertex 25.86 44.5 0
      vertex 62.17777815141599 3.229428580865547 0
      vertex 62.33545175308267 2.7649371286309137 0
    endloop
  endfacet
  facet normal 0 0 -1
    outer loop
      vertex 25.86 44.5 0
      vertex 62.08208176984821 3.7105267791748067 0
      vertex 62.17777815141599 3.229428580865547 0
    endloop
  endfacet
  facet normal 0 0 -1
    outer loop
      vertex 25.86 44.5 0
      vertex 62.05 4.2 0
      vertex 62.08208176984821 3.7105267791748067 0
    endloop
  endfacet
  facet normal 0 0 1
    outer loop
      vertex 28.32 2.54 1.5999999999999996
      vertex 63.148349570550444 1.5483495705504469 1.5999999999999996
      vertex 28.64631548055013 2.561387846565474 1.5999999999999996
    endloop
  endfacet
  facet normal 0 0 1
    outer loop
      vertex 28.64631548055013 2.561387846565474 1.5999999999999996
      vertex 63.148349570550444 1.5483495705504469 1.5999999999999996
      vertex 28.967047612756303 2.6251854342773293 1.5999999999999996
    endloop
  endfacet
  facet normal 0 0 1
    outer loop
      vertex 28.967047612756303 2.6251854342773293 1.5999999999999996
      vertex 63.148349570550444 1.5483495705504469 1.5999999999999996
      vertex 29.276708580912725 2.730301168721783 1.5999999999999996
    endloop
  endfacet
  facet normal 0 0 1
    outer loop
      vertex 29.276708580912725 2.730301168721783 1.5999999999999996
      vertex 63.148349570550444 1.5483495705504469 1.5999999999999996
      vertex 29.57 2.8749364905389037 1.5999999999999996
    endloop
  endfacet
  facet normal 0 0 1
    outer loop
      vertex 29.57 2.8749364905389037 1.5999999999999996
      vertex 63.148349570550444 1.5483495705504469 1.5999999999999996
      vertex 29.8419035725218 3.0566166492719122 1.5999999999999996
    endloop
  endfacet
  facet normal 0 0 1
    outer loop
      vertex 29.8419035725218 3.0566166492719122 1.5999999999999996
      vertex 63.148349570550444 1.5483495705504469 1.5999999999999996
      vertex 30.08776695296637 3.272233047033631 1.5999999999999996
    endloop
  endfacet
  facet normal 0 0 1
    outer loop
      vertex 30.08776695296637 3.272233047033631 1.5999999999999996
      vertex 63.148349570550444 1.5483495705504469 1.5999999999999996
      vertex 30.303383350728087 3.5180964274781985 1.5999999999999996
    endloop
  endfacet
  facet normal 0 0 1
    outer loop
      vertex 30.303383350728087 3.5180964274781985 1.5999999999999996
      vertex 63.148349570550444 1.5483495705504469 1.5999999999999996
      vertex 30.485063509461096 3.79 1.5999999999999996
    endloop
  endfacet
  facet normal 0 0 1
    outer loop
      vertex 30.485063509461096 3.79 1.5999999999999996
      vertex 63.148349570550444 1.5483495705504469 1.5999999999999996
      vertex 30.62969883127822 4.083291419087276 1.5999999999999996
    endloop
  endfacet
  facet normal 0 0 1
    outer loop
      vertex 30.62969883127822 4.083291419087276 1.5999999999999996
      vertex 63.148349570550444 1.5483495705504469 1.5999999999999996
      vertex 30.734814565722672 4.392952387243698 1.5999999999999996
    endloop
  endfacet
  facet normal 0 0 1
    outer loop
      vertex 30.82 5.04 1.5999999999999996
      vertex 62.82492497390786 1.9171446412172979 1.5999999999999996
      vertex 30.798612153434526 5.366315480550129 1.5999999999999996
    endloop
  endfacet
  facet normal 0 0 1
    outer loop
      vertex 30.798612153434526 5.366315480550129 1.5999999999999996
      vertex 62.82492497390786 1.9171446412172979 1.5999999999999996
      vertex 30.734814565722672 5.687047612756302 1.5999999999999996
    endloop
  endfacet
  facet normal 0 0 1
    outer loop
      vertex 30.734814565722672 4.392952387243698 1.5999999999999996
      vertex 63.148349570550444 1.5483495705504469 1.5999999999999996
      vertex 30.798612153434526 4.713684519449871 1.5999999999999996
    endloop
  endfacet
  facet normal 0 0 1
    outer loop
      vertex 30.798612153434526 4.713684519449871 1.5999999999999996
      vertex 63.148349570550444 1.5483495705504469 1.5999999999999996
      vertex 30.82 5.04 1.5999999999999996
    endloop
  endfacet
  facet normal 0 0 1
    outer loop
      vertex 28.967047612756303 7.454814565722671 1.5999999999999996
      vertex 29.276708580912725 7.349698831278217 1.5999999999999996
      vertex 63.96000000000001 31.300000000000004 1.5999999999999996
    endloop
  endfacet
  facet normal 0 0 1
    outer loop
      vertex 29.57 7.205063509461096 1.5999999999999996
      vertex 63.96000000000001 31.300000000000004 1.5999999999999996
      vertex 29.276708580912725 7.349698831278217 1.5999999999999996
    endloop
  endfacet
  facet normal 0 0 1
    outer loop
      vertex 30.303383350728087 6.561903572521802 1.5999999999999996
      vertex 64.1503011687218 30.34329141908728 1.5999999999999996
      vertex 30.08776695296637 6.807766952966369 1.5999999999999996
    endloop
  endfacet
  facet normal 0 0 1
    outer loop
      vertex 29.57 7.205063509461096 1.5999999999999996
      vertex 29.8419035725218 7.023383350728087 1.5999999999999996
      vertex 63.98138784656548 30.973684519449876 1.5999999999999996
    endloop
  endfacet
  facet normal 0 0 1
    outer loop
      vertex 30.08776695296637 6.807766952966369 1.5999999999999996
      vertex 63.98138784656548 30.973684519449876 1.5999999999999996
      vertex 29.8419035725218 7.023383350728087 1.5999999999999996
    endloop
  endfacet
  facet normal 0 0 1
    outer loop
      vertex 27.672952387243697 7.454814565722671 1.5999999999999996
      vertex 27.99368451944987 7.5186121534345265 1.5999999999999996
      vertex 64.29493649053892 32.550000000000004 1.5999999999999996
    endloop
  endfacet
  facet normal 0 0 1
    outer loop
      vertex 27.99368451944987 7.5186121534345265 1.5999999999999996
      vertex 28.32 7.54 1.5999999999999996
      vertex 64.1503011687218 32.25670858091273 1.5999999999999996
    endloop
  endfacet
  facet normal 0 0 1
    outer loop
      vertex 28.32 7.54 1.5999999999999996
      vertex 28.64631548055013 7.5186121534345265 1.5999999999999996
      vertex 64.04518543427734 31.947047612756307 1.5999999999999996
    endloop
  endfacet
  facet normal 0 0 1
    outer loop
      vertex 28.64631548055013 7.5186121534345265 1.5999999999999996
      vertex 28.967047612756303 7.454814565722671 1.5999999999999996
      vertex 63.98138784656548 31.626315480550133 1.5999999999999996
    endloop
  endfacet
  facet normal 0 0 1
    outer loop
      vertex 30.303383350728087 6.561903572521802 1.5999999999999996
      vertex 30.485063509461096 6.29 1.5999999999999996
      vertex 64.47661664927192 29.778096427478204 1.5999999999999996
    endloop
  endfacet
  facet normal 0 0 1
    outer loop
      vertex 30.62969883127822 5.996708580912724 1.5999999999999996
      vertex 64.69223304703364 29.532233047033635 1.5999999999999996
      vertex 30.485063509461096 6.29 1.5999999999999996
    endloop
  endfacet
  facet normal 0 0 1
    outer loop
      vertex 30.62969883127822 5.996708580912724 1.5999999999999996
      vertex 30.734814565722672 5.687047612756302 1.5999999999999996
      vertex 64.9380964274782 29.316616649271918 1.5999999999999996
    endloop
  endfacet
  facet normal 0 0 1
    outer loop
      vertex 63.148349570550444 1.5483495705504469 1.5999999999999996
      vertex 5.628042083199556 0.25 1.5999999999999996
      vertex 64.37195791680044 0.25 1.5999999999999996
    endloop
  endfacet
  facet normal 0 0 1
    outer loop
      vertex 30.82 5.04 1.5999999999999996
      vertex 63.148349570550444 1.5483495705504469 1.5999999999999996
      vertex 62.82492497390786 1.9171446412172979 1.5999999999999996
    endloop
  endfacet
  facet normal 0 0 1
    outer loop
      vertex 30.734814565722672 5.687047612756302 1.5999999999999996
      vertex 62.82492497390786 1.9171446412172979 1.5999999999999996
      vertex 62.55240473580835 2.325 1.5999999999999996
    endloop
  endfacet
  facet normal 0 0 1
    outer loop
      vertex 30.734814565722672 5.687047612756302 1.5999999999999996
      vertex 62.33545175308267 2.7649371286309137 1.5999999999999996
      vertex 62.17777815141599 3.229428580865547 1.5999999999999996
    endloop
  endfacet
  facet normal 0 0 1
    outer loop
      vertex 30.734814565722672 5.687047612756302 1.5999999999999996
      vertex 62.17777815141599 3.229428580865547 1.5999999999999996
      vertex 62.08208176984821 3.7105267791748067 1.5999999999999996
    endloop
  endfacet
  facet normal 0 0 1
    outer loop
      vertex 30.734814565722672 5.687047612756302 1.5999999999999996
      vertex 62.08208176984821 3.7105267791748067 1.5999999999999996
      vertex 62.05 4.2 1.5999999999999996
    endloop
  endfacet
  facet normal 0 0 1
    outer loop
      vertex 30.734814565722672 5.687047612756302 1.5999999999999996
      vertex 62.55240473580835 2.325 1.5999999999999996
      vertex 62.33545175308267 2.7649371286309137 1.5999999999999996
    endloop
  endfacet
  facet normal 0 0 1
    outer loop
      vertex 30.734814565722672 5.687047612756302 1.5999999999999996
      vertex 62.05 4.2 1.5999999999999996
      vertex 62.08208176984821 4.689473220825193 1.5999999999999996
    endloop
  endfacet
  facet normal 0 0 1
    outer loop
      vertex 30.734814565722672 5.687047612756302 1.5999999999999996
      vertex 62.08208176984821 4.689473220825193 1.5999999999999996
      vertex 62.17777815141599 5.170571419134453 1.5999999999999996
    endloop
  endfacet
  facet normal 0 0 1
    outer loop
      vertex 30.734814565722672 5.687047612756302 1.5999999999999996
      vertex 62.17777815141599 5.170571419134453 1.5999999999999996
      vertex 62.33545175308267 5.635062871369087 1.5999999999999996
    endloop
  endfacet
  facet normal 0 0 1
    outer loop
      vertex 30.734814565722672 5.687047612756302 1.5999999999999996
      vertex 62.33545175308267 5.635062871369087 1.5999999999999996
      vertex 62.55240473580835 6.075 1.5999999999999996
    endloop
  endfacet
  facet normal 0 0 1
    outer loop
      vertex 30.734814565722672 5.687047612756302 1.5999999999999996
      vertex 62.55240473580835 6.075 1.5999999999999996
      vertex 62.82492497390786 6.482855358782702 1.5999999999999996
    endloop
  endfacet
  facet normal 0 0 1
    outer loop
      vertex 30.734814565722672 5.687047612756302 1.5999999999999996
      vertex 62.82492497390786 6.482855358782702 1.5999999999999996
      vertex 63.148349570550444 6.8516504294495535 1.5999999999999996
    endloop
  endfacet
  facet normal 0 0 -1
    outer loop
      vertex 25.86 24.5 0
      vertex 25.86 29.5 0
      vertex 62.33545175308267 2.7649371286309137 0
    endloop
  endfacet
  facet normal 0 0 -1
    outer loop
      vertex 34.87705250183106 30.2589828955575 0
      vertex 62.33545175308267 2.7649371286309137 0
      vertex 25.86 29.5 0
    endloop
  endfacet
  facet normal 0 0 -1
    outer loop
      vertex 25.86 49.5 0
      vertex 64.36493712863091 7.664548246917326 0
      vertex 25.86 44.5 0
    endloop
  endfacet
  facet normal 0 0 -1
    outer loop
      vertex 25.86 44.5 0
      vertex 62.33545175308267 2.7649371286309137 0
      vertex 35.48246212024588 32.04246212024588 0
    endloop
  endfacet
  facet normal 0 0 -1
    outer loop
      vertex 25.86 49.5 0
      vertex 39.2 35.760000000000005 0
      vertex 64.36493712863091 7.664548246917326 0
    endloop
  endfacet
  facet normal 0 0 -1
    outer loop
      vertex 34.87705250183106 30.2589828955575 0
      vertex 35.01175999735765 30.28577788239648 0
      vertex 62.33545175308267 2.7649371286309137 0
    endloop
  endfacet
  facet normal 0 0 -1
    outer loop
      vertex 35.01175999735765 30.28577788239648 0
      vertex 35.14181760398335 30.32992649086315 0
      vertex 62.33545175308267 2.7649371286309137 0
    endloop
  endfacet
  facet normal 0 0 -1
    outer loop
      vertex 35.14181760398335 30.32992649086315 0
      vertex 35.265 30.390673326026345 0
      vertex 62.33545175308267 2.7649371286309137 0
    endloop
  endfacet
  facet normal 0 0 -1
    outer loop
      vertex 35.265 30.390673326026345 0
      vertex 35.37919950045916 30.46697899269421 0
      vertex 62.33545175308267 2.7649371286309137 0
    endloop
  endfacet
  facet normal 0 0 -1
    outer loop
      vertex 35.37919950045916 30.46697899269421 0
      vertex 35.48246212024588 30.55753787975413 0
      vertex 62.33545175308267 2.7649371286309137 0
    endloop
  endfacet
  facet normal 0 0 -1
    outer loop
      vertex 35.48246212024588 30.55753787975413 0
      vertex 35.5730210073058 30.660800499540848 0
      vertex 62.33545175308267 2.7649371286309137 0
    endloop
  endfacet
  facet normal 0 0 -1
    outer loop
      vertex 35.64932667397366 30.775000000000006 0
      vertex 62.33545175308267 2.7649371286309137 0
      vertex 35.5730210073058 30.660800499540848 0
    endloop
  endfacet
  facet normal 0 0 -1
    outer loop
      vertex 35.710073509136855 30.89818239601666 0
      vertex 62.33545175308267 2.7649371286309137 0
      vertex 35.64932667397366 30.775000000000006 0
    endloop
  endfacet
  facet normal 0 0 -1
    outer loop
      vertex 35.754222117603526 31.028240002642356 0
      vertex 62.33545175308267 2.7649371286309137 0
      vertex 35.710073509136855 30.89818239601666 0
    endloop
  endfacet
  facet normal 0 0 -1
    outer loop
      vertex 35.781017104442505 31.16294749816895 0
      vertex 62.33545175308267 2.7649371286309137 0
      vertex 35.754222117603526 31.028240002642356 0
    endloop
  endfacet
  facet normal 0 0 -1
    outer loop
      vertex 35.79 31.300000000000004 0
      vertex 62.33545175308267 2.7649371286309137 0
      vertex 35.781017104442505 31.16294749816895 0
    endloop
  endfacet
  facet normal 0 0 -1
    outer loop
      vertex 35.781017104442505 31.437052501831058 0
      vertex 62.33545175308267 2.7649371286309137 0
      vertex 35.79 31.300000000000004 0
    endloop
  endfacet
  facet normal 0 0 -1
    outer loop
      vertex 35.48246212024588 32.04246212024588 0
      vertex 62.33545175308267 2.7649371286309137 0
      vertex 35.5730210073058 31.93919950045916 0
    endloop
  endfacet
  facet normal 0 0 -1
    outer loop
      vertex 35.754222117603526 31.571759997357653 0
      vertex 62.33545175308267 2.7649371286309137 0
      vertex 35.781017104442505 31.437052501831058 0
    endloop
  endfacet
  facet normal 0 0 -1
    outer loop
      vertex 35.710073509136855 31.701817603983347 0
      vertex 62.33545175308267 2.7649371286309137 0
      vertex 35.754222117603526 31.571759997357653 0
    endloop
  endfacet
  facet normal 0 0 -1
    outer loop
      vertex 35.64932667397366 31.825000000000003 0
      vertex 62.33545175308267 2.7649371286309137 0
      vertex 35.710073509136855 31.701817603983347 0
    endloop
  endfacet
  facet normal 0 0 -1
    outer loop
      vertex 35.5730210073058 31.93919950045916 0
      vertex 62.33545175308267 2.7649371286309137 0
      vertex 35.64932667397366 31.825000000000003 0
    endloop
  endfacet
  facet normal 0 0 -1
    outer loop
      vertex 25.86 44.5 0
      vertex 62.08208176984821 4.689473220825193 0
      vertex 62.05 4.2 0
    endloop
  endfacet
  facet normal 0 0 -1
    outer loop
      vertex 25.86 44.5 0
      vertex 62.17777815141599 5.170571419134453 0
      vertex 62.08208176984821 4.689473220825193 0
    endloop
  endfacet
  facet normal 0 0 -1
    outer loop
      vertex 25.86 44.5 0
      vertex 62.33545175308267 5.635062871369087 0
      vertex 62.17777815141599 5.170571419134453 0
    endloop
  endfacet
  facet normal 0 0 -1
    outer loop
      vertex 25.86 44.5 0
      vertex 62.55240473580835 6.075 0
      vertex 62.33545175308267 5.635062871369087 0
    endloop
  endfacet
  facet normal 0 0 -1
    outer loop
      vertex 25.86 44.5 0
      vertex 62.82492497390786 6.482855358782702 0
      vertex 62.55240473580835 6.075 0
    endloop
  endfacet
  facet normal 0 0 -1
    outer loop
      vertex 25.86 44.5 0
      vertex 63.148349570550444 6.8516504294495535 0
      vertex 62.82492497390786 6.482855358782702 0
    endloop
  endfacet
  facet normal 0 0 -1
    outer loop
      vertex 25.86 44.5 0
      vertex 63.51714464121729 7.1750750260921325 0
      vertex 63.148349570550444 6.8516504294495535 0
    endloop
  endfacet
  facet normal 0 0 -1
    outer loop
      vertex 25.86 44.5 0
      vertex 63.925 7.447595264191644 0
      vertex 63.51714464121729 7.1750750260921325 0
    endloop
  endfacet
  facet normal 0 0 -1
    outer loop
      vertex 25.86 44.5 0
      vertex 64.36493712863091 7.664548246917326 0
      vertex 63.925 7.447595264191644 0
    endloop
  endfacet
  facet normal 0 0 1
    outer loop
      vertex 36.2619035725218 29.316616649271918 1.5999999999999996
      vertex 25.86 14.5 1.5999999999999996
      vertex 65.21000000000001 33.4650635094611 1.5999999999999996
    endloop
  endfacet
  facet normal 0 0 1
    outer loop
      vertex 36.9050635094611 32.550000000000004 1.5999999999999996
      vertex 39.2 35.760000000000005 1.5999999999999996
      vertex 36.72338335072809 32.821903572521805 1.5999999999999996
    endloop
  endfacet
  facet normal 0 0 1
    outer loop
      vertex 37.24 31.300000000000004 1.5999999999999996
      vertex 39.2 35.760000000000005 1.5999999999999996
      vertex 37.21861215343453 31.626315480550133 1.5999999999999996
    endloop
  endfacet
  facet normal 0 0 1
    outer loop
      vertex 37.154814565722674 31.947047612756307 1.5999999999999996
      vertex 37.21861215343453 31.626315480550133 1.5999999999999996
      vertex 39.2 35.760000000000005 1.5999999999999996
    endloop
  endfacet
  facet normal 0 0 1
    outer loop
      vertex 37.154814565722674 31.947047612756307 1.5999999999999996
      vertex 39.2 35.760000000000005 1.5999999999999996
      vertex 37.04969883127822 32.25670858091273 1.5999999999999996
    endloop
  endfacet
  facet normal 0 0 1
    outer loop
      vertex 37.04969883127822 32.25670858091273 1.5999999999999996
      vertex 39.2 35.760000000000005 1.5999999999999996
      vertex 36.9050635094611 32.550000000000004 1.5999999999999996
    endloop
  endfacet
  facet normal 0 0 1
    outer loop
      vertex 36.50776695296637 33.06776695296637 1.5999999999999996
      vertex 36.72338335072809 32.821903572521805 1.5999999999999996
      vertex 39.2 35.760000000000005 1.5999999999999996
    endloop
  endfacet
  facet normal 0 0 1
    outer loop
      vertex 28.967047612756303 7.454814565722671 1.5999999999999996
      vertex 63.96000000000001 31.300000000000004 1.5999999999999996
      vertex 63.98138784656548 31.626315480550133 1.5999999999999996
    endloop
  endfacet
  facet normal 0 0 1
    outer loop
      vertex 28.64631548055013 7.5186121534345265 1.5999999999999996
      vertex 63.98138784656548 31.626315480550133 1.5999999999999996
      vertex 64.04518543427734 31.947047612756307 1.5999999999999996
    endloop
  endfacet
  facet normal 0 0 1
    outer loop
      vertex 28.32 7.54 1.5999999999999996
      vertex 64.04518543427734 31.947047612756307 1.5999999999999996
      vertex 64.1503011687218 32.25670858091273 1.5999999999999996
    endloop
  endfacet
  facet normal 0 0 1
    outer loop
      vertex 27.99368451944987 7.5186121534345265 1.5999999999999996
      vertex 64.1503011687218 32.25670858091273 1.5999999999999996
      vertex 64.29493649053892 32.550000000000004 1.5999999999999996
    endloop
  endfacet
  facet normal 0 0 1
    outer loop
      vertex 27.672952387243697 7.454814565722671 1.5999999999999996
      vertex 64.29493649053892 32.550000000000004 1.5999999999999996
      vertex 64.47661664927192 32.821903572521805 1.5999999999999996
    endloop
  endfacet
  facet normal 0 0 1
    outer loop
      vertex 36.72338335072809 29.778096427478204 1.5999999999999996
      vertex 62 35.760000000000005 1.5999999999999996
      vertex 36.9050635094611 30.050000000000004 1.5999999999999996
    endloop
  endfacet
  facet normal 0 0 1
    outer loop
      vertex 36.9050635094611 30.050000000000004 1.5999999999999996
      vertex 62 35.760000000000005 1.5999999999999996
      vertex 37.04969883127822 30.34329141908728 1.5999999999999996
    endloop
  endfacet
  facet normal 0 0 1
    outer loop
      vertex 37.04969883127822 30.34329141908728 1.5999999999999996
      vertex 62 35.760000000000005 1.5999999999999996
      vertex 37.154814565722674 30.6529523872437 1.5999999999999996
    endloop
  endfacet
  facet normal 0 0 1
    outer loop
      vertex 37.154814565722674 30.6529523872437 1.5999999999999996
      vertex 62 35.760000000000005 1.5999999999999996
      vertex 37.21861215343453 30.973684519449876 1.5999999999999996
    endloop
  endfacet
  facet normal 0 0 1
    outer loop
      vertex 37.21861215343453 30.973684519449876 1.5999999999999996
      vertex 62 35.760000000000005 1.5999999999999996
      vertex 37.24 31.300000000000004 1.5999999999999996
    endloop
  endfacet
  facet normal 0 0 1
    outer loop
      vertex 36.2619035725218 29.316616649271918 1.5999999999999996
      vertex 65.21000000000001 33.4650635094611 1.5999999999999996
      vertex 36.50776695296637 29.532233047033635 1.5999999999999996
    endloop
  endfacet
  facet normal 0 0 1
    outer loop
      vertex 36.50776695296637 29.532233047033635 1.5999999999999996
      vertex 65.21000000000001 33.4650635094611 1.5999999999999996
      vertex 36.72338335072809 29.778096427478204 1.5999999999999996
    endloop
  endfacet
  facet normal 0 0 1
    outer loop
      vertex 37.24 31.300000000000004 1.5999999999999996
      vertex 62 35.760000000000005 1.5999999999999996
      vertex 39.2 35.760000000000005 1.5999999999999996
    endloop
  endfacet
  facet normal 0 0 1
    outer loop
      vertex 64.47661664927192 32.821903572521805 1.5999999999999996
      vertex 64.69223304703364 33.06776695296637 1.5999999999999996
      vertex 25.86 14.5 1.5999999999999996
    endloop
  endfacet
  facet normal 0 0 1
    outer loop
      vertex 64.69223304703364 33.06776695296637 1.5999999999999996
      vertex 64.9380964274782 33.283383350728094 1.5999999999999996
      vertex 25.86 14.5 1.5999999999999996
    endloop
  endfacet
  facet normal 0 0 1
    outer loop
      vertex 64.9380964274782 33.283383350728094 1.5999999999999996
      vertex 65.21000000000001 33.4650635094611 1.5999999999999996
      vertex 25.86 14.5 1.5999999999999996
    endloop
  endfacet
  facet normal 0 0 -1
    outer loop
      vertex 65.935 30.390673326026345 0
      vertex 64.82942858086554 7.8222218485840065 0
      vertex 64.36493712863091 7.664548246917326 0
    endloop
  endfacet
  facet normal 0 0 -1
    outer loop
      vertex 64.82942858086554 7.8222218485840065 0
      vertex 65.935 30.390673326026345 0
      vertex 65.31052677917481 7.917918230151789 0
    endloop
  endfacet
  facet normal 0 0 -1
    outer loop
      vertex 65.31052677917481 7.917918230151789 0
      vertex 66.46000000000001 30.250000000000004 0
      vertex 65.8 7.95 0
    endloop
  endfacet
  facet normal 0 0 -1
    outer loop
      vertex 65.8 7.95 0
      vertex 66.46000000000001 30.250000000000004 0
      vertex 66.28947322082519 7.917918230151789 0
    endloop
  endfacet
  facet normal 0 0 -1
    outer loop
      vertex 66.77057141913446 7.8222218485840065 0
      vertex 66.28947322082519 7.917918230151789 0
      vertex 66.73175999735766 30.28577788239648 0
    endloop
  endfacet
  facet normal 0 0 -1
    outer loop
      vertex 66.86181760398335 30.32992649086315 0
      vertex 67.23506287136908 7.664548246917326 0
      vertex 66.77057141913446 7.8222218485840065 0
    endloop
  endfacet
  facet normal 0 0 -1
    outer loop
      vertex 67.23506287136908 7.664548246917326 0
      vertex 66.98500000000001 30.390673326026345 0
      vertex 67.675 7.447595264191644 0
    endloop
  endfacet
  facet normal 0 0 -1
    outer loop
      vertex 68.45165042944956 6.8516504294495535 0
      vertex 68.0828553587827 7.1750750260921325 0
      vertex 67.20246212024588 30.55753787975413 0
    endloop
  endfacet
  facet normal 0 0 -1
    outer loop
      vertex 67.675 7.447595264191644 0
      vertex 67.09919950045916 30.46697899269421 0
      vertex 68.0828553587827 7.1750750260921325 0
    endloop
  endfacet
  facet normal 0 0 1
    outer loop
      vertex 30.734814565722672 5.687047612756302 1.5999999999999996
      vertex 63.148349570550444 6.8516504294495535 1.5999999999999996
      vertex 63.51714464121729 7.1750750260921325 1.5999999999999996
    endloop
  endfacet
  facet normal 0 0 1
    outer loop
      vertex 30.734814565722672 5.687047612756302 1.5999999999999996
      vertex 63.51714464121729 7.1750750260921325 1.5999999999999996
      vertex 63.925 7.447595264191644 1.5999999999999996
    endloop
  endfacet
  facet normal 0 0 1
    outer loop
      vertex 30.734814565722672 5.687047612756302 1.5999999999999996
      vertex 63.925 7.447595264191644 1.5999999999999996
      vertex 64.36493712863091 7.664548246917326 1.5999999999999996
    endloop
  endfacet
  facet normal 0 0 1
    outer loop
      vertex 30.734814565722672 5.687047612756302 1.5999999999999996
      vertex 64.36493712863091 7.664548246917326 1.5999999999999996
      vertex 64.82942858086554 7.8222218485840065 1.5999999999999996
    endloop
  endfacet
  facet normal 0 0 1
    outer loop
      vertex 30.734814565722672 5.687047612756302 1.5999999999999996
      vertex 64.82942858086554 7.8222218485840065 1.5999999999999996
      vertex 65.81295238724371 28.885185434277332 1.5999999999999996
    endloop
  endfacet
  facet normal 0 0 1
    outer loop
      vertex 65.81295238724371 28.885185434277332 1.5999999999999996
      vertex 64.82942858086554 7.8222218485840065 1.5999999999999996
      vertex 65.31052677917481 7.917918230151789 1.5999999999999996
    endloop
  endfacet
  facet normal 0 0 1
    outer loop
      vertex 65.81295238724371 28.885185434277332 1.5999999999999996
      vertex 65.31052677917481 7.917918230151789 1.5999999999999996
      vertex 65.8 7.95 1.5999999999999996
    endloop
  endfacet
  facet normal 0 0 1
    outer loop
      vertex 65.81295238724371 28.885185434277332 1.5999999999999996
      vertex 66.28947322082519 7.917918230151789 1.5999999999999996
      vertex 66.77057141913446 7.8222218485840065 1.5999999999999996
    endloop
  endfacet
  facet normal 0 0 1
    outer loop
      vertex 65.81295238724371 28.885185434277332 1.5999999999999996
      vertex 65.8 7.95 1.5999999999999996
      vertex 66.28947322082519 7.917918230151789 1.5999999999999996
    endloop
  endfacet
  facet normal 0 0 1
    outer loop
      vertex 65.81295238724371 28.885185434277332 1.5999999999999996
      vertex 68.0828553587827 7.1750750260921325 1.5999999999999996
      vertex 68.45165042944956 6.8516504294495535 1.5999999999999996
    endloop
  endfacet
  facet normal 0 0 1
    outer loop
      vertex 65.81295238724371 28.885185434277332 1.5999999999999996
      vertex 66.77057141913446 7.8222218485840065 1.5999999999999996
      vertex 67.23506287136908 7.664548246917326 1.5999999999999996
    endloop
  endfacet
  facet normal 0 0 1
    outer loop
      vertex 65.81295238724371 28.885185434277332 1.5999999999999996
      vertex 67.23506287136908 7.664548246917326 1.5999999999999996
      vertex 67.675 7.447595264191644 1.5999999999999996
    endloop
  endfacet
  facet normal 0 0 1
    outer loop
      vertex 65.81295238724371 28.885185434277332 1.5999999999999996
      vertex 67.675 7.447595264191644 1.5999999999999996
      vertex 68.0828553587827 7.1750750260921325 1.5999999999999996
    endloop
  endfacet
  facet normal 0 0 1
    outer loop
      vertex 66.13368451944987 28.82138784656548 1.5999999999999996
      vertex 68.45165042944956 6.8516504294495535 1.5999999999999996
      vertex 69.75 5.628042083199558 1.5999999999999996
    endloop
  endfacet
  facet normal 0 0 -1
    outer loop
      vertex 64.36493712863091 7.664548246917326 0
      vertex 39.2 35.760000000000005 0
      vertex 65.48992649086316 30.89818239601666 0
    endloop
  endfacet
  facet normal 0 0 -1
    outer loop
      vertex 65.48992649086316 30.89818239601666 0
      vertex 39.2 35.760000000000005 0
      vertex 65.44577788239648 31.028240002642356 0
    endloop
  endfacet
  facet normal 0 0 -1
    outer loop
      vertex 65.44577788239648 31.028240002642356 0
      vertex 39.2 35.760000000000005 0
      vertex 65.4189828955575 31.16294749816895 0
    endloop
  endfacet
  facet normal 0 0 -1
    outer loop
      vertex 65.4189828955575 31.16294749816895 0
      vertex 39.2 35.760000000000005 0
      vertex 65.41000000000001 31.300000000000004 0
    endloop
  endfacet
  facet normal 0 0 -1
    outer loop
      vertex 39.2 35.760000000000005 0
      vertex 62 35.760000000000005 0
      vertex 65.6269789926942 31.93919950045916 0
    endloop
  endfacet
  facet normal 0 0 -1
    outer loop
      vertex 65.41000000000001 31.300000000000004 0
      vertex 39.2 35.760000000000005 0
      vertex 65.4189828955575 31.437052501831058 0
    endloop
  endfacet
  facet normal 0 0 -1
    outer loop
      vertex 65.4189828955575 31.437052501831058 0
      vertex 39.2 35.760000000000005 0
      vertex 65.44577788239648 31.571759997357653 0
    endloop
  endfacet
  facet normal 0 0 -1
    outer loop
      vertex 65.44577788239648 31.571759997357653 0
      vertex 39.2 35.760000000000005 0
      vertex 65.48992649086316 31.701817603983347 0
    endloop
  endfacet
  facet normal 0 0 -1
    outer loop
      vertex 65.48992649086316 31.701817603983347 0
      vertex 39.2 35.760000000000005 0
      vertex 65.55067332602634 31.825000000000003 0
    endloop
  endfacet
  facet normal 0 0 -1
    outer loop
      vertex 65.55067332602634 31.825000000000003 0
      vertex 39.2 35.760000000000005 0
      vertex 65.6269789926942 31.93919950045916 0
    endloop
  endfacet
  facet normal 0 0 -1
    outer loop
      vertex 64.36493712863091 7.664548246917326 0
      vertex 65.6269789926942 30.660800499540848 0
      vertex 65.71753787975413 30.55753787975413 0
    endloop
  endfacet
  facet normal 0 0 -1
    outer loop
      vertex 65.82080049954085 30.46697899269421 0
      vertex 65.935 30.390673326026345 0
      vertex 64.36493712863091 7.664548246917326 0
    endloop
  endfacet
  facet normal 0 0 -1
    outer loop
      vertex 64.36493712863091 7.664548246917326 0
      vertex 65.71753787975413 30.55753787975413 0
      vertex 65.82080049954085 30.46697899269421 0
    endloop
  endfacet
  facet normal 0 0 -1
    outer loop
      vertex 64.36493712863091 7.664548246917326 0
      vertex 65.55067332602634 30.775000000000006 0
      vertex 65.6269789926942 30.660800499540848 0
    endloop
  endfacet
  facet normal 0 0 -1
    outer loop
      vertex 64.36493712863091 7.664548246917326 0
      vertex 65.48992649086316 30.89818239601666 0
      vertex 65.55067332602634 30.775000000000006 0
    endloop
  endfacet
  facet normal 0 0 -1
    outer loop
      vertex 65.31052677917481 7.917918230151789 0
      vertex 65.935 30.390673326026345 0
      vertex 66.05818239601666 30.32992649086315 0
    endloop
  endfacet
  facet normal 0 0 -1
    outer loop
      vertex 65.31052677917481 7.917918230151789 0
      vertex 66.05818239601666 30.32992649086315 0
      vertex 66.18824000264236 30.28577788239648 0
    endloop
  endfacet
  facet normal 0 0 -1
    outer loop
      vertex 66.18824000264236 30.28577788239648 0
      vertex 66.32294749816896 30.2589828955575 0
      vertex 65.31052677917481 7.917918230151789 0
    endloop
  endfacet
  facet normal 0 0 -1
    outer loop
      vertex 66.32294749816896 30.2589828955575 0
      vertex 66.46000000000001 30.250000000000004 0
      vertex 65.31052677917481 7.917918230151789 0
    endloop
  endfacet
  facet normal 0 0 -1
    outer loop
      vertex 66.28947322082519 7.917918230151789 0
      vertex 66.46000000000001 30.250000000000004 0
      vertex 66.59705250183106 30.2589828955575 0
    endloop
  endfacet
  facet normal 0 0 -1
    outer loop
      vertex 66.59705250183106 30.2589828955575 0
      vertex 66.73175999735766 30.28577788239648 0
      vertex 66.28947322082519 7.917918230151789 0
    endloop
  endfacet
  facet normal 0 0 -1
    outer loop
      vertex 66.77057141913446 7.8222218485840065 0
      vertex 66.73175999735766 30.28577788239648 0
      vertex 66.86181760398335 30.32992649086315 0
    endloop
  endfacet
  facet normal 0 0 -1
    outer loop
      vertex 66.86181760398335 30.32992649086315 0
      vertex 66.98500000000001 30.390673326026345 0
      vertex 67.23506287136908 7.664548246917326 0
    endloop
  endfacet
  facet normal 0 0 -1
    outer loop
      vertex 66.98500000000001 30.390673326026345 0
      vertex 67.09919950045916 30.46697899269421 0
      vertex 67.675 7.447595264191644 0
    endloop
  endfacet
  facet normal 0 0 -1
    outer loop
      vertex 68.0828553587827 7.1750750260921325 0
      vertex 67.09919950045916 30.46697899269421 0
      vertex 67.20246212024588 30.55753787975413 0
    endloop
  endfacet
  facet normal 0 0 -1
    outer loop
      vertex 68.45165042944956 6.8516504294495535 0
      vertex 67.20246212024588 30.55753787975413 0
      vertex 67.29302100730581 30.660800499540848 0
    endloop
  endfacet
  facet normal 0 0 -1
    outer loop
      vertex 68.45165042944956 6.8516504294495535 0
      vertex 67.29302100730581 30.660800499540848 0
      vertex 67.36932667397367 30.775000000000006 0
    endloop
  endfacet
  facet normal 0 0 -1
    outer loop
      vertex 68.45165042944956 6.8516504294495535 0
      vertex 67.36932667397367 30.775000000000006 0
      vertex 67.43007350913686 30.89818239601666 0
    endloop
  endfacet
  facet normal 0 0 -1
    outer loop
      vertex 68.45165042944956 6.8516504294495535 0
      vertex 67.43007350913686 30.89818239601666 0
      vertex 67.47422211760353 31.028240002642356 0
    endloop
  endfacet
  facet normal 0 0 -1
    outer loop
      vertex 68.45165042944956 6.8516504294495535 0
      vertex 67.47422211760353 31.028240002642356 0
      vertex 67.50101710444251 31.16294749816895 0
    endloop
  endfacet
  facet normal 0 0 -1
    outer loop
      vertex 68.45165042944956 6.8516504294495535 0
      vertex 67.50101710444251 31.16294749816895 0
      vertex 67.51 31.300000000000004 0
    endloop
  endfacet
  facet normal 0 0 -1
    outer loop
      vertex 62 35.760000000000005 0
      vertex 65.71753787975413 32.04246212024588 0
      vertex 65.6269789926942 31.93919950045916 0
    endloop
  endfacet
  facet normal 0 0 -1
    outer loop
      vertex 62 35.760000000000005 0
      vertex 65.82080049954085 32.1330210073058 0
      vertex 65.71753787975413 32.04246212024588 0
    endloop
  endfacet
  facet normal 0 0 -1
    outer loop
      vertex 62 35.760000000000005 0
      vertex 65.935 32.20932667397366 0
      vertex 65.82080049954085 32.1330210073058 0
    endloop
  endfacet
  facet normal 0 0 -1
    outer loop
      vertex 62 35.760000000000005 0
      vertex 66.05818239601666 32.27007350913686 0
      vertex 65.935 32.20932667397366 0
    endloop
  endfacet
  facet normal 0 0 -1
    outer loop
      vertex 62 35.760000000000005 0
      vertex 66.18824000264236 32.31422211760353 0
      vertex 66.05818239601666 32.27007350913686 0
    endloop
  endfacet
  facet normal 0 0 -1
    outer loop
      vertex 69.75 67.55 0
      vertex 69.75 5.628042083199558 0
      vertex 68.45165042944956 6.8516504294495535 0
    endloop
  endfacet
  facet normal 0 0 1
    outer loop
      vertex 30.62969883127822 5.996708580912724 1.5999999999999996
      vertex 64.9380964274782 29.316616649271918 1.5999999999999996
      vertex 64.69223304703364 29.532233047033635 1.5999999999999996
    endloop
  endfacet
  facet normal 0 0 1
    outer loop
      vertex 30.485063509461096 6.29 1.5999999999999996
      vertex 64.69223304703364 29.532233047033635 1.5999999999999996
      vertex 64.47661664927192 29.778096427478204 1.5999999999999996
    endloop
  endfacet
  facet normal 0 0 1
    outer loop
      vertex 30.734814565722672 5.687047612756302 1.5999999999999996
      vertex 65.21000000000001 29.13493649053891 1.5999999999999996
      vertex 64.9380964274782 29.316616649271918 1.5999999999999996
    endloop
  endfacet
  facet normal 0 0 1
    outer loop
      vertex 30.734814565722672 5.687047612756302 1.5999999999999996
      vertex 65.50329141908729 28.990301168721786 1.5999999999999996
      vertex 65.21000000000001 29.13493649053891 1.5999999999999996
    endloop
  endfacet
  facet normal 0 0 1
    outer loop
      vertex 30.734814565722672 5.687047612756302 1.5999999999999996
      vertex 65.81295238724371 28.885185434277332 1.5999999999999996
      vertex 65.50329141908729 28.990301168721786 1.5999999999999996
    endloop
  endfacet
  facet normal 0 0 1
    outer loop
      vertex 30.303383350728087 6.561903572521802 1.5999999999999996
      vertex 64.29493649053892 30.050000000000004 1.5999999999999996
      vertex 64.1503011687218 30.34329141908728 1.5999999999999996
    endloop
  endfacet
  facet normal 0 0 1
    outer loop
      vertex 30.08776695296637 6.807766952966369 1.5999999999999996
      vertex 64.1503011687218 30.34329141908728 1.5999999999999996
      vertex 64.04518543427734 30.6529523872437 1.5999999999999996
    endloop
  endfacet
  facet normal 0 0 1
    outer loop
      vertex 30.08776695296637 6.807766952966369 1.5999999999999996
      vertex 64.04518543427734 30.6529523872437 1.5999999999999996
      vertex 63.98138784656548 30.973684519449876 1.5999999999999996
    endloop
  endfacet
  facet normal 0 0 1
    outer loop
      vertex 30.303383350728087 6.561903572521802 1.5999999999999996
      vertex 64.47661664927192 29.778096427478204 1.5999999999999996
      vertex 64.29493649053892 30.050000000000004 1.5999999999999996
    endloop
  endfacet
  facet normal 0 0 1
    outer loop
      vertex 29.57 7.205063509461096 1.5999999999999996
      vertex 63.98138784656548 30.973684519449876 1.5999999999999996
      vertex 63.96000000000001 31.300000000000004 1.5999999999999996
    endloop
  endfacet
  facet normal 0 0 1
    outer loop
      vertex 36.72338335072809 29.778096427478204 1.5999999999999996
      vertex 65.21000000000001 33.4650635094611 1.5999999999999996
      vertex 62 35.760000000000005 1.5999999999999996
    endloop
  endfacet
  facet normal 0 0 1
    outer loop
      vertex 65.81295238724371 28.885185434277332 1.5999999999999996
      vertex 68.45165042944956 6.8516504294495535 1.5999999999999996
      vertex 66.13368451944987 28.82138784656548 1.5999999999999996
    endloop
  endfacet
  facet normal 0 0 1
    outer loop
      vertex 66.13368451944987 28.82138784656548 1.5999999999999996
      vertex 69.75 5.628042083199558 1.5999999999999996
      vertex 66.46000000000001 28.800000000000004 1.5999999999999996
    endloop
  endfacet
  facet normal 0 0 1
    outer loop
      vertex 66.46000000000001 28.800000000000004 1.5999999999999996
      vertex 69.75 5.628042083199558 1.5999999999999996
      vertex 66.78631548055014 28.82138784656548 1.5999999999999996
    endloop
  endfacet
  facet normal 0 0 1
    outer loop
      vertex 66.78631548055014 28.82138784656548 1.5999999999999996
      vertex 69.75 5.628042083199558 1.5999999999999996
      vertex 67.1070476127563 28.885185434277332 1.5999999999999996
    endloop
  endfacet
  facet normal 0 0 1
    outer loop
      vertex 67.1070476127563 28.885185434277332 1.5999999999999996
      vertex 69.75 5.628042083199558 1.5999999999999996
      vertex 67.41670858091273 28.990301168721786 1.5999999999999996
    endloop
  endfacet
  facet normal 0 0 1
    outer loop
      vertex 67.41670858091273 28.990301168721786 1.5999999999999996
      vertex 69.75 5.628042083199558 1.5999999999999996
      vertex 67.71000000000001 29.13493649053891 1.5999999999999996
    endloop
  endfacet
  facet normal 0 0 1
    outer loop
      vertex 67.71000000000001 29.13493649053891 1.5999999999999996
      vertex 69.75 5.628042083199558 1.5999999999999996
      vertex 67.98190357252182 29.316616649271918 1.5999999999999996
    endloop
  endfacet
  facet normal 0 0 1
    outer loop
      vertex 67.98190357252182 29.316616649271918 1.5999999999999996
      vertex 69.75 5.628042083199558 1.5999999999999996
      vertex 68.22776695296638 29.532233047033635 1.5999999999999996
    endloop
  endfacet
  facet normal 0 0 1
    outer loop
      vertex 68.22776695296638 29.532233047033635 1.5999999999999996
      vertex 69.75 5.628042083199558 1.5999999999999996
      vertex 68.4433833507281 29.778096427478204 1.5999999999999996
    endloop
  endfacet
  facet normal 0 0 1
    outer loop
      vertex 68.4433833507281 29.778096427478204 1.5999999999999996
      vertex 69.75 5.628042083199558 1.5999999999999996
      vertex 68.6250635094611 30.050000000000004 1.5999999999999996
    endloop
  endfacet
  facet normal 0 0 1
    outer loop
      vertex 68.6250635094611 30.050000000000004 1.5999999999999996
      vertex 69.75 5.628042083199558 1.5999999999999996
      vertex 68.76969883127822 30.34329141908728 1.5999999999999996
    endloop
  endfacet
  facet normal 0 0 1
    outer loop
      vertex 68.76969883127822 30.34329141908728 1.5999999999999996
      vertex 69.75 5.628042083199558 1.5999999999999996
      vertex 68.87481456572267 30.6529523872437 1.5999999999999996
    endloop
  endfacet
  facet normal 0 0 1
    outer loop
      vertex 68.87481456572267 30.6529523872437 1.5999999999999996
      vertex 69.75 5.628042083199558 1.5999999999999996
      vertex 68.93861215343453 30.973684519449876 1.5999999999999996
    endloop
  endfacet
  facet normal 0 0 1
    outer loop
      vertex 68.93861215343453 30.973684519449876 1.5999999999999996
      vertex 69.75 5.628042083199558 1.5999999999999996
      vertex 68.96000000000001 31.300000000000004 1.5999999999999996
    endloop
  endfacet
  facet normal 1 0 0
    outer loop
      vertex 69.75 67.55 1.5999999999999996
      vertex 69.75 5.628042083199558 1.5999999999999996
      vertex 69.75 5.628042083199558 0
    endloop
  endfacet
  facet normal 0 0 -1
    outer loop
      vertex 39.2 40.760000000000005 0
      vertex 39.2 45.760000000000005 0
      vertex 62 45.760000000000005 0
    endloop
  endfacet
  facet normal 0 0 1
    outer loop
      vertex 33.78329141908728 33.60969883127822 1.5999999999999996
      vertex 34.0929523872437 33.714814565722676 1.5999999999999996
      vertex 39.2 40.760000000000005 1.5999999999999996
    endloop
  endfacet
  facet normal 0 0 1
    outer loop
      vertex 34.0929523872437 33.714814565722676 1.5999999999999996
      vertex 34.41368451944987 33.77861215343453 1.5999999999999996
      vertex 39.2 40.760000000000005 1.5999999999999996
    endloop
  endfacet
  facet normal 0 0 1
    outer loop
      vertex 35.69670858091273 33.60969883127822 1.5999999999999996
      vertex 35.99 33.4650635094611 1.5999999999999996
      vertex 39.2 40.760000000000005 1.5999999999999996
    endloop
  endfacet
  facet normal 0 0 1
    outer loop
      vertex 35.99 33.4650635094611 1.5999999999999996
      vertex 36.2619035725218 33.283383350728094 1.5999999999999996
      vertex 39.2 40.760000000000005 1.5999999999999996
    endloop
  endfacet
  facet normal 0 0 1
    outer loop
      vertex 34.41368451944987 33.77861215343453 1.5999999999999996
      vertex 34.74 33.800000000000004 1.5999999999999996
      vertex 39.2 40.760000000000005 1.5999999999999996
    endloop
  endfacet
  facet normal 0 0 1
    outer loop
      vertex 34.74 33.800000000000004 1.5999999999999996
      vertex 35.06631548055013 33.77861215343453 1.5999999999999996
      vertex 39.2 40.760000000000005 1.5999999999999996
    endloop
  endfacet
  facet normal 0 0 1
    outer loop
      vertex 35.06631548055013 33.77861215343453 1.5999999999999996
      vertex 35.387047612756305 33.714814565722676 1.5999999999999996
      vertex 39.2 40.760000000000005 1.5999999999999996
    endloop
  endfacet
  facet normal 0 0 1
    outer loop
      vertex 35.387047612756305 33.714814565722676 1.5999999999999996
      vertex 35.69670858091273 33.60969883127822 1.5999999999999996
      vertex 39.2 40.760000000000005 1.5999999999999996
    endloop
  endfacet
  facet normal 0 0 1
    outer loop
      vertex 36.2619035725218 33.283383350728094 1.5999999999999996
      vertex 36.50776695296637 33.06776695296637 1.5999999999999996
      vertex 39.2 40.760000000000005 1.5999999999999996
    endloop
  endfacet
  facet normal 0 0 1
    outer loop
      vertex 36.50776695296637 33.06776695296637 1.5999999999999996
      vertex 39.2 35.760000000000005 1.5999999999999996
      vertex 39.2 40.760000000000005 1.5999999999999996
    endloop
  endfacet
  facet normal 0 0 1
    outer loop
      vertex 62 40.760000000000005 1.5999999999999996
      vertex 39.2 45.760000000000005 1.5999999999999996
      vertex 39.2 40.760000000000005 1.5999999999999996
    endloop
  endfacet
  facet normal 0 0 -1
    outer loop
      vertex 34.602947498168945 65.81898289555751 0
      vertex 34.74 65.81000000000002 0
      vertex 39.2 60.760000000000005 0
    endloop
  endfacet
  facet normal 0 0 -1
    outer loop
      vertex 34.74 65.81000000000002 0
      vertex 34.87705250183106 65.81898289555751 0
      vertex 39.2 60.760000000000005 0
    endloop
  endfacet
  facet normal 0 0 -1
    outer loop
      vertex 34.87705250183106 65.81898289555751 0
      vertex 35.01175999735765 65.84577788239649 0
      vertex 39.2 60.760000000000005 0
    endloop
  endfacet
  facet normal 0 0 -1
    outer loop
      vertex 35.01175999735765 65.84577788239649 0
      vertex 35.14181760398335 65.88992649086316 0
      vertex 39.2 60.760000000000005 0
    endloop
  endfacet
  facet normal 0 0 -1
    outer loop
      vertex 35.14181760398335 65.88992649086316 0
      vertex 35.265 65.95067332602635 0
      vertex 39.2 60.760000000000005 0
    endloop
  endfacet
  facet normal 0 0 -1
    outer loop
      vertex 35.265 65.95067332602635 0
      vertex 35.37919950045916 66.02697899269421 0
      vertex 39.2 60.760000000000005 0
    endloop
  endfacet
  facet normal 0 0 -1
    outer loop
      vertex 35.37919950045916 66.02697899269421 0
      vertex 35.48246212024588 66.11753787975414 0
      vertex 39.2 60.760000000000005 0
    endloop
  endfacet
  facet normal 0 0 -1
    outer loop
      vertex 35.48246212024588 66.11753787975414 0
      vertex 35.5730210073058 66.22080049954086 0
      vertex 39.2 60.760000000000005 0
    endloop
  endfacet
  facet normal 0 0 -1
    outer loop
      vertex 35.64932667397366 66.33500000000001 0
      vertex 39.2 60.760000000000005 0
      vertex 35.5730210073058 66.22080049954086 0
    endloop
  endfacet
  facet normal 0 0 -1
    outer loop
      vertex 35.710073509136855 66.45818239601667 0
      vertex 39.2 60.760000000000005 0
      vertex 35.64932667397366 66.33500000000001 0
    endloop
  endfacet
  facet normal 0 0 -1
    outer loop
      vertex 35.754222117603526 66.58824000264237 0
      vertex 39.2 60.760000000000005 0
      vertex 35.710073509136855 66.45818239601667 0
    endloop
  endfacet
  facet normal 0 0 -1
    outer loop
      vertex 35.781017104442505 66.72294749816896 0
      vertex 39.2 60.760000000000005 0
      vertex 35.754222117603526 66.58824000264237 0
    endloop
  endfacet
  facet normal 0 0 -1
    outer loop
      vertex 35.79 66.86000000000001 0
      vertex 39.2 60.760000000000005 0
      vertex 35.781017104442505 66.72294749816896 0
    endloop
  endfacet
  facet normal 0 0 -1
    outer loop
      vertex 39.2 60.760000000000005 0
      vertex 35.79 66.86000000000001 0
      vertex 38.35 66.4 0
    endloop
  endfacet
  facet normal 0 0 -1
    outer loop
      vertex 35.754222117603526 67.13175999735766 0
      vertex 38.35 66.4 0
      vertex 35.781017104442505 66.99705250183106 0
    endloop
  endfacet
  facet normal 0 0 -1
    outer loop
      vertex 35.710073509136855 67.26181760398336 0
      vertex 38.35 66.4 0
      vertex 35.754222117603526 67.13175999735766 0
    endloop
  endfacet
  facet normal 0 0 -1
    outer loop
      vertex 35.781017104442505 66.99705250183106 0
      vertex 38.35 66.4 0
      vertex 35.79 66.86000000000001 0
    endloop
  endfacet
  facet normal 0 0 -1
    outer loop
      vertex 38.35 69.6 0
      vertex 34.468240002642354 67.87422211760354 0
      vertex 34.338182396016656 67.83007350913687 0
    endloop
  endfacet
  facet normal 0 0 -1
    outer loop
      vertex 38.35 69.6 0
      vertex 34.602947498168945 67.90101710444252 0
      vertex 34.468240002642354 67.87422211760354 0
    endloop
  endfacet
  facet normal 0 0 -1
    outer loop
      vertex 38.35 69.6 0
      vertex 34.74 67.91000000000001 0
      vertex 34.602947498168945 67.90101710444252 0
    endloop
  endfacet
  facet normal 0 0 -1
    outer loop
      vertex 38.35 69.6 0
      vertex 34.87705250183106 67.90101710444252 0
      vertex 34.74 67.91000000000001 0
    endloop
  endfacet
  facet normal 0 0 -1
    outer loop
      vertex 38.35 69.6 0
      vertex 35.01175999735765 67.87422211760354 0
      vertex 34.87705250183106 67.90101710444252 0
    endloop
  endfacet
  facet normal 0 0 -1
    outer loop
      vertex 38.35 69.6 0
      vertex 35.14181760398335 67.83007350913687 0
      vertex 35.01175999735765 67.87422211760354 0
    endloop
  endfacet
  facet normal 0 0 -1
    outer loop
      vertex 38.35 69.6 0
      vertex 35.37919950045916 67.69302100730582 0
      vertex 35.265 67.76932667397368 0
    endloop
  endfacet
  facet normal 0 0 -1
    outer loop
      vertex 38.35 69.6 0
      vertex 35.265 67.76932667397368 0
      vertex 35.14181760398335 67.83007350913687 0
    endloop
  endfacet
  facet normal 0 0 -1
    outer loop
      vertex 38.35 69.6 0
      vertex 35.5730210073058 67.49919950045917 0
      vertex 35.48246212024588 67.60246212024589 0
    endloop
  endfacet
  facet normal 0 0 -1
    outer loop
      vertex 38.35 69.6 0
      vertex 35.710073509136855 67.26181760398336 0
      vertex 35.64932667397366 67.38500000000002 0
    endloop
  endfacet
  facet normal 0 0 -1
    outer loop
      vertex 38.35 69.6 0
      vertex 35.64932667397366 67.38500000000002 0
      vertex 35.5730210073058 67.49919950045917 0
    endloop
  endfacet
  facet normal 0 0 -1
    outer loop
      vertex 38.35 69.6 0
      vertex 35.48246212024588 67.60246212024589 0
      vertex 35.37919950045916 67.69302100730582 0
    endloop
  endfacet
  facet normal 0 0 -1
    outer loop
      vertex 38.35 69.6 0
      vertex 38.35 66.4 0
      vertex 35.710073509136855 67.26181760398336 0
    endloop
  endfacet
  facet normal 0 0 -1
    outer loop
      vertex 39.2 60.760000000000005 0
      vertex 38.35 66.4 0
      vertex 48.35 66.4 0
    endloop
  endfacet
  facet normal 0 0 -1
    outer loop
      vertex 39.2 50.760000000000005 0
      vertex 39.2 55.760000000000005 0
      vertex 62 55.760000000000005 0
    endloop
  endfacet
  facet normal 0 0 -1
    outer loop
      vertex 48.35 66.4 0
      vertex 65.935 65.95067332602635 0
      vertex 39.2 60.760000000000005 0
    endloop
  endfacet
  facet normal 0 0 1
    outer loop
      vertex 34.74 69.36000000000001 1.5999999999999996
      vertex 35.06631548055013 69.33861215343454 1.5999999999999996
      vertex 38.35 69.6 1.5999999999999996
    endloop
  endfacet
  facet normal 0 0 1
    outer loop
      vertex 35.06631548055013 69.33861215343454 1.5999999999999996
      vertex 35.387047612756305 69.27481456572268 1.5999999999999996
      vertex 38.35 69.6 1.5999999999999996
    endloop
  endfacet
  facet normal 0 0 1
    outer loop
      vertex 35.387047612756305 69.27481456572268 1.5999999999999996
      vertex 35.69670858091273 69.16969883127823 1.5999999999999996
      vertex 38.35 69.6 1.5999999999999996
    endloop
  endfacet
  facet normal 0 0 1
    outer loop
      vertex 36.2619035725218 68.8433833507281 1.5999999999999996
      vertex 36.50776695296637 68.62776695296638 1.5999999999999996
      vertex 38.35 69.6 1.5999999999999996
    endloop
  endfacet
  facet normal 0 0 1
    outer loop
      vertex 35.99 69.0250635094611 1.5999999999999996
      vertex 38.35 69.6 1.5999999999999996
      vertex 35.69670858091273 69.16969883127823 1.5999999999999996
    endloop
  endfacet
  facet normal 0 0 1
    outer loop
      vertex 35.99 69.0250635094611 1.5999999999999996
      vertex 36.2619035725218 68.8433833507281 1.5999999999999996
      vertex 38.35 69.6 1.5999999999999996
    endloop
  endfacet
  facet normal 0 0 1
    outer loop
      vertex 37.154814565722674 66.21295238724372 1.5999999999999996
      vertex 38.35 66.4 1.5999999999999996
      vertex 37.21861215343453 66.53368451944988 1.5999999999999996
    endloop
  endfacet
  facet normal 0 0 1
    outer loop
      vertex 37.21861215343453 66.53368451944988 1.5999999999999996
      vertex 38.35 69.6 1.5999999999999996
      vertex 37.24 66.86000000000001 1.5999999999999996
    endloop
  endfacet
  facet normal 0 0 1
    outer loop
      vertex 37.24 66.86000000000001 1.5999999999999996
      vertex 38.35 69.6 1.5999999999999996
      vertex 37.21861215343453 67.18631548055015 1.5999999999999996
    endloop
  endfacet
  facet normal 0 0 1
    outer loop
      vertex 37.04969883127822 67.81670858091273 1.5999999999999996
      vertex 38.35 69.6 1.5999999999999996
      vertex 36.9050635094611 68.11000000000001 1.5999999999999996
    endloop
  endfacet
  facet normal 0 0 1
    outer loop
      vertex 37.154814565722674 67.50704761275631 1.5999999999999996
      vertex 37.21861215343453 67.18631548055015 1.5999999999999996
      vertex 38.35 69.6 1.5999999999999996
    endloop
  endfacet
  facet normal 0 0 1
    outer loop
      vertex 37.154814565722674 67.50704761275631 1.5999999999999996
      vertex 38.35 69.6 1.5999999999999996
      vertex 37.04969883127822 67.81670858091273 1.5999999999999996
    endloop
  endfacet
  facet normal 0 0 1
    outer loop
      vertex 37.21861215343453 66.53368451944988 1.5999999999999996
      vertex 38.35 66.4 1.5999999999999996
      vertex 38.35 69.6 1.5999999999999996
    endloop
  endfacet
  facet normal 0 0 1
    outer loop
      vertex 36.72338335072809 68.38190357252182 1.5999999999999996
      vertex 36.9050635094611 68.11000000000001 1.5999999999999996
      vertex 38.35 69.6 1.5999999999999996
    endloop
  endfacet
  facet normal 0 0 1
    outer loop
      vertex 36.72338335072809 68.38190357252182 1.5999999999999996
      vertex 38.35 69.6 1.5999999999999996
      vertex 36.50776695296637 68.62776695296638 1.5999999999999996
    endloop
  endfacet
  facet normal 0 0 1
    outer loop
      vertex 24.43 59.92 1.5999999999999996
      vertex 64.9380964274782 64.87661664927192 1.5999999999999996
      vertex 34.74 64.36000000000001 1.5999999999999996
    endloop
  endfacet
  facet normal 0 0 1
    outer loop
      vertex 24.43 59.92 1.5999999999999996
      vertex 39.2 60.760000000000005 1.5999999999999996
      vertex 64.9380964274782 64.87661664927192 1.5999999999999996
    endloop
  endfacet
  facet normal 0 0 1
    outer loop
      vertex 37.154814565722674 66.21295238724372 1.5999999999999996
      vertex 48.35 66.4 1.5999999999999996
      vertex 38.35 66.4 1.5999999999999996
    endloop
  endfacet
  facet normal 0 0 1
    outer loop
      vertex 62 50.760000000000005 1.5999999999999996
      vertex 39.2 55.760000000000005 1.5999999999999996
      vertex 39.2 50.760000000000005 1.5999999999999996
    endloop
  endfacet
  facet normal 0 0 1
    outer loop
      vertex 34.74 64.36000000000001 1.5999999999999996
      vertex 64.9380964274782 64.87661664927192 1.5999999999999996
      vertex 35.06631548055013 64.38138784656549 1.5999999999999996
    endloop
  endfacet
  facet normal 0 0 1
    outer loop
      vertex 35.06631548055013 64.38138784656549 1.5999999999999996
      vertex 64.9380964274782 64.87661664927192 1.5999999999999996
      vertex 35.387047612756305 64.44518543427735 1.5999999999999996
    endloop
  endfacet
  facet normal 0 0 1
    outer loop
      vertex 35.387047612756305 64.44518543427735 1.5999999999999996
      vertex 64.9380964274782 64.87661664927192 1.5999999999999996
      vertex 35.69670858091273 64.5503011687218 1.5999999999999996
    endloop
  endfacet
  facet normal 0 0 1
    outer loop
      vertex 35.69670858091273 64.5503011687218 1.5999999999999996
      vertex 64.9380964274782 64.87661664927192 1.5999999999999996
      vertex 35.99 64.69493649053892 1.5999999999999996
    endloop
  endfacet
  facet normal 0 0 1
    outer loop
      vertex 35.99 64.69493649053892 1.5999999999999996
      vertex 64.9380964274782 64.87661664927192 1.5999999999999996
      vertex 36.2619035725218 64.87661664927192 1.5999999999999996
    endloop
  endfacet
  facet normal 0 0 1
    outer loop
      vertex 36.2619035725218 64.87661664927192 1.5999999999999996
      vertex 64.9380964274782 64.87661664927192 1.5999999999999996
      vertex 36.50776695296637 65.09223304703364 1.5999999999999996
    endloop
  endfacet
  facet normal 0 0 1
    outer loop
      vertex 36.50776695296637 65.09223304703364 1.5999999999999996
      vertex 64.69223304703364 65.09223304703364 1.5999999999999996
      vertex 36.72338335072809 65.3380964274782 1.5999999999999996
    endloop
  endfacet
  facet normal 0 0 1
    outer loop
      vertex 36.72338335072809 65.3380964274782 1.5999999999999996
      vertex 64.47661664927192 65.3380964274782 1.5999999999999996
      vertex 36.9050635094611 65.61000000000001 1.5999999999999996
    endloop
  endfacet
  facet normal 0 0 1
    outer loop
      vertex 36.9050635094611 65.61000000000001 1.5999999999999996
      vertex 64.29493649053892 65.61000000000001 1.5999999999999996
      vertex 37.04969883127822 65.9032914190873 1.5999999999999996
    endloop
  endfacet
  facet normal 0 0 1
    outer loop
      vertex 37.04969883127822 65.9032914190873 1.5999999999999996
      vertex 64.1503011687218 65.9032914190873 1.5999999999999996
      vertex 37.154814565722674 66.21295238724372 1.5999999999999996
    endloop
  endfacet
  facet normal 0 0 1
    outer loop
      vertex 37.154814565722674 66.21295238724372 1.5999999999999996
      vertex 63.98138784656548 66.53368451944988 1.5999999999999996
      vertex 48.35 66.4 1.5999999999999996
    endloop
  endfacet
  facet normal 0 0 -1
    outer loop
      vertex 62 45.760000000000005 0
      vertex 62 40.760000000000005 0
      vertex 39.2 40.760000000000005 0
    endloop
  endfacet
  facet normal 0 0 -1
    outer loop
      vertex 62 35.760000000000005 0
      vertex 62 40.760000000000005 0
      vertex 66.18824000264236 32.31422211760353 0
    endloop
  endfacet
  facet normal 0 0 -1
    outer loop
      vertex 66.32294749816896 32.34101710444251 0
      vertex 66.18824000264236 32.31422211760353 0
      vertex 62 40.760000000000005 0
    endloop
  endfacet
  facet normal 0 0 -1
    outer loop
      vertex 66.46000000000001 32.35 0
      vertex 66.32294749816896 32.34101710444251 0
      vertex 62 40.760000000000005 0
    endloop
  endfacet
  facet normal 0 0 -1
    outer loop
      vertex 66.59705250183106 32.34101710444251 0
      vertex 66.46000000000001 32.35 0
      vertex 62 40.760000000000005 0
    endloop
  endfacet
  facet normal 0 0 -1
    outer loop
      vertex 66.73175999735766 32.31422211760353 0
      vertex 66.59705250183106 32.34101710444251 0
      vertex 62 40.760000000000005 0
    endloop
  endfacet
  facet normal 0 0 -1
    outer loop
      vertex 66.86181760398335 32.27007350913686 0
      vertex 66.73175999735766 32.31422211760353 0
      vertex 62 40.760000000000005 0
    endloop
  endfacet
  facet normal 0 0 -1
    outer loop
      vertex 66.98500000000001 32.20932667397366 0
      vertex 66.86181760398335 32.27007350913686 0
      vertex 62 40.760000000000005 0
    endloop
  endfacet
  facet normal 0 0 -1
    outer loop
      vertex 62 45.760000000000005 0
      vertex 66.98500000000001 32.20932667397366 0
      vertex 62 40.760000000000005 0
    endloop
  endfacet
  facet normal 0 0 -1
    outer loop
      vertex 69.14956890143243 68.99956890143243 0
      vertex 68.45165042944956 6.8516504294495535 0
      vertex 67.51 31.300000000000004 0
    endloop
  endfacet
  facet normal 0 0 -1
    outer loop
      vertex 67.20246212024588 32.04246212024588 0
      vertex 67.38994949366118 57.010050506338835 0
      vertex 67.29302100730581 31.93919950045916 0
    endloop
  endfacet
  facet normal 0 0 -1
    outer loop
      vertex 67.29302100730581 31.93919950045916 0
      vertex 67.51069467640774 57.14773399938779 0
      vertex 67.36932667397367 31.825000000000003 0
    endloop
  endfacet
  facet normal 0 0 -1
    outer loop
      vertex 67.36932667397367 31.825000000000003 0
      vertex 67.61243556529821 57.3 0
      vertex 67.43007350913686 31.701817603983347 0
    endloop
  endfacet
  facet normal 0 0 -1
    outer loop
      vertex 67.43007350913686 31.701817603983347 0
      vertex 67.6934313455158 57.464243194688876 0
      vertex 67.47422211760353 31.571759997357653 0
    endloop
  endfacet
  facet normal 0 0 -1
    outer loop
      vertex 67.47422211760353 31.571759997357653 0
      vertex 67.7522961568047 57.637653336856474 0
      vertex 67.50101710444251 31.437052501831058 0
    endloop
  endfacet
  facet normal 0 0 -1
    outer loop
      vertex 67.09919950045916 32.1330210073058 0
      vertex 66.98500000000001 32.20932667397366 0
      vertex 67.25226600061221 56.88930532359227 0
    endloop
  endfacet
  facet normal 0 0 -1
    outer loop
      vertex 67.09919950045916 32.1330210073058 0
      vertex 67.25226600061221 56.88930532359227 0
      vertex 67.20246212024588 32.04246212024588 0
    endloop
  endfacet
  facet normal 0 0 -1
    outer loop
      vertex 67.50101710444251 31.437052501831058 0
      vertex 67.80000000000001 58 0
      vertex 67.51 31.300000000000004 0
    endloop
  endfacet
  facet normal 0 0 -1
    outer loop
      vertex 62 45.760000000000005 0
      vertex 62 50.760000000000005 0
      vertex 66.76234666314353 56.6477038431953 0
    endloop
  endfacet
  facet normal 0 0 -1
    outer loop
      vertex 62 45.760000000000005 0
      vertex 67.25226600061221 56.88930532359227 0
      vertex 66.98500000000001 32.20932667397366 0
    endloop
  endfacet
  facet normal 0 0 -1
    outer loop
      vertex 69.75 67.55 0
      vertex 68.45165042944956 6.8516504294495535 0
      vertex 69.14956890143243 68.99956890143243 0
    endloop
  endfacet
  facet normal 0 0 -1
    outer loop
      vertex 67.20246212024588 32.04246212024588 0
      vertex 67.25226600061221 56.88930532359227 0
      vertex 67.38994949366118 57.010050506338835 0
    endloop
  endfacet
  facet normal 0 0 -1
    outer loop
      vertex 67.29302100730581 31.93919950045916 0
      vertex 67.38994949366118 57.010050506338835 0
      vertex 67.51069467640774 57.14773399938779 0
    endloop
  endfacet
  facet normal 0 0 -1
    outer loop
      vertex 67.36932667397367 31.825000000000003 0
      vertex 67.51069467640774 57.14773399938779 0
      vertex 67.61243556529821 57.3 0
    endloop
  endfacet
  facet normal 0 0 -1
    outer loop
      vertex 67.43007350913686 31.701817603983347 0
      vertex 67.61243556529821 57.3 0
      vertex 67.6934313455158 57.464243194688876 0
    endloop
  endfacet
  facet normal 0 0 -1
    outer loop
      vertex 67.47422211760353 31.571759997357653 0
      vertex 67.6934313455158 57.464243194688876 0
      vertex 67.7522961568047 57.637653336856474 0
    endloop
  endfacet
  facet normal 0 0 -1
    outer loop
      vertex 67.50101710444251 31.437052501831058 0
      vertex 67.7522961568047 57.637653336856474 0
      vertex 67.78802280592333 57.817263330891926 0
    endloop
  endfacet
  facet normal 0 0 -1
    outer loop
      vertex 67.50101710444251 31.437052501831058 0
      vertex 67.78802280592333 57.817263330891926 0
      vertex 67.80000000000001 58 0
    endloop
  endfacet
  facet normal 1 0 0
    outer loop
      vertex 69.75 67.55 0
      vertex 69.75 67.55 1.5999999999999996
      vertex 69.75 5.628042083199558 0
    endloop
  endfacet
  facet normal 0 0 1
    outer loop
      vertex 39.2 45.760000000000005 1.5999999999999996
      vertex 62 40.760000000000005 1.5999999999999996
      vertex 62 45.760000000000005 1.5999999999999996
    endloop
  endfacet
  facet normal 0 0 1
    outer loop
      vertex 65.21000000000001 33.4650635094611 1.5999999999999996
      vertex 62 40.760000000000005 1.5999999999999996
      vertex 62 35.760000000000005 1.5999999999999996
    endloop
  endfacet
  facet normal 0 0 1
    outer loop
      vertex 65.21000000000001 33.4650635094611 1.5999999999999996
      vertex 62 45.760000000000005 1.5999999999999996
      vertex 62 40.760000000000005 1.5999999999999996
    endloop
  endfacet
  facet normal 0 0 1
    outer loop
      vertex 68.96000000000001 31.300000000000004 1.5999999999999996
      vertex 69.75 5.628042083199558 1.5999999999999996
      vertex 69.14956890143243 68.99956890143243 1.5999999999999996
    endloop
  endfacet
  facet normal 0 0 1
    outer loop
      vertex 65.21000000000001 33.4650635094611 1.5999999999999996
      vertex 65.50329141908729 33.60969883127822 1.5999999999999996
      vertex 67.0964251468929 55.40090596812715 1.5999999999999996
    endloop
  endfacet
  facet normal 0 0 1
    outer loop
      vertex 65.50329141908729 33.60969883127822 1.5999999999999996
      vertex 65.81295238724371 33.714814565722676 1.5999999999999996
      vertex 67.0964251468929 55.40090596812715 1.5999999999999996
    endloop
  endfacet
  facet normal 0 0 1
    outer loop
      vertex 65.81295238724371 33.714814565722676 1.5999999999999996
      vertex 66.13368451944987 33.77861215343453 1.5999999999999996
      vertex 67.42971698042068 55.51404330046254 1.5999999999999996
    endloop
  endfacet
  facet normal 0 0 1
    outer loop
      vertex 66.13368451944987 33.77861215343453 1.5999999999999996
      vertex 66.46000000000001 33.800000000000004 1.5999999999999996
      vertex 67.42971698042068 55.51404330046254 1.5999999999999996
    endloop
  endfacet
  facet normal 0 0 1
    outer loop
      vertex 66.46000000000001 33.800000000000004 1.5999999999999996
      vertex 66.78631548055014 33.77861215343453 1.5999999999999996
      vertex 68.03804316429722 55.86526058647876 1.5999999999999996
    endloop
  endfacet
  facet normal 0 0 1
    outer loop
      vertex 66.78631548055014 33.77861215343453 1.5999999999999996
      vertex 67.1070476127563 33.714814565722676 1.5999999999999996
      vertex 68.30266888497998 56.097331115020026 1.5999999999999996
    endloop
  endfacet
  facet normal 0 0 1
    outer loop
      vertex 67.1070476127563 33.714814565722676 1.5999999999999996
      vertex 67.41670858091273 33.60969883127822 1.5999999999999996
      vertex 68.30266888497998 56.097331115020026 1.5999999999999996
    endloop
  endfacet
  facet normal 0 0 1
    outer loop
      vertex 67.41670858091273 33.60969883127822 1.5999999999999996
      vertex 67.71000000000001 33.4650635094611 1.5999999999999996
      vertex 68.53473941352125 56.36195683570278 1.5999999999999996
    endloop
  endfacet
  facet normal 0 0 1
    outer loop
      vertex 68.6250635094611 32.550000000000004 1.5999999999999996
      vertex 68.88595669953747 56.97028301957933 1.5999999999999996
      vertex 68.4433833507281 32.821903572521805 1.5999999999999996
    endloop
  endfacet
  facet normal 0 0 1
    outer loop
      vertex 67.98190357252182 33.283383350728094 1.5999999999999996
      vertex 68.73028395883557 56.65460992907801 1.5999999999999996
      vertex 67.71000000000001 33.4650635094611 1.5999999999999996
    endloop
  endfacet
  facet normal 0 0 1
    outer loop
      vertex 67.98190357252182 33.283383350728094 1.5999999999999996
      vertex 68.22776695296638 33.06776695296637 1.5999999999999996
      vertex 68.73028395883557 56.65460992907801 1.5999999999999996
    endloop
  endfacet
  facet normal 0 0 1
    outer loop
      vertex 68.22776695296638 33.06776695296637 1.5999999999999996
      vertex 68.4433833507281 32.821903572521805 1.5999999999999996
      vertex 68.88595669953747 56.97028301957933 1.5999999999999996
    endloop
  endfacet
  facet normal 0 0 1
    outer loop
      vertex 68.96000000000001 31.300000000000004 1.5999999999999996
      vertex 69.06776014471791 57.64878271398378 1.5999999999999996
      vertex 68.93861215343453 31.626315480550133 1.5999999999999996
    endloop
  endfacet
  facet normal 0 0 1
    outer loop
      vertex 68.87481456572267 31.947047612756307 1.5999999999999996
      vertex 68.99909403187286 57.30357485310712 1.5999999999999996
      vertex 68.76969883127822 32.25670858091273 1.5999999999999996
    endloop
  endfacet
  facet normal 0 0 1
    outer loop
      vertex 68.6250635094611 32.550000000000004 1.5999999999999996
      vertex 68.76969883127822 32.25670858091273 1.5999999999999996
      vertex 68.99909403187286 57.30357485310712 1.5999999999999996
    endloop
  endfacet
  facet normal 0 0 1
    outer loop
      vertex 68.93861215343453 31.626315480550133 1.5999999999999996
      vertex 69.06776014471791 57.64878271398378 1.5999999999999996
      vertex 68.87481456572267 31.947047612756307 1.5999999999999996
    endloop
  endfacet
  facet normal 0 0 1
    outer loop
      vertex 65.21000000000001 33.4650635094611 1.5999999999999996
      vertex 64.76195683570279 55.86526058647876 1.5999999999999996
      vertex 62 45.760000000000005 1.5999999999999996
    endloop
  endfacet
  facet normal 0 0 1
    outer loop
      vertex 64.76195683570279 55.86526058647876 1.5999999999999996
      vertex 62 50.760000000000005 1.5999999999999996
      vertex 62 45.760000000000005 1.5999999999999996
    endloop
  endfacet
  facet normal 0 0 1
    outer loop
      vertex 65.21000000000001 33.4650635094611 1.5999999999999996
      vertex 65.05460992907803 55.66971604116442 1.5999999999999996
      vertex 64.76195683570279 55.86526058647876 1.5999999999999996
    endloop
  endfacet
  facet normal 0 0 1
    outer loop
      vertex 65.21000000000001 33.4650635094611 1.5999999999999996
      vertex 65.37028301957933 55.51404330046254 1.5999999999999996
      vertex 65.05460992907803 55.66971604116442 1.5999999999999996
    endloop
  endfacet
  facet normal 0 0 1
    outer loop
      vertex 69.75 67.55 1.5999999999999996
      vertex 69.14956890143243 68.99956890143243 1.5999999999999996
      vertex 69.75 5.628042083199558 1.5999999999999996
    endloop
  endfacet
  facet normal 0 0 1
    outer loop
      vertex 65.21000000000001 33.4650635094611 1.5999999999999996
      vertex 65.70357485310711 55.40090596812715 1.5999999999999996
      vertex 65.37028301957933 55.51404330046254 1.5999999999999996
    endloop
  endfacet
  facet normal 0 0 1
    outer loop
      vertex 65.21000000000001 33.4650635094611 1.5999999999999996
      vertex 66.04878271398378 55.332239855282104 1.5999999999999996
      vertex 65.70357485310711 55.40090596812715 1.5999999999999996
    endloop
  endfacet
  facet normal 0 0 1
    outer loop
      vertex 65.21000000000001 33.4650635094611 1.5999999999999996
      vertex 66.4 55.30921985815603 1.5999999999999996
      vertex 66.04878271398378 55.332239855282104 1.5999999999999996
    endloop
  endfacet
  facet normal 0 0 1
    outer loop
      vertex 65.21000000000001 33.4650635094611 1.5999999999999996
      vertex 66.75121728601623 55.332239855282104 1.5999999999999996
      vertex 66.4 55.30921985815603 1.5999999999999996
    endloop
  endfacet
  facet normal 0 0 1
    outer loop
      vertex 65.21000000000001 33.4650635094611 1.5999999999999996
      vertex 67.0964251468929 55.40090596812715 1.5999999999999996
      vertex 66.75121728601623 55.332239855282104 1.5999999999999996
    endloop
  endfacet
  facet normal 0 0 1
    outer loop
      vertex 65.81295238724371 33.714814565722676 1.5999999999999996
      vertex 67.42971698042068 55.51404330046254 1.5999999999999996
      vertex 67.0964251468929 55.40090596812715 1.5999999999999996
    endloop
  endfacet
  facet normal 0 0 1
    outer loop
      vertex 66.46000000000001 33.800000000000004 1.5999999999999996
      vertex 67.74539007092199 55.66971604116442 1.5999999999999996
      vertex 67.42971698042068 55.51404330046254 1.5999999999999996
    endloop
  endfacet
  facet normal 0 0 1
    outer loop
      vertex 66.46000000000001 33.800000000000004 1.5999999999999996
      vertex 68.03804316429722 55.86526058647876 1.5999999999999996
      vertex 67.74539007092199 55.66971604116442 1.5999999999999996
    endloop
  endfacet
  facet normal 0 0 1
    outer loop
      vertex 66.78631548055014 33.77861215343453 1.5999999999999996
      vertex 68.30266888497998 56.097331115020026 1.5999999999999996
      vertex 68.03804316429722 55.86526058647876 1.5999999999999996
    endloop
  endfacet
  facet normal 0 0 1
    outer loop
      vertex 67.41670858091273 33.60969883127822 1.5999999999999996
      vertex 68.53473941352125 56.36195683570278 1.5999999999999996
      vertex 68.30266888497998 56.097331115020026 1.5999999999999996
    endloop
  endfacet
  facet normal 0 0 1
    outer loop
      vertex 67.71000000000001 33.4650635094611 1.5999999999999996
      vertex 68.73028395883557 56.65460992907801 1.5999999999999996
      vertex 68.53473941352125 56.36195683570278 1.5999999999999996
    endloop
  endfacet
  facet normal 0 0 1
    outer loop
      vertex 68.22776695296638 33.06776695296637 1.5999999999999996
      vertex 68.88595669953747 56.97028301957933 1.5999999999999996
      vertex 68.73028395883557 56.65460992907801 1.5999999999999996
    endloop
  endfacet
  facet normal 0 0 1
    outer loop
      vertex 68.6250635094611 32.550000000000004 1.5999999999999996
      vertex 68.99909403187286 57.30357485310712 1.5999999999999996
      vertex 68.88595669953747 56.97028301957933 1.5999999999999996
    endloop
  endfacet
  facet normal 0 0 1
    outer loop
      vertex 68.87481456572267 31.947047612756307 1.5999999999999996
      vertex 69.06776014471791 57.64878271398378 1.5999999999999996
      vertex 68.99909403187286 57.30357485310712 1.5999999999999996
    endloop
  endfacet
  facet normal 0 0 1
    outer loop
      vertex 68.96000000000001 31.300000000000004 1.5999999999999996
      vertex 69.09078014184398 58 1.5999999999999996
      vertex 69.06776014471791 57.64878271398378 1.5999999999999996
    endloop
  endfacet
  facet normal 0 0 -1
    outer loop
      vertex 62 55.760000000000005 0
      vertex 62 50.760000000000005 0
      vertex 39.2 50.760000000000005 0
    endloop
  endfacet
  facet normal 0 0 -1
    outer loop
      vertex 65.935 65.95067332602635 0
      vertex 62 60.760000000000005 0
      vertex 39.2 60.760000000000005 0
    endloop
  endfacet
  facet normal 0 0 -1
    outer loop
      vertex 48.35 69.6 0
      vertex 65.41000000000001 66.86000000000001 0
      vertex 48.35 66.4 0
    endloop
  endfacet
  facet normal 0 0 -1
    outer loop
      vertex 48.35 66.4 0
      vertex 65.71753787975413 66.11753787975414 0
      vertex 65.82080049954085 66.02697899269421 0
    endloop
  endfacet
  facet normal 0 0 -1
    outer loop
      vertex 48.35 66.4 0
      vertex 65.6269789926942 66.22080049954086 0
      vertex 65.71753787975413 66.11753787975414 0
    endloop
  endfacet
  facet normal 0 0 -1
    outer loop
      vertex 48.35 66.4 0
      vertex 65.55067332602634 66.33500000000001 0
      vertex 65.6269789926942 66.22080049954086 0
    endloop
  endfacet
  facet normal 0 0 -1
    outer loop
      vertex 48.35 66.4 0
      vertex 65.44577788239648 66.58824000264237 0
      vertex 65.48992649086316 66.45818239601667 0
    endloop
  endfacet
  facet normal 0 0 -1
    outer loop
      vertex 48.35 66.4 0
      vertex 65.48992649086316 66.45818239601667 0
      vertex 65.55067332602634 66.33500000000001 0
    endloop
  endfacet
  facet normal 0 0 -1
    outer loop
      vertex 48.35 66.4 0
      vertex 65.4189828955575 66.72294749816896 0
      vertex 65.44577788239648 66.58824000264237 0
    endloop
  endfacet
  facet normal 0 0 -1
    outer loop
      vertex 48.35 66.4 0
      vertex 65.41000000000001 66.86000000000001 0
      vertex 65.4189828955575 66.72294749816896 0
    endloop
  endfacet
  facet normal 0 0 -1
    outer loop
      vertex 48.35 66.4 0
      vertex 65.82080049954085 66.02697899269421 0
      vertex 65.935 65.95067332602635 0
    endloop
  endfacet
  facet normal 0 0 -1
    outer loop
      vertex 48.35 69.6 0
      vertex 65.4189828955575 66.99705250183106 0
      vertex 65.41000000000001 66.86000000000001 0
    endloop
  endfacet
  facet normal 0 0 -1
    outer loop
      vertex 48.35 69.6 0
      vertex 65.44577788239648 67.13175999735766 0
      vertex 65.4189828955575 66.99705250183106 0
    endloop
  endfacet
  facet normal 0 0 -1
    outer loop
      vertex 48.35 69.6 0
      vertex 65.48992649086316 67.26181760398336 0
      vertex 65.44577788239648 67.13175999735766 0
    endloop
  endfacet
  facet normal 0 0 -1
    outer loop
      vertex 48.35 69.6 0
      vertex 65.55067332602634 67.38500000000002 0
      vertex 65.48992649086316 67.26181760398336 0
    endloop
  endfacet
  facet normal 0 0 -1
    outer loop
      vertex 48.35 69.6 0
      vertex 65.6269789926942 67.49919950045917 0
      vertex 65.55067332602634 67.38500000000002 0
    endloop
  endfacet
  facet normal 0 0 -1
    outer loop
      vertex 48.35 69.6 0
      vertex 65.71753787975413 67.60246212024589 0
      vertex 65.6269789926942 67.49919950045917 0
    endloop
  endfacet
  facet normal 0 0 -1
    outer loop
      vertex 48.35 69.6 0
      vertex 65.82080049954085 67.69302100730582 0
      vertex 65.71753787975413 67.60246212024589 0
    endloop
  endfacet
  facet normal 0 0 -1
    outer loop
      vertex 48.35 69.6 0
      vertex 65.935 67.76932667397368 0
      vertex 65.82080049954085 67.69302100730582 0
    endloop
  endfacet
  facet normal 0 0 -1
    outer loop
      vertex 48.35 69.6 0
      vertex 66.05818239601666 67.83007350913687 0
      vertex 65.935 67.76932667397368 0
    endloop
  endfacet
  facet normal 0 1 0
    outer loop
      vertex 67.7 69.6 0
      vertex 48.35 69.6 0
      vertex 48.35 69.6 1.5999999999999996
    endloop
  endfacet
  facet normal 0 0 -1
    outer loop
      vertex 65.5477339993878 56.88930532359227 0
      vertex 62 50.760000000000005 0
      vertex 62 55.760000000000005 0
    endloop
  endfacet
  facet normal 0 0 -1
    outer loop
      vertex 62 45.760000000000005 0
      vertex 66.76234666314353 56.6477038431953 0
      vertex 66.93575680531113 56.7065686544842 0
    endloop
  endfacet
  facet normal 0 0 -1
    outer loop
      vertex 62 45.760000000000005 0
      vertex 66.93575680531113 56.7065686544842 0
      vertex 67.10000000000001 56.787564434701785 0
    endloop
  endfacet
  facet normal 0 0 -1
    outer loop
      vertex 65.5477339993878 56.88930532359227 0
      vertex 62 55.760000000000005 0
      vertex 65.41005050633883 57.010050506338835 0
    endloop
  endfacet
  facet normal 0 0 -1
    outer loop
      vertex 65.7 56.787564434701785 0
      vertex 62 50.760000000000005 0
      vertex 65.5477339993878 56.88930532359227 0
    endloop
  endfacet
  facet normal 0 0 -1
    outer loop
      vertex 65.86424319468888 56.7065686544842 0
      vertex 62 50.760000000000005 0
      vertex 65.7 56.787564434701785 0
    endloop
  endfacet
  facet normal 0 0 -1
    outer loop
      vertex 66.21726333089194 56.611977194076665 0
      vertex 62 50.760000000000005 0
      vertex 66.03765333685648 56.6477038431953 0
    endloop
  endfacet
  facet normal 0 0 -1
    outer loop
      vertex 66.03765333685648 56.6477038431953 0
      vertex 62 50.760000000000005 0
      vertex 65.86424319468888 56.7065686544842 0
    endloop
  endfacet
  facet normal 0 0 -1
    outer loop
      vertex 66.4 56.6 0
      vertex 62 50.760000000000005 0
      vertex 66.21726333089194 56.611977194076665 0
    endloop
  endfacet
  facet normal 0 0 -1
    outer loop
      vertex 66.4 56.6 0
      vertex 66.58273666910807 56.611977194076665 0
      vertex 62 50.760000000000005 0
    endloop
  endfacet
  facet normal 0 0 -1
    outer loop
      vertex 66.76234666314353 56.6477038431953 0
      vertex 62 50.760000000000005 0
      vertex 66.58273666910807 56.611977194076665 0
    endloop
  endfacet
  facet normal 0 0 -1
    outer loop
      vertex 65 58 0
      vertex 62 55.760000000000005 0
      vertex 62 60.760000000000005 0
    endloop
  endfacet
  facet normal 0 0 -1
    outer loop
      vertex 65.04770384319531 57.637653336856474 0
      vertex 62 55.760000000000005 0
      vertex 65.01197719407668 57.817263330891926 0
    endloop
  endfacet
  facet normal 0 0 -1
    outer loop
      vertex 65.1875644347018 57.3 0
      vertex 62 55.760000000000005 0
      vertex 65.1065686544842 57.464243194688876 0
    endloop
  endfacet
  facet normal 0 0 -1
    outer loop
      vertex 65.28930532359227 57.14773399938779 0
      vertex 62 55.760000000000005 0
      vertex 65.1875644347018 57.3 0
    endloop
  endfacet
  facet normal 0 0 -1
    outer loop
      vertex 65.41005050633883 57.010050506338835 0
      vertex 62 55.760000000000005 0
      vertex 65.28930532359227 57.14773399938779 0
    endloop
  endfacet
  facet normal 0 0 -1
    outer loop
      vertex 65.1065686544842 57.464243194688876 0
      vertex 62 55.760000000000005 0
      vertex 65.04770384319531 57.637653336856474 0
    endloop
  endfacet
  facet normal 0 0 -1
    outer loop
      vertex 65.01197719407668 57.817263330891926 0
      vertex 62 55.760000000000005 0
      vertex 65 58 0
    endloop
  endfacet
  facet normal 0 0 -1
    outer loop
      vertex 65 58 0
      vertex 62 60.760000000000005 0
      vertex 65.01197719407668 58.182736669108074 0
    endloop
  endfacet
  facet normal 0 0 -1
    outer loop
      vertex 65.01197719407668 58.182736669108074 0
      vertex 62 60.760000000000005 0
      vertex 65.04770384319531 58.362346663143526 0
    endloop
  endfacet
  facet normal 0 0 -1
    outer loop
      vertex 65.04770384319531 58.362346663143526 0
      vertex 62 60.760000000000005 0
      vertex 65.1065686544842 58.535756805311124 0
    endloop
  endfacet
  facet normal 0 0 -1
    outer loop
      vertex 65.1065686544842 58.535756805311124 0
      vertex 62 60.760000000000005 0
      vertex 65.1875644347018 58.7 0
    endloop
  endfacet
  facet normal 0 0 -1
    outer loop
      vertex 65.1875644347018 58.7 0
      vertex 62 60.760000000000005 0
      vertex 65.28930532359227 58.85226600061221 0
    endloop
  endfacet
  facet normal 0 0 -1
    outer loop
      vertex 65.28930532359227 58.85226600061221 0
      vertex 62 60.760000000000005 0
      vertex 65.41005050633883 58.989949493661165 0
    endloop
  endfacet
  facet normal 0 0 -1
    outer loop
      vertex 65.41005050633883 58.989949493661165 0
      vertex 62 60.760000000000005 0
      vertex 65.5477339993878 59.11069467640773 0
    endloop
  endfacet
  facet normal 0 0 -1
    outer loop
      vertex 65.5477339993878 59.11069467640773 0
      vertex 62 60.760000000000005 0
      vertex 65.7 59.212435565298215 0
    endloop
  endfacet
  facet normal 0 0 -1
    outer loop
      vertex 65.7 59.212435565298215 0
      vertex 62 60.760000000000005 0
      vertex 65.86424319468888 59.2934313455158 0
    endloop
  endfacet
  facet normal 0 0 -1
    outer loop
      vertex 65.86424319468888 59.2934313455158 0
      vertex 62 60.760000000000005 0
      vertex 66.03765333685648 59.3522961568047 0
    endloop
  endfacet
  facet normal 0 0 -1
    outer loop
      vertex 66.03765333685648 59.3522961568047 0
      vertex 62 60.760000000000005 0
      vertex 66.21726333089194 59.388022805923335 0
    endloop
  endfacet
  facet normal 0 0 -1
    outer loop
      vertex 62 45.760000000000005 0
      vertex 67.10000000000001 56.787564434701785 0
      vertex 67.25226600061221 56.88930532359227 0
    endloop
  endfacet
  facet normal 0 0 -1
    outer loop
      vertex 69.14956890143243 68.99956890143243 0
      vertex 67.51 31.300000000000004 0
      vertex 67.80000000000001 58 0
    endloop
  endfacet
  facet normal 0 0 -1
    outer loop
      vertex 66.21726333089194 59.388022805923335 0
      vertex 62 60.760000000000005 0
      vertex 65.935 65.95067332602635 0
    endloop
  endfacet
  facet normal 0 0 -1
    outer loop
      vertex 69.14956890143243 68.99956890143243 0
      vertex 66.05818239601666 67.83007350913687 0
      vertex 48.35 69.6 0
    endloop
  endfacet
  facet normal 0 0 -1
    outer loop
      vertex 67.7 69.6 0
      vertex 69.14956890143243 68.99956890143243 0
      vertex 48.35 69.6 0
    endloop
  endfacet
  facet normal 0 0 -1
    outer loop
      vertex 66.21726333089194 59.388022805923335 0
      vertex 66.46000000000001 65.81000000000002 0
      vertex 66.4 59.4 0
    endloop
  endfacet
  facet normal 0 0 -1
    outer loop
      vertex 66.4 59.4 0
      vertex 66.59705250183106 65.81898289555751 0
      vertex 66.58273666910807 59.388022805923335 0
    endloop
  endfacet
  facet normal 0 0 -1
    outer loop
      vertex 66.58273666910807 59.388022805923335 0
      vertex 66.73175999735766 65.84577788239649 0
      vertex 66.76234666314353 59.3522961568047 0
    endloop
  endfacet
  facet normal 0 0 -1
    outer loop
      vertex 66.76234666314353 59.3522961568047 0
      vertex 66.86181760398335 65.88992649086316 0
      vertex 66.93575680531113 59.2934313455158 0
    endloop
  endfacet
  facet normal 0 0 -1
    outer loop
      vertex 66.93575680531113 59.2934313455158 0
      vertex 66.98500000000001 65.95067332602635 0
      vertex 67.10000000000001 59.212435565298215 0
    endloop
  endfacet
  facet normal 0 0 -1
    outer loop
      vertex 67.10000000000001 59.212435565298215 0
      vertex 67.09919950045916 66.02697899269421 0
      vertex 67.25226600061221 59.11069467640773 0
    endloop
  endfacet
  facet normal 0 0 -1
    outer loop
      vertex 67.25226600061221 59.11069467640773 0
      vertex 67.20246212024588 66.11753787975414 0
      vertex 67.38994949366118 58.989949493661165 0
    endloop
  endfacet
  facet normal 0 0 -1
    outer loop
      vertex 67.38994949366118 58.989949493661165 0
      vertex 67.29302100730581 66.22080049954086 0
      vertex 67.51069467640774 58.85226600061221 0
    endloop
  endfacet
  facet normal 0 0 -1
    outer loop
      vertex 67.51069467640774 58.85226600061221 0
      vertex 67.36932667397367 66.33500000000001 0
      vertex 67.61243556529821 58.7 0
    endloop
  endfacet
  facet normal 0 0 -1
    outer loop
      vertex 66.21726333089194 59.388022805923335 0
      vertex 65.935 65.95067332602635 0
      vertex 66.05818239601666 65.88992649086316 0
    endloop
  endfacet
  facet normal 0 0 -1
    outer loop
      vertex 66.21726333089194 59.388022805923335 0
      vertex 66.05818239601666 65.88992649086316 0
      vertex 66.18824000264236 65.84577788239649 0
    endloop
  endfacet
  facet normal 0 0 -1
    outer loop
      vertex 66.21726333089194 59.388022805923335 0
      vertex 66.18824000264236 65.84577788239649 0
      vertex 66.32294749816896 65.81898289555751 0
    endloop
  endfacet
  facet normal 0 0 -1
    outer loop
      vertex 66.21726333089194 59.388022805923335 0
      vertex 66.32294749816896 65.81898289555751 0
      vertex 66.46000000000001 65.81000000000002 0
    endloop
  endfacet
  facet normal 0 0 -1
    outer loop
      vertex 66.4 59.4 0
      vertex 66.46000000000001 65.81000000000002 0
      vertex 66.59705250183106 65.81898289555751 0
    endloop
  endfacet
  facet normal 0 0 -1
    outer loop
      vertex 66.58273666910807 59.388022805923335 0
      vertex 66.59705250183106 65.81898289555751 0
      vertex 66.73175999735766 65.84577788239649 0
    endloop
  endfacet
  facet normal 0 0 -1
    outer loop
      vertex 66.76234666314353 59.3522961568047 0
      vertex 66.73175999735766 65.84577788239649 0
      vertex 66.86181760398335 65.88992649086316 0
    endloop
  endfacet
  facet normal 0 0 -1
    outer loop
      vertex 66.93575680531113 59.2934313455158 0
      vertex 66.86181760398335 65.88992649086316 0
      vertex 66.98500000000001 65.95067332602635 0
    endloop
  endfacet
  facet normal 0 0 -1
    outer loop
      vertex 67.10000000000001 59.212435565298215 0
      vertex 66.98500000000001 65.95067332602635 0
      vertex 67.09919950045916 66.02697899269421 0
    endloop
  endfacet
  facet normal 0 0 -1
    outer loop
      vertex 67.25226600061221 59.11069467640773 0
      vertex 67.09919950045916 66.02697899269421 0
      vertex 67.20246212024588 66.11753787975414 0
    endloop
  endfacet
  facet normal 0 0 -1
    outer loop
      vertex 67.38994949366118 58.989949493661165 0
      vertex 67.20246212024588 66.11753787975414 0
      vertex 67.29302100730581 66.22080049954086 0
    endloop
  endfacet
  facet normal 0 0 -1
    outer loop
      vertex 67.51069467640774 58.85226600061221 0
      vertex 67.29302100730581 66.22080049954086 0
      vertex 67.36932667397367 66.33500000000001 0
    endloop
  endfacet
  facet normal 0 0 -1
    outer loop
      vertex 67.61243556529821 58.7 0
      vertex 67.36932667397367 66.33500000000001 0
      vertex 67.43007350913686 66.45818239601667 0
    endloop
  endfacet
  facet normal 0 0 -1
    outer loop
      vertex 67.6934313455158 58.535756805311124 0
      vertex 67.43007350913686 66.45818239601667 0
      vertex 67.47422211760353 66.58824000264237 0
    endloop
  endfacet
  facet normal 0 0 -1
    outer loop
      vertex 67.61243556529821 58.7 0
      vertex 67.43007350913686 66.45818239601667 0
      vertex 67.6934313455158 58.535756805311124 0
    endloop
  endfacet
  facet normal 0 0 -1
    outer loop
      vertex 69.14956890143243 68.99956890143243 0
      vertex 67.80000000000001 58 0
      vertex 67.78802280592333 58.182736669108074 0
    endloop
  endfacet
  facet normal 0 0 -1
    outer loop
      vertex 69.14956890143243 68.99956890143243 0
      vertex 67.78802280592333 58.182736669108074 0
      vertex 67.7522961568047 58.362346663143526 0
    endloop
  endfacet
  facet normal 0 0 -1
    outer loop
      vertex 69.14956890143243 68.99956890143243 0
      vertex 67.7522961568047 58.362346663143526 0
      vertex 67.6934313455158 58.535756805311124 0
    endloop
  endfacet
  facet normal 0 0 -1
    outer loop
      vertex 69.14956890143243 68.99956890143243 0
      vertex 67.6934313455158 58.535756805311124 0
      vertex 67.47422211760353 66.58824000264237 0
    endloop
  endfacet
  facet normal 0 0 -1
    outer loop
      vertex 69.14956890143243 68.99956890143243 0
      vertex 66.18824000264236 67.87422211760354 0
      vertex 66.05818239601666 67.83007350913687 0
    endloop
  endfacet
  facet normal 0 0 -1
    outer loop
      vertex 69.14956890143243 68.99956890143243 0
      vertex 66.32294749816896 67.90101710444252 0
      vertex 66.18824000264236 67.87422211760354 0
    endloop
  endfacet
  facet normal 0 0 -1
    outer loop
      vertex 69.14956890143243 68.99956890143243 0
      vertex 66.46000000000001 67.91000000000001 0
      vertex 66.32294749816896 67.90101710444252 0
    endloop
  endfacet
  facet normal 0 0 -1
    outer loop
      vertex 69.14956890143243 68.99956890143243 0
      vertex 66.59705250183106 67.90101710444252 0
      vertex 66.46000000000001 67.91000000000001 0
    endloop
  endfacet
  facet normal 0 0 -1
    outer loop
      vertex 69.14956890143243 68.99956890143243 0
      vertex 66.73175999735766 67.87422211760354 0
      vertex 66.59705250183106 67.90101710444252 0
    endloop
  endfacet
  facet normal 0 0 -1
    outer loop
      vertex 69.14956890143243 68.99956890143243 0
      vertex 67.47422211760353 66.58824000264237 0
      vertex 67.50101710444251 66.72294749816896 0
    endloop
  endfacet
  facet normal 0 0 -1
    outer loop
      vertex 69.14956890143243 68.99956890143243 0
      vertex 67.50101710444251 66.72294749816896 0
      vertex 67.51 66.86000000000001 0
    endloop
  endfacet
  facet normal 0 0 -1
    outer loop
      vertex 69.14956890143243 68.99956890143243 0
      vertex 67.51 66.86000000000001 0
      vertex 67.50101710444251 66.99705250183106 0
    endloop
  endfacet
  facet normal 0 0 -1
    outer loop
      vertex 69.14956890143243 68.99956890143243 0
      vertex 67.43007350913686 67.26181760398336 0
      vertex 67.36932667397367 67.38500000000002 0
    endloop
  endfacet
  facet normal 0 0 -1
    outer loop
      vertex 69.14956890143243 68.99956890143243 0
      vertex 67.36932667397367 67.38500000000002 0
      vertex 67.29302100730581 67.49919950045917 0
    endloop
  endfacet
  facet normal 0 0 -1
    outer loop
      vertex 69.14956890143243 68.99956890143243 0
      vertex 67.50101710444251 66.99705250183106 0
      vertex 67.47422211760353 67.13175999735766 0
    endloop
  endfacet
  facet normal 0 0 -1
    outer loop
      vertex 69.14956890143243 68.99956890143243 0
      vertex 67.47422211760353 67.13175999735766 0
      vertex 67.43007350913686 67.26181760398336 0
    endloop
  endfacet
  facet normal 0 0 -1
    outer loop
      vertex 69.14956890143243 68.99956890143243 0
      vertex 66.86181760398335 67.83007350913687 0
      vertex 66.73175999735766 67.87422211760354 0
    endloop
  endfacet
  facet normal 0 0 -1
    outer loop
      vertex 69.14956890143243 68.99956890143243 0
      vertex 66.98500000000001 67.76932667397368 0
      vertex 66.86181760398335 67.83007350913687 0
    endloop
  endfacet
  facet normal 0 0 -1
    outer loop
      vertex 69.14956890143243 68.99956890143243 0
      vertex 67.20246212024588 67.60246212024589 0
      vertex 67.09919950045916 67.69302100730582 0
    endloop
  endfacet
  facet normal 0 0 -1
    outer loop
      vertex 69.14956890143243 68.99956890143243 0
      vertex 67.09919950045916 67.69302100730582 0
      vertex 66.98500000000001 67.76932667397368 0
    endloop
  endfacet
  facet normal 0 0 -1
    outer loop
      vertex 69.14956890143243 68.99956890143243 0
      vertex 67.29302100730581 67.49919950045917 0
      vertex 67.20246212024588 67.60246212024589 0
    endloop
  endfacet
  facet normal 0 0 -1
    outer loop
      vertex 67.7 69.6 0
      vertex 67.96757869405111 69.58246196581631 0
      vertex 68.23057904246016 69.53014794389259 0
    endloop
  endfacet
  facet normal 0 0 -1
    outer loop
      vertex 67.7 69.6 0
      vertex 68.23057904246016 69.53014794389259 0
      vertex 68.48450103634843 69.44395304164813 0
    endloop
  endfacet
  facet normal 0 0 -1
    outer loop
      vertex 67.7 69.6 0
      vertex 68.48450103634843 69.44395304164813 0
      vertex 69.14956890143243 68.99956890143243 0
    endloop
  endfacet
  facet normal 0 0 -1
    outer loop
      vertex 69.75 67.55 0
      vertex 69.59395304164813 68.33450103634843 0
      vertex 69.73246196581631 67.81757869405111 0
    endloop
  endfacet
  facet normal 0 0 -1
    outer loop
      vertex 69.73246196581631 67.81757869405111 0
      vertex 69.59395304164813 68.33450103634843 0
      vertex 69.68014794389259 68.08057904246016 0
    endloop
  endfacet
  facet normal 0 0 -1
    outer loop
      vertex 69.75 67.55 0
      vertex 69.14956890143243 68.99956890143243 0
      vertex 69.59395304164813 68.33450103634843 0
    endloop
  endfacet
  facet normal 0 0 -1
    outer loop
      vertex 68.48450103634843 69.44395304164813 0
      vertex 68.72500000000001 69.3253520777581 0
      vertex 69.14956890143243 68.99956890143243 0
    endloop
  endfacet
  facet normal 0 0 -1
    outer loop
      vertex 69.14956890143243 68.99956890143243 0
      vertex 68.72500000000001 69.3253520777581 0
      vertex 68.94796092946788 69.17637434759703 0
    endloop
  endfacet
  facet normal 0 0 -1
    outer loop
      vertex 69.59395304164813 68.33450103634843 0
      vertex 69.14956890143243 68.99956890143243 0
      vertex 69.4753520777581 68.575 0
    endloop
  endfacet
  facet normal 0 0 -1
    outer loop
      vertex 69.14956890143243 68.99956890143243 0
      vertex 69.32637434759704 68.79796092946788 0
      vertex 69.4753520777581 68.575 0
    endloop
  endfacet
  facet normal 0.06540312923013598 0.9978589232386039 0
    outer loop
      vertex 67.7 69.6 0
      vertex 67.7 69.6 1.5999999999999996
      vertex 67.96757869405111 69.58246196581631 0
    endloop
  endfacet
  facet normal 0.19509032201613333 0.9807852804032293 -1.0448306242731264e-18
    outer loop
      vertex 67.96757869405111 69.58246196581631 0
      vertex 68.23057904246016 69.53014794389259 1.5999999999999996
      vertex 68.23057904246016 69.53014794389259 0
    endloop
  endfacet
  facet normal 0.32143946530317674 0.9469301294951006 -1.2570977409378527e-18
    outer loop
      vertex 68.23057904246016 69.53014794389259 0
      vertex 68.48450103634843 69.44395304164813 1.5999999999999996
      vertex 68.48450103634843 69.44395304164813 0
    endloop
  endfacet
  facet normal 0.44228869021896683 0.8968727415327054 0
    outer loop
      vertex 68.48450103634843 69.44395304164813 0
      vertex 68.48450103634843 69.44395304164813 1.5999999999999996
      vertex 68.72500000000001 69.3253520777581 0
    endloop
  endfacet
  facet normal 0.9978589232386039 0.06540312923013598 9.32749736564648e-19
    outer loop
      vertex 69.75 67.55 0
      vertex 69.73246196581631 67.81757869405111 0
      vertex 69.73246196581631 67.81757869405111 1.5999999999999996
    endloop
  endfacet
  facet normal 0.9807852804032293 0.19509032201613333 0
    outer loop
      vertex 69.73246196581631 67.81757869405111 0
      vertex 69.68014794389259 68.08057904246016 0
      vertex 69.73246196581631 67.81757869405111 1.5999999999999996
    endloop
  endfacet
  facet normal 0.8968727415327054 0.44228869021896683 0
    outer loop
      vertex 69.59395304164813 68.33450103634843 0
      vertex 69.4753520777581 68.575 0
      vertex 69.59395304164813 68.33450103634843 1.5999999999999996
    endloop
  endfacet
  facet normal 0.9469301294951006 0.32143946530317674 -1.2570977409378527e-18
    outer loop
      vertex 69.68014794389259 68.08057904246016 0
      vertex 69.59395304164813 68.33450103634843 0
      vertex 69.59395304164813 68.33450103634843 1.5999999999999996
    endloop
  endfacet
  facet normal 0.5555702330196013 0.831469612302546 0
    outer loop
      vertex 68.72500000000001 69.3253520777581 0
      vertex 68.72500000000001 69.3253520777581 1.5999999999999996
      vertex 68.94796092946788 69.17637434759703 0
    endloop
  endfacet
  facet normal 0.6593458151000571 0.7518398074789879 0
    outer loop
      vertex 69.14956890143243 68.99956890143243 0
      vertex 68.94796092946788 69.17637434759703 0
      vertex 69.14956890143243 68.99956890143243 1.5999999999999996
    endloop
  endfacet
  facet normal 0.831469612302546 0.5555702330196013 0
    outer loop
      vertex 69.4753520777581 68.575 0
      vertex 69.32637434759704 68.79796092946788 0
      vertex 69.4753520777581 68.575 1.5999999999999996
    endloop
  endfacet
  facet normal 0.7518398074789879 0.6593458151000571 0
    outer loop
      vertex 69.14956890143243 68.99956890143243 0
      vertex 69.14956890143243 68.99956890143243 1.5999999999999996
      vertex 69.32637434759704 68.79796092946788 0
    endloop
  endfacet
  facet normal 0 0 1
    outer loop
      vertex 39.2 55.760000000000005 1.5999999999999996
      vertex 62 50.760000000000005 1.5999999999999996
      vertex 62 55.760000000000005 1.5999999999999996
    endloop
  endfacet
  facet normal 0 0 1
    outer loop
      vertex 64.9380964274782 64.87661664927192 1.5999999999999996
      vertex 39.2 60.760000000000005 1.5999999999999996
      vertex 62 60.760000000000005 1.5999999999999996
    endloop
  endfacet
  facet normal 0 0 1
    outer loop
      vertex 36.72338335072809 65.3380964274782 1.5999999999999996
      vertex 64.69223304703364 65.09223304703364 1.5999999999999996
      vertex 64.47661664927192 65.3380964274782 1.5999999999999996
    endloop
  endfacet
  facet normal 0 0 1
    outer loop
      vertex 36.50776695296637 65.09223304703364 1.5999999999999996
      vertex 64.9380964274782 64.87661664927192 1.5999999999999996
      vertex 64.69223304703364 65.09223304703364 1.5999999999999996
    endloop
  endfacet
  facet normal 0 0 1
    outer loop
      vertex 37.154814565722674 66.21295238724372 1.5999999999999996
      vertex 64.04518543427734 66.21295238724372 1.5999999999999996
      vertex 63.98138784656548 66.53368451944988 1.5999999999999996
    endloop
  endfacet
  facet normal 0 0 1
    outer loop
      vertex 36.9050635094611 65.61000000000001 1.5999999999999996
      vertex 64.47661664927192 65.3380964274782 1.5999999999999996
      vertex 64.29493649053892 65.61000000000001 1.5999999999999996
    endloop
  endfacet
  facet normal 0 0 1
    outer loop
      vertex 37.04969883127822 65.9032914190873 1.5999999999999996
      vertex 64.29493649053892 65.61000000000001 1.5999999999999996
      vertex 64.1503011687218 65.9032914190873 1.5999999999999996
    endloop
  endfacet
  facet normal 0 0 1
    outer loop
      vertex 37.154814565722674 66.21295238724372 1.5999999999999996
      vertex 64.1503011687218 65.9032914190873 1.5999999999999996
      vertex 64.04518543427734 66.21295238724372 1.5999999999999996
    endloop
  endfacet
  facet normal 0 0 1
    outer loop
      vertex 67.7 69.6 1.5999999999999996
      vertex 48.35 69.6 1.5999999999999996
      vertex 48.35 66.4 1.5999999999999996
    endloop
  endfacet
  facet normal 0 0 1
    outer loop
      vertex 63.98138784656548 66.53368451944988 1.5999999999999996
      vertex 63.96000000000001 66.86000000000001 1.5999999999999996
      vertex 48.35 66.4 1.5999999999999996
    endloop
  endfacet
  facet normal 0 0 1
    outer loop
      vertex 63.96000000000001 66.86000000000001 1.5999999999999996
      vertex 63.98138784656548 67.18631548055015 1.5999999999999996
      vertex 48.35 66.4 1.5999999999999996
    endloop
  endfacet
  facet normal 0 0 1
    outer loop
      vertex 63.98138784656548 67.18631548055015 1.5999999999999996
      vertex 64.04518543427734 67.50704761275631 1.5999999999999996
      vertex 48.35 66.4 1.5999999999999996
    endloop
  endfacet
  facet normal 0 0 1
    outer loop
      vertex 64.04518543427734 67.50704761275631 1.5999999999999996
      vertex 64.1503011687218 67.81670858091273 1.5999999999999996
      vertex 48.35 66.4 1.5999999999999996
    endloop
  endfacet
  facet normal 0 0 1
    outer loop
      vertex 64.1503011687218 67.81670858091273 1.5999999999999996
      vertex 64.29493649053892 68.11000000000001 1.5999999999999996
      vertex 48.35 66.4 1.5999999999999996
    endloop
  endfacet
  facet normal 0 0 1
    outer loop
      vertex 64.29493649053892 68.11000000000001 1.5999999999999996
      vertex 64.47661664927192 68.38190357252182 1.5999999999999996
      vertex 48.35 66.4 1.5999999999999996
    endloop
  endfacet
  facet normal 0 0 1
    outer loop
      vertex 64.47661664927192 68.38190357252182 1.5999999999999996
      vertex 64.69223304703364 68.62776695296638 1.5999999999999996
      vertex 48.35 66.4 1.5999999999999996
    endloop
  endfacet
  facet normal 0 0 1
    outer loop
      vertex 64.69223304703364 68.62776695296638 1.5999999999999996
      vertex 64.9380964274782 68.8433833507281 1.5999999999999996
      vertex 48.35 66.4 1.5999999999999996
    endloop
  endfacet
  facet normal 0 0 1
    outer loop
      vertex 64.9380964274782 68.8433833507281 1.5999999999999996
      vertex 65.21000000000001 69.0250635094611 1.5999999999999996
      vertex 48.35 66.4 1.5999999999999996
    endloop
  endfacet
  facet normal 0 0 1
    outer loop
      vertex 65.21000000000001 69.0250635094611 1.5999999999999996
      vertex 65.50329141908729 69.16969883127823 1.5999999999999996
      vertex 48.35 66.4 1.5999999999999996
    endloop
  endfacet
  facet normal 0 0 1
    outer loop
      vertex 65.50329141908729 69.16969883127823 1.5999999999999996
      vertex 65.81295238724371 69.27481456572268 1.5999999999999996
      vertex 48.35 66.4 1.5999999999999996
    endloop
  endfacet
  facet normal 0 0 1
    outer loop
      vertex 65.81295238724371 69.27481456572268 1.5999999999999996
      vertex 66.13368451944987 69.33861215343454 1.5999999999999996
      vertex 48.35 66.4 1.5999999999999996
    endloop
  endfacet
  facet normal 0 0 1
    outer loop
      vertex 66.13368451944987 69.33861215343454 1.5999999999999996
      vertex 67.7 69.6 1.5999999999999996
      vertex 48.35 66.4 1.5999999999999996
    endloop
  endfacet
  facet normal 0 0 1
    outer loop
      vertex 64.49733111502003 56.097331115020026 1.5999999999999996
      vertex 62 55.760000000000005 1.5999999999999996
      vertex 62 50.760000000000005 1.5999999999999996
    endloop
  endfacet
  facet normal 0 0 1
    outer loop
      vertex 64.76195683570279 55.86526058647876 1.5999999999999996
      vertex 64.49733111502003 56.097331115020026 1.5999999999999996
      vertex 62 50.760000000000005 1.5999999999999996
    endloop
  endfacet
  facet normal 0 0 1
    outer loop
      vertex 64.26526058647876 56.36195683570277 1.5999999999999996
      vertex 64.06971604116444 56.65460992907801 1.5999999999999996
      vertex 62 55.760000000000005 1.5999999999999996
    endloop
  endfacet
  facet normal 0 0 1
    outer loop
      vertex 64.06971604116444 56.65460992907801 1.5999999999999996
      vertex 63.914043300462545 56.97028301957933 1.5999999999999996
      vertex 62 55.760000000000005 1.5999999999999996
    endloop
  endfacet
  facet normal 0 0 1
    outer loop
      vertex 64.49733111502003 56.097331115020026 1.5999999999999996
      vertex 64.26526058647876 56.36195683570277 1.5999999999999996
      vertex 62 55.760000000000005 1.5999999999999996
    endloop
  endfacet
  facet normal 0 0 1
    outer loop
      vertex 62 58.111356487487754 1.5999999999999996
      vertex 62 55.760000000000005 1.5999999999999996
      vertex 63.800905968127154 57.30357485310712 1.5999999999999996
    endloop
  endfacet
  facet normal 0 0 1
    outer loop
      vertex 62 58.111356487487754 1.5999999999999996
      vertex 63.800905968127154 57.30357485310712 1.5999999999999996
      vertex 63.73223985528211 57.64878271398378 1.5999999999999996
    endloop
  endfacet
  facet normal 0 0 1
    outer loop
      vertex 62 58.111356487487754 1.5999999999999996
      vertex 63.73223985528211 57.64878271398378 1.5999999999999996
      vertex 63.70921985815603 58 1.5999999999999996
    endloop
  endfacet
  facet normal 0 0 1
    outer loop
      vertex 62 58.111356487487754 1.5999999999999996
      vertex 63.70921985815603 58 1.5999999999999996
      vertex 63.73223985528211 58.35121728601622 1.5999999999999996
    endloop
  endfacet
  facet normal 0 0 1
    outer loop
      vertex 62 58.111356487487754 1.5999999999999996
      vertex 63.73223985528211 58.35121728601622 1.5999999999999996
      vertex 63.800905968127154 58.69642514689288 1.5999999999999996
    endloop
  endfacet
  facet normal 0 0 1
    outer loop
      vertex 63.800905968127154 57.30357485310712 1.5999999999999996
      vertex 62 55.760000000000005 1.5999999999999996
      vertex 63.914043300462545 56.97028301957933 1.5999999999999996
    endloop
  endfacet
  facet normal 0 0 1
    outer loop
      vertex 62 58.111356487487754 1.5999999999999996
      vertex 63.800905968127154 58.69642514689288 1.5999999999999996
      vertex 63.914043300462545 59.02971698042067 1.5999999999999996
    endloop
  endfacet
  facet normal 0 0 1
    outer loop
      vertex 62 58.111356487487754 1.5999999999999996
      vertex 63.914043300462545 59.02971698042067 1.5999999999999996
      vertex 64.06971604116444 59.34539007092199 1.5999999999999996
    endloop
  endfacet
  facet normal 0 0 1
    outer loop
      vertex 62 58.111356487487754 1.5999999999999996
      vertex 64.06971604116444 59.34539007092199 1.5999999999999996
      vertex 64.26526058647876 59.63804316429723 1.5999999999999996
    endloop
  endfacet
  facet normal 0 0 1
    outer loop
      vertex 62 58.111356487487754 1.5999999999999996
      vertex 64.26526058647876 59.63804316429723 1.5999999999999996
      vertex 64.49733111502003 59.902668884979974 1.5999999999999996
    endloop
  endfacet
  facet normal 0 0 1
    outer loop
      vertex 62 58.111356487487754 1.5999999999999996
      vertex 64.49733111502003 59.902668884979974 1.5999999999999996
      vertex 64.76195683570279 60.13473941352124 1.5999999999999996
    endloop
  endfacet
  facet normal 0 0 1
    outer loop
      vertex 68.96000000000001 31.300000000000004 1.5999999999999996
      vertex 69.14956890143243 68.99956890143243 1.5999999999999996
      vertex 69.09078014184398 58 1.5999999999999996
    endloop
  endfacet
  facet normal 0 1 0
    outer loop
      vertex 67.7 69.6 0
      vertex 48.35 69.6 1.5999999999999996
      vertex 67.7 69.6 1.5999999999999996
    endloop
  endfacet
  facet normal 0.06540312923013598 0.9978589232386039 0
    outer loop
      vertex 67.96757869405111 69.58246196581631 0
      vertex 67.7 69.6 1.5999999999999996
      vertex 67.96757869405111 69.58246196581631 1.5999999999999996
    endloop
  endfacet
  facet normal 0.19509032201613333 0.9807852804032293 0
    outer loop
      vertex 67.96757869405111 69.58246196581631 0
      vertex 67.96757869405111 69.58246196581631 1.5999999999999996
      vertex 68.23057904246016 69.53014794389259 1.5999999999999996
    endloop
  endfacet
  facet normal 0.32143946530317674 0.9469301294951006 0
    outer loop
      vertex 68.23057904246016 69.53014794389259 0
      vertex 68.23057904246016 69.53014794389259 1.5999999999999996
      vertex 68.48450103634843 69.44395304164813 1.5999999999999996
    endloop
  endfacet
  facet normal 0.44228869021896683 0.8968727415327054 0
    outer loop
      vertex 68.72500000000001 69.3253520777581 0
      vertex 68.48450103634843 69.44395304164813 1.5999999999999996
      vertex 68.72500000000001 69.3253520777581 1.5999999999999996
    endloop
  endfacet
  facet normal 0.9978589232386039 0.06540312923013598 0
    outer loop
      vertex 69.75 67.55 0
      vertex 69.73246196581631 67.81757869405111 1.5999999999999996
      vertex 69.75 67.55 1.5999999999999996
    endloop
  endfacet
  facet normal 0.9807852804032293 0.19509032201613333 0
    outer loop
      vertex 69.68014794389259 68.08057904246016 0
      vertex 69.68014794389259 68.08057904246016 1.5999999999999996
      vertex 69.73246196581631 67.81757869405111 1.5999999999999996
    endloop
  endfacet
  facet normal 0.9469301294951006 0.32143946530317674 0
    outer loop
      vertex 69.68014794389259 68.08057904246016 0
      vertex 69.59395304164813 68.33450103634843 1.5999999999999996
      vertex 69.68014794389259 68.08057904246016 1.5999999999999996
    endloop
  endfacet
  facet normal 0.8968727415327054 0.44228869021896683 0
    outer loop
      vertex 69.4753520777581 68.575 0
      vertex 69.4753520777581 68.575 1.5999999999999996
      vertex 69.59395304164813 68.33450103634843 1.5999999999999996
    endloop
  endfacet
  facet normal 0.5555702330196013 0.831469612302546 0
    outer loop
      vertex 68.94796092946788 69.17637434759703 0
      vertex 68.72500000000001 69.3253520777581 1.5999999999999996
      vertex 68.94796092946788 69.17637434759703 1.5999999999999996
    endloop
  endfacet
  facet normal 0.6593458151000571 0.7518398074789879 0
    outer loop
      vertex 68.94796092946788 69.17637434759703 0
      vertex 68.94796092946788 69.17637434759703 1.5999999999999996
      vertex 69.14956890143243 68.99956890143243 1.5999999999999996
    endloop
  endfacet
  facet normal 0.831469612302546 0.5555702330196013 0
    outer loop
      vertex 69.32637434759704 68.79796092946788 0
      vertex 69.32637434759704 68.79796092946788 1.5999999999999996
      vertex 69.4753520777581 68.575 1.5999999999999996
    endloop
  endfacet
  facet normal 0.7518398074789879 0.6593458151000571 0
    outer loop
      vertex 69.32637434759704 68.79796092946788 0
      vertex 69.14956890143243 68.99956890143243 1.5999999999999996
      vertex 69.32637434759704 68.79796092946788 1.5999999999999996
    endloop
  endfacet
  facet normal 0 0 1
    outer loop
      vertex 65.50329141908729 64.5503011687218 1.5999999999999996
      vertex 62 60.760000000000005 1.5999999999999996
      vertex 62 58.111356487487754 1.5999999999999996
    endloop
  endfacet
  facet normal 0 0 1
    outer loop
      vertex 68.22776695296638 65.09223304703364 1.5999999999999996
      vertex 62 58.111356487487754 1.5999999999999996
      vertex 64.76195683570279 60.13473941352124 1.5999999999999996
    endloop
  endfacet
  facet normal 0 0 1
    outer loop
      vertex 65.50329141908729 64.5503011687218 1.5999999999999996
      vertex 62 58.111356487487754 1.5999999999999996
      vertex 65.81295238724371 64.44518543427735 1.5999999999999996
    endloop
  endfacet
  facet normal 0 0 1
    outer loop
      vertex 65.81295238724371 64.44518543427735 1.5999999999999996
      vertex 62 58.111356487487754 1.5999999999999996
      vertex 66.13368451944987 64.38138784656549 1.5999999999999996
    endloop
  endfacet
  facet normal 0 0 1
    outer loop
      vertex 66.13368451944987 64.38138784656549 1.5999999999999996
      vertex 62 58.111356487487754 1.5999999999999996
      vertex 66.46000000000001 64.36000000000001 1.5999999999999996
    endloop
  endfacet
  facet normal 0 0 1
    outer loop
      vertex 66.46000000000001 64.36000000000001 1.5999999999999996
      vertex 62 58.111356487487754 1.5999999999999996
      vertex 66.78631548055014 64.38138784656549 1.5999999999999996
    endloop
  endfacet
  facet normal 0 0 1
    outer loop
      vertex 66.78631548055014 64.38138784656549 1.5999999999999996
      vertex 62 58.111356487487754 1.5999999999999996
      vertex 67.1070476127563 64.44518543427735 1.5999999999999996
    endloop
  endfacet
  facet normal 0 0 1
    outer loop
      vertex 65.21000000000001 64.69493649053892 1.5999999999999996
      vertex 62 60.760000000000005 1.5999999999999996
      vertex 65.50329141908729 64.5503011687218 1.5999999999999996
    endloop
  endfacet
  facet normal 0 0 1
    outer loop
      vertex 65.21000000000001 64.69493649053892 1.5999999999999996
      vertex 64.9380964274782 64.87661664927192 1.5999999999999996
      vertex 62 60.760000000000005 1.5999999999999996
    endloop
  endfacet
  facet normal 0 0 1
    outer loop
      vertex 68.22776695296638 65.09223304703364 1.5999999999999996
      vertex 64.76195683570279 60.13473941352124 1.5999999999999996
      vertex 65.05460992907803 60.33028395883558 1.5999999999999996
    endloop
  endfacet
  facet normal 0 0 1
    outer loop
      vertex 68.22776695296638 65.09223304703364 1.5999999999999996
      vertex 65.05460992907803 60.33028395883558 1.5999999999999996
      vertex 65.37028301957933 60.48595669953746 1.5999999999999996
    endloop
  endfacet
  facet normal 0 0 1
    outer loop
      vertex 67.1070476127563 64.44518543427735 1.5999999999999996
      vertex 62 58.111356487487754 1.5999999999999996
      vertex 67.41670858091273 64.5503011687218 1.5999999999999996
    endloop
  endfacet
  facet normal 0 0 1
    outer loop
      vertex 67.41670858091273 64.5503011687218 1.5999999999999996
      vertex 62 58.111356487487754 1.5999999999999996
      vertex 67.71000000000001 64.69493649053892 1.5999999999999996
    endloop
  endfacet
  facet normal 0 0 1
    outer loop
      vertex 67.71000000000001 64.69493649053892 1.5999999999999996
      vertex 62 58.111356487487754 1.5999999999999996
      vertex 67.98190357252182 64.87661664927192 1.5999999999999996
    endloop
  endfacet
  facet normal 0 0 1
    outer loop
      vertex 68.22776695296638 65.09223304703364 1.5999999999999996
      vertex 65.37028301957933 60.48595669953746 1.5999999999999996
      vertex 65.70357485310711 60.59909403187285 1.5999999999999996
    endloop
  endfacet
  facet normal 0 0 1
    outer loop
      vertex 67.98190357252182 64.87661664927192 1.5999999999999996
      vertex 62 58.111356487487754 1.5999999999999996
      vertex 68.22776695296638 65.09223304703364 1.5999999999999996
    endloop
  endfacet
  facet normal 0 0 1
    outer loop
      vertex 68.22776695296638 65.09223304703364 1.5999999999999996
      vertex 65.70357485310711 60.59909403187285 1.5999999999999996
      vertex 66.04878271398378 60.667760144717896 1.5999999999999996
    endloop
  endfacet
  facet normal 0 0 1
    outer loop
      vertex 68.22776695296638 65.09223304703364 1.5999999999999996
      vertex 66.04878271398378 60.667760144717896 1.5999999999999996
      vertex 66.4 60.69078014184397 1.5999999999999996
    endloop
  endfacet
  facet normal 0 0 1
    outer loop
      vertex 68.22776695296638 65.09223304703364 1.5999999999999996
      vertex 66.4 60.69078014184397 1.5999999999999996
      vertex 66.75121728601623 60.667760144717896 1.5999999999999996
    endloop
  endfacet
  facet normal 0 0 1
    outer loop
      vertex 68.22776695296638 65.09223304703364 1.5999999999999996
      vertex 66.75121728601623 60.667760144717896 1.5999999999999996
      vertex 67.0964251468929 60.59909403187285 1.5999999999999996
    endloop
  endfacet
  facet normal 0 0 1
    outer loop
      vertex 68.22776695296638 65.09223304703364 1.5999999999999996
      vertex 67.42971698042068 60.48595669953746 1.5999999999999996
      vertex 67.74539007092199 60.33028395883558 1.5999999999999996
    endloop
  endfacet
  facet normal 0 0 1
    outer loop
      vertex 68.22776695296638 65.09223304703364 1.5999999999999996
      vertex 67.74539007092199 60.33028395883558 1.5999999999999996
      vertex 68.03804316429722 60.13473941352124 1.5999999999999996
    endloop
  endfacet
  facet normal 0 0 1
    outer loop
      vertex 68.22776695296638 65.09223304703364 1.5999999999999996
      vertex 68.03804316429722 60.13473941352124 1.5999999999999996
      vertex 68.30266888497998 59.902668884979974 1.5999999999999996
    endloop
  endfacet
  facet normal 0 0 1
    outer loop
      vertex 68.6250635094611 65.61000000000001 1.5999999999999996
      vertex 68.30266888497998 59.902668884979974 1.5999999999999996
      vertex 68.53473941352125 59.63804316429722 1.5999999999999996
    endloop
  endfacet
  facet normal 0 0 1
    outer loop
      vertex 68.22776695296638 65.09223304703364 1.5999999999999996
      vertex 67.0964251468929 60.59909403187285 1.5999999999999996
      vertex 67.42971698042068 60.48595669953746 1.5999999999999996
    endloop
  endfacet
  facet normal 0 0 1
    outer loop
      vertex 69.14956890143243 68.99956890143243 1.5999999999999996
      vertex 69.06776014471791 58.35121728601622 1.5999999999999996
      vertex 69.09078014184398 58 1.5999999999999996
    endloop
  endfacet
  facet normal 0 0 1
    outer loop
      vertex 69.14956890143243 68.99956890143243 1.5999999999999996
      vertex 68.73028395883557 59.34539007092199 1.5999999999999996
      vertex 68.88595669953747 59.02971698042068 1.5999999999999996
    endloop
  endfacet
  facet normal 0 0 1
    outer loop
      vertex 69.14956890143243 68.99956890143243 1.5999999999999996
      vertex 68.88595669953747 59.02971698042068 1.5999999999999996
      vertex 68.99909403187284 58.69642514689288 1.5999999999999996
    endloop
  endfacet
  facet normal 0 0 1
    outer loop
      vertex 69.14956890143243 68.99956890143243 1.5999999999999996
      vertex 68.99909403187284 58.69642514689288 1.5999999999999996
      vertex 69.06776014471791 58.35121728601622 1.5999999999999996
    endloop
  endfacet
  facet normal 0 0 1
    outer loop
      vertex 69.14956890143243 68.99956890143243 1.5999999999999996
      vertex 68.53473941352125 59.63804316429722 1.5999999999999996
      vertex 68.73028395883557 59.34539007092199 1.5999999999999996
    endloop
  endfacet
  facet normal 0 0 1
    outer loop
      vertex 68.22776695296638 65.09223304703364 1.5999999999999996
      vertex 68.30266888497998 59.902668884979974 1.5999999999999996
      vertex 68.4433833507281 65.3380964274782 1.5999999999999996
    endloop
  endfacet
  facet normal 0 0 1
    outer loop
      vertex 68.4433833507281 65.3380964274782 1.5999999999999996
      vertex 68.30266888497998 59.902668884979974 1.5999999999999996
      vertex 68.6250635094611 65.61000000000001 1.5999999999999996
    endloop
  endfacet
  facet normal 0 0 1
    outer loop
      vertex 68.6250635094611 65.61000000000001 1.5999999999999996
      vertex 68.53473941352125 59.63804316429722 1.5999999999999996
      vertex 68.76969883127822 65.9032914190873 1.5999999999999996
    endloop
  endfacet
  facet normal 0 0 1
    outer loop
      vertex 68.76969883127822 65.9032914190873 1.5999999999999996
      vertex 68.53473941352125 59.63804316429722 1.5999999999999996
      vertex 68.87481456572267 66.21295238724372 1.5999999999999996
    endloop
  endfacet
  facet normal 0 0 1
    outer loop
      vertex 68.87481456572267 66.21295238724372 1.5999999999999996
      vertex 68.53473941352125 59.63804316429722 1.5999999999999996
      vertex 68.93861215343453 66.53368451944988 1.5999999999999996
    endloop
  endfacet
  facet normal 0 0 1
    outer loop
      vertex 68.93861215343453 66.53368451944988 1.5999999999999996
      vertex 68.53473941352125 59.63804316429722 1.5999999999999996
      vertex 69.14956890143243 68.99956890143243 1.5999999999999996
    endloop
  endfacet
  facet normal 0 0 1
    outer loop
      vertex 66.13368451944987 69.33861215343454 1.5999999999999996
      vertex 66.46000000000001 69.36000000000001 1.5999999999999996
      vertex 67.7 69.6 1.5999999999999996
    endloop
  endfacet
  facet normal 0 0 1
    outer loop
      vertex 66.46000000000001 69.36000000000001 1.5999999999999996
      vertex 66.78631548055014 69.33861215343454 1.5999999999999996
      vertex 67.7 69.6 1.5999999999999996
    endloop
  endfacet
  facet normal 0 0 1
    outer loop
      vertex 66.78631548055014 69.33861215343454 1.5999999999999996
      vertex 67.1070476127563 69.27481456572268 1.5999999999999996
      vertex 67.7 69.6 1.5999999999999996
    endloop
  endfacet
  facet normal 0 0 1
    outer loop
      vertex 67.1070476127563 69.27481456572268 1.5999999999999996
      vertex 67.41670858091273 69.16969883127823 1.5999999999999996
      vertex 67.7 69.6 1.5999999999999996
    endloop
  endfacet
  facet normal 0 0 1
    outer loop
      vertex 67.41670858091273 69.16969883127823 1.5999999999999996
      vertex 67.71000000000001 69.0250635094611 1.5999999999999996
      vertex 67.7 69.6 1.5999999999999996
    endloop
  endfacet
  facet normal 0 0 1
    outer loop
      vertex 67.71000000000001 69.0250635094611 1.5999999999999996
      vertex 67.98190357252182 68.8433833507281 1.5999999999999996
      vertex 67.7 69.6 1.5999999999999996
    endloop
  endfacet
  facet normal 0 0 1
    outer loop
      vertex 67.7 69.6 1.5999999999999996
      vertex 68.23057904246016 69.53014794389259 1.5999999999999996
      vertex 67.96757869405111 69.58246196581631 1.5999999999999996
    endloop
  endfacet
  facet normal 0 0 1
    outer loop
      vertex 68.4433833507281 68.38190357252182 1.5999999999999996
      vertex 69.14956890143243 68.99956890143243 1.5999999999999996
      vertex 68.22776695296638 68.62776695296638 1.5999999999999996
    endloop
  endfacet
  facet normal 0 0 1
    outer loop
      vertex 67.98190357252182 68.8433833507281 1.5999999999999996
      vertex 68.22776695296638 68.62776695296638 1.5999999999999996
      vertex 69.14956890143243 68.99956890143243 1.5999999999999996
    endloop
  endfacet
  facet normal 0 0 1
    outer loop
      vertex 67.98190357252182 68.8433833507281 1.5999999999999996
      vertex 69.14956890143243 68.99956890143243 1.5999999999999996
      vertex 67.7 69.6 1.5999999999999996
    endloop
  endfacet
  facet normal 0 0 1
    outer loop
      vertex 67.7 69.6 1.5999999999999996
      vertex 68.48450103634843 69.44395304164813 1.5999999999999996
      vertex 68.23057904246016 69.53014794389259 1.5999999999999996
    endloop
  endfacet
  facet normal 0 0 1
    outer loop
      vertex 67.7 69.6 1.5999999999999996
      vertex 69.14956890143243 68.99956890143243 1.5999999999999996
      vertex 68.48450103634843 69.44395304164813 1.5999999999999996
    endloop
  endfacet
  facet normal 0 0 1
    outer loop
      vertex 68.93861215343453 66.53368451944988 1.5999999999999996
      vertex 69.14956890143243 68.99956890143243 1.5999999999999996
      vertex 68.96000000000001 66.86000000000001 1.5999999999999996
    endloop
  endfacet
  facet normal 0 0 1
    outer loop
      vertex 68.96000000000001 66.86000000000001 1.5999999999999996
      vertex 69.14956890143243 68.99956890143243 1.5999999999999996
      vertex 68.93861215343453 67.18631548055015 1.5999999999999996
    endloop
  endfacet
  facet normal 0 0 1
    outer loop
      vertex 68.93861215343453 67.18631548055015 1.5999999999999996
      vertex 69.14956890143243 68.99956890143243 1.5999999999999996
      vertex 68.87481456572267 67.50704761275631 1.5999999999999996
    endloop
  endfacet
  facet normal 0 0 1
    outer loop
      vertex 68.87481456572267 67.50704761275631 1.5999999999999996
      vertex 69.14956890143243 68.99956890143243 1.5999999999999996
      vertex 68.76969883127822 67.81670858091273 1.5999999999999996
    endloop
  endfacet
  facet normal 0 0 1
    outer loop
      vertex 68.6250635094611 68.11000000000001 1.5999999999999996
      vertex 69.14956890143243 68.99956890143243 1.5999999999999996
      vertex 68.4433833507281 68.38190357252182 1.5999999999999996
    endloop
  endfacet
  facet normal 0 0 1
    outer loop
      vertex 68.6250635094611 68.11000000000001 1.5999999999999996
      vertex 68.76969883127822 67.81670858091273 1.5999999999999996
      vertex 69.14956890143243 68.99956890143243 1.5999999999999996
    endloop
  endfacet
  facet normal 0 0 1
    outer loop
      vertex 69.75 67.55 1.5999999999999996
      vertex 69.73246196581631 67.81757869405111 1.5999999999999996
      vertex 69.14956890143243 68.99956890143243 1.5999999999999996
    endloop
  endfacet
  facet normal 0 0 1
    outer loop
      vertex 69.73246196581631 67.81757869405111 1.5999999999999996
      vertex 69.68014794389259 68.08057904246016 1.5999999999999996
      vertex 69.59395304164813 68.33450103634843 1.5999999999999996
    endloop
  endfacet
  facet normal 0 0 1
    outer loop
      vertex 69.73246196581631 67.81757869405111 1.5999999999999996
      vertex 69.59395304164813 68.33450103634843 1.5999999999999996
      vertex 69.14956890143243 68.99956890143243 1.5999999999999996
    endloop
  endfacet
  facet normal 0 0 1
    outer loop
      vertex 68.48450103634843 69.44395304164813 1.5999999999999996
      vertex 69.14956890143243 68.99956890143243 1.5999999999999996
      vertex 68.72500000000001 69.3253520777581 1.5999999999999996
    endloop
  endfacet
  facet normal 0 0 1
    outer loop
      vertex 69.14956890143243 68.99956890143243 1.5999999999999996
      vertex 68.94796092946788 69.17637434759703 1.5999999999999996
      vertex 68.72500000000001 69.3253520777581 1.5999999999999996
    endloop
  endfacet
  facet normal 0 0 1
    outer loop
      vertex 69.59395304164813 68.33450103634843 1.5999999999999996
      vertex 69.4753520777581 68.575 1.5999999999999996
      vertex 69.14956890143243 68.99956890143243 1.5999999999999996
    endloop
  endfacet
  facet normal 0 0 1
    outer loop
      vertex 69.14956890143243 68.99956890143243 1.5999999999999996
      vertex 69.4753520777581 68.575 1.5999999999999996
      vertex 69.32637434759704 68.79796092946788 1.5999999999999996
    endloop
  endfacet
  facet normal -0.7518398074789772 -0.6593458151000692 -2.7523694863886653e-18
    outer loop
      vertex 8.77223304703363 3.272233047033631 1.5999999999999996
      vertex 8.556616649271911 3.5180964274781985 4
      vertex 8.556616649271911 3.5180964274781985 1.5999999999999996
    endloop
  endfacet
  facet normal -0.659345815100067 -0.751839807478979 -1.5468081912842702e-18
    outer loop
      vertex 8.77223304703363 3.272233047033631 1.5999999999999996
      vertex 9.018096427478199 3.0566166492719122 1.5999999999999996
      vertex 9.018096427478199 3.0566166492719122 4
    endloop
  endfacet
  facet normal -0.8968727415326871 -0.44228869021900374 -2.0982896041801096e-18
    outer loop
      vertex 8.374936490538904 3.79 1.5999999999999996
      vertex 8.230301168721782 4.083291419087276 4
      vertex 8.230301168721782 4.083291419087276 1.5999999999999996
    endloop
  endfacet
  facet normal -0.9469301294951059 -0.3214394653031609 2.604430472272451e-18
    outer loop
      vertex 8.230301168721782 4.083291419087276 1.5999999999999996
      vertex 8.125185434277329 4.392952387243698 4
      vertex 8.125185434277329 4.392952387243698 1.5999999999999996
    endloop
  endfacet
  facet normal -0.8314696123025472 -0.5555702330195993 0
    outer loop
      vertex 8.374936490538904 3.79 1.5999999999999996
      vertex 8.556616649271911 3.5180964274781985 1.5999999999999996
      vertex 8.374936490538904 3.79 4
    endloop
  endfacet
  facet normal -0.9807852804032304 -0.1950903220161278 -1.2649654334378502e-20
    outer loop
      vertex 8.125185434277329 4.392952387243698 1.5999999999999996
      vertex 8.061387846565474 4.713684519449871 4
      vertex 8.061387846565474 4.713684519449871 1.5999999999999996
    endloop
  endfacet
  facet normal -0.9978589232386035 -0.06540312923014453 -2.4764929245912495e-19
    outer loop
      vertex 8.061387846565474 4.713684519449871 1.5999999999999996
      vertex 8.04 5.04 4
      vertex 8.04 5.04 1.5999999999999996
    endloop
  endfacet
  facet normal -0.9978589232386035 0.06540312923014453 2.4764929245912495e-19
    outer loop
      vertex 8.04 5.04 1.5999999999999996
      vertex 8.061387846565474 5.366315480550129 4
      vertex 8.061387846565474 5.366315480550129 1.5999999999999996
    endloop
  endfacet
  facet normal -0.9807852804032304 0.1950903220161278 1.2649654334378502e-20
    outer loop
      vertex 8.061387846565474 5.366315480550129 1.5999999999999996
      vertex 8.125185434277329 5.687047612756302 4
      vertex 8.125185434277329 5.687047612756302 1.5999999999999996
    endloop
  endfacet
  facet normal -0.9469301294951059 0.3214394653031609 -2.604430472272451e-18
    outer loop
      vertex 8.125185434277329 5.687047612756302 1.5999999999999996
      vertex 8.230301168721782 5.996708580912724 4
      vertex 8.230301168721782 5.996708580912724 1.5999999999999996
    endloop
  endfacet
  facet normal -0.8968727415326871 0.44228869021900374 2.0982896041801096e-18
    outer loop
      vertex 8.230301168721782 5.996708580912724 1.5999999999999996
      vertex 8.374936490538904 6.29 4
      vertex 8.374936490538904 6.29 1.5999999999999996
    endloop
  endfacet
  facet normal -0.8314696123025472 0.5555702330195993 -2.074900420702563e-18
    outer loop
      vertex 8.374936490538904 6.29 1.5999999999999996
      vertex 8.556616649271911 6.561903572521802 4
      vertex 8.556616649271911 6.561903572521802 1.5999999999999996
    endloop
  endfacet
  facet normal -0.7518398074789772 0.6593458151000692 2.7523694863886653e-18
    outer loop
      vertex 8.556616649271911 6.561903572521802 1.5999999999999996
      vertex 8.77223304703363 6.807766952966369 4
      vertex 8.77223304703363 6.807766952966369 1.5999999999999996
    endloop
  endfacet
  facet normal -0.6593458151000663 0.7518398074789796 0
    outer loop
      vertex 8.77223304703363 6.807766952966369 1.5999999999999996
      vertex 8.77223304703363 6.807766952966369 4
      vertex 9.018096427478199 7.023383350728087 1.5999999999999996
    endloop
  endfacet
  facet normal -0.5555702330196033 -0.8314696123025446 0
    outer loop
      vertex 9.29 2.8749364905389037 1.5999999999999996
      vertex 9.29 2.8749364905389037 4
      vertex 9.018096427478199 3.0566166492719122 1.5999999999999996
    endloop
  endfacet
  facet normal -0.44228869021900263 -0.8968727415326876 -1.6153590133585339e-18
    outer loop
      vertex 9.29 2.8749364905389037 1.5999999999999996
      vertex 9.583291419087274 2.730301168721783 1.5999999999999996
      vertex 9.583291419087274 2.730301168721783 4
    endloop
  endfacet
  facet normal -0.3214394653031605 -0.9469301294951061 -3.8313330743900824e-18
    outer loop
      vertex 9.583291419087274 2.730301168721783 1.5999999999999996
      vertex 9.892952387243698 2.6251854342773293 1.5999999999999996
      vertex 9.892952387243698 2.6251854342773293 4
    endloop
  endfacet
  facet normal -0.1950903220161283 -0.9807852804032304 1.4557935951245599e-18
    outer loop
      vertex 9.892952387243698 2.6251854342773293 1.5999999999999996
      vertex 10.21368451944987 2.561387846565474 1.5999999999999996
      vertex 10.21368451944987 2.561387846565474 4
    endloop
  endfacet
  facet normal -0.06540312923014317 -0.9978589232386035 -1.663921262788777e-19
    outer loop
      vertex 10.21368451944987 2.561387846565474 1.5999999999999996
      vertex 10.54 2.54 1.5999999999999996
      vertex 10.54 2.54 4
    endloop
  endfacet
  facet normal 0.06540312923014317 -0.9978589232386035 1.663921262788777e-19
    outer loop
      vertex 10.54 2.54 1.5999999999999996
      vertex 10.866315480550128 2.561387846565474 1.5999999999999996
      vertex 10.866315480550128 2.561387846565474 4
    endloop
  endfacet
  facet normal 0.1950903220161283 -0.9807852804032304 -1.4557935951245599e-18
    outer loop
      vertex 10.866315480550128 2.561387846565474 1.5999999999999996
      vertex 11.1870476127563 2.6251854342773293 1.5999999999999996
      vertex 11.1870476127563 2.6251854342773293 4
    endloop
  endfacet
  facet normal 0.3214394653031605 -0.9469301294951061 3.8313330743900824e-18
    outer loop
      vertex 11.1870476127563 2.6251854342773293 1.5999999999999996
      vertex 11.496708580912724 2.730301168721783 1.5999999999999996
      vertex 11.496708580912724 2.730301168721783 4
    endloop
  endfacet
  facet normal 0.44228869021900263 -0.8968727415326876 1.6153590133585339e-18
    outer loop
      vertex 11.496708580912724 2.730301168721783 1.5999999999999996
      vertex 11.79 2.8749364905389037 1.5999999999999996
      vertex 11.79 2.8749364905389037 4
    endloop
  endfacet
  facet normal 0.5555702330196033 -0.8314696123025446 -2.5131968012454116e-18
    outer loop
      vertex 11.79 2.8749364905389037 1.5999999999999996
      vertex 12.0619035725218 3.0566166492719122 1.5999999999999996
      vertex 12.0619035725218 3.0566166492719122 4
    endloop
  endfacet
  facet normal 0.659345815100067 -0.751839807478979 1.5468081912842702e-18
    outer loop
      vertex 12.0619035725218 3.0566166492719122 1.5999999999999996
      vertex 12.307766952966368 3.272233047033631 1.5999999999999996
      vertex 12.307766952966368 3.272233047033631 4
    endloop
  endfacet
  facet normal 0.7518398074789772 -0.6593458151000692 0
    outer loop
      vertex 12.307766952966368 3.272233047033631 1.5999999999999996
      vertex 12.523383350728087 3.5180964274781985 1.5999999999999996
      vertex 12.307766952966368 3.272233047033631 4
    endloop
  endfacet
  facet normal 0.8314696123025472 -0.5555702330195993 0
    outer loop
      vertex 12.523383350728087 3.5180964274781985 1.5999999999999996
      vertex 12.705063509461095 3.79 1.5999999999999996
      vertex 12.523383350728087 3.5180964274781985 4
    endloop
  endfacet
  facet normal 0.8968727415326871 -0.44228869021900374 0
    outer loop
      vertex 12.705063509461095 3.79 1.5999999999999996
      vertex 12.849698831278216 4.083291419087276 1.5999999999999996
      vertex 12.705063509461095 3.79 4
    endloop
  endfacet
  facet normal 0.9469301294951059 -0.3214394653031609 0
    outer loop
      vertex 12.849698831278216 4.083291419087276 1.5999999999999996
      vertex 12.95481456572267 4.392952387243698 1.5999999999999996
      vertex 12.849698831278216 4.083291419087276 4
    endloop
  endfacet
  facet normal 0.9807852804032304 -0.1950903220161278 0
    outer loop
      vertex 12.95481456572267 4.392952387243698 1.5999999999999996
      vertex 13.018612153434525 4.713684519449871 1.5999999999999996
      vertex 12.95481456572267 4.392952387243698 4
    endloop
  endfacet
  facet normal -0.5555702330196042 0.8314696123025438 0
    outer loop
      vertex 9.018096427478199 7.023383350728087 1.5999999999999996
      vertex 9.018096427478199 7.023383350728087 4
      vertex 9.29 7.205063509461096 1.5999999999999996
    endloop
  endfacet
  facet normal -0.44228869021900263 0.8968727415326876 0
    outer loop
      vertex 9.29 7.205063509461096 1.5999999999999996
      vertex 9.29 7.205063509461096 4
      vertex 9.583291419087274 7.349698831278217 1.5999999999999996
    endloop
  endfacet
  facet normal -0.3214394653031617 0.9469301294951056 0
    outer loop
      vertex 9.583291419087274 7.349698831278217 1.5999999999999996
      vertex 9.583291419087274 7.349698831278217 4
      vertex 9.892952387243698 7.454814565722671 1.5999999999999996
    endloop
  endfacet
  facet normal -0.1950903220161283 0.9807852804032304 0
    outer loop
      vertex 9.892952387243698 7.454814565722671 1.5999999999999996
      vertex 9.892952387243698 7.454814565722671 4
      vertex 10.21368451944987 7.5186121534345265 1.5999999999999996
    endloop
  endfacet
  facet normal -0.06540312923014183 0.9978589232386037 0
    outer loop
      vertex 10.21368451944987 7.5186121534345265 1.5999999999999996
      vertex 10.21368451944987 7.5186121534345265 4
      vertex 10.54 7.54 1.5999999999999996
    endloop
  endfacet
  facet normal 0.06540312923014183 0.9978589232386037 0
    outer loop
      vertex 10.54 7.54 1.5999999999999996
      vertex 10.54 7.54 4
      vertex 10.866315480550128 7.5186121534345265 1.5999999999999996
    endloop
  endfacet
  facet normal 0.1950903220161283 0.9807852804032304 0
    outer loop
      vertex 10.866315480550128 7.5186121534345265 1.5999999999999996
      vertex 10.866315480550128 7.5186121534345265 4
      vertex 11.1870476127563 7.454814565722671 1.5999999999999996
    endloop
  endfacet
  facet normal 0.9978589232386035 -0.06540312923014453 0
    outer loop
      vertex 13.018612153434525 4.713684519449871 1.5999999999999996
      vertex 13.04 5.04 1.5999999999999996
      vertex 13.018612153434525 4.713684519449871 4
    endloop
  endfacet
  facet normal 0.9807852804032304 0.1950903220161278 0
    outer loop
      vertex 13.018612153434525 5.366315480550129 1.5999999999999996
      vertex 12.95481456572267 5.687047612756302 1.5999999999999996
      vertex 13.018612153434525 5.366315480550129 4
    endloop
  endfacet
  facet normal 0.9978589232386035 0.06540312923014453 0
    outer loop
      vertex 13.04 5.04 1.5999999999999996
      vertex 13.018612153434525 5.366315480550129 1.5999999999999996
      vertex 13.04 5.04 4
    endloop
  endfacet
  facet normal 0.7518398074789772 0.6593458151000692 0
    outer loop
      vertex 12.523383350728087 6.561903572521802 1.5999999999999996
      vertex 12.307766952966368 6.807766952966369 1.5999999999999996
      vertex 12.523383350728087 6.561903572521802 4
    endloop
  endfacet
  facet normal 0.8314696123025472 0.5555702330195993 0
    outer loop
      vertex 12.705063509461095 6.29 1.5999999999999996
      vertex 12.523383350728087 6.561903572521802 1.5999999999999996
      vertex 12.705063509461095 6.29 4
    endloop
  endfacet
  facet normal 0.9469301294951059 0.3214394653031609 0
    outer loop
      vertex 12.95481456572267 5.687047612756302 1.5999999999999996
      vertex 12.849698831278216 5.996708580912724 1.5999999999999996
      vertex 12.95481456572267 5.687047612756302 4
    endloop
  endfacet
  facet normal 0.8968727415326871 0.44228869021900374 -2.0982896041801096e-18
    outer loop
      vertex 12.705063509461095 6.29 1.5999999999999996
      vertex 12.849698831278216 5.996708580912724 4
      vertex 12.849698831278216 5.996708580912724 1.5999999999999996
    endloop
  endfacet
  facet normal 0.3214394653031617 0.9469301294951056 0
    outer loop
      vertex 11.1870476127563 7.454814565722671 1.5999999999999996
      vertex 11.1870476127563 7.454814565722671 4
      vertex 11.496708580912724 7.349698831278217 1.5999999999999996
    endloop
  endfacet
  facet normal 0.44228869021900263 0.8968727415326876 0
    outer loop
      vertex 11.496708580912724 7.349698831278217 1.5999999999999996
      vertex 11.496708580912724 7.349698831278217 4
      vertex 11.79 7.205063509461096 1.5999999999999996
    endloop
  endfacet
  facet normal 0.5555702330196042 0.8314696123025438 0
    outer loop
      vertex 11.79 7.205063509461096 1.5999999999999996
      vertex 11.79 7.205063509461096 4
      vertex 12.0619035725218 7.023383350728087 1.5999999999999996
    endloop
  endfacet
  facet normal 0.6593458151000663 0.7518398074789796 0
    outer loop
      vertex 12.0619035725218 7.023383350728087 1.5999999999999996
      vertex 12.0619035725218 7.023383350728087 4
      vertex 12.307766952966368 6.807766952966369 1.5999999999999996
    endloop
  endfacet
  facet normal -0.659345815100067 -0.751839807478979 0
    outer loop
      vertex 8.77223304703363 3.272233047033631 1.5999999999999996
      vertex 9.018096427478199 3.0566166492719122 4
      vertex 8.77223304703363 3.272233047033631 4
    endloop
  endfacet
  facet normal -0.7518398074789772 -0.6593458151000692 0
    outer loop
      vertex 8.77223304703363 3.272233047033631 1.5999999999999996
      vertex 8.77223304703363 3.272233047033631 4
      vertex 8.556616649271911 3.5180964274781985 4
    endloop
  endfacet
  facet normal -0.8968727415326871 -0.44228869021900374 0
    outer loop
      vertex 8.374936490538904 3.79 1.5999999999999996
      vertex 8.374936490538904 3.79 4
      vertex 8.230301168721782 4.083291419087276 4
    endloop
  endfacet
  facet normal -0.9807852804032304 -0.1950903220161278 0
    outer loop
      vertex 8.125185434277329 4.392952387243698 1.5999999999999996
      vertex 8.125185434277329 4.392952387243698 4
      vertex 8.061387846565474 4.713684519449871 4
    endloop
  endfacet
  facet normal -0.9469301294951059 -0.3214394653031609 0
    outer loop
      vertex 8.230301168721782 4.083291419087276 1.5999999999999996
      vertex 8.230301168721782 4.083291419087276 4
      vertex 8.125185434277329 4.392952387243698 4
    endloop
  endfacet
  facet normal -0.8314696123025472 -0.5555702330195993 0
    outer loop
      vertex 8.556616649271911 3.5180964274781985 1.5999999999999996
      vertex 8.556616649271911 3.5180964274781985 4
      vertex 8.374936490538904 3.79 4
    endloop
  endfacet
  facet normal -0.9978589232386035 -0.06540312923014453 0
    outer loop
      vertex 8.061387846565474 4.713684519449871 1.5999999999999996
      vertex 8.061387846565474 4.713684519449871 4
      vertex 8.04 5.04 4
    endloop
  endfacet
  facet normal -0.9978589232386035 0.06540312923014453 0
    outer loop
      vertex 8.04 5.04 1.5999999999999996
      vertex 8.04 5.04 4
      vertex 8.061387846565474 5.366315480550129 4
    endloop
  endfacet
  facet normal -0.9807852804032304 0.1950903220161278 0
    outer loop
      vertex 8.061387846565474 5.366315480550129 1.5999999999999996
      vertex 8.061387846565474 5.366315480550129 4
      vertex 8.125185434277329 5.687047612756302 4
    endloop
  endfacet
  facet normal -0.9469301294951059 0.3214394653031609 0
    outer loop
      vertex 8.125185434277329 5.687047612756302 1.5999999999999996
      vertex 8.125185434277329 5.687047612756302 4
      vertex 8.230301168721782 5.996708580912724 4
    endloop
  endfacet
  facet normal -0.8968727415326871 0.44228869021900374 0
    outer loop
      vertex 8.230301168721782 5.996708580912724 1.5999999999999996
      vertex 8.230301168721782 5.996708580912724 4
      vertex 8.374936490538904 6.29 4
    endloop
  endfacet
  facet normal -0.8314696123025472 0.5555702330195993 0
    outer loop
      vertex 8.374936490538904 6.29 1.5999999999999996
      vertex 8.374936490538904 6.29 4
      vertex 8.556616649271911 6.561903572521802 4
    endloop
  endfacet
  facet normal -0.7518398074789772 0.6593458151000692 0
    outer loop
      vertex 8.556616649271911 6.561903572521802 1.5999999999999996
      vertex 8.556616649271911 6.561903572521802 4
      vertex 8.77223304703363 6.807766952966369 4
    endloop
  endfacet
  facet normal -0.6593458151000663 0.7518398074789796 0
    outer loop
      vertex 9.018096427478199 7.023383350728087 1.5999999999999996
      vertex 8.77223304703363 6.807766952966369 4
      vertex 9.018096427478199 7.023383350728087 4
    endloop
  endfacet
  facet normal 0 0 1
    outer loop
      vertex 8.374936490538904 3.79 4
      vertex 8.556616649271911 3.5180964274781985 4
      vertex 8.374936490538904 6.29 4
    endloop
  endfacet
  facet normal 0 0 1
    outer loop
      vertex 8.77223304703363 3.272233047033631 4
      vertex 8.556616649271911 6.561903572521802 4
      vertex 8.556616649271911 3.5180964274781985 4
    endloop
  endfacet
  facet normal 0 0 1
    outer loop
      vertex 8.77223304703363 3.272233047033631 4
      vertex 9.018096427478199 3.0566166492719122 4
      vertex 8.77223304703363 6.807766952966369 4
    endloop
  endfacet
  facet normal 0 0 1
    outer loop
      vertex 8.125185434277329 4.392952387243698 4
      vertex 8.061387846565474 5.366315480550129 4
      vertex 8.061387846565474 4.713684519449871 4
    endloop
  endfacet
  facet normal 0 0 1
    outer loop
      vertex 8.061387846565474 4.713684519449871 4
      vertex 8.061387846565474 5.366315480550129 4
      vertex 8.04 5.04 4
    endloop
  endfacet
  facet normal 0 0 1
    outer loop
      vertex 8.230301168721782 4.083291419087276 4
      vertex 8.125185434277329 5.687047612756302 4
      vertex 8.125185434277329 4.392952387243698 4
    endloop
  endfacet
  facet normal 0 0 1
    outer loop
      vertex 8.374936490538904 3.79 4
      vertex 8.230301168721782 5.996708580912724 4
      vertex 8.230301168721782 4.083291419087276 4
    endloop
  endfacet
  facet normal 0 0 1
    outer loop
      vertex 8.125185434277329 4.392952387243698 4
      vertex 8.125185434277329 5.687047612756302 4
      vertex 8.061387846565474 5.366315480550129 4
    endloop
  endfacet
  facet normal 0 0 1
    outer loop
      vertex 8.230301168721782 4.083291419087276 4
      vertex 8.230301168721782 5.996708580912724 4
      vertex 8.125185434277329 5.687047612756302 4
    endloop
  endfacet
  facet normal 0 0 1
    outer loop
      vertex 8.374936490538904 3.79 4
      vertex 8.374936490538904 6.29 4
      vertex 8.230301168721782 5.996708580912724 4
    endloop
  endfacet
  facet normal 0 0 1
    outer loop
      vertex 8.556616649271911 3.5180964274781985 4
      vertex 8.556616649271911 6.561903572521802 4
      vertex 8.374936490538904 6.29 4
    endloop
  endfacet
  facet normal 0 0 1
    outer loop
      vertex 8.77223304703363 3.272233047033631 4
      vertex 8.77223304703363 6.807766952966369 4
      vertex 8.556616649271911 6.561903572521802 4
    endloop
  endfacet
  facet normal 0 0 1
    outer loop
      vertex 8.77223304703363 6.807766952966369 4
      vertex 9.018096427478199 3.0566166492719122 4
      vertex 9.018096427478199 7.023383350728087 4
    endloop
  endfacet
  facet normal -0.44228869021900263 -0.8968727415326876 0
    outer loop
      vertex 9.29 2.8749364905389037 1.5999999999999996
      vertex 9.583291419087274 2.730301168721783 4
      vertex 9.29 2.8749364905389037 4
    endloop
  endfacet
  facet normal -0.5555702330196033 -0.8314696123025446 0
    outer loop
      vertex 9.018096427478199 3.0566166492719122 1.5999999999999996
      vertex 9.29 2.8749364905389037 4
      vertex 9.018096427478199 3.0566166492719122 4
    endloop
  endfacet
  facet normal -0.3214394653031605 -0.9469301294951061 0
    outer loop
      vertex 9.583291419087274 2.730301168721783 1.5999999999999996
      vertex 9.892952387243698 2.6251854342773293 4
      vertex 9.583291419087274 2.730301168721783 4
    endloop
  endfacet
  facet normal -0.1950903220161283 -0.9807852804032304 0
    outer loop
      vertex 9.892952387243698 2.6251854342773293 1.5999999999999996
      vertex 10.21368451944987 2.561387846565474 4
      vertex 9.892952387243698 2.6251854342773293 4
    endloop
  endfacet
  facet normal -0.06540312923014317 -0.9978589232386035 0
    outer loop
      vertex 10.21368451944987 2.561387846565474 1.5999999999999996
      vertex 10.54 2.54 4
      vertex 10.21368451944987 2.561387846565474 4
    endloop
  endfacet
  facet normal 0.06540312923014317 -0.9978589232386035 0
    outer loop
      vertex 10.54 2.54 1.5999999999999996
      vertex 10.866315480550128 2.561387846565474 4
      vertex 10.54 2.54 4
    endloop
  endfacet
  facet normal 0.1950903220161283 -0.9807852804032304 0
    outer loop
      vertex 10.866315480550128 2.561387846565474 1.5999999999999996
      vertex 11.1870476127563 2.6251854342773293 4
      vertex 10.866315480550128 2.561387846565474 4
    endloop
  endfacet
  facet normal 0.3214394653031605 -0.9469301294951061 0
    outer loop
      vertex 11.1870476127563 2.6251854342773293 1.5999999999999996
      vertex 11.496708580912724 2.730301168721783 4
      vertex 11.1870476127563 2.6251854342773293 4
    endloop
  endfacet
  facet normal 0.44228869021900263 -0.8968727415326876 0
    outer loop
      vertex 11.496708580912724 2.730301168721783 1.5999999999999996
      vertex 11.79 2.8749364905389037 4
      vertex 11.496708580912724 2.730301168721783 4
    endloop
  endfacet
  facet normal 0.5555702330196033 -0.8314696123025446 0
    outer loop
      vertex 11.79 2.8749364905389037 1.5999999999999996
      vertex 12.0619035725218 3.0566166492719122 4
      vertex 11.79 2.8749364905389037 4
    endloop
  endfacet
  facet normal 0.659345815100067 -0.751839807478979 0
    outer loop
      vertex 12.0619035725218 3.0566166492719122 1.5999999999999996
      vertex 12.307766952966368 3.272233047033631 4
      vertex 12.0619035725218 3.0566166492719122 4
    endloop
  endfacet
  facet normal 0.7518398074789772 -0.6593458151000692 0
    outer loop
      vertex 12.523383350728087 3.5180964274781985 1.5999999999999996
      vertex 12.523383350728087 3.5180964274781985 4
      vertex 12.307766952966368 3.272233047033631 4
    endloop
  endfacet
  facet normal 0.8314696123025472 -0.5555702330195993 0
    outer loop
      vertex 12.705063509461095 3.79 1.5999999999999996
      vertex 12.705063509461095 3.79 4
      vertex 12.523383350728087 3.5180964274781985 4
    endloop
  endfacet
  facet normal 0.8968727415326871 -0.44228869021900374 0
    outer loop
      vertex 12.849698831278216 4.083291419087276 1.5999999999999996
      vertex 12.849698831278216 4.083291419087276 4
      vertex 12.705063509461095 3.79 4
    endloop
  endfacet
  facet normal 0.9469301294951059 -0.3214394653031609 0
    outer loop
      vertex 12.95481456572267 4.392952387243698 1.5999999999999996
      vertex 12.95481456572267 4.392952387243698 4
      vertex 12.849698831278216 4.083291419087276 4
    endloop
  endfacet
  facet normal -0.5555702330196042 0.8314696123025438 0
    outer loop
      vertex 9.29 7.205063509461096 1.5999999999999996
      vertex 9.018096427478199 7.023383350728087 4
      vertex 9.29 7.205063509461096 4
    endloop
  endfacet
  facet normal -0.44228869021900263 0.8968727415326876 0
    outer loop
      vertex 9.583291419087274 7.349698831278217 1.5999999999999996
      vertex 9.29 7.205063509461096 4
      vertex 9.583291419087274 7.349698831278217 4
    endloop
  endfacet
  facet normal -0.3214394653031617 0.9469301294951056 0
    outer loop
      vertex 9.892952387243698 7.454814565722671 1.5999999999999996
      vertex 9.583291419087274 7.349698831278217 4
      vertex 9.892952387243698 7.454814565722671 4
    endloop
  endfacet
  facet normal -0.1950903220161283 0.9807852804032304 0
    outer loop
      vertex 10.21368451944987 7.5186121534345265 1.5999999999999996
      vertex 9.892952387243698 7.454814565722671 4
      vertex 10.21368451944987 7.5186121534345265 4
    endloop
  endfacet
  facet normal -0.06540312923014183 0.9978589232386037 0
    outer loop
      vertex 10.54 7.54 1.5999999999999996
      vertex 10.21368451944987 7.5186121534345265 4
      vertex 10.54 7.54 4
    endloop
  endfacet
  facet normal 0.06540312923014183 0.9978589232386037 0
    outer loop
      vertex 10.866315480550128 7.5186121534345265 1.5999999999999996
      vertex 10.54 7.54 4
      vertex 10.866315480550128 7.5186121534345265 4
    endloop
  endfacet
  facet normal 0.1950903220161283 0.9807852804032304 0
    outer loop
      vertex 11.1870476127563 7.454814565722671 1.5999999999999996
      vertex 10.866315480550128 7.5186121534345265 4
      vertex 11.1870476127563 7.454814565722671 4
    endloop
  endfacet
  facet normal 0.9807852804032304 -0.1950903220161278 0
    outer loop
      vertex 13.018612153434525 4.713684519449871 1.5999999999999996
      vertex 13.018612153434525 4.713684519449871 4
      vertex 12.95481456572267 4.392952387243698 4
    endloop
  endfacet
  facet normal 0.9978589232386035 -0.06540312923014453 0
    outer loop
      vertex 13.04 5.04 1.5999999999999996
      vertex 13.04 5.04 4
      vertex 13.018612153434525 4.713684519449871 4
    endloop
  endfacet
  facet normal 0.9807852804032304 0.1950903220161278 0
    outer loop
      vertex 12.95481456572267 5.687047612756302 1.5999999999999996
      vertex 12.95481456572267 5.687047612756302 4
      vertex 13.018612153434525 5.366315480550129 4
    endloop
  endfacet
  facet normal 0.9978589232386035 0.06540312923014453 0
    outer loop
      vertex 13.018612153434525 5.366315480550129 1.5999999999999996
      vertex 13.018612153434525 5.366315480550129 4
      vertex 13.04 5.04 4
    endloop
  endfacet
  facet normal 0.7518398074789772 0.6593458151000692 0
    outer loop
      vertex 12.307766952966368 6.807766952966369 1.5999999999999996
      vertex 12.307766952966368 6.807766952966369 4
      vertex 12.523383350728087 6.561903572521802 4
    endloop
  endfacet
  facet normal 0.8314696123025472 0.5555702330195993 0
    outer loop
      vertex 12.523383350728087 6.561903572521802 1.5999999999999996
      vertex 12.523383350728087 6.561903572521802 4
      vertex 12.705063509461095 6.29 4
    endloop
  endfacet
  facet normal 0.9469301294951059 0.3214394653031609 0
    outer loop
      vertex 12.849698831278216 5.996708580912724 1.5999999999999996
      vertex 12.849698831278216 5.996708580912724 4
      vertex 12.95481456572267 5.687047612756302 4
    endloop
  endfacet
  facet normal 0.8968727415326871 0.44228869021900374 0
    outer loop
      vertex 12.705063509461095 6.29 1.5999999999999996
      vertex 12.705063509461095 6.29 4
      vertex 12.849698831278216 5.996708580912724 4
    endloop
  endfacet
  facet normal 0.3214394653031617 0.9469301294951056 0
    outer loop
      vertex 11.496708580912724 7.349698831278217 1.5999999999999996
      vertex 11.1870476127563 7.454814565722671 4
      vertex 11.496708580912724 7.349698831278217 4
    endloop
  endfacet
  facet normal 0.44228869021900263 0.8968727415326876 0
    outer loop
      vertex 11.79 7.205063509461096 1.5999999999999996
      vertex 11.496708580912724 7.349698831278217 4
      vertex 11.79 7.205063509461096 4
    endloop
  endfacet
  facet normal 0.5555702330196042 0.8314696123025438 0
    outer loop
      vertex 12.0619035725218 7.023383350728087 1.5999999999999996
      vertex 11.79 7.205063509461096 4
      vertex 12.0619035725218 7.023383350728087 4
    endloop
  endfacet
  facet normal 0.6593458151000663 0.7518398074789796 0
    outer loop
      vertex 12.307766952966368 6.807766952966369 1.5999999999999996
      vertex 12.0619035725218 7.023383350728087 4
      vertex 12.307766952966368 6.807766952966369 4
    endloop
  endfacet
  facet normal 0 0 1
    outer loop
      vertex 9.583291419087274 2.730301168721783 4
      vertex 9.892952387243698 2.6251854342773293 4
      vertex 9.706978992694202 4.400800499540844 4
    endloop
  endfacet
  facet normal 0 0 1
    outer loop
      vertex 9.29 2.8749364905389037 4
      vertex 9.018096427478199 7.023383350728087 4
      vertex 9.018096427478199 3.0566166492719122 4
    endloop
  endfacet
  facet normal 0 0 1
    outer loop
      vertex 9.29 2.8749364905389037 4
      vertex 9.583291419087274 2.730301168721783 4
      vertex 9.29 7.205063509461096 4
    endloop
  endfacet
  facet normal 0 0 1
    outer loop
      vertex 9.583291419087274 2.730301168721783 4
      vertex 9.630673326026338 4.515 4
      vertex 9.569926490863148 4.6381823960166555 4
    endloop
  endfacet
  facet normal 0 0 1
    outer loop
      vertex 9.583291419087274 2.730301168721783 4
      vertex 9.706978992694202 4.400800499540844 4
      vertex 9.630673326026338 4.515 4
    endloop
  endfacet
  facet normal 0 0 1
    outer loop
      vertex 9.892952387243698 2.6251854342773293 4
      vertex 9.900800499540843 4.206978992694203 4
      vertex 9.797537879754124 4.297537879754125 4
    endloop
  endfacet
  facet normal 0 0 1
    outer loop
      vertex 9.892952387243698 2.6251854342773293 4
      vertex 10.014999999999999 4.13067332602634 4
      vertex 9.900800499540843 4.206978992694203 4
    endloop
  endfacet
  facet normal 0 0 1
    outer loop
      vertex 9.892952387243698 2.6251854342773293 4
      vertex 9.797537879754124 4.297537879754125 4
      vertex 9.706978992694202 4.400800499540844 4
    endloop
  endfacet
  facet normal 0 0 1
    outer loop
      vertex 9.583291419087274 2.730301168721783 4
      vertex 9.525777882396477 4.7682400026423535 4
      vertex 9.498982895557498 4.902947498168946 4
    endloop
  endfacet
  facet normal 0 0 1
    outer loop
      vertex 9.583291419087274 2.730301168721783 4
      vertex 9.569926490863148 4.6381823960166555 4
      vertex 9.525777882396477 4.7682400026423535 4
    endloop
  endfacet
  facet normal 0 0 1
    outer loop
      vertex 9.583291419087274 2.730301168721783 4
      vertex 9.498982895557498 4.902947498168946 4
      vertex 9.489999999999998 5.04 4
    endloop
  endfacet
  facet normal 0 0 1
    outer loop
      vertex 9.892952387243698 2.6251854342773293 4
      vertex 10.21368451944987 2.561387846565474 4
      vertex 10.014999999999999 4.13067332602634 4
    endloop
  endfacet
  facet normal 0 0 1
    outer loop
      vertex 10.21368451944987 2.561387846565474 4
      vertex 10.54 2.54 4
      vertex 10.402947498168945 3.998982895557499 4
    endloop
  endfacet
  facet normal 0 0 1
    outer loop
      vertex 10.54 2.54 4
      vertex 10.866315480550128 2.561387846565474 4
      vertex 10.54 3.99 4
    endloop
  endfacet
  facet normal 0 0 1
    outer loop
      vertex 10.866315480550128 2.561387846565474 4
      vertex 11.1870476127563 2.6251854342773293 4
      vertex 10.811759997357646 4.025777882396478 4
    endloop
  endfacet
  facet normal 0 0 1
    outer loop
      vertex 10.21368451944987 2.561387846565474 4
      vertex 10.138182396016655 4.069926490863149 4
      vertex 10.014999999999999 4.13067332602634 4
    endloop
  endfacet
  facet normal 0 0 1
    outer loop
      vertex 10.21368451944987 2.561387846565474 4
      vertex 10.268240002642353 4.025777882396478 4
      vertex 10.138182396016655 4.069926490863149 4
    endloop
  endfacet
  facet normal 0 0 1
    outer loop
      vertex 10.21368451944987 2.561387846565474 4
      vertex 10.402947498168945 3.998982895557499 4
      vertex 10.268240002642353 4.025777882396478 4
    endloop
  endfacet
  facet normal 0 0 1
    outer loop
      vertex 10.54 2.54 4
      vertex 10.54 3.99 4
      vertex 10.402947498168945 3.998982895557499 4
    endloop
  endfacet
  facet normal 0 0 1
    outer loop
      vertex 10.866315480550128 2.561387846565474 4
      vertex 10.677052501831053 3.998982895557499 4
      vertex 10.54 3.99 4
    endloop
  endfacet
  facet normal 0 0 1
    outer loop
      vertex 10.866315480550128 2.561387846565474 4
      vertex 10.811759997357646 4.025777882396478 4
      vertex 10.677052501831053 3.998982895557499 4
    endloop
  endfacet
  facet normal 0 0 1
    outer loop
      vertex 11.1870476127563 2.6251854342773293 4
      vertex 10.941817603983344 4.069926490863149 4
      vertex 10.811759997357646 4.025777882396478 4
    endloop
  endfacet
  facet normal 0 0 1
    outer loop
      vertex 11.1870476127563 2.6251854342773293 4
      vertex 11.065 4.13067332602634 4
      vertex 10.941817603983344 4.069926490863149 4
    endloop
  endfacet
  facet normal 0 0 1
    outer loop
      vertex 11.1870476127563 2.6251854342773293 4
      vertex 11.496708580912724 2.730301168721783 4
      vertex 11.179199500459156 4.206978992694203 4
    endloop
  endfacet
  facet normal 0 0 1
    outer loop
      vertex 11.496708580912724 2.730301168721783 4
      vertex 11.79 2.8749364905389037 4
      vertex 11.44932667397366 4.515 4
    endloop
  endfacet
  facet normal 0 0 1
    outer loop
      vertex 11.1870476127563 2.6251854342773293 4
      vertex 11.179199500459156 4.206978992694203 4
      vertex 11.065 4.13067332602634 4
    endloop
  endfacet
  facet normal 0 0 1
    outer loop
      vertex 11.496708580912724 2.730301168721783 4
      vertex 11.282462120245874 4.297537879754125 4
      vertex 11.179199500459156 4.206978992694203 4
    endloop
  endfacet
  facet normal 0 0 1
    outer loop
      vertex 11.496708580912724 2.730301168721783 4
      vertex 11.373021007305796 4.400800499540844 4
      vertex 11.282462120245874 4.297537879754125 4
    endloop
  endfacet
  facet normal 0 0 1
    outer loop
      vertex 11.496708580912724 2.730301168721783 4
      vertex 11.44932667397366 4.515 4
      vertex 11.373021007305796 4.400800499540844 4
    endloop
  endfacet
  facet normal 0 0 1
    outer loop
      vertex 11.79 2.8749364905389037 4
      vertex 11.51007350913685 4.6381823960166555 4
      vertex 11.44932667397366 4.515 4
    endloop
  endfacet
  facet normal 0 0 1
    outer loop
      vertex 11.79 2.8749364905389037 4
      vertex 11.554222117603521 4.7682400026423535 4
      vertex 11.51007350913685 4.6381823960166555 4
    endloop
  endfacet
  facet normal 0 0 1
    outer loop
      vertex 11.79 2.8749364905389037 4
      vertex 11.5810171044425 4.902947498168946 4
      vertex 11.554222117603521 4.7682400026423535 4
    endloop
  endfacet
  facet normal 0 0 1
    outer loop
      vertex 11.79 2.8749364905389037 4
      vertex 11.59 5.04 4
      vertex 11.5810171044425 4.902947498168946 4
    endloop
  endfacet
  facet normal 0 0 1
    outer loop
      vertex 11.79 2.8749364905389037 4
      vertex 12.0619035725218 3.0566166492719122 4
      vertex 11.79 7.205063509461096 4
    endloop
  endfacet
  facet normal 0 0 1
    outer loop
      vertex 12.0619035725218 3.0566166492719122 4
      vertex 12.307766952966368 3.272233047033631 4
      vertex 12.0619035725218 7.023383350728087 4
    endloop
  endfacet
  facet normal 0 0 1
    outer loop
      vertex 12.307766952966368 3.272233047033631 4
      vertex 12.523383350728087 3.5180964274781985 4
      vertex 12.307766952966368 6.807766952966369 4
    endloop
  endfacet
  facet normal 0 0 1
    outer loop
      vertex 9.583291419087274 2.730301168721783 4
      vertex 9.489999999999998 5.04 4
      vertex 9.29 7.205063509461096 4
    endloop
  endfacet
  facet normal 0 0 1
    outer loop
      vertex 9.29 2.8749364905389037 4
      vertex 9.29 7.205063509461096 4
      vertex 9.018096427478199 7.023383350728087 4
    endloop
  endfacet
  facet normal 0 0 1
    outer loop
      vertex 9.29 7.205063509461096 4
      vertex 9.489999999999998 5.04 4
      vertex 9.498982895557498 5.177052501831054 4
    endloop
  endfacet
  facet normal 0 0 1
    outer loop
      vertex 9.29 7.205063509461096 4
      vertex 9.498982895557498 5.177052501831054 4
      vertex 9.525777882396477 5.311759997357647 4
    endloop
  endfacet
  facet normal 0 0 1
    outer loop
      vertex 9.29 7.205063509461096 4
      vertex 9.525777882396477 5.311759997357647 4
      vertex 9.569926490863148 5.441817603983345 4
    endloop
  endfacet
  facet normal 0 0 1
    outer loop
      vertex 9.29 7.205063509461096 4
      vertex 9.569926490863148 5.441817603983345 4
      vertex 9.630673326026338 5.565 4
    endloop
  endfacet
  facet normal 0 0 1
    outer loop
      vertex 9.583291419087274 7.349698831278217 4
      vertex 9.630673326026338 5.565 4
      vertex 9.706978992694202 5.6791995004591564 4
    endloop
  endfacet
  facet normal 0 0 1
    outer loop
      vertex 9.583291419087274 7.349698831278217 4
      vertex 9.706978992694202 5.6791995004591564 4
      vertex 9.797537879754124 5.782462120245875 4
    endloop
  endfacet
  facet normal 0 0 1
    outer loop
      vertex 9.29 7.205063509461096 4
      vertex 9.630673326026338 5.565 4
      vertex 9.583291419087274 7.349698831278217 4
    endloop
  endfacet
  facet normal 0 0 1
    outer loop
      vertex 9.583291419087274 7.349698831278217 4
      vertex 9.797537879754124 5.782462120245875 4
      vertex 9.900800499540843 5.873021007305797 4
    endloop
  endfacet
  facet normal 0 0 1
    outer loop
      vertex 9.892952387243698 7.454814565722671 4
      vertex 9.900800499540843 5.873021007305797 4
      vertex 10.014999999999999 5.94932667397366 4
    endloop
  endfacet
  facet normal 0 0 1
    outer loop
      vertex 9.892952387243698 7.454814565722671 4
      vertex 10.014999999999999 5.94932667397366 4
      vertex 10.138182396016655 6.010073509136851 4
    endloop
  endfacet
  facet normal 0 0 1
    outer loop
      vertex 9.892952387243698 7.454814565722671 4
      vertex 10.138182396016655 6.010073509136851 4
      vertex 10.268240002642353 6.054222117603522 4
    endloop
  endfacet
  facet normal 0 0 1
    outer loop
      vertex 10.21368451944987 7.5186121534345265 4
      vertex 10.268240002642353 6.054222117603522 4
      vertex 10.402947498168945 6.081017104442501 4
    endloop
  endfacet
  facet normal 0 0 1
    outer loop
      vertex 10.54 7.54 4
      vertex 10.402947498168945 6.081017104442501 4
      vertex 10.54 6.09 4
    endloop
  endfacet
  facet normal 0 0 1
    outer loop
      vertex 10.54 7.54 4
      vertex 10.54 6.09 4
      vertex 10.677052501831053 6.081017104442501 4
    endloop
  endfacet
  facet normal 0 0 1
    outer loop
      vertex 10.866315480550128 7.5186121534345265 4
      vertex 10.677052501831053 6.081017104442501 4
      vertex 10.811759997357646 6.054222117603522 4
    endloop
  endfacet
  facet normal 0 0 1
    outer loop
      vertex 10.866315480550128 7.5186121534345265 4
      vertex 10.811759997357646 6.054222117603522 4
      vertex 10.941817603983344 6.010073509136851 4
    endloop
  endfacet
  facet normal 0 0 1
    outer loop
      vertex 10.866315480550128 7.5186121534345265 4
      vertex 10.941817603983344 6.010073509136851 4
      vertex 11.065 5.94932667397366 4
    endloop
  endfacet
  facet normal 0 0 1
    outer loop
      vertex 9.583291419087274 7.349698831278217 4
      vertex 9.900800499540843 5.873021007305797 4
      vertex 9.892952387243698 7.454814565722671 4
    endloop
  endfacet
  facet normal 0 0 1
    outer loop
      vertex 9.892952387243698 7.454814565722671 4
      vertex 10.268240002642353 6.054222117603522 4
      vertex 10.21368451944987 7.5186121534345265 4
    endloop
  endfacet
  facet normal 0 0 1
    outer loop
      vertex 10.21368451944987 7.5186121534345265 4
      vertex 10.402947498168945 6.081017104442501 4
      vertex 10.54 7.54 4
    endloop
  endfacet
  facet normal 0 0 1
    outer loop
      vertex 10.54 7.54 4
      vertex 10.677052501831053 6.081017104442501 4
      vertex 10.866315480550128 7.5186121534345265 4
    endloop
  endfacet
  facet normal 0 0 1
    outer loop
      vertex 10.866315480550128 7.5186121534345265 4
      vertex 11.065 5.94932667397366 4
      vertex 11.1870476127563 7.454814565722671 4
    endloop
  endfacet
  facet normal 0 0 1
    outer loop
      vertex 11.79 2.8749364905389037 4
      vertex 11.496708580912724 7.349698831278217 4
      vertex 11.59 5.04 4
    endloop
  endfacet
  facet normal 0 0 1
    outer loop
      vertex 11.496708580912724 7.349698831278217 4
      vertex 11.5810171044425 5.177052501831054 4
      vertex 11.59 5.04 4
    endloop
  endfacet
  facet normal 0 0 1
    outer loop
      vertex 11.496708580912724 7.349698831278217 4
      vertex 11.373021007305796 5.6791995004591564 4
      vertex 11.44932667397366 5.565 4
    endloop
  endfacet
  facet normal 0 0 1
    outer loop
      vertex 11.496708580912724 7.349698831278217 4
      vertex 11.44932667397366 5.565 4
      vertex 11.51007350913685 5.441817603983345 4
    endloop
  endfacet
  facet normal 0 0 1
    outer loop
      vertex 11.496708580912724 7.349698831278217 4
      vertex 11.554222117603521 5.311759997357647 4
      vertex 11.5810171044425 5.177052501831054 4
    endloop
  endfacet
  facet normal 0 0 1
    outer loop
      vertex 11.496708580912724 7.349698831278217 4
      vertex 11.51007350913685 5.441817603983345 4
      vertex 11.554222117603521 5.311759997357647 4
    endloop
  endfacet
  facet normal 0 0 1
    outer loop
      vertex 11.1870476127563 7.454814565722671 4
      vertex 11.065 5.94932667397366 4
      vertex 11.179199500459156 5.873021007305797 4
    endloop
  endfacet
  facet normal 0 0 1
    outer loop
      vertex 11.1870476127563 7.454814565722671 4
      vertex 11.179199500459156 5.873021007305797 4
      vertex 11.282462120245874 5.782462120245875 4
    endloop
  endfacet
  facet normal 0 0 1
    outer loop
      vertex 11.1870476127563 7.454814565722671 4
      vertex 11.282462120245874 5.782462120245875 4
      vertex 11.373021007305796 5.6791995004591564 4
    endloop
  endfacet
  facet normal 0 0 1
    outer loop
      vertex 11.79 2.8749364905389037 4
      vertex 11.79 7.205063509461096 4
      vertex 11.496708580912724 7.349698831278217 4
    endloop
  endfacet
  facet normal 0 0 1
    outer loop
      vertex 12.0619035725218 3.0566166492719122 4
      vertex 12.0619035725218 7.023383350728087 4
      vertex 11.79 7.205063509461096 4
    endloop
  endfacet
  facet normal 0 0 1
    outer loop
      vertex 12.523383350728087 3.5180964274781985 4
      vertex 12.705063509461095 3.79 4
      vertex 12.523383350728087 6.561903572521802 4
    endloop
  endfacet
  facet normal 0 0 1
    outer loop
      vertex 12.523383350728087 3.5180964274781985 4
      vertex 12.523383350728087 6.561903572521802 4
      vertex 12.307766952966368 6.807766952966369 4
    endloop
  endfacet
  facet normal 0 0 1
    outer loop
      vertex 12.705063509461095 3.79 4
      vertex 12.705063509461095 6.29 4
      vertex 12.523383350728087 6.561903572521802 4
    endloop
  endfacet
  facet normal 0 0 1
    outer loop
      vertex 12.705063509461095 3.79 4
      vertex 12.849698831278216 4.083291419087276 4
      vertex 12.705063509461095 6.29 4
    endloop
  endfacet
  facet normal 0 0 1
    outer loop
      vertex 12.849698831278216 4.083291419087276 4
      vertex 12.95481456572267 4.392952387243698 4
      vertex 12.849698831278216 5.996708580912724 4
    endloop
  endfacet
  facet normal 0 0 1
    outer loop
      vertex 12.95481456572267 4.392952387243698 4
      vertex 13.018612153434525 4.713684519449871 4
      vertex 12.95481456572267 5.687047612756302 4
    endloop
  endfacet
  facet normal 0 0 1
    outer loop
      vertex 13.018612153434525 4.713684519449871 4
      vertex 13.04 5.04 4
      vertex 13.018612153434525 5.366315480550129 4
    endloop
  endfacet
  facet normal 0 0 1
    outer loop
      vertex 13.018612153434525 4.713684519449871 4
      vertex 13.018612153434525 5.366315480550129 4
      vertex 12.95481456572267 5.687047612756302 4
    endloop
  endfacet
  facet normal 0 0 1
    outer loop
      vertex 12.95481456572267 4.392952387243698 4
      vertex 12.95481456572267 5.687047612756302 4
      vertex 12.849698831278216 5.996708580912724 4
    endloop
  endfacet
  facet normal 0 0 1
    outer loop
      vertex 12.849698831278216 4.083291419087276 4
      vertex 12.849698831278216 5.996708580912724 4
      vertex 12.705063509461095 6.29 4
    endloop
  endfacet
  facet normal 0 0 1
    outer loop
      vertex 12.307766952966368 3.272233047033631 4
      vertex 12.307766952966368 6.807766952966369 4
      vertex 12.0619035725218 7.023383350728087 4
    endloop
  endfacet
  facet normal 0 0 1
    outer loop
      vertex 11.1870476127563 7.454814565722671 4
      vertex 11.373021007305796 5.6791995004591564 4
      vertex 11.496708580912724 7.349698831278217 4
    endloop
  endfacet
  facet normal -0.8314696123025447 -0.5555702330196031 0
    outer loop
      vertex 26.154936490538905 3.79 1.5999999999999996
      vertex 26.336616649271914 3.5180964274781985 1.5999999999999996
      vertex 26.154936490538905 3.79 4
    endloop
  endfacet
  facet normal -0.8968727415326848 -0.4422886902190081 -2.8286005322051435e-18
    outer loop
      vertex 26.154936490538905 3.79 1.5999999999999996
      vertex 26.01030116872178 4.083291419087276 4
      vertex 26.01030116872178 4.083291419087276 1.5999999999999996
    endloop
  endfacet
  facet normal -0.9469301294951059 -0.3214394653031609 2.604430472272451e-18
    outer loop
      vertex 26.01030116872178 4.083291419087276 1.5999999999999996
      vertex 25.90518543427733 4.392952387243698 4
      vertex 25.90518543427733 4.392952387243698 1.5999999999999996
    endloop
  endfacet
  facet normal -0.9807852804032315 -0.1950903220161226 9.371221025669055e-19
    outer loop
      vertex 25.90518543427733 4.392952387243698 1.5999999999999996
      vertex 25.841387846565475 4.713684519449871 4
      vertex 25.841387846565475 4.713684519449871 1.5999999999999996
    endloop
  endfacet
  facet normal -0.9978589232386035 -0.06540312923014453 -2.4764929245912495e-19
    outer loop
      vertex 25.841387846565475 4.713684519449871 1.5999999999999996
      vertex 25.82 5.04 4
      vertex 25.82 5.04 1.5999999999999996
    endloop
  endfacet
  facet normal -0.9978589232386035 0.06540312923014453 2.4764929245912495e-19
    outer loop
      vertex 25.82 5.04 1.5999999999999996
      vertex 25.841387846565475 5.366315480550129 4
      vertex 25.841387846565475 5.366315480550129 1.5999999999999996
    endloop
  endfacet
  facet normal -0.9807852804032315 0.1950903220161226 -9.371221025669055e-19
    outer loop
      vertex 25.841387846565475 5.366315480550129 1.5999999999999996
      vertex 25.90518543427733 5.687047612756302 4
      vertex 25.90518543427733 5.687047612756302 1.5999999999999996
    endloop
  endfacet
  facet normal -0.9469301294951059 0.3214394653031609 -2.604430472272451e-18
    outer loop
      vertex 25.90518543427733 5.687047612756302 1.5999999999999996
      vertex 26.01030116872178 5.996708580912724 4
      vertex 26.01030116872178 5.996708580912724 1.5999999999999996
    endloop
  endfacet
  facet normal -0.8968727415326848 0.4422886902190081 2.8286005322051435e-18
    outer loop
      vertex 26.01030116872178 5.996708580912724 1.5999999999999996
      vertex 26.154936490538905 6.29 4
      vertex 26.154936490538905 6.29 1.5999999999999996
    endloop
  endfacet
  facet normal -0.8314696123025447 0.5555702330196031 3.2944799469613583e-18
    outer loop
      vertex 26.154936490538905 6.29 1.5999999999999996
      vertex 26.336616649271914 6.561903572521802 4
      vertex 26.336616649271914 6.561903572521802 1.5999999999999996
    endloop
  endfacet
  facet normal -0.7518398074789799 -0.6593458151000662 -3.2737748842130087e-18
    outer loop
      vertex 26.55223304703363 3.272233047033631 1.5999999999999996
      vertex 26.336616649271914 3.5180964274781985 4
      vertex 26.336616649271914 3.5180964274781985 1.5999999999999996
    endloop
  endfacet
  facet normal -0.659345815100067 -0.751839807478979 -1.5468081912842702e-18
    outer loop
      vertex 26.55223304703363 3.272233047033631 1.5999999999999996
      vertex 26.7980964274782 3.0566166492719122 1.5999999999999996
      vertex 26.7980964274782 3.0566166492719122 4
    endloop
  endfacet
  facet normal -0.5555702330196033 -0.8314696123025446 2.5131968012454116e-18
    outer loop
      vertex 26.7980964274782 3.0566166492719122 1.5999999999999996
      vertex 27.07 2.8749364905389037 1.5999999999999996
      vertex 27.07 2.8749364905389037 4
    endloop
  endfacet
  facet normal -0.44228869021900263 -0.8968727415326876 -1.6153590133585339e-18
    outer loop
      vertex 27.07 2.8749364905389037 1.5999999999999996
      vertex 27.363291419087275 2.730301168721783 1.5999999999999996
      vertex 27.363291419087275 2.730301168721783 4
    endloop
  endfacet
  facet normal -0.32143946530316214 -0.9469301294951055 4.210856422368995e-18
    outer loop
      vertex 27.363291419087275 2.730301168721783 1.5999999999999996
      vertex 27.672952387243697 2.6251854342773293 1.5999999999999996
      vertex 27.672952387243697 2.6251854342773293 4
    endloop
  endfacet
  facet normal -0.19509032201612728 -0.9807852804032307 -1.481092903793309e-18
    outer loop
      vertex 27.672952387243697 2.6251854342773293 1.5999999999999996
      vertex 27.99368451944987 2.561387846565474 1.5999999999999996
      vertex 27.99368451944987 2.561387846565474 4
    endloop
  endfacet
  facet normal -0.06540312923014317 -0.9978589232386035 -1.663921262788777e-19
    outer loop
      vertex 27.99368451944987 2.561387846565474 1.5999999999999996
      vertex 28.32 2.54 1.5999999999999996
      vertex 28.32 2.54 4
    endloop
  endfacet
  facet normal 0.06540312923014317 -0.9978589232386035 1.663921262788777e-19
    outer loop
      vertex 28.32 2.54 1.5999999999999996
      vertex 28.64631548055013 2.561387846565474 1.5999999999999996
      vertex 28.64631548055013 2.561387846565474 4
    endloop
  endfacet
  facet normal 0.19509032201612728 -0.9807852804032307 1.481092903793309e-18
    outer loop
      vertex 28.64631548055013 2.561387846565474 1.5999999999999996
      vertex 28.967047612756303 2.6251854342773293 1.5999999999999996
      vertex 28.967047612756303 2.6251854342773293 4
    endloop
  endfacet
  facet normal 0.32143946530316214 -0.9469301294951055 -4.210856422368995e-18
    outer loop
      vertex 28.967047612756303 2.6251854342773293 1.5999999999999996
      vertex 29.276708580912725 2.730301168721783 1.5999999999999996
      vertex 29.276708580912725 2.730301168721783 4
    endloop
  endfacet
  facet normal 0.44228869021900263 -0.8968727415326876 1.6153590133585339e-18
    outer loop
      vertex 29.276708580912725 2.730301168721783 1.5999999999999996
      vertex 29.57 2.8749364905389037 1.5999999999999996
      vertex 29.57 2.8749364905389037 4
    endloop
  endfacet
  facet normal 0.5555702330196033 -0.8314696123025446 -2.5131968012454116e-18
    outer loop
      vertex 29.57 2.8749364905389037 1.5999999999999996
      vertex 29.8419035725218 3.0566166492719122 1.5999999999999996
      vertex 29.8419035725218 3.0566166492719122 4
    endloop
  endfacet
  facet normal 0.659345815100067 -0.751839807478979 1.5468081912842702e-18
    outer loop
      vertex 29.8419035725218 3.0566166492719122 1.5999999999999996
      vertex 30.08776695296637 3.272233047033631 1.5999999999999996
      vertex 30.08776695296637 3.272233047033631 4
    endloop
  endfacet
  facet normal 0.7518398074789799 -0.6593458151000662 0
    outer loop
      vertex 30.08776695296637 3.272233047033631 1.5999999999999996
      vertex 30.303383350728087 3.5180964274781985 1.5999999999999996
      vertex 30.08776695296637 3.272233047033631 4
    endloop
  endfacet
  facet normal 0.8314696123025447 -0.5555702330196031 0
    outer loop
      vertex 30.303383350728087 3.5180964274781985 1.5999999999999996
      vertex 30.485063509461096 3.79 1.5999999999999996
      vertex 30.303383350728087 3.5180964274781985 4
    endloop
  endfacet
  facet normal 0.8968727415326848 -0.4422886902190081 0
    outer loop
      vertex 30.485063509461096 3.79 1.5999999999999996
      vertex 30.62969883127822 4.083291419087276 1.5999999999999996
      vertex 30.485063509461096 3.79 4
    endloop
  endfacet
  facet normal -0.7518398074789799 0.6593458151000662 3.2737748842130087e-18
    outer loop
      vertex 26.336616649271914 6.561903572521802 1.5999999999999996
      vertex 26.55223304703363 6.807766952966369 4
      vertex 26.55223304703363 6.807766952966369 1.5999999999999996
    endloop
  endfacet
  facet normal -0.6593458151000663 0.7518398074789796 0
    outer loop
      vertex 26.55223304703363 6.807766952966369 1.5999999999999996
      vertex 26.55223304703363 6.807766952966369 4
      vertex 26.7980964274782 7.023383350728087 1.5999999999999996
    endloop
  endfacet
  facet normal -0.5555702330196042 0.8314696123025438 0
    outer loop
      vertex 26.7980964274782 7.023383350728087 1.5999999999999996
      vertex 26.7980964274782 7.023383350728087 4
      vertex 27.07 7.205063509461096 1.5999999999999996
    endloop
  endfacet
  facet normal -0.44228869021900263 0.8968727415326876 0
    outer loop
      vertex 27.07 7.205063509461096 1.5999999999999996
      vertex 27.07 7.205063509461096 4
      vertex 27.363291419087275 7.349698831278217 1.5999999999999996
    endloop
  endfacet
  facet normal -0.32143946530316336 0.946930129495105 0
    outer loop
      vertex 27.363291419087275 7.349698831278217 1.5999999999999996
      vertex 27.363291419087275 7.349698831278217 4
      vertex 27.672952387243697 7.454814565722671 1.5999999999999996
    endloop
  endfacet
  facet normal -0.19509032201612728 0.9807852804032307 0
    outer loop
      vertex 27.672952387243697 7.454814565722671 1.5999999999999996
      vertex 27.672952387243697 7.454814565722671 4
      vertex 27.99368451944987 7.5186121534345265 1.5999999999999996
    endloop
  endfacet
  facet normal -0.06540312923014183 0.9978589232386037 0
    outer loop
      vertex 27.99368451944987 7.5186121534345265 1.5999999999999996
      vertex 27.99368451944987 7.5186121534345265 4
      vertex 28.32 7.54 1.5999999999999996
    endloop
  endfacet
  facet normal 0.06540312923014183 0.9978589232386037 0
    outer loop
      vertex 28.32 7.54 1.5999999999999996
      vertex 28.32 7.54 4
      vertex 28.64631548055013 7.5186121534345265 1.5999999999999996
    endloop
  endfacet
  facet normal 0.8968727415326848 0.4422886902190081 0
    outer loop
      vertex 30.62969883127822 5.996708580912724 1.5999999999999996
      vertex 30.485063509461096 6.29 1.5999999999999996
      vertex 30.62969883127822 5.996708580912724 4
    endloop
  endfacet
  facet normal 0.7518398074789799 0.6593458151000662 0
    outer loop
      vertex 30.303383350728087 6.561903572521802 1.5999999999999996
      vertex 30.08776695296637 6.807766952966369 1.5999999999999996
      vertex 30.303383350728087 6.561903572521802 4
    endloop
  endfacet
  facet normal 0.8314696123025447 0.5555702330196031 -3.2944799469613583e-18
    outer loop
      vertex 30.303383350728087 6.561903572521802 1.5999999999999996
      vertex 30.485063509461096 6.29 4
      vertex 30.485063509461096 6.29 1.5999999999999996
    endloop
  endfacet
  facet normal 0.19509032201612728 0.9807852804032307 0
    outer loop
      vertex 28.64631548055013 7.5186121534345265 1.5999999999999996
      vertex 28.64631548055013 7.5186121534345265 4
      vertex 28.967047612756303 7.454814565722671 1.5999999999999996
    endloop
  endfacet
  facet normal 0.32143946530316336 0.946930129495105 0
    outer loop
      vertex 28.967047612756303 7.454814565722671 1.5999999999999996
      vertex 28.967047612756303 7.454814565722671 4
      vertex 29.276708580912725 7.349698831278217 1.5999999999999996
    endloop
  endfacet
  facet normal 0.44228869021900263 0.8968727415326876 -1.6153590133585339e-18
    outer loop
      vertex 29.57 7.205063509461096 1.5999999999999996
      vertex 29.276708580912725 7.349698831278217 1.5999999999999996
      vertex 29.276708580912725 7.349698831278217 4
    endloop
  endfacet
  facet normal 0.5555702330196042 0.8314696123025438 0
    outer loop
      vertex 29.57 7.205063509461096 1.5999999999999996
      vertex 29.57 7.205063509461096 4
      vertex 29.8419035725218 7.023383350728087 1.5999999999999996
    endloop
  endfacet
  facet normal 0.6593458151000663 0.7518398074789796 -3.887455766109274e-18
    outer loop
      vertex 30.08776695296637 6.807766952966369 1.5999999999999996
      vertex 29.8419035725218 7.023383350728087 1.5999999999999996
      vertex 29.8419035725218 7.023383350728087 4
    endloop
  endfacet
  facet normal 0.9469301294951059 -0.3214394653031609 0
    outer loop
      vertex 30.62969883127822 4.083291419087276 1.5999999999999996
      vertex 30.734814565722672 4.392952387243698 1.5999999999999996
      vertex 30.62969883127822 4.083291419087276 4
    endloop
  endfacet
  facet normal 0.9807852804032315 -0.1950903220161226 0
    outer loop
      vertex 30.734814565722672 4.392952387243698 1.5999999999999996
      vertex 30.798612153434526 4.713684519449871 1.5999999999999996
      vertex 30.734814565722672 4.392952387243698 4
    endloop
  endfacet
  facet normal 0.9978589232386035 -0.06540312923014453 0
    outer loop
      vertex 30.798612153434526 4.713684519449871 1.5999999999999996
      vertex 30.82 5.04 1.5999999999999996
      vertex 30.798612153434526 4.713684519449871 4
    endloop
  endfacet
  facet normal 0.9978589232386035 0.06540312923014453 0
    outer loop
      vertex 30.82 5.04 1.5999999999999996
      vertex 30.798612153434526 5.366315480550129 1.5999999999999996
      vertex 30.82 5.04 4
    endloop
  endfacet
  facet normal 0.9807852804032315 0.1950903220161226 0
    outer loop
      vertex 30.798612153434526 5.366315480550129 1.5999999999999996
      vertex 30.734814565722672 5.687047612756302 1.5999999999999996
      vertex 30.798612153434526 5.366315480550129 4
    endloop
  endfacet
  facet normal 0.9469301294951059 0.3214394653031609 2.604430472272451e-18
    outer loop
      vertex 30.62969883127822 5.996708580912724 1.5999999999999996
      vertex 30.734814565722672 5.687047612756302 4
      vertex 30.734814565722672 5.687047612756302 1.5999999999999996
    endloop
  endfacet
  facet normal -0.8314696123025447 -0.5555702330196031 0
    outer loop
      vertex 26.336616649271914 3.5180964274781985 1.5999999999999996
      vertex 26.336616649271914 3.5180964274781985 4
      vertex 26.154936490538905 3.79 4
    endloop
  endfacet
  facet normal -0.8968727415326848 -0.4422886902190081 0
    outer loop
      vertex 26.154936490538905 3.79 1.5999999999999996
      vertex 26.154936490538905 3.79 4
      vertex 26.01030116872178 4.083291419087276 4
    endloop
  endfacet
  facet normal -0.9469301294951059 -0.3214394653031609 0
    outer loop
      vertex 26.01030116872178 4.083291419087276 1.5999999999999996
      vertex 26.01030116872178 4.083291419087276 4
      vertex 25.90518543427733 4.392952387243698 4
    endloop
  endfacet
  facet normal -0.9807852804032315 -0.1950903220161226 0
    outer loop
      vertex 25.90518543427733 4.392952387243698 1.5999999999999996
      vertex 25.90518543427733 4.392952387243698 4
      vertex 25.841387846565475 4.713684519449871 4
    endloop
  endfacet
  facet normal -0.9978589232386035 -0.06540312923014453 0
    outer loop
      vertex 25.841387846565475 4.713684519449871 1.5999999999999996
      vertex 25.841387846565475 4.713684519449871 4
      vertex 25.82 5.04 4
    endloop
  endfacet
  facet normal -0.9978589232386035 0.06540312923014453 0
    outer loop
      vertex 25.82 5.04 1.5999999999999996
      vertex 25.82 5.04 4
      vertex 25.841387846565475 5.366315480550129 4
    endloop
  endfacet
  facet normal -0.9807852804032315 0.1950903220161226 0
    outer loop
      vertex 25.841387846565475 5.366315480550129 1.5999999999999996
      vertex 25.841387846565475 5.366315480550129 4
      vertex 25.90518543427733 5.687047612756302 4
    endloop
  endfacet
  facet normal -0.9469301294951059 0.3214394653031609 0
    outer loop
      vertex 25.90518543427733 5.687047612756302 1.5999999999999996
      vertex 25.90518543427733 5.687047612756302 4
      vertex 26.01030116872178 5.996708580912724 4
    endloop
  endfacet
  facet normal -0.8968727415326848 0.4422886902190081 0
    outer loop
      vertex 26.01030116872178 5.996708580912724 1.5999999999999996
      vertex 26.01030116872178 5.996708580912724 4
      vertex 26.154936490538905 6.29 4
    endloop
  endfacet
  facet normal -0.8314696123025447 0.5555702330196031 0
    outer loop
      vertex 26.154936490538905 6.29 1.5999999999999996
      vertex 26.154936490538905 6.29 4
      vertex 26.336616649271914 6.561903572521802 4
    endloop
  endfacet
  facet normal 0 0 1
    outer loop
      vertex 26.154936490538905 3.79 4
      vertex 26.336616649271914 3.5180964274781985 4
      vertex 26.154936490538905 6.29 4
    endloop
  endfacet
  facet normal 0 0 1
    outer loop
      vertex 25.90518543427733 4.392952387243698 4
      vertex 25.841387846565475 5.366315480550129 4
      vertex 25.841387846565475 4.713684519449871 4
    endloop
  endfacet
  facet normal 0 0 1
    outer loop
      vertex 26.01030116872178 4.083291419087276 4
      vertex 25.90518543427733 5.687047612756302 4
      vertex 25.90518543427733 4.392952387243698 4
    endloop
  endfacet
  facet normal 0 0 1
    outer loop
      vertex 25.841387846565475 4.713684519449871 4
      vertex 25.841387846565475 5.366315480550129 4
      vertex 25.82 5.04 4
    endloop
  endfacet
  facet normal 0 0 1
    outer loop
      vertex 26.154936490538905 3.79 4
      vertex 26.01030116872178 5.996708580912724 4
      vertex 26.01030116872178 4.083291419087276 4
    endloop
  endfacet
  facet normal 0 0 1
    outer loop
      vertex 25.90518543427733 4.392952387243698 4
      vertex 25.90518543427733 5.687047612756302 4
      vertex 25.841387846565475 5.366315480550129 4
    endloop
  endfacet
  facet normal 0 0 1
    outer loop
      vertex 26.01030116872178 4.083291419087276 4
      vertex 26.01030116872178 5.996708580912724 4
      vertex 25.90518543427733 5.687047612756302 4
    endloop
  endfacet
  facet normal 0 0 1
    outer loop
      vertex 26.154936490538905 3.79 4
      vertex 26.154936490538905 6.29 4
      vertex 26.01030116872178 5.996708580912724 4
    endloop
  endfacet
  facet normal 0 0 1
    outer loop
      vertex 26.154936490538905 6.29 4
      vertex 26.336616649271914 3.5180964274781985 4
      vertex 26.336616649271914 6.561903572521802 4
    endloop
  endfacet
  facet normal -0.7518398074789799 -0.6593458151000662 0
    outer loop
      vertex 26.55223304703363 3.272233047033631 1.5999999999999996
      vertex 26.55223304703363 3.272233047033631 4
      vertex 26.336616649271914 3.5180964274781985 4
    endloop
  endfacet
  facet normal -0.659345815100067 -0.751839807478979 0
    outer loop
      vertex 26.55223304703363 3.272233047033631 1.5999999999999996
      vertex 26.7980964274782 3.0566166492719122 4
      vertex 26.55223304703363 3.272233047033631 4
    endloop
  endfacet
  facet normal -0.44228869021900263 -0.8968727415326876 0
    outer loop
      vertex 27.07 2.8749364905389037 1.5999999999999996
      vertex 27.363291419087275 2.730301168721783 4
      vertex 27.07 2.8749364905389037 4
    endloop
  endfacet
  facet normal -0.5555702330196033 -0.8314696123025446 0
    outer loop
      vertex 26.7980964274782 3.0566166492719122 1.5999999999999996
      vertex 27.07 2.8749364905389037 4
      vertex 26.7980964274782 3.0566166492719122 4
    endloop
  endfacet
  facet normal -0.32143946530316214 -0.9469301294951055 0
    outer loop
      vertex 27.363291419087275 2.730301168721783 1.5999999999999996
      vertex 27.672952387243697 2.6251854342773293 4
      vertex 27.363291419087275 2.730301168721783 4
    endloop
  endfacet
  facet normal -0.19509032201612728 -0.9807852804032307 0
    outer loop
      vertex 27.672952387243697 2.6251854342773293 1.5999999999999996
      vertex 27.99368451944987 2.561387846565474 4
      vertex 27.672952387243697 2.6251854342773293 4
    endloop
  endfacet
  facet normal -0.06540312923014317 -0.9978589232386035 0
    outer loop
      vertex 27.99368451944987 2.561387846565474 1.5999999999999996
      vertex 28.32 2.54 4
      vertex 27.99368451944987 2.561387846565474 4
    endloop
  endfacet
  facet normal 0.06540312923014317 -0.9978589232386035 0
    outer loop
      vertex 28.32 2.54 1.5999999999999996
      vertex 28.64631548055013 2.561387846565474 4
      vertex 28.32 2.54 4
    endloop
  endfacet
  facet normal 0.19509032201612728 -0.9807852804032307 0
    outer loop
      vertex 28.64631548055013 2.561387846565474 1.5999999999999996
      vertex 28.967047612756303 2.6251854342773293 4
      vertex 28.64631548055013 2.561387846565474 4
    endloop
  endfacet
  facet normal 0.32143946530316214 -0.9469301294951055 0
    outer loop
      vertex 28.967047612756303 2.6251854342773293 1.5999999999999996
      vertex 29.276708580912725 2.730301168721783 4
      vertex 28.967047612756303 2.6251854342773293 4
    endloop
  endfacet
  facet normal 0.44228869021900263 -0.8968727415326876 0
    outer loop
      vertex 29.276708580912725 2.730301168721783 1.5999999999999996
      vertex 29.57 2.8749364905389037 4
      vertex 29.276708580912725 2.730301168721783 4
    endloop
  endfacet
  facet normal 0.5555702330196033 -0.8314696123025446 0
    outer loop
      vertex 29.57 2.8749364905389037 1.5999999999999996
      vertex 29.8419035725218 3.0566166492719122 4
      vertex 29.57 2.8749364905389037 4
    endloop
  endfacet
  facet normal 0.659345815100067 -0.751839807478979 0
    outer loop
      vertex 29.8419035725218 3.0566166492719122 1.5999999999999996
      vertex 30.08776695296637 3.272233047033631 4
      vertex 29.8419035725218 3.0566166492719122 4
    endloop
  endfacet
  facet normal 0.7518398074789799 -0.6593458151000662 0
    outer loop
      vertex 30.303383350728087 3.5180964274781985 1.5999999999999996
      vertex 30.303383350728087 3.5180964274781985 4
      vertex 30.08776695296637 3.272233047033631 4
    endloop
  endfacet
  facet normal 0.8314696123025447 -0.5555702330196031 0
    outer loop
      vertex 30.485063509461096 3.79 1.5999999999999996
      vertex 30.485063509461096 3.79 4
      vertex 30.303383350728087 3.5180964274781985 4
    endloop
  endfacet
  facet normal 0.8968727415326848 -0.4422886902190081 0
    outer loop
      vertex 30.62969883127822 4.083291419087276 1.5999999999999996
      vertex 30.62969883127822 4.083291419087276 4
      vertex 30.485063509461096 3.79 4
    endloop
  endfacet
  facet normal -0.7518398074789799 0.6593458151000662 0
    outer loop
      vertex 26.336616649271914 6.561903572521802 1.5999999999999996
      vertex 26.336616649271914 6.561903572521802 4
      vertex 26.55223304703363 6.807766952966369 4
    endloop
  endfacet
  facet normal -0.6593458151000663 0.7518398074789796 0
    outer loop
      vertex 26.7980964274782 7.023383350728087 1.5999999999999996
      vertex 26.55223304703363 6.807766952966369 4
      vertex 26.7980964274782 7.023383350728087 4
    endloop
  endfacet
  facet normal -0.5555702330196042 0.8314696123025438 0
    outer loop
      vertex 27.07 7.205063509461096 1.5999999999999996
      vertex 26.7980964274782 7.023383350728087 4
      vertex 27.07 7.205063509461096 4
    endloop
  endfacet
  facet normal -0.44228869021900263 0.8968727415326876 0
    outer loop
      vertex 27.363291419087275 7.349698831278217 1.5999999999999996
      vertex 27.07 7.205063509461096 4
      vertex 27.363291419087275 7.349698831278217 4
    endloop
  endfacet
  facet normal -0.32143946530316336 0.946930129495105 0
    outer loop
      vertex 27.672952387243697 7.454814565722671 1.5999999999999996
      vertex 27.363291419087275 7.349698831278217 4
      vertex 27.672952387243697 7.454814565722671 4
    endloop
  endfacet
  facet normal -0.19509032201612728 0.9807852804032307 0
    outer loop
      vertex 27.99368451944987 7.5186121534345265 1.5999999999999996
      vertex 27.672952387243697 7.454814565722671 4
      vertex 27.99368451944987 7.5186121534345265 4
    endloop
  endfacet
  facet normal -0.06540312923014183 0.9978589232386037 0
    outer loop
      vertex 28.32 7.54 1.5999999999999996
      vertex 27.99368451944987 7.5186121534345265 4
      vertex 28.32 7.54 4
    endloop
  endfacet
  facet normal 0.8968727415326848 0.4422886902190081 0
    outer loop
      vertex 30.485063509461096 6.29 1.5999999999999996
      vertex 30.485063509461096 6.29 4
      vertex 30.62969883127822 5.996708580912724 4
    endloop
  endfacet
  facet normal 0.8314696123025447 0.5555702330196031 0
    outer loop
      vertex 30.303383350728087 6.561903572521802 1.5999999999999996
      vertex 30.303383350728087 6.561903572521802 4
      vertex 30.485063509461096 6.29 4
    endloop
  endfacet
  facet normal 0.7518398074789799 0.6593458151000662 0
    outer loop
      vertex 30.08776695296637 6.807766952966369 1.5999999999999996
      vertex 30.08776695296637 6.807766952966369 4
      vertex 30.303383350728087 6.561903572521802 4
    endloop
  endfacet
  facet normal 0.06540312923014183 0.9978589232386037 0
    outer loop
      vertex 28.64631548055013 7.5186121534345265 1.5999999999999996
      vertex 28.32 7.54 4
      vertex 28.64631548055013 7.5186121534345265 4
    endloop
  endfacet
  facet normal 0.19509032201612728 0.9807852804032307 0
    outer loop
      vertex 28.967047612756303 7.454814565722671 1.5999999999999996
      vertex 28.64631548055013 7.5186121534345265 4
      vertex 28.967047612756303 7.454814565722671 4
    endloop
  endfacet
  facet normal 0.44228869021900263 0.8968727415326876 0
    outer loop
      vertex 29.57 7.205063509461096 1.5999999999999996
      vertex 29.276708580912725 7.349698831278217 4
      vertex 29.57 7.205063509461096 4
    endloop
  endfacet
  facet normal 0.32143946530316336 0.946930129495105 0
    outer loop
      vertex 29.276708580912725 7.349698831278217 1.5999999999999996
      vertex 28.967047612756303 7.454814565722671 4
      vertex 29.276708580912725 7.349698831278217 4
    endloop
  endfacet
  facet normal 0.5555702330196042 0.8314696123025438 0
    outer loop
      vertex 29.8419035725218 7.023383350728087 1.5999999999999996
      vertex 29.57 7.205063509461096 4
      vertex 29.8419035725218 7.023383350728087 4
    endloop
  endfacet
  facet normal 0.6593458151000663 0.7518398074789796 0
    outer loop
      vertex 30.08776695296637 6.807766952966369 1.5999999999999996
      vertex 29.8419035725218 7.023383350728087 4
      vertex 30.08776695296637 6.807766952966369 4
    endloop
  endfacet
  facet normal 0.9469301294951059 -0.3214394653031609 0
    outer loop
      vertex 30.734814565722672 4.392952387243698 1.5999999999999996
      vertex 30.734814565722672 4.392952387243698 4
      vertex 30.62969883127822 4.083291419087276 4
    endloop
  endfacet
  facet normal 0.9807852804032315 -0.1950903220161226 0
    outer loop
      vertex 30.798612153434526 4.713684519449871 1.5999999999999996
      vertex 30.798612153434526 4.713684519449871 4
      vertex 30.734814565722672 4.392952387243698 4
    endloop
  endfacet
  facet normal 0.9978589232386035 -0.06540312923014453 0
    outer loop
      vertex 30.82 5.04 1.5999999999999996
      vertex 30.82 5.04 4
      vertex 30.798612153434526 4.713684519449871 4
    endloop
  endfacet
  facet normal 0.9978589232386035 0.06540312923014453 0
    outer loop
      vertex 30.798612153434526 5.366315480550129 1.5999999999999996
      vertex 30.798612153434526 5.366315480550129 4
      vertex 30.82 5.04 4
    endloop
  endfacet
  facet normal 0.9807852804032315 0.1950903220161226 0
    outer loop
      vertex 30.734814565722672 5.687047612756302 1.5999999999999996
      vertex 30.734814565722672 5.687047612756302 4
      vertex 30.798612153434526 5.366315480550129 4
    endloop
  endfacet
  facet normal 0.9469301294951059 0.3214394653031609 0
    outer loop
      vertex 30.62969883127822 5.996708580912724 1.5999999999999996
      vertex 30.62969883127822 5.996708580912724 4
      vertex 30.734814565722672 5.687047612756302 4
    endloop
  endfacet
  facet normal 0 0 1
    outer loop
      vertex 26.55223304703363 3.272233047033631 4
      vertex 26.336616649271914 6.561903572521802 4
      vertex 26.336616649271914 3.5180964274781985 4
    endloop
  endfacet
  facet normal 0 0 1
    outer loop
      vertex 26.55223304703363 3.272233047033631 4
      vertex 26.7980964274782 3.0566166492719122 4
      vertex 26.55223304703363 6.807766952966369 4
    endloop
  endfacet
  facet normal 0 0 1
    outer loop
      vertex 27.363291419087275 2.730301168721783 4
      vertex 27.41067332602634 4.515 4
      vertex 27.349926490863147 4.6381823960166555 4
    endloop
  endfacet
  facet normal 0 0 1
    outer loop
      vertex 26.7980964274782 3.0566166492719122 4
      vertex 27.07 2.8749364905389037 4
      vertex 26.7980964274782 7.023383350728087 4
    endloop
  endfacet
  facet normal 0 0 1
    outer loop
      vertex 27.07 2.8749364905389037 4
      vertex 27.363291419087275 2.730301168721783 4
      vertex 27.07 7.205063509461096 4
    endloop
  endfacet
  facet normal 0 0 1
    outer loop
      vertex 27.363291419087275 2.730301168721783 4
      vertex 27.305777882396477 4.7682400026423535 4
      vertex 27.278982895557498 4.902947498168946 4
    endloop
  endfacet
  facet normal 0 0 1
    outer loop
      vertex 27.363291419087275 2.730301168721783 4
      vertex 27.349926490863147 4.6381823960166555 4
      vertex 27.305777882396477 4.7682400026423535 4
    endloop
  endfacet
  facet normal 0 0 1
    outer loop
      vertex 27.363291419087275 2.730301168721783 4
      vertex 27.278982895557498 4.902947498168946 4
      vertex 27.27 5.04 4
    endloop
  endfacet
  facet normal 0 0 1
    outer loop
      vertex 27.363291419087275 2.730301168721783 4
      vertex 27.672952387243697 2.6251854342773293 4
      vertex 27.486978992694205 4.400800499540844 4
    endloop
  endfacet
  facet normal 0 0 1
    outer loop
      vertex 27.672952387243697 2.6251854342773293 4
      vertex 27.99368451944987 2.561387846565474 4
      vertex 27.795 4.13067332602634 4
    endloop
  endfacet
  facet normal 0 0 1
    outer loop
      vertex 27.99368451944987 2.561387846565474 4
      vertex 28.32 2.54 4
      vertex 28.182947498168947 3.998982895557499 4
    endloop
  endfacet
  facet normal 0 0 1
    outer loop
      vertex 28.32 2.54 4
      vertex 28.64631548055013 2.561387846565474 4
      vertex 28.32 3.99 4
    endloop
  endfacet
  facet normal 0 0 1
    outer loop
      vertex 27.672952387243697 2.6251854342773293 4
      vertex 27.680800499540844 4.206978992694203 4
      vertex 27.577537879754125 4.297537879754125 4
    endloop
  endfacet
  facet normal 0 0 1
    outer loop
      vertex 27.363291419087275 2.730301168721783 4
      vertex 27.486978992694205 4.400800499540844 4
      vertex 27.41067332602634 4.515 4
    endloop
  endfacet
  facet normal 0 0 1
    outer loop
      vertex 27.672952387243697 2.6251854342773293 4
      vertex 27.577537879754125 4.297537879754125 4
      vertex 27.486978992694205 4.400800499540844 4
    endloop
  endfacet
  facet normal 0 0 1
    outer loop
      vertex 27.672952387243697 2.6251854342773293 4
      vertex 27.795 4.13067332602634 4
      vertex 27.680800499540844 4.206978992694203 4
    endloop
  endfacet
  facet normal 0 0 1
    outer loop
      vertex 27.99368451944987 2.561387846565474 4
      vertex 27.918182396016658 4.069926490863149 4
      vertex 27.795 4.13067332602634 4
    endloop
  endfacet
  facet normal 0 0 1
    outer loop
      vertex 27.99368451944987 2.561387846565474 4
      vertex 28.048240002642352 4.025777882396478 4
      vertex 27.918182396016658 4.069926490863149 4
    endloop
  endfacet
  facet normal 0 0 1
    outer loop
      vertex 27.99368451944987 2.561387846565474 4
      vertex 28.182947498168947 3.998982895557499 4
      vertex 28.048240002642352 4.025777882396478 4
    endloop
  endfacet
  facet normal 0 0 1
    outer loop
      vertex 28.32 2.54 4
      vertex 28.32 3.99 4
      vertex 28.182947498168947 3.998982895557499 4
    endloop
  endfacet
  facet normal 0 0 1
    outer loop
      vertex 28.64631548055013 2.561387846565474 4
      vertex 28.457052501831054 3.998982895557499 4
      vertex 28.32 3.99 4
    endloop
  endfacet
  facet normal 0 0 1
    outer loop
      vertex 28.64631548055013 2.561387846565474 4
      vertex 28.967047612756303 2.6251854342773293 4
      vertex 28.59175999735765 4.025777882396478 4
    endloop
  endfacet
  facet normal 0 0 1
    outer loop
      vertex 28.967047612756303 2.6251854342773293 4
      vertex 29.276708580912725 2.730301168721783 4
      vertex 28.959199500459157 4.206978992694203 4
    endloop
  endfacet
  facet normal 0 0 1
    outer loop
      vertex 29.276708580912725 2.730301168721783 4
      vertex 29.57 2.8749364905389037 4
      vertex 29.22932667397366 4.515 4
    endloop
  endfacet
  facet normal 0 0 1
    outer loop
      vertex 28.64631548055013 2.561387846565474 4
      vertex 28.59175999735765 4.025777882396478 4
      vertex 28.457052501831054 3.998982895557499 4
    endloop
  endfacet
  facet normal 0 0 1
    outer loop
      vertex 28.967047612756303 2.6251854342773293 4
      vertex 28.721817603983343 4.069926490863149 4
      vertex 28.59175999735765 4.025777882396478 4
    endloop
  endfacet
  facet normal 0 0 1
    outer loop
      vertex 28.967047612756303 2.6251854342773293 4
      vertex 28.845 4.13067332602634 4
      vertex 28.721817603983343 4.069926490863149 4
    endloop
  endfacet
  facet normal 0 0 1
    outer loop
      vertex 28.967047612756303 2.6251854342773293 4
      vertex 28.959199500459157 4.206978992694203 4
      vertex 28.845 4.13067332602634 4
    endloop
  endfacet
  facet normal 0 0 1
    outer loop
      vertex 29.276708580912725 2.730301168721783 4
      vertex 29.062462120245875 4.297537879754125 4
      vertex 28.959199500459157 4.206978992694203 4
    endloop
  endfacet
  facet normal 0 0 1
    outer loop
      vertex 29.276708580912725 2.730301168721783 4
      vertex 29.153021007305796 4.400800499540844 4
      vertex 29.062462120245875 4.297537879754125 4
    endloop
  endfacet
  facet normal 0 0 1
    outer loop
      vertex 29.276708580912725 2.730301168721783 4
      vertex 29.22932667397366 4.515 4
      vertex 29.153021007305796 4.400800499540844 4
    endloop
  endfacet
  facet normal 0 0 1
    outer loop
      vertex 29.57 2.8749364905389037 4
      vertex 29.290073509136853 4.6381823960166555 4
      vertex 29.22932667397366 4.515 4
    endloop
  endfacet
  facet normal 0 0 1
    outer loop
      vertex 29.57 2.8749364905389037 4
      vertex 29.334222117603524 4.7682400026423535 4
      vertex 29.290073509136853 4.6381823960166555 4
    endloop
  endfacet
  facet normal 0 0 1
    outer loop
      vertex 29.57 2.8749364905389037 4
      vertex 29.361017104442503 4.902947498168946 4
      vertex 29.334222117603524 4.7682400026423535 4
    endloop
  endfacet
  facet normal 0 0 1
    outer loop
      vertex 29.57 2.8749364905389037 4
      vertex 29.37 5.04 4
      vertex 29.361017104442503 4.902947498168946 4
    endloop
  endfacet
  facet normal 0 0 1
    outer loop
      vertex 29.57 2.8749364905389037 4
      vertex 29.8419035725218 3.0566166492719122 4
      vertex 29.57 7.205063509461096 4
    endloop
  endfacet
  facet normal 0 0 1
    outer loop
      vertex 29.8419035725218 3.0566166492719122 4
      vertex 30.08776695296637 3.272233047033631 4
      vertex 29.8419035725218 7.023383350728087 4
    endloop
  endfacet
  facet normal 0 0 1
    outer loop
      vertex 30.08776695296637 3.272233047033631 4
      vertex 30.303383350728087 3.5180964274781985 4
      vertex 30.08776695296637 6.807766952966369 4
    endloop
  endfacet
  facet normal 0 0 1
    outer loop
      vertex 26.55223304703363 3.272233047033631 4
      vertex 26.55223304703363 6.807766952966369 4
      vertex 26.336616649271914 6.561903572521802 4
    endloop
  endfacet
  facet normal 0 0 1
    outer loop
      vertex 26.7980964274782 3.0566166492719122 4
      vertex 26.7980964274782 7.023383350728087 4
      vertex 26.55223304703363 6.807766952966369 4
    endloop
  endfacet
  facet normal 0 0 1
    outer loop
      vertex 27.363291419087275 2.730301168721783 4
      vertex 27.27 5.04 4
      vertex 27.07 7.205063509461096 4
    endloop
  endfacet
  facet normal 0 0 1
    outer loop
      vertex 27.07 2.8749364905389037 4
      vertex 27.07 7.205063509461096 4
      vertex 26.7980964274782 7.023383350728087 4
    endloop
  endfacet
  facet normal 0 0 1
    outer loop
      vertex 27.07 7.205063509461096 4
      vertex 27.27 5.04 4
      vertex 27.278982895557498 5.177052501831054 4
    endloop
  endfacet
  facet normal 0 0 1
    outer loop
      vertex 27.07 7.205063509461096 4
      vertex 27.278982895557498 5.177052501831054 4
      vertex 27.305777882396477 5.311759997357647 4
    endloop
  endfacet
  facet normal 0 0 1
    outer loop
      vertex 27.07 7.205063509461096 4
      vertex 27.305777882396477 5.311759997357647 4
      vertex 27.349926490863147 5.441817603983345 4
    endloop
  endfacet
  facet normal 0 0 1
    outer loop
      vertex 27.07 7.205063509461096 4
      vertex 27.349926490863147 5.441817603983345 4
      vertex 27.41067332602634 5.565 4
    endloop
  endfacet
  facet normal 0 0 1
    outer loop
      vertex 27.07 7.205063509461096 4
      vertex 27.41067332602634 5.565 4
      vertex 27.363291419087275 7.349698831278217 4
    endloop
  endfacet
  facet normal 0 0 1
    outer loop
      vertex 27.363291419087275 7.349698831278217 4
      vertex 27.41067332602634 5.565 4
      vertex 27.486978992694205 5.6791995004591564 4
    endloop
  endfacet
  facet normal 0 0 1
    outer loop
      vertex 27.363291419087275 7.349698831278217 4
      vertex 27.486978992694205 5.6791995004591564 4
      vertex 27.577537879754125 5.782462120245875 4
    endloop
  endfacet
  facet normal 0 0 1
    outer loop
      vertex 27.363291419087275 7.349698831278217 4
      vertex 27.577537879754125 5.782462120245875 4
      vertex 27.680800499540844 5.873021007305797 4
    endloop
  endfacet
  facet normal 0 0 1
    outer loop
      vertex 27.672952387243697 7.454814565722671 4
      vertex 27.680800499540844 5.873021007305797 4
      vertex 27.795 5.94932667397366 4
    endloop
  endfacet
  facet normal 0 0 1
    outer loop
      vertex 27.672952387243697 7.454814565722671 4
      vertex 27.795 5.94932667397366 4
      vertex 27.918182396016658 6.010073509136851 4
    endloop
  endfacet
  facet normal 0 0 1
    outer loop
      vertex 27.672952387243697 7.454814565722671 4
      vertex 27.918182396016658 6.010073509136851 4
      vertex 28.048240002642352 6.054222117603522 4
    endloop
  endfacet
  facet normal 0 0 1
    outer loop
      vertex 27.99368451944987 7.5186121534345265 4
      vertex 28.048240002642352 6.054222117603522 4
      vertex 28.182947498168947 6.081017104442501 4
    endloop
  endfacet
  facet normal 0 0 1
    outer loop
      vertex 28.32 7.54 4
      vertex 28.182947498168947 6.081017104442501 4
      vertex 28.32 6.09 4
    endloop
  endfacet
  facet normal 0 0 1
    outer loop
      vertex 28.32 7.54 4
      vertex 28.32 6.09 4
      vertex 28.457052501831054 6.081017104442501 4
    endloop
  endfacet
  facet normal 0 0 1
    outer loop
      vertex 27.363291419087275 7.349698831278217 4
      vertex 27.680800499540844 5.873021007305797 4
      vertex 27.672952387243697 7.454814565722671 4
    endloop
  endfacet
  facet normal 0 0 1
    outer loop
      vertex 27.672952387243697 7.454814565722671 4
      vertex 28.048240002642352 6.054222117603522 4
      vertex 27.99368451944987 7.5186121534345265 4
    endloop
  endfacet
  facet normal 0 0 1
    outer loop
      vertex 27.99368451944987 7.5186121534345265 4
      vertex 28.182947498168947 6.081017104442501 4
      vertex 28.32 7.54 4
    endloop
  endfacet
  facet normal 0 0 1
    outer loop
      vertex 28.32 7.54 4
      vertex 28.457052501831054 6.081017104442501 4
      vertex 28.64631548055013 7.5186121534345265 4
    endloop
  endfacet
  facet normal 0 0 1
    outer loop
      vertex 29.57 2.8749364905389037 4
      vertex 29.276708580912725 7.349698831278217 4
      vertex 29.37 5.04 4
    endloop
  endfacet
  facet normal 0 0 1
    outer loop
      vertex 28.64631548055013 7.5186121534345265 4
      vertex 28.457052501831054 6.081017104442501 4
      vertex 28.59175999735765 6.054222117603522 4
    endloop
  endfacet
  facet normal 0 0 1
    outer loop
      vertex 28.64631548055013 7.5186121534345265 4
      vertex 28.59175999735765 6.054222117603522 4
      vertex 28.721817603983343 6.010073509136851 4
    endloop
  endfacet
  facet normal 0 0 1
    outer loop
      vertex 28.64631548055013 7.5186121534345265 4
      vertex 28.721817603983343 6.010073509136851 4
      vertex 28.845 5.94932667397366 4
    endloop
  endfacet
  facet normal 0 0 1
    outer loop
      vertex 28.967047612756303 7.454814565722671 4
      vertex 28.845 5.94932667397366 4
      vertex 28.959199500459157 5.873021007305797 4
    endloop
  endfacet
  facet normal 0 0 1
    outer loop
      vertex 28.967047612756303 7.454814565722671 4
      vertex 28.959199500459157 5.873021007305797 4
      vertex 29.062462120245875 5.782462120245875 4
    endloop
  endfacet
  facet normal 0 0 1
    outer loop
      vertex 29.276708580912725 7.349698831278217 4
      vertex 29.153021007305796 5.6791995004591564 4
      vertex 29.22932667397366 5.565 4
    endloop
  endfacet
  facet normal 0 0 1
    outer loop
      vertex 29.276708580912725 7.349698831278217 4
      vertex 29.22932667397366 5.565 4
      vertex 29.290073509136853 5.441817603983345 4
    endloop
  endfacet
  facet normal 0 0 1
    outer loop
      vertex 29.276708580912725 7.349698831278217 4
      vertex 29.361017104442503 5.177052501831054 4
      vertex 29.37 5.04 4
    endloop
  endfacet
  facet normal 0 0 1
    outer loop
      vertex 29.57 2.8749364905389037 4
      vertex 29.57 7.205063509461096 4
      vertex 29.276708580912725 7.349698831278217 4
    endloop
  endfacet
  facet normal 0 0 1
    outer loop
      vertex 29.276708580912725 7.349698831278217 4
      vertex 29.334222117603524 5.311759997357647 4
      vertex 29.361017104442503 5.177052501831054 4
    endloop
  endfacet
  facet normal 0 0 1
    outer loop
      vertex 29.276708580912725 7.349698831278217 4
      vertex 29.290073509136853 5.441817603983345 4
      vertex 29.334222117603524 5.311759997357647 4
    endloop
  endfacet
  facet normal 0 0 1
    outer loop
      vertex 28.967047612756303 7.454814565722671 4
      vertex 29.062462120245875 5.782462120245875 4
      vertex 29.153021007305796 5.6791995004591564 4
    endloop
  endfacet
  facet normal 0 0 1
    outer loop
      vertex 30.303383350728087 3.5180964274781985 4
      vertex 30.485063509461096 3.79 4
      vertex 30.303383350728087 6.561903572521802 4
    endloop
  endfacet
  facet normal 0 0 1
    outer loop
      vertex 30.485063509461096 3.79 4
      vertex 30.62969883127822 4.083291419087276 4
      vertex 30.485063509461096 6.29 4
    endloop
  endfacet
  facet normal 0 0 1
    outer loop
      vertex 30.303383350728087 3.5180964274781985 4
      vertex 30.303383350728087 6.561903572521802 4
      vertex 30.08776695296637 6.807766952966369 4
    endloop
  endfacet
  facet normal 0 0 1
    outer loop
      vertex 30.485063509461096 3.79 4
      vertex 30.485063509461096 6.29 4
      vertex 30.303383350728087 6.561903572521802 4
    endloop
  endfacet
  facet normal 0 0 1
    outer loop
      vertex 30.62969883127822 4.083291419087276 4
      vertex 30.62969883127822 5.996708580912724 4
      vertex 30.485063509461096 6.29 4
    endloop
  endfacet
  facet normal 0 0 1
    outer loop
      vertex 29.8419035725218 3.0566166492719122 4
      vertex 29.8419035725218 7.023383350728087 4
      vertex 29.57 7.205063509461096 4
    endloop
  endfacet
  facet normal 0 0 1
    outer loop
      vertex 30.08776695296637 3.272233047033631 4
      vertex 30.08776695296637 6.807766952966369 4
      vertex 29.8419035725218 7.023383350728087 4
    endloop
  endfacet
  facet normal 0 0 1
    outer loop
      vertex 28.64631548055013 7.5186121534345265 4
      vertex 28.845 5.94932667397366 4
      vertex 28.967047612756303 7.454814565722671 4
    endloop
  endfacet
  facet normal 0 0 1
    outer loop
      vertex 28.967047612756303 7.454814565722671 4
      vertex 29.153021007305796 5.6791995004591564 4
      vertex 29.276708580912725 7.349698831278217 4
    endloop
  endfacet
  facet normal 0 0 1
    outer loop
      vertex 30.62969883127822 4.083291419087276 4
      vertex 30.734814565722672 4.392952387243698 4
      vertex 30.62969883127822 5.996708580912724 4
    endloop
  endfacet
  facet normal 0 0 1
    outer loop
      vertex 30.734814565722672 4.392952387243698 4
      vertex 30.798612153434526 4.713684519449871 4
      vertex 30.734814565722672 5.687047612756302 4
    endloop
  endfacet
  facet normal 0 0 1
    outer loop
      vertex 30.798612153434526 4.713684519449871 4
      vertex 30.82 5.04 4
      vertex 30.798612153434526 5.366315480550129 4
    endloop
  endfacet
  facet normal 0 0 1
    outer loop
      vertex 30.798612153434526 4.713684519449871 4
      vertex 30.798612153434526 5.366315480550129 4
      vertex 30.734814565722672 5.687047612756302 4
    endloop
  endfacet
  facet normal 0 0 1
    outer loop
      vertex 30.62969883127822 5.996708580912724 4
      vertex 30.734814565722672 4.392952387243698 4
      vertex 30.734814565722672 5.687047612756302 4
    endloop
  endfacet
  facet normal -0.8968727415326887 -0.4422886902190004 3.17038890139184e-18
    outer loop
      vertex 64.29493649053892 30.050000000000004 1.5999999999999996
      vertex 64.1503011687218 30.34329141908728 4
      vertex 64.1503011687218 30.34329141908728 1.5999999999999996
    endloop
  endfacet
  facet normal -0.9469301294951059 -0.3214394653031609 2.604430472272451e-18
    outer loop
      vertex 64.1503011687218 30.34329141908728 1.5999999999999996
      vertex 64.04518543427734 30.6529523872437 4
      vertex 64.04518543427734 30.6529523872437 1.5999999999999996
    endloop
  endfacet
  facet normal -0.6593458151000755 -0.7518398074789716 0
    outer loop
      vertex 64.9380964274782 29.316616649271918 1.5999999999999996
      vertex 64.9380964274782 29.316616649271918 4
      vertex 64.69223304703364 29.532233047033635 1.5999999999999996
    endloop
  endfacet
  facet normal -0.5555702330195942 -0.8314696123025507 -1.3973581604589793e-18
    outer loop
      vertex 64.9380964274782 29.316616649271918 1.5999999999999996
      vertex 65.21000000000001 29.13493649053891 1.5999999999999996
      vertex 65.21000000000001 29.13493649053891 4
    endloop
  endfacet
  facet normal -0.44228869021900064 -0.8968727415326887 7.675660308491371e-19
    outer loop
      vertex 65.21000000000001 29.13493649053891 1.5999999999999996
      vertex 65.50329141908729 28.990301168721786 1.5999999999999996
      vertex 65.50329141908729 28.990301168721786 4
    endloop
  endfacet
  facet normal -0.7518398074789757 -0.6593458151000708 0
    outer loop
      vertex 64.47661664927192 29.778096427478204 1.5999999999999996
      vertex 64.69223304703364 29.532233047033635 1.5999999999999996
      vertex 64.47661664927192 29.778096427478204 4
    endloop
  endfacet
  facet normal -0.8314696123025539 -0.5555702330195893 0
    outer loop
      vertex 64.29493649053892 30.050000000000004 1.5999999999999996
      vertex 64.47661664927192 29.778096427478204 1.5999999999999996
      vertex 64.29493649053892 30.050000000000004 4
    endloop
  endfacet
  facet normal -0.9807852804032274 -0.19509032201614293 9.018427623564744e-20
    outer loop
      vertex 64.04518543427734 30.6529523872437 1.5999999999999996
      vertex 63.98138784656548 30.973684519449876 4
      vertex 63.98138784656548 30.973684519449876 1.5999999999999996
    endloop
  endfacet
  facet normal -0.9978589232386035 -0.06540312923014453 -2.4764929245912495e-19
    outer loop
      vertex 63.98138784656548 30.973684519449876 1.5999999999999996
      vertex 63.96000000000001 31.300000000000004 4
      vertex 63.96000000000001 31.300000000000004 1.5999999999999996
    endloop
  endfacet
  facet normal -0.9978589232386035 0.06540312923014453 2.4764929245912495e-19
    outer loop
      vertex 63.96000000000001 31.300000000000004 1.5999999999999996
      vertex 63.98138784656548 31.626315480550133 4
      vertex 63.98138784656548 31.626315480550133 1.5999999999999996
    endloop
  endfacet
  facet normal -0.9807852804032274 0.19509032201614293 -9.018427623564744e-20
    outer loop
      vertex 63.98138784656548 31.626315480550133 1.5999999999999996
      vertex 64.04518543427734 31.947047612756307 4
      vertex 64.04518543427734 31.947047612756307 1.5999999999999996
    endloop
  endfacet
  facet normal -0.9469301294951059 0.3214394653031609 -2.604430472272451e-18
    outer loop
      vertex 64.04518543427734 31.947047612756307 1.5999999999999996
      vertex 64.1503011687218 32.25670858091273 4
      vertex 64.1503011687218 32.25670858091273 1.5999999999999996
    endloop
  endfacet
  facet normal -0.8968727415326887 0.4422886902190004 -3.17038890139184e-18
    outer loop
      vertex 64.1503011687218 32.25670858091273 1.5999999999999996
      vertex 64.29493649053892 32.550000000000004 4
      vertex 64.29493649053892 32.550000000000004 1.5999999999999996
    endloop
  endfacet
  facet normal -0.8314696123025539 0.5555702330195893 -2.75570715165277e-18
    outer loop
      vertex 64.29493649053892 32.550000000000004 1.5999999999999996
      vertex 64.47661664927192 32.821903572521805 4
      vertex 64.47661664927192 32.821903572521805 1.5999999999999996
    endloop
  endfacet
  facet normal -0.7518398074789757 0.6593458151000708 -1.3152447813630449e-18
    outer loop
      vertex 64.47661664927192 32.821903572521805 1.5999999999999996
      vertex 64.69223304703364 33.06776695296637 4
      vertex 64.69223304703364 33.06776695296637 1.5999999999999996
    endloop
  endfacet
  facet normal -0.6593458151000815 0.7518398074789662 0
    outer loop
      vertex 64.69223304703364 33.06776695296637 1.5999999999999996
      vertex 64.69223304703364 33.06776695296637 4
      vertex 64.9380964274782 33.283383350728094 1.5999999999999996
    endloop
  endfacet
  facet normal -0.5555702330195942 0.8314696123025507 0
    outer loop
      vertex 64.9380964274782 33.283383350728094 1.5999999999999996
      vertex 64.9380964274782 33.283383350728094 4
      vertex 65.21000000000001 33.4650635094611 1.5999999999999996
    endloop
  endfacet
  facet normal -0.4422886902189918 0.8968727415326929 0
    outer loop
      vertex 65.21000000000001 33.4650635094611 1.5999999999999996
      vertex 65.21000000000001 33.4650635094611 4
      vertex 65.50329141908729 33.60969883127822 1.5999999999999996
    endloop
  endfacet
  facet normal -0.3214394653031609 -0.9469301294951059 0
    outer loop
      vertex 65.81295238724371 28.885185434277332 1.5999999999999996
      vertex 65.81295238724371 28.885185434277332 4
      vertex 65.50329141908729 28.990301168721786 1.5999999999999996
    endloop
  endfacet
  facet normal -0.19509032201613039 -0.98078528040323 8.608085907265998e-19
    outer loop
      vertex 65.81295238724371 28.885185434277332 1.5999999999999996
      vertex 66.13368451944987 28.82138784656548 1.5999999999999996
      vertex 66.13368451944987 28.82138784656548 4
    endloop
  endfacet
  facet normal -0.06540312923014309 -0.9978589232386034 -4.788894495437299e-19
    outer loop
      vertex 66.13368451944987 28.82138784656548 1.5999999999999996
      vertex 66.46000000000001 28.800000000000004 1.5999999999999996
      vertex 66.46000000000001 28.800000000000004 4
    endloop
  endfacet
  facet normal 0.06540312923014309 -0.9978589232386034 4.788894495437299e-19
    outer loop
      vertex 66.46000000000001 28.800000000000004 1.5999999999999996
      vertex 66.78631548055014 28.82138784656548 1.5999999999999996
      vertex 66.78631548055014 28.82138784656548 4
    endloop
  endfacet
  facet normal 0.19509032201613039 -0.98078528040323 -8.608085907265998e-19
    outer loop
      vertex 66.78631548055014 28.82138784656548 1.5999999999999996
      vertex 67.1070476127563 28.885185434277332 1.5999999999999996
      vertex 67.1070476127563 28.885185434277332 4
    endloop
  endfacet
  facet normal 0.3214394653031609 -0.9469301294951059 -2.604430472272451e-18
    outer loop
      vertex 67.1070476127563 28.885185434277332 1.5999999999999996
      vertex 67.41670858091273 28.990301168721786 1.5999999999999996
      vertex 67.41670858091273 28.990301168721786 4
    endloop
  endfacet
  facet normal 0.44228869021900064 -0.8968727415326887 -7.675660308491371e-19
    outer loop
      vertex 67.41670858091273 28.990301168721786 1.5999999999999996
      vertex 67.71000000000001 29.13493649053891 1.5999999999999996
      vertex 67.71000000000001 29.13493649053891 4
    endloop
  endfacet
  facet normal 0.5555702330195942 -0.8314696123025507 1.3973581604589793e-18
    outer loop
      vertex 67.71000000000001 29.13493649053891 1.5999999999999996
      vertex 67.98190357252182 29.316616649271918 1.5999999999999996
      vertex 67.98190357252182 29.316616649271918 4
    endloop
  endfacet
  facet normal 0.6593458151000755 -0.7518398074789716 1.5736822692997975e-18
    outer loop
      vertex 67.98190357252182 29.316616649271918 1.5999999999999996
      vertex 68.22776695296638 29.532233047033635 1.5999999999999996
      vertex 68.22776695296638 29.532233047033635 4
    endloop
  endfacet
  facet normal 0.7518398074789757 -0.6593458151000708 0
    outer loop
      vertex 68.22776695296638 29.532233047033635 1.5999999999999996
      vertex 68.4433833507281 29.778096427478204 1.5999999999999996
      vertex 68.22776695296638 29.532233047033635 4
    endloop
  endfacet
  facet normal 0.8314696123025539 -0.5555702330195893 0
    outer loop
      vertex 68.4433833507281 29.778096427478204 1.5999999999999996
      vertex 68.6250635094611 30.050000000000004 1.5999999999999996
      vertex 68.4433833507281 29.778096427478204 4
    endloop
  endfacet
  facet normal 0.8968727415326887 -0.4422886902190004 0
    outer loop
      vertex 68.6250635094611 30.050000000000004 1.5999999999999996
      vertex 68.76969883127822 30.34329141908728 1.5999999999999996
      vertex 68.6250635094611 30.050000000000004 4
    endloop
  endfacet
  facet normal 0.9469301294951059 -0.3214394653031609 0
    outer loop
      vertex 68.76969883127822 30.34329141908728 1.5999999999999996
      vertex 68.87481456572267 30.6529523872437 1.5999999999999996
      vertex 68.76969883127822 30.34329141908728 4
    endloop
  endfacet
  facet normal -0.3214394653031609 0.9469301294951059 0
    outer loop
      vertex 65.50329141908729 33.60969883127822 1.5999999999999996
      vertex 65.50329141908729 33.60969883127822 4
      vertex 65.81295238724371 33.714814565722676 1.5999999999999996
    endloop
  endfacet
  facet normal -0.19509032201613039 0.98078528040323 0
    outer loop
      vertex 65.81295238724371 33.714814565722676 1.5999999999999996
      vertex 65.81295238724371 33.714814565722676 4
      vertex 66.13368451944987 33.77861215343453 1.5999999999999996
    endloop
  endfacet
  facet normal -0.06540312923014309 0.9978589232386034 0
    outer loop
      vertex 66.13368451944987 33.77861215343453 1.5999999999999996
      vertex 66.13368451944987 33.77861215343453 4
      vertex 66.46000000000001 33.800000000000004 1.5999999999999996
    endloop
  endfacet
  facet normal 0.06540312923014309 0.9978589232386034 0
    outer loop
      vertex 66.46000000000001 33.800000000000004 1.5999999999999996
      vertex 66.46000000000001 33.800000000000004 4
      vertex 66.78631548055014 33.77861215343453 1.5999999999999996
    endloop
  endfacet
  facet normal 0.19509032201613039 0.98078528040323 0
    outer loop
      vertex 66.78631548055014 33.77861215343453 1.5999999999999996
      vertex 66.78631548055014 33.77861215343453 4
      vertex 67.1070476127563 33.714814565722676 1.5999999999999996
    endloop
  endfacet
  facet normal 0.3214394653031609 0.9469301294951059 0
    outer loop
      vertex 67.1070476127563 33.714814565722676 1.5999999999999996
      vertex 67.1070476127563 33.714814565722676 4
      vertex 67.41670858091273 33.60969883127822 1.5999999999999996
    endloop
  endfacet
  facet normal 0.4422886902189918 0.8968727415326929 0
    outer loop
      vertex 67.41670858091273 33.60969883127822 1.5999999999999996
      vertex 67.41670858091273 33.60969883127822 4
      vertex 67.71000000000001 33.4650635094611 1.5999999999999996
    endloop
  endfacet
  facet normal 0.8314696123025539 0.5555702330195893 0
    outer loop
      vertex 68.6250635094611 32.550000000000004 1.5999999999999996
      vertex 68.4433833507281 32.821903572521805 1.5999999999999996
      vertex 68.6250635094611 32.550000000000004 4
    endloop
  endfacet
  facet normal 0.9807852804032274 -0.19509032201614293 0
    outer loop
      vertex 68.87481456572267 30.6529523872437 1.5999999999999996
      vertex 68.93861215343453 30.973684519449876 1.5999999999999996
      vertex 68.87481456572267 30.6529523872437 4
    endloop
  endfacet
  facet normal 0.9978589232386035 -0.06540312923014453 0
    outer loop
      vertex 68.93861215343453 30.973684519449876 1.5999999999999996
      vertex 68.96000000000001 31.300000000000004 1.5999999999999996
      vertex 68.93861215343453 30.973684519449876 4
    endloop
  endfacet
  facet normal 0.9978589232386035 0.06540312923014453 0
    outer loop
      vertex 68.96000000000001 31.300000000000004 1.5999999999999996
      vertex 68.93861215343453 31.626315480550133 1.5999999999999996
      vertex 68.96000000000001 31.300000000000004 4
    endloop
  endfacet
  facet normal 0.9807852804032274 0.19509032201614293 0
    outer loop
      vertex 68.93861215343453 31.626315480550133 1.5999999999999996
      vertex 68.87481456572267 31.947047612756307 1.5999999999999996
      vertex 68.93861215343453 31.626315480550133 4
    endloop
  endfacet
  facet normal 0.9469301294951059 0.3214394653031609 0
    outer loop
      vertex 68.87481456572267 31.947047612756307 1.5999999999999996
      vertex 68.76969883127822 32.25670858091273 1.5999999999999996
      vertex 68.87481456572267 31.947047612756307 4
    endloop
  endfacet
  facet normal 0.8968727415326887 0.4422886902190004 3.17038890139184e-18
    outer loop
      vertex 68.6250635094611 32.550000000000004 1.5999999999999996
      vertex 68.76969883127822 32.25670858091273 4
      vertex 68.76969883127822 32.25670858091273 1.5999999999999996
    endloop
  endfacet
  facet normal 0.6593458151000815 0.7518398074789662 0
    outer loop
      vertex 67.98190357252182 33.283383350728094 1.5999999999999996
      vertex 67.98190357252182 33.283383350728094 4
      vertex 68.22776695296638 33.06776695296637 1.5999999999999996
    endloop
  endfacet
  facet normal 0.5555702330195942 0.8314696123025507 -1.3973581604589793e-18
    outer loop
      vertex 67.98190357252182 33.283383350728094 1.5999999999999996
      vertex 67.71000000000001 33.4650635094611 1.5999999999999996
      vertex 67.71000000000001 33.4650635094611 4
    endloop
  endfacet
  facet normal 0.7518398074789757 0.6593458151000708 1.3152447813630449e-18
    outer loop
      vertex 68.22776695296638 33.06776695296637 1.5999999999999996
      vertex 68.4433833507281 32.821903572521805 4
      vertex 68.4433833507281 32.821903572521805 1.5999999999999996
    endloop
  endfacet
  facet normal -0.8968727415326887 -0.4422886902190004 0
    outer loop
      vertex 64.29493649053892 30.050000000000004 1.5999999999999996
      vertex 64.29493649053892 30.050000000000004 4
      vertex 64.1503011687218 30.34329141908728 4
    endloop
  endfacet
  facet normal -0.9469301294951059 -0.3214394653031609 0
    outer loop
      vertex 64.1503011687218 30.34329141908728 1.5999999999999996
      vertex 64.1503011687218 30.34329141908728 4
      vertex 64.04518543427734 30.6529523872437 4
    endloop
  endfacet
  facet normal -0.6593458151000755 -0.7518398074789716 0
    outer loop
      vertex 64.69223304703364 29.532233047033635 1.5999999999999996
      vertex 64.9380964274782 29.316616649271918 4
      vertex 64.69223304703364 29.532233047033635 4
    endloop
  endfacet
  facet normal -0.5555702330195942 -0.8314696123025507 0
    outer loop
      vertex 64.9380964274782 29.316616649271918 1.5999999999999996
      vertex 65.21000000000001 29.13493649053891 4
      vertex 64.9380964274782 29.316616649271918 4
    endloop
  endfacet
  facet normal -0.44228869021900064 -0.8968727415326887 0
    outer loop
      vertex 65.21000000000001 29.13493649053891 1.5999999999999996
      vertex 65.50329141908729 28.990301168721786 4
      vertex 65.21000000000001 29.13493649053891 4
    endloop
  endfacet
  facet normal -0.8314696123025539 -0.5555702330195893 0
    outer loop
      vertex 64.47661664927192 29.778096427478204 1.5999999999999996
      vertex 64.47661664927192 29.778096427478204 4
      vertex 64.29493649053892 30.050000000000004 4
    endloop
  endfacet
  facet normal -0.7518398074789757 -0.6593458151000708 0
    outer loop
      vertex 64.69223304703364 29.532233047033635 1.5999999999999996
      vertex 64.69223304703364 29.532233047033635 4
      vertex 64.47661664927192 29.778096427478204 4
    endloop
  endfacet
  facet normal -0.9807852804032274 -0.19509032201614293 0
    outer loop
      vertex 64.04518543427734 30.6529523872437 1.5999999999999996
      vertex 64.04518543427734 30.6529523872437 4
      vertex 63.98138784656548 30.973684519449876 4
    endloop
  endfacet
  facet normal -0.9978589232386035 -0.06540312923014453 0
    outer loop
      vertex 63.98138784656548 30.973684519449876 1.5999999999999996
      vertex 63.98138784656548 30.973684519449876 4
      vertex 63.96000000000001 31.300000000000004 4
    endloop
  endfacet
  facet normal -0.9978589232386035 0.06540312923014453 0
    outer loop
      vertex 63.96000000000001 31.300000000000004 1.5999999999999996
      vertex 63.96000000000001 31.300000000000004 4
      vertex 63.98138784656548 31.626315480550133 4
    endloop
  endfacet
  facet normal -0.9807852804032274 0.19509032201614293 0
    outer loop
      vertex 63.98138784656548 31.626315480550133 1.5999999999999996
      vertex 63.98138784656548 31.626315480550133 4
      vertex 64.04518543427734 31.947047612756307 4
    endloop
  endfacet
  facet normal -0.9469301294951059 0.3214394653031609 0
    outer loop
      vertex 64.04518543427734 31.947047612756307 1.5999999999999996
      vertex 64.04518543427734 31.947047612756307 4
      vertex 64.1503011687218 32.25670858091273 4
    endloop
  endfacet
  facet normal -0.8968727415326887 0.4422886902190004 0
    outer loop
      vertex 64.1503011687218 32.25670858091273 1.5999999999999996
      vertex 64.1503011687218 32.25670858091273 4
      vertex 64.29493649053892 32.550000000000004 4
    endloop
  endfacet
  facet normal -0.8314696123025539 0.5555702330195893 0
    outer loop
      vertex 64.29493649053892 32.550000000000004 1.5999999999999996
      vertex 64.29493649053892 32.550000000000004 4
      vertex 64.47661664927192 32.821903572521805 4
    endloop
  endfacet
  facet normal -0.7518398074789757 0.6593458151000708 0
    outer loop
      vertex 64.47661664927192 32.821903572521805 1.5999999999999996
      vertex 64.47661664927192 32.821903572521805 4
      vertex 64.69223304703364 33.06776695296637 4
    endloop
  endfacet
  facet normal -0.6593458151000815 0.7518398074789662 0
    outer loop
      vertex 64.9380964274782 33.283383350728094 1.5999999999999996
      vertex 64.69223304703364 33.06776695296637 4
      vertex 64.9380964274782 33.283383350728094 4
    endloop
  endfacet
  facet normal -0.5555702330195942 0.8314696123025507 0
    outer loop
      vertex 65.21000000000001 33.4650635094611 1.5999999999999996
      vertex 64.9380964274782 33.283383350728094 4
      vertex 65.21000000000001 33.4650635094611 4
    endloop
  endfacet
  facet normal -0.4422886902189918 0.8968727415326929 0
    outer loop
      vertex 65.50329141908729 33.60969883127822 1.5999999999999996
      vertex 65.21000000000001 33.4650635094611 4
      vertex 65.50329141908729 33.60969883127822 4
    endloop
  endfacet
  facet normal -0.3214394653031609 -0.9469301294951059 0
    outer loop
      vertex 65.50329141908729 28.990301168721786 1.5999999999999996
      vertex 65.81295238724371 28.885185434277332 4
      vertex 65.50329141908729 28.990301168721786 4
    endloop
  endfacet
  facet normal -0.19509032201613039 -0.98078528040323 0
    outer loop
      vertex 65.81295238724371 28.885185434277332 1.5999999999999996
      vertex 66.13368451944987 28.82138784656548 4
      vertex 65.81295238724371 28.885185434277332 4
    endloop
  endfacet
  facet normal -0.06540312923014309 -0.9978589232386034 0
    outer loop
      vertex 66.13368451944987 28.82138784656548 1.5999999999999996
      vertex 66.46000000000001 28.800000000000004 4
      vertex 66.13368451944987 28.82138784656548 4
    endloop
  endfacet
  facet normal 0.06540312923014309 -0.9978589232386034 0
    outer loop
      vertex 66.46000000000001 28.800000000000004 1.5999999999999996
      vertex 66.78631548055014 28.82138784656548 4
      vertex 66.46000000000001 28.800000000000004 4
    endloop
  endfacet
  facet normal 0.19509032201613039 -0.98078528040323 0
    outer loop
      vertex 66.78631548055014 28.82138784656548 1.5999999999999996
      vertex 67.1070476127563 28.885185434277332 4
      vertex 66.78631548055014 28.82138784656548 4
    endloop
  endfacet
  facet normal 0.3214394653031609 -0.9469301294951059 0
    outer loop
      vertex 67.1070476127563 28.885185434277332 1.5999999999999996
      vertex 67.41670858091273 28.990301168721786 4
      vertex 67.1070476127563 28.885185434277332 4
    endloop
  endfacet
  facet normal 0.44228869021900064 -0.8968727415326887 0
    outer loop
      vertex 67.41670858091273 28.990301168721786 1.5999999999999996
      vertex 67.71000000000001 29.13493649053891 4
      vertex 67.41670858091273 28.990301168721786 4
    endloop
  endfacet
  facet normal 0.5555702330195942 -0.8314696123025507 0
    outer loop
      vertex 67.71000000000001 29.13493649053891 1.5999999999999996
      vertex 67.98190357252182 29.316616649271918 4
      vertex 67.71000000000001 29.13493649053891 4
    endloop
  endfacet
  facet normal 0.6593458151000755 -0.7518398074789716 0
    outer loop
      vertex 67.98190357252182 29.316616649271918 1.5999999999999996
      vertex 68.22776695296638 29.532233047033635 4
      vertex 67.98190357252182 29.316616649271918 4
    endloop
  endfacet
  facet normal 0.7518398074789757 -0.6593458151000708 0
    outer loop
      vertex 68.4433833507281 29.778096427478204 1.5999999999999996
      vertex 68.4433833507281 29.778096427478204 4
      vertex 68.22776695296638 29.532233047033635 4
    endloop
  endfacet
  facet normal 0.8314696123025539 -0.5555702330195893 0
    outer loop
      vertex 68.6250635094611 30.050000000000004 1.5999999999999996
      vertex 68.6250635094611 30.050000000000004 4
      vertex 68.4433833507281 29.778096427478204 4
    endloop
  endfacet
  facet normal 0.8968727415326887 -0.4422886902190004 0
    outer loop
      vertex 68.76969883127822 30.34329141908728 1.5999999999999996
      vertex 68.76969883127822 30.34329141908728 4
      vertex 68.6250635094611 30.050000000000004 4
    endloop
  endfacet
  facet normal 0.9469301294951059 -0.3214394653031609 0
    outer loop
      vertex 68.87481456572267 30.6529523872437 1.5999999999999996
      vertex 68.87481456572267 30.6529523872437 4
      vertex 68.76969883127822 30.34329141908728 4
    endloop
  endfacet
  facet normal -0.3214394653031609 0.9469301294951059 0
    outer loop
      vertex 65.81295238724371 33.714814565722676 1.5999999999999996
      vertex 65.50329141908729 33.60969883127822 4
      vertex 65.81295238724371 33.714814565722676 4
    endloop
  endfacet
  facet normal -0.19509032201613039 0.98078528040323 0
    outer loop
      vertex 66.13368451944987 33.77861215343453 1.5999999999999996
      vertex 65.81295238724371 33.714814565722676 4
      vertex 66.13368451944987 33.77861215343453 4
    endloop
  endfacet
  facet normal -0.06540312923014309 0.9978589232386034 0
    outer loop
      vertex 66.46000000000001 33.800000000000004 1.5999999999999996
      vertex 66.13368451944987 33.77861215343453 4
      vertex 66.46000000000001 33.800000000000004 4
    endloop
  endfacet
  facet normal 0.06540312923014309 0.9978589232386034 0
    outer loop
      vertex 66.78631548055014 33.77861215343453 1.5999999999999996
      vertex 66.46000000000001 33.800000000000004 4
      vertex 66.78631548055014 33.77861215343453 4
    endloop
  endfacet
  facet normal 0.19509032201613039 0.98078528040323 0
    outer loop
      vertex 67.1070476127563 33.714814565722676 1.5999999999999996
      vertex 66.78631548055014 33.77861215343453 4
      vertex 67.1070476127563 33.714814565722676 4
    endloop
  endfacet
  facet normal 0.3214394653031609 0.9469301294951059 0
    outer loop
      vertex 67.41670858091273 33.60969883127822 1.5999999999999996
      vertex 67.1070476127563 33.714814565722676 4
      vertex 67.41670858091273 33.60969883127822 4
    endloop
  endfacet
  facet normal 0.8314696123025539 0.5555702330195893 0
    outer loop
      vertex 68.4433833507281 32.821903572521805 1.5999999999999996
      vertex 68.4433833507281 32.821903572521805 4
      vertex 68.6250635094611 32.550000000000004 4
    endloop
  endfacet
  facet normal 0.9807852804032274 -0.19509032201614293 0
    outer loop
      vertex 68.93861215343453 30.973684519449876 1.5999999999999996
      vertex 68.93861215343453 30.973684519449876 4
      vertex 68.87481456572267 30.6529523872437 4
    endloop
  endfacet
  facet normal 0.9978589232386035 -0.06540312923014453 0
    outer loop
      vertex 68.96000000000001 31.300000000000004 1.5999999999999996
      vertex 68.96000000000001 31.300000000000004 4
      vertex 68.93861215343453 30.973684519449876 4
    endloop
  endfacet
  facet normal 0.9978589232386035 0.06540312923014453 0
    outer loop
      vertex 68.93861215343453 31.626315480550133 1.5999999999999996
      vertex 68.93861215343453 31.626315480550133 4
      vertex 68.96000000000001 31.300000000000004 4
    endloop
  endfacet
  facet normal 0.9807852804032274 0.19509032201614293 0
    outer loop
      vertex 68.87481456572267 31.947047612756307 1.5999999999999996
      vertex 68.87481456572267 31.947047612756307 4
      vertex 68.93861215343453 31.626315480550133 4
    endloop
  endfacet
  facet normal 0.9469301294951059 0.3214394653031609 0
    outer loop
      vertex 68.76969883127822 32.25670858091273 1.5999999999999996
      vertex 68.76969883127822 32.25670858091273 4
      vertex 68.87481456572267 31.947047612756307 4
    endloop
  endfacet
  facet normal 0.8968727415326887 0.4422886902190004 0
    outer loop
      vertex 68.6250635094611 32.550000000000004 1.5999999999999996
      vertex 68.6250635094611 32.550000000000004 4
      vertex 68.76969883127822 32.25670858091273 4
    endloop
  endfacet
  facet normal 0.4422886902189918 0.8968727415326929 0
    outer loop
      vertex 67.71000000000001 33.4650635094611 1.5999999999999996
      vertex 67.41670858091273 33.60969883127822 4
      vertex 67.71000000000001 33.4650635094611 4
    endloop
  endfacet
  facet normal 0.5555702330195942 0.8314696123025507 0
    outer loop
      vertex 67.98190357252182 33.283383350728094 1.5999999999999996
      vertex 67.71000000000001 33.4650635094611 4
      vertex 67.98190357252182 33.283383350728094 4
    endloop
  endfacet
  facet normal 0.7518398074789757 0.6593458151000708 0
    outer loop
      vertex 68.22776695296638 33.06776695296637 1.5999999999999996
      vertex 68.22776695296638 33.06776695296637 4
      vertex 68.4433833507281 32.821903572521805 4
    endloop
  endfacet
  facet normal 0.6593458151000815 0.7518398074789662 0
    outer loop
      vertex 68.22776695296638 33.06776695296637 1.5999999999999996
      vertex 67.98190357252182 33.283383350728094 4
      vertex 68.22776695296638 33.06776695296637 4
    endloop
  endfacet
  facet normal 0 0 1
    outer loop
      vertex 64.9380964274782 29.316616649271918 4
      vertex 65.21000000000001 29.13493649053891 4
      vertex 64.9380964274782 33.283383350728094 4
    endloop
  endfacet
  facet normal 0 0 1
    outer loop
      vertex 65.21000000000001 29.13493649053891 4
      vertex 65.50329141908729 28.990301168721786 4
      vertex 65.21000000000001 33.4650635094611 4
    endloop
  endfacet
  facet normal 0 0 1
    outer loop
      vertex 64.04518543427734 30.6529523872437 4
      vertex 63.98138784656548 31.626315480550133 4
      vertex 63.98138784656548 30.973684519449876 4
    endloop
  endfacet
  facet normal 0 0 1
    outer loop
      vertex 64.1503011687218 30.34329141908728 4
      vertex 64.04518543427734 31.947047612756307 4
      vertex 64.04518543427734 30.6529523872437 4
    endloop
  endfacet
  facet normal 0 0 1
    outer loop
      vertex 64.29493649053892 30.050000000000004 4
      vertex 64.1503011687218 32.25670858091273 4
      vertex 64.1503011687218 30.34329141908728 4
    endloop
  endfacet
  facet normal 0 0 1
    outer loop
      vertex 63.98138784656548 30.973684519449876 4
      vertex 63.98138784656548 31.626315480550133 4
      vertex 63.96000000000001 31.300000000000004 4
    endloop
  endfacet
  facet normal 0 0 1
    outer loop
      vertex 64.04518543427734 30.6529523872437 4
      vertex 64.04518543427734 31.947047612756307 4
      vertex 63.98138784656548 31.626315480550133 4
    endloop
  endfacet
  facet normal 0 0 1
    outer loop
      vertex 64.1503011687218 30.34329141908728 4
      vertex 64.1503011687218 32.25670858091273 4
      vertex 64.04518543427734 31.947047612756307 4
    endloop
  endfacet
  facet normal 0 0 1
    outer loop
      vertex 64.29493649053892 30.050000000000004 4
      vertex 64.29493649053892 32.550000000000004 4
      vertex 64.1503011687218 32.25670858091273 4
    endloop
  endfacet
  facet normal 0 0 1
    outer loop
      vertex 64.29493649053892 30.050000000000004 4
      vertex 64.47661664927192 29.778096427478204 4
      vertex 64.29493649053892 32.550000000000004 4
    endloop
  endfacet
  facet normal 0 0 1
    outer loop
      vertex 64.47661664927192 29.778096427478204 4
      vertex 64.69223304703364 29.532233047033635 4
      vertex 64.47661664927192 32.821903572521805 4
    endloop
  endfacet
  facet normal 0 0 1
    outer loop
      vertex 64.9380964274782 29.316616649271918 4
      vertex 64.69223304703364 33.06776695296637 4
      vertex 64.69223304703364 29.532233047033635 4
    endloop
  endfacet
  facet normal 0 0 1
    outer loop
      vertex 65.21000000000001 33.4650635094611 4
      vertex 65.50329141908729 28.990301168721786 4
      vertex 65.4189828955575 31.16294749816895 4
    endloop
  endfacet
  facet normal 0 0 1
    outer loop
      vertex 64.47661664927192 29.778096427478204 4
      vertex 64.47661664927192 32.821903572521805 4
      vertex 64.29493649053892 32.550000000000004 4
    endloop
  endfacet
  facet normal 0 0 1
    outer loop
      vertex 64.69223304703364 29.532233047033635 4
      vertex 64.69223304703364 33.06776695296637 4
      vertex 64.47661664927192 32.821903572521805 4
    endloop
  endfacet
  facet normal 0 0 1
    outer loop
      vertex 64.9380964274782 29.316616649271918 4
      vertex 64.9380964274782 33.283383350728094 4
      vertex 64.69223304703364 33.06776695296637 4
    endloop
  endfacet
  facet normal 0 0 1
    outer loop
      vertex 65.21000000000001 29.13493649053891 4
      vertex 65.21000000000001 33.4650635094611 4
      vertex 64.9380964274782 33.283383350728094 4
    endloop
  endfacet
  facet normal 0 0 1
    outer loop
      vertex 65.21000000000001 33.4650635094611 4
      vertex 65.4189828955575 31.16294749816895 4
      vertex 65.41000000000001 31.300000000000004 4
    endloop
  endfacet
  facet normal 0 0 1
    outer loop
      vertex 65.21000000000001 33.4650635094611 4
      vertex 65.41000000000001 31.300000000000004 4
      vertex 65.4189828955575 31.437052501831058 4
    endloop
  endfacet
  facet normal 0 0 1
    outer loop
      vertex 65.21000000000001 33.4650635094611 4
      vertex 65.4189828955575 31.437052501831058 4
      vertex 65.44577788239648 31.571759997357653 4
    endloop
  endfacet
  facet normal 0 0 1
    outer loop
      vertex 65.21000000000001 33.4650635094611 4
      vertex 65.44577788239648 31.571759997357653 4
      vertex 65.48992649086316 31.701817603983347 4
    endloop
  endfacet
  facet normal 0 0 1
    outer loop
      vertex 65.81295238724371 28.885185434277332 4
      vertex 66.13368451944987 28.82138784656548 4
      vertex 65.935 30.390673326026345 4
    endloop
  endfacet
  facet normal 0 0 1
    outer loop
      vertex 66.13368451944987 28.82138784656548 4
      vertex 66.46000000000001 28.800000000000004 4
      vertex 66.32294749816896 30.2589828955575 4
    endloop
  endfacet
  facet normal 0 0 1
    outer loop
      vertex 65.81295238724371 28.885185434277332 4
      vertex 65.6269789926942 30.660800499540848 4
      vertex 65.50329141908729 28.990301168721786 4
    endloop
  endfacet
  facet normal 0 0 1
    outer loop
      vertex 65.81295238724371 28.885185434277332 4
      vertex 65.71753787975413 30.55753787975413 4
      vertex 65.6269789926942 30.660800499540848 4
    endloop
  endfacet
  facet normal 0 0 1
    outer loop
      vertex 65.81295238724371 28.885185434277332 4
      vertex 65.82080049954085 30.46697899269421 4
      vertex 65.71753787975413 30.55753787975413 4
    endloop
  endfacet
  facet normal 0 0 1
    outer loop
      vertex 65.81295238724371 28.885185434277332 4
      vertex 65.935 30.390673326026345 4
      vertex 65.82080049954085 30.46697899269421 4
    endloop
  endfacet
  facet normal 0 0 1
    outer loop
      vertex 65.50329141908729 28.990301168721786 4
      vertex 65.55067332602634 30.775000000000006 4
      vertex 65.48992649086316 30.89818239601666 4
    endloop
  endfacet
  facet normal 0 0 1
    outer loop
      vertex 65.50329141908729 28.990301168721786 4
      vertex 65.48992649086316 30.89818239601666 4
      vertex 65.44577788239648 31.028240002642356 4
    endloop
  endfacet
  facet normal 0 0 1
    outer loop
      vertex 65.50329141908729 28.990301168721786 4
      vertex 65.6269789926942 30.660800499540848 4
      vertex 65.55067332602634 30.775000000000006 4
    endloop
  endfacet
  facet normal 0 0 1
    outer loop
      vertex 65.50329141908729 28.990301168721786 4
      vertex 65.44577788239648 31.028240002642356 4
      vertex 65.4189828955575 31.16294749816895 4
    endloop
  endfacet
  facet normal 0 0 1
    outer loop
      vertex 66.13368451944987 28.82138784656548 4
      vertex 66.05818239601666 30.32992649086315 4
      vertex 65.935 30.390673326026345 4
    endloop
  endfacet
  facet normal 0 0 1
    outer loop
      vertex 66.13368451944987 28.82138784656548 4
      vertex 66.18824000264236 30.28577788239648 4
      vertex 66.05818239601666 30.32992649086315 4
    endloop
  endfacet
  facet normal 0 0 1
    outer loop
      vertex 66.13368451944987 28.82138784656548 4
      vertex 66.32294749816896 30.2589828955575 4
      vertex 66.18824000264236 30.28577788239648 4
    endloop
  endfacet
  facet normal 0 0 1
    outer loop
      vertex 66.46000000000001 28.800000000000004 4
      vertex 66.46000000000001 30.250000000000004 4
      vertex 66.32294749816896 30.2589828955575 4
    endloop
  endfacet
  facet normal 0 0 1
    outer loop
      vertex 66.46000000000001 28.800000000000004 4
      vertex 66.78631548055014 28.82138784656548 4
      vertex 66.59705250183106 30.2589828955575 4
    endloop
  endfacet
  facet normal 0 0 1
    outer loop
      vertex 66.78631548055014 28.82138784656548 4
      vertex 67.1070476127563 28.885185434277332 4
      vertex 66.73175999735766 30.28577788239648 4
    endloop
  endfacet
  facet normal 0 0 1
    outer loop
      vertex 67.1070476127563 28.885185434277332 4
      vertex 67.41670858091273 28.990301168721786 4
      vertex 67.09919950045916 30.46697899269421 4
    endloop
  endfacet
  facet normal 0 0 1
    outer loop
      vertex 66.46000000000001 28.800000000000004 4
      vertex 66.59705250183106 30.2589828955575 4
      vertex 66.46000000000001 30.250000000000004 4
    endloop
  endfacet
  facet normal 0 0 1
    outer loop
      vertex 66.78631548055014 28.82138784656548 4
      vertex 66.73175999735766 30.28577788239648 4
      vertex 66.59705250183106 30.2589828955575 4
    endloop
  endfacet
  facet normal 0 0 1
    outer loop
      vertex 67.1070476127563 28.885185434277332 4
      vertex 66.86181760398335 30.32992649086315 4
      vertex 66.73175999735766 30.28577788239648 4
    endloop
  endfacet
  facet normal 0 0 1
    outer loop
      vertex 67.1070476127563 28.885185434277332 4
      vertex 66.98500000000001 30.390673326026345 4
      vertex 66.86181760398335 30.32992649086315 4
    endloop
  endfacet
  facet normal 0 0 1
    outer loop
      vertex 67.1070476127563 28.885185434277332 4
      vertex 67.09919950045916 30.46697899269421 4
      vertex 66.98500000000001 30.390673326026345 4
    endloop
  endfacet
  facet normal 0 0 1
    outer loop
      vertex 67.41670858091273 28.990301168721786 4
      vertex 67.20246212024588 30.55753787975413 4
      vertex 67.09919950045916 30.46697899269421 4
    endloop
  endfacet
  facet normal 0 0 1
    outer loop
      vertex 67.41670858091273 28.990301168721786 4
      vertex 67.71000000000001 29.13493649053891 4
      vertex 67.36932667397367 30.775000000000006 4
    endloop
  endfacet
  facet normal 0 0 1
    outer loop
      vertex 67.41670858091273 28.990301168721786 4
      vertex 67.29302100730581 30.660800499540848 4
      vertex 67.20246212024588 30.55753787975413 4
    endloop
  endfacet
  facet normal 0 0 1
    outer loop
      vertex 67.41670858091273 28.990301168721786 4
      vertex 67.36932667397367 30.775000000000006 4
      vertex 67.29302100730581 30.660800499540848 4
    endloop
  endfacet
  facet normal 0 0 1
    outer loop
      vertex 67.71000000000001 29.13493649053891 4
      vertex 67.43007350913686 30.89818239601666 4
      vertex 67.36932667397367 30.775000000000006 4
    endloop
  endfacet
  facet normal 0 0 1
    outer loop
      vertex 67.71000000000001 29.13493649053891 4
      vertex 67.47422211760353 31.028240002642356 4
      vertex 67.43007350913686 30.89818239601666 4
    endloop
  endfacet
  facet normal 0 0 1
    outer loop
      vertex 67.71000000000001 29.13493649053891 4
      vertex 67.50101710444251 31.16294749816895 4
      vertex 67.47422211760353 31.028240002642356 4
    endloop
  endfacet
  facet normal 0 0 1
    outer loop
      vertex 67.71000000000001 29.13493649053891 4
      vertex 67.51 31.300000000000004 4
      vertex 67.50101710444251 31.16294749816895 4
    endloop
  endfacet
  facet normal 0 0 1
    outer loop
      vertex 65.21000000000001 33.4650635094611 4
      vertex 65.48992649086316 31.701817603983347 4
      vertex 65.55067332602634 31.825000000000003 4
    endloop
  endfacet
  facet normal 0 0 1
    outer loop
      vertex 65.50329141908729 33.60969883127822 4
      vertex 65.55067332602634 31.825000000000003 4
      vertex 65.6269789926942 31.93919950045916 4
    endloop
  endfacet
  facet normal 0 0 1
    outer loop
      vertex 65.50329141908729 33.60969883127822 4
      vertex 65.6269789926942 31.93919950045916 4
      vertex 65.71753787975413 32.04246212024588 4
    endloop
  endfacet
  facet normal 0 0 1
    outer loop
      vertex 65.50329141908729 33.60969883127822 4
      vertex 65.71753787975413 32.04246212024588 4
      vertex 65.82080049954085 32.1330210073058 4
    endloop
  endfacet
  facet normal 0 0 1
    outer loop
      vertex 65.81295238724371 33.714814565722676 4
      vertex 65.82080049954085 32.1330210073058 4
      vertex 65.935 32.20932667397366 4
    endloop
  endfacet
  facet normal 0 0 1
    outer loop
      vertex 65.81295238724371 33.714814565722676 4
      vertex 65.935 32.20932667397366 4
      vertex 66.05818239601666 32.27007350913686 4
    endloop
  endfacet
  facet normal 0 0 1
    outer loop
      vertex 67.71000000000001 29.13493649053891 4
      vertex 67.50101710444251 31.437052501831058 4
      vertex 67.51 31.300000000000004 4
    endloop
  endfacet
  facet normal 0 0 1
    outer loop
      vertex 67.71000000000001 29.13493649053891 4
      vertex 67.41670858091273 33.60969883127822 4
      vertex 67.50101710444251 31.437052501831058 4
    endloop
  endfacet
  facet normal 0 0 1
    outer loop
      vertex 66.78631548055014 33.77861215343453 4
      vertex 66.86181760398335 32.27007350913686 4
      vertex 66.98500000000001 32.20932667397366 4
    endloop
  endfacet
  facet normal 0 0 1
    outer loop
      vertex 67.41670858091273 33.60969883127822 4
      vertex 67.47422211760353 31.571759997357653 4
      vertex 67.50101710444251 31.437052501831058 4
    endloop
  endfacet
  facet normal 0 0 1
    outer loop
      vertex 67.1070476127563 33.714814565722676 4
      vertex 66.98500000000001 32.20932667397366 4
      vertex 67.09919950045916 32.1330210073058 4
    endloop
  endfacet
  facet normal 0 0 1
    outer loop
      vertex 67.1070476127563 33.714814565722676 4
      vertex 67.09919950045916 32.1330210073058 4
      vertex 67.20246212024588 32.04246212024588 4
    endloop
  endfacet
  facet normal 0 0 1
    outer loop
      vertex 67.1070476127563 33.714814565722676 4
      vertex 67.20246212024588 32.04246212024588 4
      vertex 67.29302100730581 31.93919950045916 4
    endloop
  endfacet
  facet normal 0 0 1
    outer loop
      vertex 67.41670858091273 33.60969883127822 4
      vertex 67.43007350913686 31.701817603983347 4
      vertex 67.47422211760353 31.571759997357653 4
    endloop
  endfacet
  facet normal 0 0 1
    outer loop
      vertex 67.41670858091273 33.60969883127822 4
      vertex 67.29302100730581 31.93919950045916 4
      vertex 67.36932667397367 31.825000000000003 4
    endloop
  endfacet
  facet normal 0 0 1
    outer loop
      vertex 67.41670858091273 33.60969883127822 4
      vertex 67.36932667397367 31.825000000000003 4
      vertex 67.43007350913686 31.701817603983347 4
    endloop
  endfacet
  facet normal 0 0 1
    outer loop
      vertex 65.21000000000001 33.4650635094611 4
      vertex 65.55067332602634 31.825000000000003 4
      vertex 65.50329141908729 33.60969883127822 4
    endloop
  endfacet
  facet normal 0 0 1
    outer loop
      vertex 65.50329141908729 33.60969883127822 4
      vertex 65.82080049954085 32.1330210073058 4
      vertex 65.81295238724371 33.714814565722676 4
    endloop
  endfacet
  facet normal 0 0 1
    outer loop
      vertex 65.81295238724371 33.714814565722676 4
      vertex 66.05818239601666 32.27007350913686 4
      vertex 66.18824000264236 32.31422211760353 4
    endloop
  endfacet
  facet normal 0 0 1
    outer loop
      vertex 66.13368451944987 33.77861215343453 4
      vertex 66.18824000264236 32.31422211760353 4
      vertex 66.32294749816896 32.34101710444251 4
    endloop
  endfacet
  facet normal 0 0 1
    outer loop
      vertex 65.81295238724371 33.714814565722676 4
      vertex 66.18824000264236 32.31422211760353 4
      vertex 66.13368451944987 33.77861215343453 4
    endloop
  endfacet
  facet normal 0 0 1
    outer loop
      vertex 66.46000000000001 33.800000000000004 4
      vertex 66.32294749816896 32.34101710444251 4
      vertex 66.46000000000001 32.35 4
    endloop
  endfacet
  facet normal 0 0 1
    outer loop
      vertex 66.13368451944987 33.77861215343453 4
      vertex 66.32294749816896 32.34101710444251 4
      vertex 66.46000000000001 33.800000000000004 4
    endloop
  endfacet
  facet normal 0 0 1
    outer loop
      vertex 66.46000000000001 33.800000000000004 4
      vertex 66.46000000000001 32.35 4
      vertex 66.59705250183106 32.34101710444251 4
    endloop
  endfacet
  facet normal 0 0 1
    outer loop
      vertex 66.78631548055014 33.77861215343453 4
      vertex 66.59705250183106 32.34101710444251 4
      vertex 66.73175999735766 32.31422211760353 4
    endloop
  endfacet
  facet normal 0 0 1
    outer loop
      vertex 66.78631548055014 33.77861215343453 4
      vertex 66.73175999735766 32.31422211760353 4
      vertex 66.86181760398335 32.27007350913686 4
    endloop
  endfacet
  facet normal 0 0 1
    outer loop
      vertex 66.78631548055014 33.77861215343453 4
      vertex 66.98500000000001 32.20932667397366 4
      vertex 67.1070476127563 33.714814565722676 4
    endloop
  endfacet
  facet normal 0 0 1
    outer loop
      vertex 66.46000000000001 33.800000000000004 4
      vertex 66.59705250183106 32.34101710444251 4
      vertex 66.78631548055014 33.77861215343453 4
    endloop
  endfacet
  facet normal 0 0 1
    outer loop
      vertex 67.1070476127563 33.714814565722676 4
      vertex 67.29302100730581 31.93919950045916 4
      vertex 67.41670858091273 33.60969883127822 4
    endloop
  endfacet
  facet normal 0 0 1
    outer loop
      vertex 67.71000000000001 29.13493649053891 4
      vertex 67.98190357252182 29.316616649271918 4
      vertex 67.71000000000001 33.4650635094611 4
    endloop
  endfacet
  facet normal 0 0 1
    outer loop
      vertex 67.98190357252182 29.316616649271918 4
      vertex 68.22776695296638 29.532233047033635 4
      vertex 67.98190357252182 33.283383350728094 4
    endloop
  endfacet
  facet normal 0 0 1
    outer loop
      vertex 68.22776695296638 29.532233047033635 4
      vertex 68.4433833507281 29.778096427478204 4
      vertex 68.22776695296638 33.06776695296637 4
    endloop
  endfacet
  facet normal 0 0 1
    outer loop
      vertex 68.4433833507281 29.778096427478204 4
      vertex 68.6250635094611 30.050000000000004 4
      vertex 68.4433833507281 32.821903572521805 4
    endloop
  endfacet
  facet normal 0 0 1
    outer loop
      vertex 67.71000000000001 29.13493649053891 4
      vertex 67.71000000000001 33.4650635094611 4
      vertex 67.41670858091273 33.60969883127822 4
    endloop
  endfacet
  facet normal 0 0 1
    outer loop
      vertex 67.98190357252182 29.316616649271918 4
      vertex 67.98190357252182 33.283383350728094 4
      vertex 67.71000000000001 33.4650635094611 4
    endloop
  endfacet
  facet normal 0 0 1
    outer loop
      vertex 68.4433833507281 29.778096427478204 4
      vertex 68.4433833507281 32.821903572521805 4
      vertex 68.22776695296638 33.06776695296637 4
    endloop
  endfacet
  facet normal 0 0 1
    outer loop
      vertex 68.22776695296638 29.532233047033635 4
      vertex 68.22776695296638 33.06776695296637 4
      vertex 67.98190357252182 33.283383350728094 4
    endloop
  endfacet
  facet normal 0 0 1
    outer loop
      vertex 68.6250635094611 30.050000000000004 4
      vertex 68.6250635094611 32.550000000000004 4
      vertex 68.4433833507281 32.821903572521805 4
    endloop
  endfacet
  facet normal 0 0 1
    outer loop
      vertex 68.6250635094611 30.050000000000004 4
      vertex 68.76969883127822 30.34329141908728 4
      vertex 68.6250635094611 32.550000000000004 4
    endloop
  endfacet
  facet normal 0 0 1
    outer loop
      vertex 68.76969883127822 30.34329141908728 4
      vertex 68.87481456572267 30.6529523872437 4
      vertex 68.76969883127822 32.25670858091273 4
    endloop
  endfacet
  facet normal 0 0 1
    outer loop
      vertex 68.87481456572267 30.6529523872437 4
      vertex 68.93861215343453 30.973684519449876 4
      vertex 68.87481456572267 31.947047612756307 4
    endloop
  endfacet
  facet normal 0 0 1
    outer loop
      vertex 68.93861215343453 30.973684519449876 4
      vertex 68.93861215343453 31.626315480550133 4
      vertex 68.87481456572267 31.947047612756307 4
    endloop
  endfacet
  facet normal 0 0 1
    outer loop
      vertex 68.87481456572267 30.6529523872437 4
      vertex 68.87481456572267 31.947047612756307 4
      vertex 68.76969883127822 32.25670858091273 4
    endloop
  endfacet
  facet normal 0 0 1
    outer loop
      vertex 68.93861215343453 30.973684519449876 4
      vertex 68.96000000000001 31.300000000000004 4
      vertex 68.93861215343453 31.626315480550133 4
    endloop
  endfacet
  facet normal 0 0 1
    outer loop
      vertex 68.76969883127822 30.34329141908728 4
      vertex 68.76969883127822 32.25670858091273 4
      vertex 68.6250635094611 32.550000000000004 4
    endloop
  endfacet
  facet normal -0.7518398074789662 -0.6593458151000815 -5.30871473622969e-19
    outer loop
      vertex 64.69223304703364 65.09223304703364 1.5999999999999996
      vertex 64.47661664927192 65.3380964274782 4
      vertex 64.47661664927192 65.3380964274782 1.5999999999999996
    endloop
  endfacet
  facet normal -0.6593458151000815 -0.7518398074789662 -5.30871473622969e-19
    outer loop
      vertex 64.69223304703364 65.09223304703364 1.5999999999999996
      vertex 64.9380964274782 64.87661664927192 1.5999999999999996
      vertex 64.9380964274782 64.87661664927192 4
    endloop
  endfacet
  facet normal -0.4422886902189918 -0.8968727415326929 2.2281878869273448e-18
    outer loop
      vertex 65.21000000000001 64.69493649053892 1.5999999999999996
      vertex 65.50329141908729 64.5503011687218 1.5999999999999996
      vertex 65.50329141908729 64.5503011687218 4
    endloop
  endfacet
  facet normal -0.5555702330195792 -0.8314696123025607 0
    outer loop
      vertex 65.21000000000001 64.69493649053892 1.5999999999999996
      vertex 65.21000000000001 64.69493649053892 4
      vertex 64.9380964274782 64.87661664927192 1.5999999999999996
    endloop
  endfacet
  facet normal -0.8968727415326929 -0.4422886902189918 2.2281878869273448e-18
    outer loop
      vertex 64.29493649053892 65.61000000000001 1.5999999999999996
      vertex 64.1503011687218 65.9032914190873 4
      vertex 64.1503011687218 65.9032914190873 1.5999999999999996
    endloop
  endfacet
  facet normal -0.9469301294951059 -0.3214394653031609 0
    outer loop
      vertex 64.04518543427734 66.21295238724372 1.5999999999999996
      vertex 64.1503011687218 65.9032914190873 1.5999999999999996
      vertex 64.04518543427734 66.21295238724372 4
    endloop
  endfacet
  facet normal -0.9807852804032258 -0.19509032201615126 1.4823140139809428e-18
    outer loop
      vertex 64.04518543427734 66.21295238724372 1.5999999999999996
      vertex 63.98138784656548 66.53368451944988 4
      vertex 63.98138784656548 66.53368451944988 1.5999999999999996
    endloop
  endfacet
  facet normal -0.9978589232386034 -0.06540312923014309 -4.788894495437299e-19
    outer loop
      vertex 63.98138784656548 66.53368451944988 1.5999999999999996
      vertex 63.96000000000001 66.86000000000001 4
      vertex 63.96000000000001 66.86000000000001 1.5999999999999996
    endloop
  endfacet
  facet normal -0.9978589232386034 0.06540312923014309 4.788894495437299e-19
    outer loop
      vertex 63.96000000000001 66.86000000000001 1.5999999999999996
      vertex 63.98138784656548 67.18631548055015 4
      vertex 63.98138784656548 67.18631548055015 1.5999999999999996
    endloop
  endfacet
  facet normal -0.9807852804032258 0.19509032201615126 -1.4823140139809428e-18
    outer loop
      vertex 63.98138784656548 67.18631548055015 1.5999999999999996
      vertex 64.04518543427734 67.50704761275631 4
      vertex 64.04518543427734 67.50704761275631 1.5999999999999996
    endloop
  endfacet
  facet normal -0.8314696123025607 -0.5555702330195792 0
    outer loop
      vertex 64.29493649053892 65.61000000000001 1.5999999999999996
      vertex 64.47661664927192 65.3380964274782 1.5999999999999996
      vertex 64.29493649053892 65.61000000000001 4
    endloop
  endfacet
  facet normal -0.9469301294951059 0.3214394653031609 -2.604430472272451e-18
    outer loop
      vertex 64.04518543427734 67.50704761275631 1.5999999999999996
      vertex 64.1503011687218 67.81670858091273 4
      vertex 64.1503011687218 67.81670858091273 1.5999999999999996
    endloop
  endfacet
  facet normal -0.8968727415326929 0.4422886902189918 -2.2281878869273448e-18
    outer loop
      vertex 64.1503011687218 67.81670858091273 1.5999999999999996
      vertex 64.29493649053892 68.11000000000001 4
      vertex 64.29493649053892 68.11000000000001 1.5999999999999996
    endloop
  endfacet
  facet normal -0.8314696123025607 0.5555702330195792 -2.3977935072975444e-18
    outer loop
      vertex 64.29493649053892 68.11000000000001 1.5999999999999996
      vertex 64.47661664927192 68.38190357252182 4
      vertex 64.47661664927192 68.38190357252182 1.5999999999999996
    endloop
  endfacet
  facet normal -0.7518398074789662 0.6593458151000815 5.30871473622969e-19
    outer loop
      vertex 64.47661664927192 68.38190357252182 1.5999999999999996
      vertex 64.69223304703364 68.62776695296638 4
      vertex 64.69223304703364 68.62776695296638 1.5999999999999996
    endloop
  endfacet
  facet normal -0.6593458151000815 0.7518398074789662 0
    outer loop
      vertex 64.69223304703364 68.62776695296638 1.5999999999999996
      vertex 64.69223304703364 68.62776695296638 4
      vertex 64.9380964274782 68.8433833507281 1.5999999999999996
    endloop
  endfacet
  facet normal -0.5555702330195792 0.8314696123025607 0
    outer loop
      vertex 64.9380964274782 68.8433833507281 1.5999999999999996
      vertex 64.9380964274782 68.8433833507281 4
      vertex 65.21000000000001 69.0250635094611 1.5999999999999996
    endloop
  endfacet
  facet normal -0.4422886902189918 0.8968727415326929 0
    outer loop
      vertex 65.21000000000001 69.0250635094611 1.5999999999999996
      vertex 65.21000000000001 69.0250635094611 4
      vertex 65.50329141908729 69.16969883127823 1.5999999999999996
    endloop
  endfacet
  facet normal -0.3214394653031609 -0.9469301294951059 2.604430472272451e-18
    outer loop
      vertex 65.50329141908729 64.5503011687218 1.5999999999999996
      vertex 65.81295238724371 64.44518543427735 1.5999999999999996
      vertex 65.81295238724371 64.44518543427735 4
    endloop
  endfacet
  facet normal -0.19509032201615126 -0.9807852804032258 1.4823140139809428e-18
    outer loop
      vertex 65.81295238724371 64.44518543427735 1.5999999999999996
      vertex 66.13368451944987 64.38138784656549 1.5999999999999996
      vertex 66.13368451944987 64.38138784656549 4
    endloop
  endfacet
  facet normal -0.06540312923014309 -0.9978589232386034 -4.788894495437299e-19
    outer loop
      vertex 66.13368451944987 64.38138784656549 1.5999999999999996
      vertex 66.46000000000001 64.36000000000001 1.5999999999999996
      vertex 66.46000000000001 64.36000000000001 4
    endloop
  endfacet
  facet normal 0.06540312923014309 -0.9978589232386034 4.788894495437299e-19
    outer loop
      vertex 66.46000000000001 64.36000000000001 1.5999999999999996
      vertex 66.78631548055014 64.38138784656549 1.5999999999999996
      vertex 66.78631548055014 64.38138784656549 4
    endloop
  endfacet
  facet normal 0.19509032201615126 -0.9807852804032258 -1.4823140139809428e-18
    outer loop
      vertex 66.78631548055014 64.38138784656549 1.5999999999999996
      vertex 67.1070476127563 64.44518543427735 1.5999999999999996
      vertex 67.1070476127563 64.44518543427735 4
    endloop
  endfacet
  facet normal 0.3214394653031609 -0.9469301294951059 -2.604430472272451e-18
    outer loop
      vertex 67.1070476127563 64.44518543427735 1.5999999999999996
      vertex 67.41670858091273 64.5503011687218 1.5999999999999996
      vertex 67.41670858091273 64.5503011687218 4
    endloop
  endfacet
  facet normal 0.4422886902189918 -0.8968727415326929 -2.2281878869273448e-18
    outer loop
      vertex 67.41670858091273 64.5503011687218 1.5999999999999996
      vertex 67.71000000000001 64.69493649053892 1.5999999999999996
      vertex 67.71000000000001 64.69493649053892 4
    endloop
  endfacet
  facet normal 0.5555702330195792 -0.8314696123025607 -2.3977935072975444e-18
    outer loop
      vertex 67.71000000000001 64.69493649053892 1.5999999999999996
      vertex 67.98190357252182 64.87661664927192 1.5999999999999996
      vertex 67.98190357252182 64.87661664927192 4
    endloop
  endfacet
  facet normal 0.6593458151000815 -0.7518398074789662 5.30871473622969e-19
    outer loop
      vertex 67.98190357252182 64.87661664927192 1.5999999999999996
      vertex 68.22776695296638 65.09223304703364 1.5999999999999996
      vertex 68.22776695296638 65.09223304703364 4
    endloop
  endfacet
  facet normal 0.7518398074789662 -0.6593458151000815 0
    outer loop
      vertex 68.22776695296638 65.09223304703364 1.5999999999999996
      vertex 68.4433833507281 65.3380964274782 1.5999999999999996
      vertex 68.22776695296638 65.09223304703364 4
    endloop
  endfacet
  facet normal -0.3214394653031609 0.9469301294951059 0
    outer loop
      vertex 65.50329141908729 69.16969883127823 1.5999999999999996
      vertex 65.50329141908729 69.16969883127823 4
      vertex 65.81295238724371 69.27481456572268 1.5999999999999996
    endloop
  endfacet
  facet normal -0.19509032201615126 0.9807852804032258 0
    outer loop
      vertex 65.81295238724371 69.27481456572268 1.5999999999999996
      vertex 65.81295238724371 69.27481456572268 4
      vertex 66.13368451944987 69.33861215343454 1.5999999999999996
    endloop
  endfacet
  facet normal -0.06540312923014309 0.9978589232386034 0
    outer loop
      vertex 66.13368451944987 69.33861215343454 1.5999999999999996
      vertex 66.13368451944987 69.33861215343454 4
      vertex 66.46000000000001 69.36000000000001 1.5999999999999996
    endloop
  endfacet
  facet normal 0.06540312923014309 0.9978589232386034 0
    outer loop
      vertex 66.46000000000001 69.36000000000001 1.5999999999999996
      vertex 66.46000000000001 69.36000000000001 4
      vertex 66.78631548055014 69.33861215343454 1.5999999999999996
    endloop
  endfacet
  facet normal 0.19509032201615126 0.9807852804032258 0
    outer loop
      vertex 66.78631548055014 69.33861215343454 1.5999999999999996
      vertex 66.78631548055014 69.33861215343454 4
      vertex 67.1070476127563 69.27481456572268 1.5999999999999996
    endloop
  endfacet
  facet normal 0.3214394653031609 0.9469301294951059 0
    outer loop
      vertex 67.1070476127563 69.27481456572268 1.5999999999999996
      vertex 67.1070476127563 69.27481456572268 4
      vertex 67.41670858091273 69.16969883127823 1.5999999999999996
    endloop
  endfacet
  facet normal 0.4422886902189918 0.8968727415326929 0
    outer loop
      vertex 67.41670858091273 69.16969883127823 1.5999999999999996
      vertex 67.41670858091273 69.16969883127823 4
      vertex 67.71000000000001 69.0250635094611 1.5999999999999996
    endloop
  endfacet
  facet normal 0.8314696123025607 -0.5555702330195792 0
    outer loop
      vertex 68.4433833507281 65.3380964274782 1.5999999999999996
      vertex 68.6250635094611 65.61000000000001 1.5999999999999996
      vertex 68.4433833507281 65.3380964274782 4
    endloop
  endfacet
  facet normal 0.8968727415326929 -0.4422886902189918 0
    outer loop
      vertex 68.6250635094611 65.61000000000001 1.5999999999999996
      vertex 68.76969883127822 65.9032914190873 1.5999999999999996
      vertex 68.6250635094611 65.61000000000001 4
    endloop
  endfacet
  facet normal 0.9469301294951059 -0.3214394653031609 0
    outer loop
      vertex 68.76969883127822 65.9032914190873 1.5999999999999996
      vertex 68.87481456572267 66.21295238724372 1.5999999999999996
      vertex 68.76969883127822 65.9032914190873 4
    endloop
  endfacet
  facet normal 0.9807852804032258 -0.19509032201615126 0
    outer loop
      vertex 68.87481456572267 66.21295238724372 1.5999999999999996
      vertex 68.93861215343453 66.53368451944988 1.5999999999999996
      vertex 68.87481456572267 66.21295238724372 4
    endloop
  endfacet
  facet normal 0.9978589232386034 -0.06540312923014309 0
    outer loop
      vertex 68.93861215343453 66.53368451944988 1.5999999999999996
      vertex 68.96000000000001 66.86000000000001 1.5999999999999996
      vertex 68.93861215343453 66.53368451944988 4
    endloop
  endfacet
  facet normal 0.9807852804032258 0.19509032201615126 0
    outer loop
      vertex 68.93861215343453 67.18631548055015 1.5999999999999996
      vertex 68.87481456572267 67.50704761275631 1.5999999999999996
      vertex 68.93861215343453 67.18631548055015 4
    endloop
  endfacet
  facet normal 0.9978589232386034 0.06540312923014309 0
    outer loop
      vertex 68.96000000000001 66.86000000000001 1.5999999999999996
      vertex 68.93861215343453 67.18631548055015 1.5999999999999996
      vertex 68.96000000000001 66.86000000000001 4
    endloop
  endfacet
  facet normal 0.7518398074789662 0.6593458151000815 0
    outer loop
      vertex 68.4433833507281 68.38190357252182 1.5999999999999996
      vertex 68.22776695296638 68.62776695296638 1.5999999999999996
      vertex 68.4433833507281 68.38190357252182 4
    endloop
  endfacet
  facet normal 0.8314696123025607 0.5555702330195792 0
    outer loop
      vertex 68.6250635094611 68.11000000000001 1.5999999999999996
      vertex 68.4433833507281 68.38190357252182 1.5999999999999996
      vertex 68.6250635094611 68.11000000000001 4
    endloop
  endfacet
  facet normal 0.5555702330195792 0.8314696123025607 0
    outer loop
      vertex 67.71000000000001 69.0250635094611 1.5999999999999996
      vertex 67.71000000000001 69.0250635094611 4
      vertex 67.98190357252182 68.8433833507281 1.5999999999999996
    endloop
  endfacet
  facet normal 0.6593458151000815 0.7518398074789662 0
    outer loop
      vertex 67.98190357252182 68.8433833507281 1.5999999999999996
      vertex 67.98190357252182 68.8433833507281 4
      vertex 68.22776695296638 68.62776695296638 1.5999999999999996
    endloop
  endfacet
  facet normal 0.9469301294951059 0.3214394653031609 0
    outer loop
      vertex 68.87481456572267 67.50704761275631 1.5999999999999996
      vertex 68.76969883127822 67.81670858091273 1.5999999999999996
      vertex 68.87481456572267 67.50704761275631 4
    endloop
  endfacet
  facet normal 0.8968727415326929 0.4422886902189918 2.2281878869273448e-18
    outer loop
      vertex 68.6250635094611 68.11000000000001 1.5999999999999996
      vertex 68.76969883127822 67.81670858091273 4
      vertex 68.76969883127822 67.81670858091273 1.5999999999999996
    endloop
  endfacet
  facet normal -0.7518398074789662 -0.6593458151000815 0
    outer loop
      vertex 64.69223304703364 65.09223304703364 1.5999999999999996
      vertex 64.69223304703364 65.09223304703364 4
      vertex 64.47661664927192 65.3380964274782 4
    endloop
  endfacet
  facet normal -0.6593458151000815 -0.7518398074789662 0
    outer loop
      vertex 64.69223304703364 65.09223304703364 1.5999999999999996
      vertex 64.9380964274782 64.87661664927192 4
      vertex 64.69223304703364 65.09223304703364 4
    endloop
  endfacet
  facet normal -0.4422886902189918 -0.8968727415326929 0
    outer loop
      vertex 65.21000000000001 64.69493649053892 1.5999999999999996
      vertex 65.50329141908729 64.5503011687218 4
      vertex 65.21000000000001 64.69493649053892 4
    endloop
  endfacet
  facet normal -0.5555702330195792 -0.8314696123025607 0
    outer loop
      vertex 64.9380964274782 64.87661664927192 1.5999999999999996
      vertex 65.21000000000001 64.69493649053892 4
      vertex 64.9380964274782 64.87661664927192 4
    endloop
  endfacet
  facet normal -0.8968727415326929 -0.4422886902189918 0
    outer loop
      vertex 64.29493649053892 65.61000000000001 1.5999999999999996
      vertex 64.29493649053892 65.61000000000001 4
      vertex 64.1503011687218 65.9032914190873 4
    endloop
  endfacet
  facet normal -0.9807852804032258 -0.19509032201615126 0
    outer loop
      vertex 64.04518543427734 66.21295238724372 1.5999999999999996
      vertex 64.04518543427734 66.21295238724372 4
      vertex 63.98138784656548 66.53368451944988 4
    endloop
  endfacet
  facet normal -0.9469301294951059 -0.3214394653031609 0
    outer loop
      vertex 64.1503011687218 65.9032914190873 1.5999999999999996
      vertex 64.1503011687218 65.9032914190873 4
      vertex 64.04518543427734 66.21295238724372 4
    endloop
  endfacet
  facet normal -0.9978589232386034 -0.06540312923014309 0
    outer loop
      vertex 63.98138784656548 66.53368451944988 1.5999999999999996
      vertex 63.98138784656548 66.53368451944988 4
      vertex 63.96000000000001 66.86000000000001 4
    endloop
  endfacet
  facet normal -0.9978589232386034 0.06540312923014309 0
    outer loop
      vertex 63.96000000000001 66.86000000000001 1.5999999999999996
      vertex 63.96000000000001 66.86000000000001 4
      vertex 63.98138784656548 67.18631548055015 4
    endloop
  endfacet
  facet normal -0.9807852804032258 0.19509032201615126 0
    outer loop
      vertex 63.98138784656548 67.18631548055015 1.5999999999999996
      vertex 63.98138784656548 67.18631548055015 4
      vertex 64.04518543427734 67.50704761275631 4
    endloop
  endfacet
  facet normal -0.8314696123025607 -0.5555702330195792 0
    outer loop
      vertex 64.47661664927192 65.3380964274782 1.5999999999999996
      vertex 64.47661664927192 65.3380964274782 4
      vertex 64.29493649053892 65.61000000000001 4
    endloop
  endfacet
  facet normal -0.9469301294951059 0.3214394653031609 0
    outer loop
      vertex 64.04518543427734 67.50704761275631 1.5999999999999996
      vertex 64.04518543427734 67.50704761275631 4
      vertex 64.1503011687218 67.81670858091273 4
    endloop
  endfacet
  facet normal -0.8968727415326929 0.4422886902189918 0
    outer loop
      vertex 64.1503011687218 67.81670858091273 1.5999999999999996
      vertex 64.1503011687218 67.81670858091273 4
      vertex 64.29493649053892 68.11000000000001 4
    endloop
  endfacet
  facet normal -0.8314696123025607 0.5555702330195792 0
    outer loop
      vertex 64.29493649053892 68.11000000000001 1.5999999999999996
      vertex 64.29493649053892 68.11000000000001 4
      vertex 64.47661664927192 68.38190357252182 4
    endloop
  endfacet
  facet normal -0.7518398074789662 0.6593458151000815 0
    outer loop
      vertex 64.47661664927192 68.38190357252182 1.5999999999999996
      vertex 64.47661664927192 68.38190357252182 4
      vertex 64.69223304703364 68.62776695296638 4
    endloop
  endfacet
  facet normal -0.6593458151000815 0.7518398074789662 0
    outer loop
      vertex 64.9380964274782 68.8433833507281 1.5999999999999996
      vertex 64.69223304703364 68.62776695296638 4
      vertex 64.9380964274782 68.8433833507281 4
    endloop
  endfacet
  facet normal -0.5555702330195792 0.8314696123025607 0
    outer loop
      vertex 65.21000000000001 69.0250635094611 1.5999999999999996
      vertex 64.9380964274782 68.8433833507281 4
      vertex 65.21000000000001 69.0250635094611 4
    endloop
  endfacet
  facet normal -0.4422886902189918 0.8968727415326929 0
    outer loop
      vertex 65.50329141908729 69.16969883127823 1.5999999999999996
      vertex 65.21000000000001 69.0250635094611 4
      vertex 65.50329141908729 69.16969883127823 4
    endloop
  endfacet
  facet normal -0.3214394653031609 -0.9469301294951059 0
    outer loop
      vertex 65.50329141908729 64.5503011687218 1.5999999999999996
      vertex 65.81295238724371 64.44518543427735 4
      vertex 65.50329141908729 64.5503011687218 4
    endloop
  endfacet
  facet normal -0.19509032201615126 -0.9807852804032258 0
    outer loop
      vertex 65.81295238724371 64.44518543427735 1.5999999999999996
      vertex 66.13368451944987 64.38138784656549 4
      vertex 65.81295238724371 64.44518543427735 4
    endloop
  endfacet
  facet normal -0.06540312923014309 -0.9978589232386034 0
    outer loop
      vertex 66.13368451944987 64.38138784656549 1.5999999999999996
      vertex 66.46000000000001 64.36000000000001 4
      vertex 66.13368451944987 64.38138784656549 4
    endloop
  endfacet
  facet normal 0.06540312923014309 -0.9978589232386034 0
    outer loop
      vertex 66.46000000000001 64.36000000000001 1.5999999999999996
      vertex 66.78631548055014 64.38138784656549 4
      vertex 66.46000000000001 64.36000000000001 4
    endloop
  endfacet
  facet normal 0.19509032201615126 -0.9807852804032258 0
    outer loop
      vertex 66.78631548055014 64.38138784656549 1.5999999999999996
      vertex 67.1070476127563 64.44518543427735 4
      vertex 66.78631548055014 64.38138784656549 4
    endloop
  endfacet
  facet normal 0.3214394653031609 -0.9469301294951059 0
    outer loop
      vertex 67.1070476127563 64.44518543427735 1.5999999999999996
      vertex 67.41670858091273 64.5503011687218 4
      vertex 67.1070476127563 64.44518543427735 4
    endloop
  endfacet
  facet normal 0.4422886902189918 -0.8968727415326929 0
    outer loop
      vertex 67.41670858091273 64.5503011687218 1.5999999999999996
      vertex 67.71000000000001 64.69493649053892 4
      vertex 67.41670858091273 64.5503011687218 4
    endloop
  endfacet
  facet normal 0.5555702330195792 -0.8314696123025607 0
    outer loop
      vertex 67.71000000000001 64.69493649053892 1.5999999999999996
      vertex 67.98190357252182 64.87661664927192 4
      vertex 67.71000000000001 64.69493649053892 4
    endloop
  endfacet
  facet normal 0.6593458151000815 -0.7518398074789662 0
    outer loop
      vertex 67.98190357252182 64.87661664927192 1.5999999999999996
      vertex 68.22776695296638 65.09223304703364 4
      vertex 67.98190357252182 64.87661664927192 4
    endloop
  endfacet
  facet normal 0.7518398074789662 -0.6593458151000815 0
    outer loop
      vertex 68.4433833507281 65.3380964274782 1.5999999999999996
      vertex 68.4433833507281 65.3380964274782 4
      vertex 68.22776695296638 65.09223304703364 4
    endloop
  endfacet
  facet normal -0.3214394653031609 0.9469301294951059 0
    outer loop
      vertex 65.81295238724371 69.27481456572268 1.5999999999999996
      vertex 65.50329141908729 69.16969883127823 4
      vertex 65.81295238724371 69.27481456572268 4
    endloop
  endfacet
  facet normal -0.19509032201615126 0.9807852804032258 0
    outer loop
      vertex 66.13368451944987 69.33861215343454 1.5999999999999996
      vertex 65.81295238724371 69.27481456572268 4
      vertex 66.13368451944987 69.33861215343454 4
    endloop
  endfacet
  facet normal -0.06540312923014309 0.9978589232386034 0
    outer loop
      vertex 66.46000000000001 69.36000000000001 1.5999999999999996
      vertex 66.13368451944987 69.33861215343454 4
      vertex 66.46000000000001 69.36000000000001 4
    endloop
  endfacet
  facet normal 0.06540312923014309 0.9978589232386034 0
    outer loop
      vertex 66.78631548055014 69.33861215343454 1.5999999999999996
      vertex 66.46000000000001 69.36000000000001 4
      vertex 66.78631548055014 69.33861215343454 4
    endloop
  endfacet
  facet normal 0.19509032201615126 0.9807852804032258 0
    outer loop
      vertex 67.1070476127563 69.27481456572268 1.5999999999999996
      vertex 66.78631548055014 69.33861215343454 4
      vertex 67.1070476127563 69.27481456572268 4
    endloop
  endfacet
  facet normal 0.3214394653031609 0.9469301294951059 0
    outer loop
      vertex 67.41670858091273 69.16969883127823 1.5999999999999996
      vertex 67.1070476127563 69.27481456572268 4
      vertex 67.41670858091273 69.16969883127823 4
    endloop
  endfacet
  facet normal 0.8314696123025607 -0.5555702330195792 0
    outer loop
      vertex 68.6250635094611 65.61000000000001 1.5999999999999996
      vertex 68.6250635094611 65.61000000000001 4
      vertex 68.4433833507281 65.3380964274782 4
    endloop
  endfacet
  facet normal 0.8968727415326929 -0.4422886902189918 0
    outer loop
      vertex 68.76969883127822 65.9032914190873 1.5999999999999996
      vertex 68.76969883127822 65.9032914190873 4
      vertex 68.6250635094611 65.61000000000001 4
    endloop
  endfacet
  facet normal 0.9469301294951059 -0.3214394653031609 0
    outer loop
      vertex 68.87481456572267 66.21295238724372 1.5999999999999996
      vertex 68.87481456572267 66.21295238724372 4
      vertex 68.76969883127822 65.9032914190873 4
    endloop
  endfacet
  facet normal 0.9807852804032258 -0.19509032201615126 0
    outer loop
      vertex 68.93861215343453 66.53368451944988 1.5999999999999996
      vertex 68.93861215343453 66.53368451944988 4
      vertex 68.87481456572267 66.21295238724372 4
    endloop
  endfacet
  facet normal 0.9978589232386034 -0.06540312923014309 0
    outer loop
      vertex 68.96000000000001 66.86000000000001 1.5999999999999996
      vertex 68.96000000000001 66.86000000000001 4
      vertex 68.93861215343453 66.53368451944988 4
    endloop
  endfacet
  facet normal 0.9807852804032258 0.19509032201615126 0
    outer loop
      vertex 68.87481456572267 67.50704761275631 1.5999999999999996
      vertex 68.87481456572267 67.50704761275631 4
      vertex 68.93861215343453 67.18631548055015 4
    endloop
  endfacet
  facet normal 0.9978589232386034 0.06540312923014309 0
    outer loop
      vertex 68.93861215343453 67.18631548055015 1.5999999999999996
      vertex 68.93861215343453 67.18631548055015 4
      vertex 68.96000000000001 66.86000000000001 4
    endloop
  endfacet
  facet normal 0.8314696123025607 0.5555702330195792 0
    outer loop
      vertex 68.4433833507281 68.38190357252182 1.5999999999999996
      vertex 68.4433833507281 68.38190357252182 4
      vertex 68.6250635094611 68.11000000000001 4
    endloop
  endfacet
  facet normal 0.5555702330195792 0.8314696123025607 0
    outer loop
      vertex 67.98190357252182 68.8433833507281 1.5999999999999996
      vertex 67.71000000000001 69.0250635094611 4
      vertex 67.98190357252182 68.8433833507281 4
    endloop
  endfacet
  facet normal 0.4422886902189918 0.8968727415326929 0
    outer loop
      vertex 67.71000000000001 69.0250635094611 1.5999999999999996
      vertex 67.41670858091273 69.16969883127823 4
      vertex 67.71000000000001 69.0250635094611 4
    endloop
  endfacet
  facet normal 0.6593458151000815 0.7518398074789662 0
    outer loop
      vertex 68.22776695296638 68.62776695296638 1.5999999999999996
      vertex 67.98190357252182 68.8433833507281 4
      vertex 68.22776695296638 68.62776695296638 4
    endloop
  endfacet
  facet normal 0.7518398074789662 0.6593458151000815 0
    outer loop
      vertex 68.22776695296638 68.62776695296638 1.5999999999999996
      vertex 68.22776695296638 68.62776695296638 4
      vertex 68.4433833507281 68.38190357252182 4
    endloop
  endfacet
  facet normal 0.9469301294951059 0.3214394653031609 0
    outer loop
      vertex 68.76969883127822 67.81670858091273 1.5999999999999996
      vertex 68.76969883127822 67.81670858091273 4
      vertex 68.87481456572267 67.50704761275631 4
    endloop
  endfacet
  facet normal 0.8968727415326929 0.4422886902189918 0
    outer loop
      vertex 68.6250635094611 68.11000000000001 1.5999999999999996
      vertex 68.6250635094611 68.11000000000001 4
      vertex 68.76969883127822 67.81670858091273 4
    endloop
  endfacet
  facet normal 0 0 1
    outer loop
      vertex 64.04518543427734 66.21295238724372 4
      vertex 63.98138784656548 67.18631548055015 4
      vertex 63.98138784656548 66.53368451944988 4
    endloop
  endfacet
  facet normal 0 0 1
    outer loop
      vertex 63.98138784656548 66.53368451944988 4
      vertex 63.98138784656548 67.18631548055015 4
      vertex 63.96000000000001 66.86000000000001 4
    endloop
  endfacet
  facet normal 0 0 1
    outer loop
      vertex 64.04518543427734 66.21295238724372 4
      vertex 64.1503011687218 65.9032914190873 4
      vertex 64.04518543427734 67.50704761275631 4
    endloop
  endfacet
  facet normal 0 0 1
    outer loop
      vertex 64.29493649053892 65.61000000000001 4
      vertex 64.1503011687218 67.81670858091273 4
      vertex 64.1503011687218 65.9032914190873 4
    endloop
  endfacet
  facet normal 0 0 1
    outer loop
      vertex 64.04518543427734 66.21295238724372 4
      vertex 64.04518543427734 67.50704761275631 4
      vertex 63.98138784656548 67.18631548055015 4
    endloop
  endfacet
  facet normal 0 0 1
    outer loop
      vertex 64.1503011687218 65.9032914190873 4
      vertex 64.1503011687218 67.81670858091273 4
      vertex 64.04518543427734 67.50704761275631 4
    endloop
  endfacet
  facet normal 0 0 1
    outer loop
      vertex 64.29493649053892 65.61000000000001 4
      vertex 64.29493649053892 68.11000000000001 4
      vertex 64.1503011687218 67.81670858091273 4
    endloop
  endfacet
  facet normal 0 0 1
    outer loop
      vertex 64.69223304703364 65.09223304703364 4
      vertex 64.47661664927192 68.38190357252182 4
      vertex 64.47661664927192 65.3380964274782 4
    endloop
  endfacet
  facet normal 0 0 1
    outer loop
      vertex 64.69223304703364 65.09223304703364 4
      vertex 64.9380964274782 64.87661664927192 4
      vertex 64.69223304703364 68.62776695296638 4
    endloop
  endfacet
  facet normal 0 0 1
    outer loop
      vertex 65.21000000000001 64.69493649053892 4
      vertex 64.9380964274782 68.8433833507281 4
      vertex 64.9380964274782 64.87661664927192 4
    endloop
  endfacet
  facet normal 0 0 1
    outer loop
      vertex 65.21000000000001 64.69493649053892 4
      vertex 65.50329141908729 64.5503011687218 4
      vertex 65.21000000000001 69.0250635094611 4
    endloop
  endfacet
  facet normal 0 0 1
    outer loop
      vertex 64.29493649053892 65.61000000000001 4
      vertex 64.47661664927192 65.3380964274782 4
      vertex 64.29493649053892 68.11000000000001 4
    endloop
  endfacet
  facet normal 0 0 1
    outer loop
      vertex 64.47661664927192 65.3380964274782 4
      vertex 64.47661664927192 68.38190357252182 4
      vertex 64.29493649053892 68.11000000000001 4
    endloop
  endfacet
  facet normal 0 0 1
    outer loop
      vertex 64.69223304703364 65.09223304703364 4
      vertex 64.69223304703364 68.62776695296638 4
      vertex 64.47661664927192 68.38190357252182 4
    endloop
  endfacet
  facet normal 0 0 1
    outer loop
      vertex 65.21000000000001 69.0250635094611 4
      vertex 65.50329141908729 64.5503011687218 4
      vertex 65.4189828955575 66.72294749816896 4
    endloop
  endfacet
  facet normal 0 0 1
    outer loop
      vertex 64.9380964274782 64.87661664927192 4
      vertex 64.9380964274782 68.8433833507281 4
      vertex 64.69223304703364 68.62776695296638 4
    endloop
  endfacet
  facet normal 0 0 1
    outer loop
      vertex 65.21000000000001 64.69493649053892 4
      vertex 65.21000000000001 69.0250635094611 4
      vertex 64.9380964274782 68.8433833507281 4
    endloop
  endfacet
  facet normal 0 0 1
    outer loop
      vertex 65.21000000000001 69.0250635094611 4
      vertex 65.4189828955575 66.72294749816896 4
      vertex 65.41000000000001 66.86000000000001 4
    endloop
  endfacet
  facet normal 0 0 1
    outer loop
      vertex 65.21000000000001 69.0250635094611 4
      vertex 65.41000000000001 66.86000000000001 4
      vertex 65.4189828955575 66.99705250183106 4
    endloop
  endfacet
  facet normal 0 0 1
    outer loop
      vertex 65.21000000000001 69.0250635094611 4
      vertex 65.4189828955575 66.99705250183106 4
      vertex 65.44577788239648 67.13175999735766 4
    endloop
  endfacet
  facet normal 0 0 1
    outer loop
      vertex 65.21000000000001 69.0250635094611 4
      vertex 65.44577788239648 67.13175999735766 4
      vertex 65.48992649086316 67.26181760398336 4
    endloop
  endfacet
  facet normal 0 0 1
    outer loop
      vertex 65.50329141908729 64.5503011687218 4
      vertex 65.81295238724371 64.44518543427735 4
      vertex 65.6269789926942 66.22080049954086 4
    endloop
  endfacet
  facet normal 0 0 1
    outer loop
      vertex 65.81295238724371 64.44518543427735 4
      vertex 66.13368451944987 64.38138784656549 4
      vertex 65.935 65.95067332602635 4
    endloop
  endfacet
  facet normal 0 0 1
    outer loop
      vertex 66.13368451944987 64.38138784656549 4
      vertex 66.46000000000001 64.36000000000001 4
      vertex 66.32294749816896 65.81898289555751 4
    endloop
  endfacet
  facet normal 0 0 1
    outer loop
      vertex 66.46000000000001 64.36000000000001 4
      vertex 66.78631548055014 64.38138784656549 4
      vertex 66.59705250183106 65.81898289555751 4
    endloop
  endfacet
  facet normal 0 0 1
    outer loop
      vertex 66.78631548055014 64.38138784656549 4
      vertex 67.1070476127563 64.44518543427735 4
      vertex 66.73175999735766 65.84577788239649 4
    endloop
  endfacet
  facet normal 0 0 1
    outer loop
      vertex 67.1070476127563 64.44518543427735 4
      vertex 67.41670858091273 64.5503011687218 4
      vertex 67.09919950045916 66.02697899269421 4
    endloop
  endfacet
  facet normal 0 0 1
    outer loop
      vertex 67.41670858091273 64.5503011687218 4
      vertex 67.71000000000001 64.69493649053892 4
      vertex 67.36932667397367 66.33500000000001 4
    endloop
  endfacet
  facet normal 0 0 1
    outer loop
      vertex 65.50329141908729 64.5503011687218 4
      vertex 65.55067332602634 66.33500000000001 4
      vertex 65.48992649086316 66.45818239601667 4
    endloop
  endfacet
  facet normal 0 0 1
    outer loop
      vertex 65.50329141908729 64.5503011687218 4
      vertex 65.6269789926942 66.22080049954086 4
      vertex 65.55067332602634 66.33500000000001 4
    endloop
  endfacet
  facet normal 0 0 1
    outer loop
      vertex 65.81295238724371 64.44518543427735 4
      vertex 65.82080049954085 66.02697899269421 4
      vertex 65.71753787975413 66.11753787975414 4
    endloop
  endfacet
  facet normal 0 0 1
    outer loop
      vertex 65.81295238724371 64.44518543427735 4
      vertex 65.935 65.95067332602635 4
      vertex 65.82080049954085 66.02697899269421 4
    endloop
  endfacet
  facet normal 0 0 1
    outer loop
      vertex 65.81295238724371 64.44518543427735 4
      vertex 65.71753787975413 66.11753787975414 4
      vertex 65.6269789926942 66.22080049954086 4
    endloop
  endfacet
  facet normal 0 0 1
    outer loop
      vertex 65.50329141908729 64.5503011687218 4
      vertex 65.48992649086316 66.45818239601667 4
      vertex 65.44577788239648 66.58824000264237 4
    endloop
  endfacet
  facet normal 0 0 1
    outer loop
      vertex 65.50329141908729 64.5503011687218 4
      vertex 65.44577788239648 66.58824000264237 4
      vertex 65.4189828955575 66.72294749816896 4
    endloop
  endfacet
  facet normal 0 0 1
    outer loop
      vertex 66.13368451944987 64.38138784656549 4
      vertex 66.05818239601666 65.88992649086316 4
      vertex 65.935 65.95067332602635 4
    endloop
  endfacet
  facet normal 0 0 1
    outer loop
      vertex 66.13368451944987 64.38138784656549 4
      vertex 66.18824000264236 65.84577788239649 4
      vertex 66.05818239601666 65.88992649086316 4
    endloop
  endfacet
  facet normal 0 0 1
    outer loop
      vertex 66.13368451944987 64.38138784656549 4
      vertex 66.32294749816896 65.81898289555751 4
      vertex 66.18824000264236 65.84577788239649 4
    endloop
  endfacet
  facet normal 0 0 1
    outer loop
      vertex 66.46000000000001 64.36000000000001 4
      vertex 66.46000000000001 65.81000000000002 4
      vertex 66.32294749816896 65.81898289555751 4
    endloop
  endfacet
  facet normal 0 0 1
    outer loop
      vertex 66.46000000000001 64.36000000000001 4
      vertex 66.59705250183106 65.81898289555751 4
      vertex 66.46000000000001 65.81000000000002 4
    endloop
  endfacet
  facet normal 0 0 1
    outer loop
      vertex 66.78631548055014 64.38138784656549 4
      vertex 66.73175999735766 65.84577788239649 4
      vertex 66.59705250183106 65.81898289555751 4
    endloop
  endfacet
  facet normal 0 0 1
    outer loop
      vertex 67.1070476127563 64.44518543427735 4
      vertex 66.86181760398335 65.88992649086316 4
      vertex 66.73175999735766 65.84577788239649 4
    endloop
  endfacet
  facet normal 0 0 1
    outer loop
      vertex 67.1070476127563 64.44518543427735 4
      vertex 66.98500000000001 65.95067332602635 4
      vertex 66.86181760398335 65.88992649086316 4
    endloop
  endfacet
  facet normal 0 0 1
    outer loop
      vertex 67.1070476127563 64.44518543427735 4
      vertex 67.09919950045916 66.02697899269421 4
      vertex 66.98500000000001 65.95067332602635 4
    endloop
  endfacet
  facet normal 0 0 1
    outer loop
      vertex 67.41670858091273 64.5503011687218 4
      vertex 67.20246212024588 66.11753787975414 4
      vertex 67.09919950045916 66.02697899269421 4
    endloop
  endfacet
  facet normal 0 0 1
    outer loop
      vertex 67.41670858091273 64.5503011687218 4
      vertex 67.29302100730581 66.22080049954086 4
      vertex 67.20246212024588 66.11753787975414 4
    endloop
  endfacet
  facet normal 0 0 1
    outer loop
      vertex 67.41670858091273 64.5503011687218 4
      vertex 67.36932667397367 66.33500000000001 4
      vertex 67.29302100730581 66.22080049954086 4
    endloop
  endfacet
  facet normal 0 0 1
    outer loop
      vertex 67.71000000000001 64.69493649053892 4
      vertex 67.43007350913686 66.45818239601667 4
      vertex 67.36932667397367 66.33500000000001 4
    endloop
  endfacet
  facet normal 0 0 1
    outer loop
      vertex 67.71000000000001 64.69493649053892 4
      vertex 67.47422211760353 66.58824000264237 4
      vertex 67.43007350913686 66.45818239601667 4
    endloop
  endfacet
  facet normal 0 0 1
    outer loop
      vertex 67.71000000000001 64.69493649053892 4
      vertex 67.50101710444251 66.72294749816896 4
      vertex 67.47422211760353 66.58824000264237 4
    endloop
  endfacet
  facet normal 0 0 1
    outer loop
      vertex 67.71000000000001 64.69493649053892 4
      vertex 67.51 66.86000000000001 4
      vertex 67.50101710444251 66.72294749816896 4
    endloop
  endfacet
  facet normal 0 0 1
    outer loop
      vertex 67.71000000000001 64.69493649053892 4
      vertex 67.50101710444251 66.99705250183106 4
      vertex 67.51 66.86000000000001 4
    endloop
  endfacet
  facet normal 0 0 1
    outer loop
      vertex 67.71000000000001 64.69493649053892 4
      vertex 67.41670858091273 69.16969883127823 4
      vertex 67.50101710444251 66.99705250183106 4
    endloop
  endfacet
  facet normal 0 0 1
    outer loop
      vertex 65.21000000000001 69.0250635094611 4
      vertex 65.48992649086316 67.26181760398336 4
      vertex 65.55067332602634 67.38500000000002 4
    endloop
  endfacet
  facet normal 0 0 1
    outer loop
      vertex 65.50329141908729 69.16969883127823 4
      vertex 65.55067332602634 67.38500000000002 4
      vertex 65.6269789926942 67.49919950045917 4
    endloop
  endfacet
  facet normal 0 0 1
    outer loop
      vertex 65.50329141908729 69.16969883127823 4
      vertex 65.6269789926942 67.49919950045917 4
      vertex 65.71753787975413 67.60246212024589 4
    endloop
  endfacet
  facet normal 0 0 1
    outer loop
      vertex 65.50329141908729 69.16969883127823 4
      vertex 65.71753787975413 67.60246212024589 4
      vertex 65.82080049954085 67.69302100730582 4
    endloop
  endfacet
  facet normal 0 0 1
    outer loop
      vertex 65.81295238724371 69.27481456572268 4
      vertex 65.82080049954085 67.69302100730582 4
      vertex 65.935 67.76932667397368 4
    endloop
  endfacet
  facet normal 0 0 1
    outer loop
      vertex 65.81295238724371 69.27481456572268 4
      vertex 65.935 67.76932667397368 4
      vertex 66.05818239601666 67.83007350913687 4
    endloop
  endfacet
  facet normal 0 0 1
    outer loop
      vertex 65.81295238724371 69.27481456572268 4
      vertex 66.05818239601666 67.83007350913687 4
      vertex 66.18824000264236 67.87422211760354 4
    endloop
  endfacet
  facet normal 0 0 1
    outer loop
      vertex 66.13368451944987 69.33861215343454 4
      vertex 66.18824000264236 67.87422211760354 4
      vertex 66.32294749816896 67.90101710444252 4
    endloop
  endfacet
  facet normal 0 0 1
    outer loop
      vertex 66.46000000000001 69.36000000000001 4
      vertex 66.32294749816896 67.90101710444252 4
      vertex 66.46000000000001 67.91000000000001 4
    endloop
  endfacet
  facet normal 0 0 1
    outer loop
      vertex 65.21000000000001 69.0250635094611 4
      vertex 65.55067332602634 67.38500000000002 4
      vertex 65.50329141908729 69.16969883127823 4
    endloop
  endfacet
  facet normal 0 0 1
    outer loop
      vertex 65.50329141908729 69.16969883127823 4
      vertex 65.82080049954085 67.69302100730582 4
      vertex 65.81295238724371 69.27481456572268 4
    endloop
  endfacet
  facet normal 0 0 1
    outer loop
      vertex 65.81295238724371 69.27481456572268 4
      vertex 66.18824000264236 67.87422211760354 4
      vertex 66.13368451944987 69.33861215343454 4
    endloop
  endfacet
  facet normal 0 0 1
    outer loop
      vertex 66.13368451944987 69.33861215343454 4
      vertex 66.32294749816896 67.90101710444252 4
      vertex 66.46000000000001 69.36000000000001 4
    endloop
  endfacet
  facet normal 0 0 1
    outer loop
      vertex 66.46000000000001 69.36000000000001 4
      vertex 66.46000000000001 67.91000000000001 4
      vertex 66.59705250183106 67.90101710444252 4
    endloop
  endfacet
  facet normal 0 0 1
    outer loop
      vertex 66.78631548055014 69.33861215343454 4
      vertex 66.59705250183106 67.90101710444252 4
      vertex 66.73175999735766 67.87422211760354 4
    endloop
  endfacet
  facet normal 0 0 1
    outer loop
      vertex 66.78631548055014 69.33861215343454 4
      vertex 66.73175999735766 67.87422211760354 4
      vertex 66.86181760398335 67.83007350913687 4
    endloop
  endfacet
  facet normal 0 0 1
    outer loop
      vertex 66.78631548055014 69.33861215343454 4
      vertex 66.86181760398335 67.83007350913687 4
      vertex 66.98500000000001 67.76932667397368 4
    endloop
  endfacet
  facet normal 0 0 1
    outer loop
      vertex 67.41670858091273 69.16969883127823 4
      vertex 67.43007350913686 67.26181760398336 4
      vertex 67.47422211760353 67.13175999735766 4
    endloop
  endfacet
  facet normal 0 0 1
    outer loop
      vertex 67.41670858091273 69.16969883127823 4
      vertex 67.36932667397367 67.38500000000002 4
      vertex 67.43007350913686 67.26181760398336 4
    endloop
  endfacet
  facet normal 0 0 1
    outer loop
      vertex 67.41670858091273 69.16969883127823 4
      vertex 67.47422211760353 67.13175999735766 4
      vertex 67.50101710444251 66.99705250183106 4
    endloop
  endfacet
  facet normal 0 0 1
    outer loop
      vertex 67.1070476127563 69.27481456572268 4
      vertex 67.09919950045916 67.69302100730582 4
      vertex 67.20246212024588 67.60246212024589 4
    endloop
  endfacet
  facet normal 0 0 1
    outer loop
      vertex 67.1070476127563 69.27481456572268 4
      vertex 67.20246212024588 67.60246212024589 4
      vertex 67.29302100730581 67.49919950045917 4
    endloop
  endfacet
  facet normal 0 0 1
    outer loop
      vertex 67.1070476127563 69.27481456572268 4
      vertex 66.98500000000001 67.76932667397368 4
      vertex 67.09919950045916 67.69302100730582 4
    endloop
  endfacet
  facet normal 0 0 1
    outer loop
      vertex 67.41670858091273 69.16969883127823 4
      vertex 67.29302100730581 67.49919950045917 4
      vertex 67.36932667397367 67.38500000000002 4
    endloop
  endfacet
  facet normal 0 0 1
    outer loop
      vertex 66.46000000000001 69.36000000000001 4
      vertex 66.59705250183106 67.90101710444252 4
      vertex 66.78631548055014 69.33861215343454 4
    endloop
  endfacet
  facet normal 0 0 1
    outer loop
      vertex 66.78631548055014 69.33861215343454 4
      vertex 66.98500000000001 67.76932667397368 4
      vertex 67.1070476127563 69.27481456572268 4
    endloop
  endfacet
  facet normal 0 0 1
    outer loop
      vertex 67.1070476127563 69.27481456572268 4
      vertex 67.29302100730581 67.49919950045917 4
      vertex 67.41670858091273 69.16969883127823 4
    endloop
  endfacet
  facet normal 0 0 1
    outer loop
      vertex 67.71000000000001 64.69493649053892 4
      vertex 67.98190357252182 64.87661664927192 4
      vertex 67.71000000000001 69.0250635094611 4
    endloop
  endfacet
  facet normal 0 0 1
    outer loop
      vertex 67.98190357252182 64.87661664927192 4
      vertex 68.22776695296638 65.09223304703364 4
      vertex 67.98190357252182 68.8433833507281 4
    endloop
  endfacet
  facet normal 0 0 1
    outer loop
      vertex 68.22776695296638 65.09223304703364 4
      vertex 68.4433833507281 65.3380964274782 4
      vertex 68.22776695296638 68.62776695296638 4
    endloop
  endfacet
  facet normal 0 0 1
    outer loop
      vertex 68.4433833507281 65.3380964274782 4
      vertex 68.6250635094611 65.61000000000001 4
      vertex 68.4433833507281 68.38190357252182 4
    endloop
  endfacet
  facet normal 0 0 1
    outer loop
      vertex 68.6250635094611 65.61000000000001 4
      vertex 68.6250635094611 68.11000000000001 4
      vertex 68.4433833507281 68.38190357252182 4
    endloop
  endfacet
  facet normal 0 0 1
    outer loop
      vertex 68.6250635094611 65.61000000000001 4
      vertex 68.76969883127822 65.9032914190873 4
      vertex 68.6250635094611 68.11000000000001 4
    endloop
  endfacet
  facet normal 0 0 1
    outer loop
      vertex 68.76969883127822 65.9032914190873 4
      vertex 68.87481456572267 66.21295238724372 4
      vertex 68.76969883127822 67.81670858091273 4
    endloop
  endfacet
  facet normal 0 0 1
    outer loop
      vertex 68.87481456572267 66.21295238724372 4
      vertex 68.93861215343453 66.53368451944988 4
      vertex 68.87481456572267 67.50704761275631 4
    endloop
  endfacet
  facet normal 0 0 1
    outer loop
      vertex 68.93861215343453 66.53368451944988 4
      vertex 68.96000000000001 66.86000000000001 4
      vertex 68.93861215343453 67.18631548055015 4
    endloop
  endfacet
  facet normal 0 0 1
    outer loop
      vertex 68.93861215343453 66.53368451944988 4
      vertex 68.93861215343453 67.18631548055015 4
      vertex 68.87481456572267 67.50704761275631 4
    endloop
  endfacet
  facet normal 0 0 1
    outer loop
      vertex 68.76969883127822 65.9032914190873 4
      vertex 68.76969883127822 67.81670858091273 4
      vertex 68.6250635094611 68.11000000000001 4
    endloop
  endfacet
  facet normal 0 0 1
    outer loop
      vertex 68.87481456572267 66.21295238724372 4
      vertex 68.87481456572267 67.50704761275631 4
      vertex 68.76969883127822 67.81670858091273 4
    endloop
  endfacet
  facet normal 0 0 1
    outer loop
      vertex 67.71000000000001 64.69493649053892 4
      vertex 67.71000000000001 69.0250635094611 4
      vertex 67.41670858091273 69.16969883127823 4
    endloop
  endfacet
  facet normal 0 0 1
    outer loop
      vertex 67.98190357252182 64.87661664927192 4
      vertex 67.98190357252182 68.8433833507281 4
      vertex 67.71000000000001 69.0250635094611 4
    endloop
  endfacet
  facet normal 0 0 1
    outer loop
      vertex 68.22776695296638 65.09223304703364 4
      vertex 68.22776695296638 68.62776695296638 4
      vertex 67.98190357252182 68.8433833507281 4
    endloop
  endfacet
  facet normal 0 0 1
    outer loop
      vertex 68.4433833507281 65.3380964274782 4
      vertex 68.4433833507281 68.38190357252182 4
      vertex 68.22776695296638 68.62776695296638 4
    endloop
  endfacet
  facet normal -0.8314696123025438 -0.5555702330196042 -1.0394445160394982e-18
    outer loop
      vertex 32.75661664927191 29.778096427478204 1.5999999999999996
      vertex 32.5749364905389 30.050000000000004 4
      vertex 32.5749364905389 30.050000000000004 1.5999999999999996
    endloop
  endfacet
  facet normal -0.8968727415326887 -0.4422886902190004 0
    outer loop
      vertex 32.43030116872178 30.34329141908728 1.5999999999999996
      vertex 32.5749364905389 30.050000000000004 1.5999999999999996
      vertex 32.43030116872178 30.34329141908728 4
    endloop
  endfacet
  facet normal -0.9469301294951059 -0.3214394653031609 2.604430472272451e-18
    outer loop
      vertex 32.43030116872178 30.34329141908728 1.5999999999999996
      vertex 32.32518543427733 30.6529523872437 4
      vertex 32.32518543427733 30.6529523872437 1.5999999999999996
    endloop
  endfacet
  facet normal -0.6593458151000647 -0.751839807478981 0
    outer loop
      vertex 33.2180964274782 29.316616649271918 1.5999999999999996
      vertex 33.2180964274782 29.316616649271918 4
      vertex 32.97223304703363 29.532233047033635 1.5999999999999996
    endloop
  endfacet
  facet normal -0.5555702330196042 -0.8314696123025438 -1.0394445160394982e-18
    outer loop
      vertex 33.2180964274782 29.316616649271918 1.5999999999999996
      vertex 33.49 29.13493649053891 1.5999999999999996
      vertex 33.49 29.13493649053891 4
    endloop
  endfacet
  facet normal -0.4422886902190092 -0.8968727415326844 1.7097670453457631e-18
    outer loop
      vertex 33.49 29.13493649053891 1.5999999999999996
      vertex 33.78329141908728 28.990301168721786 1.5999999999999996
      vertex 33.78329141908728 28.990301168721786 4
    endloop
  endfacet
  facet normal -0.7518398074789757 -0.6593458151000708 0
    outer loop
      vertex 32.75661664927191 29.778096427478204 1.5999999999999996
      vertex 32.97223304703363 29.532233047033635 1.5999999999999996
      vertex 32.75661664927191 29.778096427478204 4
    endloop
  endfacet
  facet normal -0.3214394653031609 -0.9469301294951059 2.604430472272451e-18
    outer loop
      vertex 33.78329141908728 28.990301168721786 1.5999999999999996
      vertex 34.0929523872437 28.885185434277332 1.5999999999999996
      vertex 34.0929523872437 28.885185434277332 4
    endloop
  endfacet
  facet normal -0.19509032201612206 -0.9807852804032317 -5.313211468900188e-19
    outer loop
      vertex 34.0929523872437 28.885185434277332 1.5999999999999996
      vertex 34.41368451944987 28.82138784656548 1.5999999999999996
      vertex 34.41368451944987 28.82138784656548 4
    endloop
  endfacet
  facet normal -0.06540312923014453 -0.9978589232386035 -2.4764929245912495e-19
    outer loop
      vertex 34.41368451944987 28.82138784656548 1.5999999999999996
      vertex 34.74 28.800000000000004 1.5999999999999996
      vertex 34.74 28.800000000000004 4
    endloop
  endfacet
  facet normal 0.06540312923014453 -0.9978589232386035 2.4764929245912495e-19
    outer loop
      vertex 34.74 28.800000000000004 1.5999999999999996
      vertex 35.06631548055013 28.82138784656548 1.5999999999999996
      vertex 35.06631548055013 28.82138784656548 4
    endloop
  endfacet
  facet normal -0.9807852804032317 -0.19509032201612206 0
    outer loop
      vertex 32.261387846565476 30.973684519449876 1.5999999999999996
      vertex 32.32518543427733 30.6529523872437 1.5999999999999996
      vertex 32.261387846565476 30.973684519449876 4
    endloop
  endfacet
  facet normal -0.9978589232386035 -0.06540312923014453 -2.4764929245912495e-19
    outer loop
      vertex 32.261387846565476 30.973684519449876 1.5999999999999996
      vertex 32.24 31.300000000000004 4
      vertex 32.24 31.300000000000004 1.5999999999999996
    endloop
  endfacet
  facet normal -0.9978589232386035 0.06540312923014453 2.4764929245912495e-19
    outer loop
      vertex 32.24 31.300000000000004 1.5999999999999996
      vertex 32.261387846565476 31.626315480550133 4
      vertex 32.261387846565476 31.626315480550133 1.5999999999999996
    endloop
  endfacet
  facet normal -0.9807852804032317 0.19509032201612206 5.313211468900188e-19
    outer loop
      vertex 32.261387846565476 31.626315480550133 1.5999999999999996
      vertex 32.32518543427733 31.947047612756307 4
      vertex 32.32518543427733 31.947047612756307 1.5999999999999996
    endloop
  endfacet
  facet normal -0.9469301294951059 0.3214394653031609 -2.604430472272451e-18
    outer loop
      vertex 32.32518543427733 31.947047612756307 1.5999999999999996
      vertex 32.43030116872178 32.25670858091273 4
      vertex 32.43030116872178 32.25670858091273 1.5999999999999996
    endloop
  endfacet
  facet normal -0.8968727415326887 0.4422886902190004 -3.17038890139184e-18
    outer loop
      vertex 32.43030116872178 32.25670858091273 1.5999999999999996
      vertex 32.5749364905389 32.550000000000004 4
      vertex 32.5749364905389 32.550000000000004 1.5999999999999996
    endloop
  endfacet
  facet normal -0.8314696123025438 0.5555702330196042 1.0394445160394982e-18
    outer loop
      vertex 32.5749364905389 32.550000000000004 1.5999999999999996
      vertex 32.75661664927191 32.821903572521805 4
      vertex 32.75661664927191 32.821903572521805 1.5999999999999996
    endloop
  endfacet
  facet normal -0.7518398074789757 0.6593458151000708 -1.3152447813630449e-18
    outer loop
      vertex 32.75661664927191 32.821903572521805 1.5999999999999996
      vertex 32.97223304703363 33.06776695296637 4
      vertex 32.97223304703363 33.06776695296637 1.5999999999999996
    endloop
  endfacet
  facet normal -0.6593458151000708 0.7518398074789757 0
    outer loop
      vertex 32.97223304703363 33.06776695296637 1.5999999999999996
      vertex 32.97223304703363 33.06776695296637 4
      vertex 33.2180964274782 33.283383350728094 1.5999999999999996
    endloop
  endfacet
  facet normal -0.5555702330196042 0.8314696123025438 0
    outer loop
      vertex 33.2180964274782 33.283383350728094 1.5999999999999996
      vertex 33.2180964274782 33.283383350728094 4
      vertex 33.49 33.4650635094611 1.5999999999999996
    endloop
  endfacet
  facet normal -0.4422886902190004 0.8968727415326887 0
    outer loop
      vertex 33.49 33.4650635094611 1.5999999999999996
      vertex 33.49 33.4650635094611 4
      vertex 33.78329141908728 33.60969883127822 1.5999999999999996
    endloop
  endfacet
  facet normal -0.3214394653031609 0.9469301294951059 0
    outer loop
      vertex 33.78329141908728 33.60969883127822 1.5999999999999996
      vertex 33.78329141908728 33.60969883127822 4
      vertex 34.0929523872437 33.714814565722676 1.5999999999999996
    endloop
  endfacet
  facet normal -0.19509032201612206 0.9807852804032317 0
    outer loop
      vertex 34.0929523872437 33.714814565722676 1.5999999999999996
      vertex 34.0929523872437 33.714814565722676 4
      vertex 34.41368451944987 33.77861215343453 1.5999999999999996
    endloop
  endfacet
  facet normal -0.06540312923014453 0.9978589232386035 0
    outer loop
      vertex 34.41368451944987 33.77861215343453 1.5999999999999996
      vertex 34.41368451944987 33.77861215343453 4
      vertex 34.74 33.800000000000004 1.5999999999999996
    endloop
  endfacet
  facet normal 0.06540312923014453 0.9978589232386035 0
    outer loop
      vertex 34.74 33.800000000000004 1.5999999999999996
      vertex 34.74 33.800000000000004 4
      vertex 35.06631548055013 33.77861215343453 1.5999999999999996
    endloop
  endfacet
  facet normal -0.8314696123025438 -0.5555702330196042 0
    outer loop
      vertex 32.75661664927191 29.778096427478204 1.5999999999999996
      vertex 32.75661664927191 29.778096427478204 4
      vertex 32.5749364905389 30.050000000000004 4
    endloop
  endfacet
  facet normal -0.8968727415326887 -0.4422886902190004 0
    outer loop
      vertex 32.5749364905389 30.050000000000004 1.5999999999999996
      vertex 32.5749364905389 30.050000000000004 4
      vertex 32.43030116872178 30.34329141908728 4
    endloop
  endfacet
  facet normal -0.9469301294951059 -0.3214394653031609 0
    outer loop
      vertex 32.43030116872178 30.34329141908728 1.5999999999999996
      vertex 32.43030116872178 30.34329141908728 4
      vertex 32.32518543427733 30.6529523872437 4
    endloop
  endfacet
  facet normal -0.6593458151000647 -0.751839807478981 0
    outer loop
      vertex 32.97223304703363 29.532233047033635 1.5999999999999996
      vertex 33.2180964274782 29.316616649271918 4
      vertex 32.97223304703363 29.532233047033635 4
    endloop
  endfacet
  facet normal -0.5555702330196042 -0.8314696123025438 0
    outer loop
      vertex 33.2180964274782 29.316616649271918 1.5999999999999996
      vertex 33.49 29.13493649053891 4
      vertex 33.2180964274782 29.316616649271918 4
    endloop
  endfacet
  facet normal -0.3214394653031609 -0.9469301294951059 0
    outer loop
      vertex 33.78329141908728 28.990301168721786 1.5999999999999996
      vertex 34.0929523872437 28.885185434277332 4
      vertex 33.78329141908728 28.990301168721786 4
    endloop
  endfacet
  facet normal -0.4422886902190092 -0.8968727415326844 0
    outer loop
      vertex 33.49 29.13493649053891 1.5999999999999996
      vertex 33.78329141908728 28.990301168721786 4
      vertex 33.49 29.13493649053891 4
    endloop
  endfacet
  facet normal -0.7518398074789757 -0.6593458151000708 0
    outer loop
      vertex 32.97223304703363 29.532233047033635 1.5999999999999996
      vertex 32.97223304703363 29.532233047033635 4
      vertex 32.75661664927191 29.778096427478204 4
    endloop
  endfacet
  facet normal -0.19509032201612206 -0.9807852804032317 0
    outer loop
      vertex 34.0929523872437 28.885185434277332 1.5999999999999996
      vertex 34.41368451944987 28.82138784656548 4
      vertex 34.0929523872437 28.885185434277332 4
    endloop
  endfacet
  facet normal -0.06540312923014453 -0.9978589232386035 0
    outer loop
      vertex 34.41368451944987 28.82138784656548 1.5999999999999996
      vertex 34.74 28.800000000000004 4
      vertex 34.41368451944987 28.82138784656548 4
    endloop
  endfacet
  facet normal 0.06540312923014453 -0.9978589232386035 0
    outer loop
      vertex 34.74 28.800000000000004 1.5999999999999996
      vertex 35.06631548055013 28.82138784656548 4
      vertex 34.74 28.800000000000004 4
    endloop
  endfacet
  facet normal -0.9978589232386035 -0.06540312923014453 0
    outer loop
      vertex 32.261387846565476 30.973684519449876 1.5999999999999996
      vertex 32.261387846565476 30.973684519449876 4
      vertex 32.24 31.300000000000004 4
    endloop
  endfacet
  facet normal -0.9978589232386035 0.06540312923014453 0
    outer loop
      vertex 32.24 31.300000000000004 1.5999999999999996
      vertex 32.24 31.300000000000004 4
      vertex 32.261387846565476 31.626315480550133 4
    endloop
  endfacet
  facet normal -0.9807852804032317 -0.19509032201612206 0
    outer loop
      vertex 32.32518543427733 30.6529523872437 1.5999999999999996
      vertex 32.32518543427733 30.6529523872437 4
      vertex 32.261387846565476 30.973684519449876 4
    endloop
  endfacet
  facet normal -0.9807852804032317 0.19509032201612206 0
    outer loop
      vertex 32.261387846565476 31.626315480550133 1.5999999999999996
      vertex 32.261387846565476 31.626315480550133 4
      vertex 32.32518543427733 31.947047612756307 4
    endloop
  endfacet
  facet normal -0.9469301294951059 0.3214394653031609 0
    outer loop
      vertex 32.32518543427733 31.947047612756307 1.5999999999999996
      vertex 32.32518543427733 31.947047612756307 4
      vertex 32.43030116872178 32.25670858091273 4
    endloop
  endfacet
  facet normal -0.8968727415326887 0.4422886902190004 0
    outer loop
      vertex 32.43030116872178 32.25670858091273 1.5999999999999996
      vertex 32.43030116872178 32.25670858091273 4
      vertex 32.5749364905389 32.550000000000004 4
    endloop
  endfacet
  facet normal -0.8314696123025438 0.5555702330196042 0
    outer loop
      vertex 32.5749364905389 32.550000000000004 1.5999999999999996
      vertex 32.5749364905389 32.550000000000004 4
      vertex 32.75661664927191 32.821903572521805 4
    endloop
  endfacet
  facet normal -0.7518398074789757 0.6593458151000708 0
    outer loop
      vertex 32.75661664927191 32.821903572521805 1.5999999999999996
      vertex 32.75661664927191 32.821903572521805 4
      vertex 32.97223304703363 33.06776695296637 4
    endloop
  endfacet
  facet normal -0.6593458151000708 0.7518398074789757 0
    outer loop
      vertex 33.2180964274782 33.283383350728094 1.5999999999999996
      vertex 32.97223304703363 33.06776695296637 4
      vertex 33.2180964274782 33.283383350728094 4
    endloop
  endfacet
  facet normal -0.5555702330196042 0.8314696123025438 0
    outer loop
      vertex 33.49 33.4650635094611 1.5999999999999996
      vertex 33.2180964274782 33.283383350728094 4
      vertex 33.49 33.4650635094611 4
    endloop
  endfacet
  facet normal -0.4422886902190004 0.8968727415326887 0
    outer loop
      vertex 33.78329141908728 33.60969883127822 1.5999999999999996
      vertex 33.49 33.4650635094611 4
      vertex 33.78329141908728 33.60969883127822 4
    endloop
  endfacet
  facet normal -0.3214394653031609 0.9469301294951059 0
    outer loop
      vertex 34.0929523872437 33.714814565722676 1.5999999999999996
      vertex 33.78329141908728 33.60969883127822 4
      vertex 34.0929523872437 33.714814565722676 4
    endloop
  endfacet
  facet normal -0.19509032201612206 0.9807852804032317 0
    outer loop
      vertex 34.41368451944987 33.77861215343453 1.5999999999999996
      vertex 34.0929523872437 33.714814565722676 4
      vertex 34.41368451944987 33.77861215343453 4
    endloop
  endfacet
  facet normal -0.06540312923014453 0.9978589232386035 0
    outer loop
      vertex 34.74 33.800000000000004 1.5999999999999996
      vertex 34.41368451944987 33.77861215343453 4
      vertex 34.74 33.800000000000004 4
    endloop
  endfacet
  facet normal 0.06540312923014453 0.9978589232386035 -2.4764929245912495e-19
    outer loop
      vertex 34.74 33.800000000000004 4
      vertex 35.06631548055013 33.77861215343453 4
      vertex 35.06631548055013 33.77861215343453 1.5999999999999996
    endloop
  endfacet
  facet normal 0 0 1
    outer loop
      vertex 33.2180964274782 29.316616649271918 4
      vertex 33.49 29.13493649053891 4
      vertex 33.2180964274782 33.283383350728094 4
    endloop
  endfacet
  facet normal 0 0 1
    outer loop
      vertex 33.49 29.13493649053891 4
      vertex 33.78329141908728 28.990301168721786 4
      vertex 33.49 33.4650635094611 4
    endloop
  endfacet
  facet normal 0 0 1
    outer loop
      vertex 33.78329141908728 28.990301168721786 4
      vertex 33.76992649086315 30.89818239601666 4
      vertex 33.72577788239648 31.028240002642356 4
    endloop
  endfacet
  facet normal 0 0 1
    outer loop
      vertex 33.78329141908728 28.990301168721786 4
      vertex 33.90697899269421 30.660800499540848 4
      vertex 33.83067332602634 30.775000000000006 4
    endloop
  endfacet
  facet normal 0 0 1
    outer loop
      vertex 33.78329141908728 28.990301168721786 4
      vertex 33.83067332602634 30.775000000000006 4
      vertex 33.76992649086315 30.89818239601666 4
    endloop
  endfacet
  facet normal 0 0 1
    outer loop
      vertex 33.78329141908728 28.990301168721786 4
      vertex 33.72577788239648 31.028240002642356 4
      vertex 33.6989828955575 31.16294749816895 4
    endloop
  endfacet
  facet normal 0 0 1
    outer loop
      vertex 34.0929523872437 28.885185434277332 4
      vertex 34.41368451944987 28.82138784656548 4
      vertex 34.215 30.390673326026345 4
    endloop
  endfacet
  facet normal 0 0 1
    outer loop
      vertex 34.41368451944987 28.82138784656548 4
      vertex 34.74 28.800000000000004 4
      vertex 34.602947498168945 30.2589828955575 4
    endloop
  endfacet
  facet normal 0 0 1
    outer loop
      vertex 34.74 28.800000000000004 4
      vertex 35.06631548055013 28.82138784656548 4
      vertex 34.87705250183106 30.2589828955575 4
    endloop
  endfacet
  facet normal 0 0 1
    outer loop
      vertex 33.78329141908728 28.990301168721786 4
      vertex 34.0929523872437 28.885185434277332 4
      vertex 33.90697899269421 30.660800499540848 4
    endloop
  endfacet
  facet normal 0 0 1
    outer loop
      vertex 34.0929523872437 28.885185434277332 4
      vertex 33.99753787975413 30.55753787975413 4
      vertex 33.90697899269421 30.660800499540848 4
    endloop
  endfacet
  facet normal 0 0 1
    outer loop
      vertex 34.0929523872437 28.885185434277332 4
      vertex 34.100800499540846 30.46697899269421 4
      vertex 33.99753787975413 30.55753787975413 4
    endloop
  endfacet
  facet normal 0 0 1
    outer loop
      vertex 34.0929523872437 28.885185434277332 4
      vertex 34.215 30.390673326026345 4
      vertex 34.100800499540846 30.46697899269421 4
    endloop
  endfacet
  facet normal 0 0 1
    outer loop
      vertex 34.41368451944987 28.82138784656548 4
      vertex 34.338182396016656 30.32992649086315 4
      vertex 34.215 30.390673326026345 4
    endloop
  endfacet
  facet normal 0 0 1
    outer loop
      vertex 34.41368451944987 28.82138784656548 4
      vertex 34.468240002642354 30.28577788239648 4
      vertex 34.338182396016656 30.32992649086315 4
    endloop
  endfacet
  facet normal 0 0 1
    outer loop
      vertex 34.74 28.800000000000004 4
      vertex 34.74 30.250000000000004 4
      vertex 34.602947498168945 30.2589828955575 4
    endloop
  endfacet
  facet normal 0 0 1
    outer loop
      vertex 34.41368451944987 28.82138784656548 4
      vertex 34.602947498168945 30.2589828955575 4
      vertex 34.468240002642354 30.28577788239648 4
    endloop
  endfacet
  facet normal 0 0 1
    outer loop
      vertex 34.74 28.800000000000004 4
      vertex 34.87705250183106 30.2589828955575 4
      vertex 34.74 30.250000000000004 4
    endloop
  endfacet
  facet normal 0 0 1
    outer loop
      vertex 35.06631548055013 28.82138784656548 4
      vertex 35.01175999735765 30.28577788239648 4
      vertex 34.87705250183106 30.2589828955575 4
    endloop
  endfacet
  facet normal 0 0 1
    outer loop
      vertex 32.261387846565476 30.973684519449876 4
      vertex 32.32518543427733 30.6529523872437 4
      vertex 32.261387846565476 31.626315480550133 4
    endloop
  endfacet
  facet normal 0 0 1
    outer loop
      vertex 32.261387846565476 30.973684519449876 4
      vertex 32.261387846565476 31.626315480550133 4
      vertex 32.24 31.300000000000004 4
    endloop
  endfacet
  facet normal 0 0 1
    outer loop
      vertex 32.43030116872178 30.34329141908728 4
      vertex 32.32518543427733 31.947047612756307 4
      vertex 32.32518543427733 30.6529523872437 4
    endloop
  endfacet
  facet normal 0 0 1
    outer loop
      vertex 32.43030116872178 30.34329141908728 4
      vertex 32.5749364905389 30.050000000000004 4
      vertex 32.43030116872178 32.25670858091273 4
    endloop
  endfacet
  facet normal 0 0 1
    outer loop
      vertex 32.75661664927191 29.778096427478204 4
      vertex 32.5749364905389 32.550000000000004 4
      vertex 32.5749364905389 30.050000000000004 4
    endloop
  endfacet
  facet normal 0 0 1
    outer loop
      vertex 32.261387846565476 31.626315480550133 4
      vertex 32.32518543427733 30.6529523872437 4
      vertex 32.32518543427733 31.947047612756307 4
    endloop
  endfacet
  facet normal 0 0 1
    outer loop
      vertex 32.43030116872178 30.34329141908728 4
      vertex 32.43030116872178 32.25670858091273 4
      vertex 32.32518543427733 31.947047612756307 4
    endloop
  endfacet
  facet normal 0 0 1
    outer loop
      vertex 32.5749364905389 30.050000000000004 4
      vertex 32.5749364905389 32.550000000000004 4
      vertex 32.43030116872178 32.25670858091273 4
    endloop
  endfacet
  facet normal 0 0 1
    outer loop
      vertex 32.75661664927191 29.778096427478204 4
      vertex 32.75661664927191 32.821903572521805 4
      vertex 32.5749364905389 32.550000000000004 4
    endloop
  endfacet
  facet normal 0 0 1
    outer loop
      vertex 32.75661664927191 29.778096427478204 4
      vertex 32.97223304703363 29.532233047033635 4
      vertex 32.75661664927191 32.821903572521805 4
    endloop
  endfacet
  facet normal 0 0 1
    outer loop
      vertex 33.2180964274782 29.316616649271918 4
      vertex 32.97223304703363 33.06776695296637 4
      vertex 32.97223304703363 29.532233047033635 4
    endloop
  endfacet
  facet normal 0 0 1
    outer loop
      vertex 33.78329141908728 28.990301168721786 4
      vertex 33.6989828955575 31.16294749816895 4
      vertex 33.49 33.4650635094611 4
    endloop
  endfacet
  facet normal 0 0 1
    outer loop
      vertex 32.97223304703363 29.532233047033635 4
      vertex 32.97223304703363 33.06776695296637 4
      vertex 32.75661664927191 32.821903572521805 4
    endloop
  endfacet
  facet normal 0 0 1
    outer loop
      vertex 33.2180964274782 29.316616649271918 4
      vertex 33.2180964274782 33.283383350728094 4
      vertex 32.97223304703363 33.06776695296637 4
    endloop
  endfacet
  facet normal 0 0 1
    outer loop
      vertex 33.49 29.13493649053891 4
      vertex 33.49 33.4650635094611 4
      vertex 33.2180964274782 33.283383350728094 4
    endloop
  endfacet
  facet normal 0 0 1
    outer loop
      vertex 33.49 33.4650635094611 4
      vertex 33.6989828955575 31.16294749816895 4
      vertex 33.690000000000005 31.300000000000004 4
    endloop
  endfacet
  facet normal 0 0 1
    outer loop
      vertex 33.49 33.4650635094611 4
      vertex 33.690000000000005 31.300000000000004 4
      vertex 33.6989828955575 31.437052501831058 4
    endloop
  endfacet
  facet normal 0 0 1
    outer loop
      vertex 33.49 33.4650635094611 4
      vertex 33.6989828955575 31.437052501831058 4
      vertex 33.72577788239648 31.571759997357653 4
    endloop
  endfacet
  facet normal 0 0 1
    outer loop
      vertex 33.49 33.4650635094611 4
      vertex 33.72577788239648 31.571759997357653 4
      vertex 33.76992649086315 31.701817603983347 4
    endloop
  endfacet
  facet normal 0 0 1
    outer loop
      vertex 33.49 33.4650635094611 4
      vertex 33.76992649086315 31.701817603983347 4
      vertex 33.83067332602634 31.825000000000003 4
    endloop
  endfacet
  facet normal 0 0 1
    outer loop
      vertex 33.78329141908728 33.60969883127822 4
      vertex 33.83067332602634 31.825000000000003 4
      vertex 33.90697899269421 31.93919950045916 4
    endloop
  endfacet
  facet normal 0 0 1
    outer loop
      vertex 33.78329141908728 33.60969883127822 4
      vertex 33.90697899269421 31.93919950045916 4
      vertex 33.99753787975413 32.04246212024588 4
    endloop
  endfacet
  facet normal 0 0 1
    outer loop
      vertex 33.78329141908728 33.60969883127822 4
      vertex 33.99753787975413 32.04246212024588 4
      vertex 34.100800499540846 32.1330210073058 4
    endloop
  endfacet
  facet normal 0 0 1
    outer loop
      vertex 34.0929523872437 33.714814565722676 4
      vertex 34.100800499540846 32.1330210073058 4
      vertex 34.215 32.20932667397366 4
    endloop
  endfacet
  facet normal 0 0 1
    outer loop
      vertex 34.0929523872437 33.714814565722676 4
      vertex 34.215 32.20932667397366 4
      vertex 34.338182396016656 32.27007350913686 4
    endloop
  endfacet
  facet normal 0 0 1
    outer loop
      vertex 33.49 33.4650635094611 4
      vertex 33.83067332602634 31.825000000000003 4
      vertex 33.78329141908728 33.60969883127822 4
    endloop
  endfacet
  facet normal 0 0 1
    outer loop
      vertex 33.78329141908728 33.60969883127822 4
      vertex 34.100800499540846 32.1330210073058 4
      vertex 34.0929523872437 33.714814565722676 4
    endloop
  endfacet
  facet normal 0 0 1
    outer loop
      vertex 34.0929523872437 33.714814565722676 4
      vertex 34.338182396016656 32.27007350913686 4
      vertex 34.468240002642354 32.31422211760353 4
    endloop
  endfacet
  facet normal 0 0 1
    outer loop
      vertex 34.0929523872437 33.714814565722676 4
      vertex 34.468240002642354 32.31422211760353 4
      vertex 34.41368451944987 33.77861215343453 4
    endloop
  endfacet
  facet normal 0 0 1
    outer loop
      vertex 34.41368451944987 33.77861215343453 4
      vertex 34.468240002642354 32.31422211760353 4
      vertex 34.602947498168945 32.34101710444251 4
    endloop
  endfacet
  facet normal 0 0 1
    outer loop
      vertex 34.74 33.800000000000004 4
      vertex 34.602947498168945 32.34101710444251 4
      vertex 34.74 32.35 4
    endloop
  endfacet
  facet normal 0 0 1
    outer loop
      vertex 34.74 33.800000000000004 4
      vertex 34.74 32.35 4
      vertex 34.87705250183106 32.34101710444251 4
    endloop
  endfacet
  facet normal 0 0 1
    outer loop
      vertex 35.06631548055013 33.77861215343453 4
      vertex 34.87705250183106 32.34101710444251 4
      vertex 35.01175999735765 32.31422211760353 4
    endloop
  endfacet
  facet normal 0 0 1
    outer loop
      vertex 34.41368451944987 33.77861215343453 4
      vertex 34.602947498168945 32.34101710444251 4
      vertex 34.74 33.800000000000004 4
    endloop
  endfacet
  facet normal 0 0 1
    outer loop
      vertex 34.74 33.800000000000004 4
      vertex 34.87705250183106 32.34101710444251 4
      vertex 35.06631548055013 33.77861215343453 4
    endloop
  endfacet
  facet normal 0.19509032201612206 -0.9807852804032317 5.313211468900188e-19
    outer loop
      vertex 35.06631548055013 28.82138784656548 1.5999999999999996
      vertex 35.387047612756305 28.885185434277332 1.5999999999999996
      vertex 35.387047612756305 28.885185434277332 4
    endloop
  endfacet
  facet normal 0.3214394653031609 -0.9469301294951059 -2.604430472272451e-18
    outer loop
      vertex 35.387047612756305 28.885185434277332 1.5999999999999996
      vertex 35.69670858091273 28.990301168721786 1.5999999999999996
      vertex 35.69670858091273 28.990301168721786 4
    endloop
  endfacet
  facet normal 0.4422886902190092 -0.8968727415326844 -1.7097670453457631e-18
    outer loop
      vertex 35.69670858091273 28.990301168721786 1.5999999999999996
      vertex 35.99 29.13493649053891 1.5999999999999996
      vertex 35.99 29.13493649053891 4
    endloop
  endfacet
  facet normal 0.5555702330196042 -0.8314696123025438 1.0394445160394982e-18
    outer loop
      vertex 35.99 29.13493649053891 1.5999999999999996
      vertex 36.2619035725218 29.316616649271918 1.5999999999999996
      vertex 36.2619035725218 29.316616649271918 4
    endloop
  endfacet
  facet normal 0.6593458151000647 -0.751839807478981 -2.724339857184105e-19
    outer loop
      vertex 36.2619035725218 29.316616649271918 1.5999999999999996
      vertex 36.50776695296637 29.532233047033635 1.5999999999999996
      vertex 36.50776695296637 29.532233047033635 4
    endloop
  endfacet
  facet normal 0.7518398074789757 -0.6593458151000708 0
    outer loop
      vertex 36.50776695296637 29.532233047033635 1.5999999999999996
      vertex 36.72338335072809 29.778096427478204 1.5999999999999996
      vertex 36.50776695296637 29.532233047033635 4
    endloop
  endfacet
  facet normal 0.8314696123025438 -0.5555702330196042 0
    outer loop
      vertex 36.72338335072809 29.778096427478204 1.5999999999999996
      vertex 36.9050635094611 30.050000000000004 1.5999999999999996
      vertex 36.72338335072809 29.778096427478204 4
    endloop
  endfacet
  facet normal 0.8968727415326887 -0.4422886902190004 0
    outer loop
      vertex 36.9050635094611 30.050000000000004 1.5999999999999996
      vertex 37.04969883127822 30.34329141908728 1.5999999999999996
      vertex 36.9050635094611 30.050000000000004 4
    endloop
  endfacet
  facet normal 0.9469301294951059 -0.3214394653031609 0
    outer loop
      vertex 37.04969883127822 30.34329141908728 1.5999999999999996
      vertex 37.154814565722674 30.6529523872437 1.5999999999999996
      vertex 37.04969883127822 30.34329141908728 4
    endloop
  endfacet
  facet normal 0.9469301294951059 0.3214394653031609 0
    outer loop
      vertex 37.154814565722674 31.947047612756307 1.5999999999999996
      vertex 37.04969883127822 32.25670858091273 1.5999999999999996
      vertex 37.154814565722674 31.947047612756307 4
    endloop
  endfacet
  facet normal 0.8314696123025438 0.5555702330196042 0
    outer loop
      vertex 36.9050635094611 32.550000000000004 1.5999999999999996
      vertex 36.72338335072809 32.821903572521805 1.5999999999999996
      vertex 36.9050635094611 32.550000000000004 4
    endloop
  endfacet
  facet normal 0.8968727415326887 0.4422886902190004 0
    outer loop
      vertex 37.04969883127822 32.25670858091273 1.5999999999999996
      vertex 36.9050635094611 32.550000000000004 1.5999999999999996
      vertex 37.04969883127822 32.25670858091273 4
    endloop
  endfacet
  facet normal 0.19509032201612206 0.9807852804032317 0
    outer loop
      vertex 35.06631548055013 33.77861215343453 1.5999999999999996
      vertex 35.06631548055013 33.77861215343453 4
      vertex 35.387047612756305 33.714814565722676 1.5999999999999996
    endloop
  endfacet
  facet normal 0.3214394653031609 0.9469301294951059 0
    outer loop
      vertex 35.387047612756305 33.714814565722676 1.5999999999999996
      vertex 35.387047612756305 33.714814565722676 4
      vertex 35.69670858091273 33.60969883127822 1.5999999999999996
    endloop
  endfacet
  facet normal 0.4422886902190004 0.8968727415326887 0
    outer loop
      vertex 35.69670858091273 33.60969883127822 1.5999999999999996
      vertex 35.69670858091273 33.60969883127822 4
      vertex 35.99 33.4650635094611 1.5999999999999996
    endloop
  endfacet
  facet normal 0.5555702330196042 0.8314696123025438 0
    outer loop
      vertex 35.99 33.4650635094611 1.5999999999999996
      vertex 35.99 33.4650635094611 4
      vertex 36.2619035725218 33.283383350728094 1.5999999999999996
    endloop
  endfacet
  facet normal 0.6593458151000708 0.7518398074789757 0
    outer loop
      vertex 36.2619035725218 33.283383350728094 1.5999999999999996
      vertex 36.2619035725218 33.283383350728094 4
      vertex 36.50776695296637 33.06776695296637 1.5999999999999996
    endloop
  endfacet
  facet normal 0.7518398074789757 0.6593458151000708 1.3152447813630449e-18
    outer loop
      vertex 36.50776695296637 33.06776695296637 1.5999999999999996
      vertex 36.72338335072809 32.821903572521805 4
      vertex 36.72338335072809 32.821903572521805 1.5999999999999996
    endloop
  endfacet
  facet normal 0.9807852804032317 -0.19509032201612206 0
    outer loop
      vertex 37.154814565722674 30.6529523872437 1.5999999999999996
      vertex 37.21861215343453 30.973684519449876 1.5999999999999996
      vertex 37.154814565722674 30.6529523872437 4
    endloop
  endfacet
  facet normal 0.9978589232386035 -0.06540312923014453 0
    outer loop
      vertex 37.21861215343453 30.973684519449876 1.5999999999999996
      vertex 37.24 31.300000000000004 1.5999999999999996
      vertex 37.21861215343453 30.973684519449876 4
    endloop
  endfacet
  facet normal 0.9978589232386035 0.06540312923014453 0
    outer loop
      vertex 37.24 31.300000000000004 1.5999999999999996
      vertex 37.21861215343453 31.626315480550133 1.5999999999999996
      vertex 37.24 31.300000000000004 4
    endloop
  endfacet
  facet normal 0.9807852804032317 0.19509032201612206 -5.313211468900188e-19
    outer loop
      vertex 37.154814565722674 31.947047612756307 1.5999999999999996
      vertex 37.21861215343453 31.626315480550133 4
      vertex 37.21861215343453 31.626315480550133 1.5999999999999996
    endloop
  endfacet
  facet normal 0.19509032201612206 -0.9807852804032317 0
    outer loop
      vertex 35.06631548055013 28.82138784656548 1.5999999999999996
      vertex 35.387047612756305 28.885185434277332 4
      vertex 35.06631548055013 28.82138784656548 4
    endloop
  endfacet
  facet normal 0.3214394653031609 -0.9469301294951059 0
    outer loop
      vertex 35.387047612756305 28.885185434277332 1.5999999999999996
      vertex 35.69670858091273 28.990301168721786 4
      vertex 35.387047612756305 28.885185434277332 4
    endloop
  endfacet
  facet normal 0.4422886902190092 -0.8968727415326844 0
    outer loop
      vertex 35.69670858091273 28.990301168721786 1.5999999999999996
      vertex 35.99 29.13493649053891 4
      vertex 35.69670858091273 28.990301168721786 4
    endloop
  endfacet
  facet normal 0.5555702330196042 -0.8314696123025438 0
    outer loop
      vertex 35.99 29.13493649053891 1.5999999999999996
      vertex 36.2619035725218 29.316616649271918 4
      vertex 35.99 29.13493649053891 4
    endloop
  endfacet
  facet normal 0.6593458151000647 -0.751839807478981 0
    outer loop
      vertex 36.2619035725218 29.316616649271918 1.5999999999999996
      vertex 36.50776695296637 29.532233047033635 4
      vertex 36.2619035725218 29.316616649271918 4
    endloop
  endfacet
  facet normal 0.7518398074789757 -0.6593458151000708 0
    outer loop
      vertex 36.72338335072809 29.778096427478204 1.5999999999999996
      vertex 36.72338335072809 29.778096427478204 4
      vertex 36.50776695296637 29.532233047033635 4
    endloop
  endfacet
  facet normal 0.8314696123025438 -0.5555702330196042 0
    outer loop
      vertex 36.9050635094611 30.050000000000004 1.5999999999999996
      vertex 36.9050635094611 30.050000000000004 4
      vertex 36.72338335072809 29.778096427478204 4
    endloop
  endfacet
  facet normal 0.8968727415326887 -0.4422886902190004 0
    outer loop
      vertex 37.04969883127822 30.34329141908728 1.5999999999999996
      vertex 37.04969883127822 30.34329141908728 4
      vertex 36.9050635094611 30.050000000000004 4
    endloop
  endfacet
  facet normal 0.9469301294951059 -0.3214394653031609 0
    outer loop
      vertex 37.154814565722674 30.6529523872437 1.5999999999999996
      vertex 37.154814565722674 30.6529523872437 4
      vertex 37.04969883127822 30.34329141908728 4
    endloop
  endfacet
  facet normal 0.9469301294951059 0.3214394653031609 0
    outer loop
      vertex 37.04969883127822 32.25670858091273 1.5999999999999996
      vertex 37.04969883127822 32.25670858091273 4
      vertex 37.154814565722674 31.947047612756307 4
    endloop
  endfacet
  facet normal 0.8314696123025438 0.5555702330196042 0
    outer loop
      vertex 36.72338335072809 32.821903572521805 1.5999999999999996
      vertex 36.72338335072809 32.821903572521805 4
      vertex 36.9050635094611 32.550000000000004 4
    endloop
  endfacet
  facet normal 0.8968727415326887 0.4422886902190004 0
    outer loop
      vertex 36.9050635094611 32.550000000000004 1.5999999999999996
      vertex 36.9050635094611 32.550000000000004 4
      vertex 37.04969883127822 32.25670858091273 4
    endloop
  endfacet
  facet normal 0.19509032201612206 0.9807852804032317 0
    outer loop
      vertex 35.387047612756305 33.714814565722676 1.5999999999999996
      vertex 35.06631548055013 33.77861215343453 4
      vertex 35.387047612756305 33.714814565722676 4
    endloop
  endfacet
  facet normal 0.3214394653031609 0.9469301294951059 0
    outer loop
      vertex 35.69670858091273 33.60969883127822 1.5999999999999996
      vertex 35.387047612756305 33.714814565722676 4
      vertex 35.69670858091273 33.60969883127822 4
    endloop
  endfacet
  facet normal 0.4422886902190004 0.8968727415326887 0
    outer loop
      vertex 35.99 33.4650635094611 1.5999999999999996
      vertex 35.69670858091273 33.60969883127822 4
      vertex 35.99 33.4650635094611 4
    endloop
  endfacet
  facet normal 0.7518398074789757 0.6593458151000708 0
    outer loop
      vertex 36.50776695296637 33.06776695296637 1.5999999999999996
      vertex 36.50776695296637 33.06776695296637 4
      vertex 36.72338335072809 32.821903572521805 4
    endloop
  endfacet
  facet normal 0.6593458151000708 0.7518398074789757 0
    outer loop
      vertex 36.50776695296637 33.06776695296637 1.5999999999999996
      vertex 36.2619035725218 33.283383350728094 4
      vertex 36.50776695296637 33.06776695296637 4
    endloop
  endfacet
  facet normal 0.5555702330196042 0.8314696123025438 0
    outer loop
      vertex 36.2619035725218 33.283383350728094 1.5999999999999996
      vertex 35.99 33.4650635094611 4
      vertex 36.2619035725218 33.283383350728094 4
    endloop
  endfacet
  facet normal 0.9807852804032317 -0.19509032201612206 0
    outer loop
      vertex 37.21861215343453 30.973684519449876 1.5999999999999996
      vertex 37.21861215343453 30.973684519449876 4
      vertex 37.154814565722674 30.6529523872437 4
    endloop
  endfacet
  facet normal 0.9978589232386035 -0.06540312923014453 0
    outer loop
      vertex 37.24 31.300000000000004 1.5999999999999996
      vertex 37.24 31.300000000000004 4
      vertex 37.21861215343453 30.973684519449876 4
    endloop
  endfacet
  facet normal 0.9978589232386035 0.06540312923014453 0
    outer loop
      vertex 37.21861215343453 31.626315480550133 1.5999999999999996
      vertex 37.21861215343453 31.626315480550133 4
      vertex 37.24 31.300000000000004 4
    endloop
  endfacet
  facet normal 0.9807852804032317 0.19509032201612206 0
    outer loop
      vertex 37.154814565722674 31.947047612756307 1.5999999999999996
      vertex 37.154814565722674 31.947047612756307 4
      vertex 37.21861215343453 31.626315480550133 4
    endloop
  endfacet
  facet normal 0 0 1
    outer loop
      vertex 35.06631548055013 28.82138784656548 4
      vertex 35.387047612756305 28.885185434277332 4
      vertex 35.01175999735765 30.28577788239648 4
    endloop
  endfacet
  facet normal 0 0 1
    outer loop
      vertex 35.387047612756305 28.885185434277332 4
      vertex 35.69670858091273 28.990301168721786 4
      vertex 35.37919950045916 30.46697899269421 4
    endloop
  endfacet
  facet normal 0 0 1
    outer loop
      vertex 35.387047612756305 28.885185434277332 4
      vertex 35.14181760398335 30.32992649086315 4
      vertex 35.01175999735765 30.28577788239648 4
    endloop
  endfacet
  facet normal 0 0 1
    outer loop
      vertex 35.387047612756305 28.885185434277332 4
      vertex 35.265 30.390673326026345 4
      vertex 35.14181760398335 30.32992649086315 4
    endloop
  endfacet
  facet normal 0 0 1
    outer loop
      vertex 35.387047612756305 28.885185434277332 4
      vertex 35.37919950045916 30.46697899269421 4
      vertex 35.265 30.390673326026345 4
    endloop
  endfacet
  facet normal 0 0 1
    outer loop
      vertex 35.69670858091273 28.990301168721786 4
      vertex 35.48246212024588 30.55753787975413 4
      vertex 35.37919950045916 30.46697899269421 4
    endloop
  endfacet
  facet normal 0 0 1
    outer loop
      vertex 35.69670858091273 28.990301168721786 4
      vertex 35.99 29.13493649053891 4
      vertex 35.64932667397366 30.775000000000006 4
    endloop
  endfacet
  facet normal 0 0 1
    outer loop
      vertex 35.69670858091273 28.990301168721786 4
      vertex 35.5730210073058 30.660800499540848 4
      vertex 35.48246212024588 30.55753787975413 4
    endloop
  endfacet
  facet normal 0 0 1
    outer loop
      vertex 35.69670858091273 28.990301168721786 4
      vertex 35.64932667397366 30.775000000000006 4
      vertex 35.5730210073058 30.660800499540848 4
    endloop
  endfacet
  facet normal 0 0 1
    outer loop
      vertex 35.99 29.13493649053891 4
      vertex 35.710073509136855 30.89818239601666 4
      vertex 35.64932667397366 30.775000000000006 4
    endloop
  endfacet
  facet normal 0 0 1
    outer loop
      vertex 35.99 29.13493649053891 4
      vertex 35.754222117603526 31.028240002642356 4
      vertex 35.710073509136855 30.89818239601666 4
    endloop
  endfacet
  facet normal 0 0 1
    outer loop
      vertex 35.99 29.13493649053891 4
      vertex 35.781017104442505 31.16294749816895 4
      vertex 35.754222117603526 31.028240002642356 4
    endloop
  endfacet
  facet normal 0 0 1
    outer loop
      vertex 35.99 29.13493649053891 4
      vertex 35.79 31.300000000000004 4
      vertex 35.781017104442505 31.16294749816895 4
    endloop
  endfacet
  facet normal 0 0 1
    outer loop
      vertex 35.99 29.13493649053891 4
      vertex 35.781017104442505 31.437052501831058 4
      vertex 35.79 31.300000000000004 4
    endloop
  endfacet
  facet normal 0 0 1
    outer loop
      vertex 35.99 29.13493649053891 4
      vertex 36.2619035725218 29.316616649271918 4
      vertex 35.99 33.4650635094611 4
    endloop
  endfacet
  facet normal 0 0 1
    outer loop
      vertex 35.99 29.13493649053891 4
      vertex 35.69670858091273 33.60969883127822 4
      vertex 35.781017104442505 31.437052501831058 4
    endloop
  endfacet
  facet normal 0 0 1
    outer loop
      vertex 35.06631548055013 33.77861215343453 4
      vertex 35.14181760398335 32.27007350913686 4
      vertex 35.265 32.20932667397366 4
    endloop
  endfacet
  facet normal 0 0 1
    outer loop
      vertex 35.387047612756305 33.714814565722676 4
      vertex 35.265 32.20932667397366 4
      vertex 35.37919950045916 32.1330210073058 4
    endloop
  endfacet
  facet normal 0 0 1
    outer loop
      vertex 35.387047612756305 33.714814565722676 4
      vertex 35.48246212024588 32.04246212024588 4
      vertex 35.5730210073058 31.93919950045916 4
    endloop
  endfacet
  facet normal 0 0 1
    outer loop
      vertex 35.387047612756305 33.714814565722676 4
      vertex 35.37919950045916 32.1330210073058 4
      vertex 35.48246212024588 32.04246212024588 4
    endloop
  endfacet
  facet normal 0 0 1
    outer loop
      vertex 35.69670858091273 33.60969883127822 4
      vertex 35.754222117603526 31.571759997357653 4
      vertex 35.781017104442505 31.437052501831058 4
    endloop
  endfacet
  facet normal 0 0 1
    outer loop
      vertex 35.99 29.13493649053891 4
      vertex 35.99 33.4650635094611 4
      vertex 35.69670858091273 33.60969883127822 4
    endloop
  endfacet
  facet normal 0 0 1
    outer loop
      vertex 35.69670858091273 33.60969883127822 4
      vertex 35.5730210073058 31.93919950045916 4
      vertex 35.64932667397366 31.825000000000003 4
    endloop
  endfacet
  facet normal 0 0 1
    outer loop
      vertex 35.69670858091273 33.60969883127822 4
      vertex 35.710073509136855 31.701817603983347 4
      vertex 35.754222117603526 31.571759997357653 4
    endloop
  endfacet
  facet normal 0 0 1
    outer loop
      vertex 35.69670858091273 33.60969883127822 4
      vertex 35.64932667397366 31.825000000000003 4
      vertex 35.710073509136855 31.701817603983347 4
    endloop
  endfacet
  facet normal 0 0 1
    outer loop
      vertex 36.2619035725218 29.316616649271918 4
      vertex 36.50776695296637 29.532233047033635 4
      vertex 36.2619035725218 33.283383350728094 4
    endloop
  endfacet
  facet normal 0 0 1
    outer loop
      vertex 36.50776695296637 29.532233047033635 4
      vertex 36.72338335072809 29.778096427478204 4
      vertex 36.50776695296637 33.06776695296637 4
    endloop
  endfacet
  facet normal 0 0 1
    outer loop
      vertex 36.72338335072809 29.778096427478204 4
      vertex 36.9050635094611 30.050000000000004 4
      vertex 36.72338335072809 32.821903572521805 4
    endloop
  endfacet
  facet normal 0 0 1
    outer loop
      vertex 36.9050635094611 30.050000000000004 4
      vertex 37.04969883127822 30.34329141908728 4
      vertex 36.9050635094611 32.550000000000004 4
    endloop
  endfacet
  facet normal 0 0 1
    outer loop
      vertex 37.04969883127822 30.34329141908728 4
      vertex 37.154814565722674 30.6529523872437 4
      vertex 37.04969883127822 32.25670858091273 4
    endloop
  endfacet
  facet normal 0 0 1
    outer loop
      vertex 37.154814565722674 30.6529523872437 4
      vertex 37.154814565722674 31.947047612756307 4
      vertex 37.04969883127822 32.25670858091273 4
    endloop
  endfacet
  facet normal 0 0 1
    outer loop
      vertex 36.2619035725218 29.316616649271918 4
      vertex 36.2619035725218 33.283383350728094 4
      vertex 35.99 33.4650635094611 4
    endloop
  endfacet
  facet normal 0 0 1
    outer loop
      vertex 36.50776695296637 29.532233047033635 4
      vertex 36.50776695296637 33.06776695296637 4
      vertex 36.2619035725218 33.283383350728094 4
    endloop
  endfacet
  facet normal 0 0 1
    outer loop
      vertex 36.72338335072809 29.778096427478204 4
      vertex 36.72338335072809 32.821903572521805 4
      vertex 36.50776695296637 33.06776695296637 4
    endloop
  endfacet
  facet normal 0 0 1
    outer loop
      vertex 36.9050635094611 30.050000000000004 4
      vertex 36.9050635094611 32.550000000000004 4
      vertex 36.72338335072809 32.821903572521805 4
    endloop
  endfacet
  facet normal 0 0 1
    outer loop
      vertex 37.04969883127822 30.34329141908728 4
      vertex 37.04969883127822 32.25670858091273 4
      vertex 36.9050635094611 32.550000000000004 4
    endloop
  endfacet
  facet normal 0 0 1
    outer loop
      vertex 35.06631548055013 33.77861215343453 4
      vertex 35.01175999735765 32.31422211760353 4
      vertex 35.14181760398335 32.27007350913686 4
    endloop
  endfacet
  facet normal 0 0 1
    outer loop
      vertex 35.06631548055013 33.77861215343453 4
      vertex 35.265 32.20932667397366 4
      vertex 35.387047612756305 33.714814565722676 4
    endloop
  endfacet
  facet normal 0 0 1
    outer loop
      vertex 35.387047612756305 33.714814565722676 4
      vertex 35.5730210073058 31.93919950045916 4
      vertex 35.69670858091273 33.60969883127822 4
    endloop
  endfacet
  facet normal 0 0 1
    outer loop
      vertex 37.154814565722674 30.6529523872437 4
      vertex 37.21861215343453 30.973684519449876 4
      vertex 37.154814565722674 31.947047612756307 4
    endloop
  endfacet
  facet normal 0 0 1
    outer loop
      vertex 37.21861215343453 30.973684519449876 4
      vertex 37.24 31.300000000000004 4
      vertex 37.21861215343453 31.626315480550133 4
    endloop
  endfacet
  facet normal 0 0 1
    outer loop
      vertex 37.154814565722674 31.947047612756307 4
      vertex 37.21861215343453 30.973684519449876 4
      vertex 37.21861215343453 31.626315480550133 4
    endloop
  endfacet
  facet normal -0.7518398074789662 -0.6593458151000815 -5.30871473622969e-19
    outer loop
      vertex 32.97223304703363 65.09223304703364 1.5999999999999996
      vertex 32.75661664927191 65.3380964274782 4
      vertex 32.75661664927191 65.3380964274782 1.5999999999999996
    endloop
  endfacet
  facet normal -0.6593458151000708 -0.7518398074789757 1.3152447813630449e-18
    outer loop
      vertex 32.97223304703363 65.09223304703364 1.5999999999999996
      vertex 33.2180964274782 64.87661664927192 1.5999999999999996
      vertex 33.2180964274782 64.87661664927192 4
    endloop
  endfacet
  facet normal -0.4422886902190004 -0.8968727415326887 3.17038890139184e-18
    outer loop
      vertex 33.49 64.69493649053892 1.5999999999999996
      vertex 33.78329141908728 64.5503011687218 1.5999999999999996
      vertex 33.78329141908728 64.5503011687218 4
    endloop
  endfacet
  facet normal -0.5555702330195893 -0.8314696123025539 2.75570715165277e-18
    outer loop
      vertex 33.2180964274782 64.87661664927192 1.5999999999999996
      vertex 33.49 64.69493649053892 1.5999999999999996
      vertex 33.49 64.69493649053892 4
    endloop
  endfacet
  facet normal -0.3214394653031609 -0.9469301294951059 2.604430472272451e-18
    outer loop
      vertex 33.78329141908728 64.5503011687218 1.5999999999999996
      vertex 34.0929523872437 64.44518543427735 1.5999999999999996
      vertex 34.0929523872437 64.44518543427735 4
    endloop
  endfacet
  facet normal -0.19509032201614293 -0.9807852804032274 9.018427623564744e-20
    outer loop
      vertex 34.0929523872437 64.44518543427735 1.5999999999999996
      vertex 34.41368451944987 64.38138784656549 1.5999999999999996
      vertex 34.41368451944987 64.38138784656549 4
    endloop
  endfacet
  facet normal -0.06540312923014453 -0.9978589232386035 -2.4764929245912495e-19
    outer loop
      vertex 34.41368451944987 64.38138784656549 1.5999999999999996
      vertex 34.74 64.36000000000001 1.5999999999999996
      vertex 34.74 64.36000000000001 4
    endloop
  endfacet
  facet normal 0.06540312923014453 -0.9978589232386035 2.4764929245912495e-19
    outer loop
      vertex 34.74 64.36000000000001 1.5999999999999996
      vertex 35.06631548055013 64.38138784656549 1.5999999999999996
      vertex 35.06631548055013 64.38138784656549 4
    endloop
  endfacet
  facet normal -0.8968727415326929 -0.4422886902189918 2.2281878869273448e-18
    outer loop
      vertex 32.5749364905389 65.61000000000001 1.5999999999999996
      vertex 32.43030116872178 65.9032914190873 4
      vertex 32.43030116872178 65.9032914190873 1.5999999999999996
    endloop
  endfacet
  facet normal -0.8314696123025507 -0.5555702330195942 -1.3973581604589793e-18
    outer loop
      vertex 32.75661664927191 65.3380964274782 1.5999999999999996
      vertex 32.5749364905389 65.61000000000001 4
      vertex 32.5749364905389 65.61000000000001 1.5999999999999996
    endloop
  endfacet
  facet normal -0.9469301294951059 -0.3214394653031609 2.604430472272451e-18
    outer loop
      vertex 32.43030116872178 65.9032914190873 1.5999999999999996
      vertex 32.32518543427733 66.21295238724372 4
      vertex 32.32518543427733 66.21295238724372 1.5999999999999996
    endloop
  endfacet
  facet normal -0.98078528040323 -0.19509032201613039 8.608085907265998e-19
    outer loop
      vertex 32.32518543427733 66.21295238724372 1.5999999999999996
      vertex 32.261387846565476 66.53368451944988 4
      vertex 32.261387846565476 66.53368451944988 1.5999999999999996
    endloop
  endfacet
  facet normal -0.9978589232386034 -0.06540312923014309 -4.788894495437299e-19
    outer loop
      vertex 32.261387846565476 66.53368451944988 1.5999999999999996
      vertex 32.24 66.86000000000001 4
      vertex 32.24 66.86000000000001 1.5999999999999996
    endloop
  endfacet
  facet normal -0.9978589232386034 0.06540312923014309 4.788894495437299e-19
    outer loop
      vertex 32.24 66.86000000000001 1.5999999999999996
      vertex 32.261387846565476 67.18631548055015 4
      vertex 32.261387846565476 67.18631548055015 1.5999999999999996
    endloop
  endfacet
  facet normal -0.98078528040323 0.19509032201613039 -8.608085907265998e-19
    outer loop
      vertex 32.261387846565476 67.18631548055015 1.5999999999999996
      vertex 32.32518543427733 67.50704761275631 4
      vertex 32.32518543427733 67.50704761275631 1.5999999999999996
    endloop
  endfacet
  facet normal -0.9469301294951059 0.3214394653031609 -2.604430472272451e-18
    outer loop
      vertex 32.32518543427733 67.50704761275631 1.5999999999999996
      vertex 32.43030116872178 67.81670858091273 4
      vertex 32.43030116872178 67.81670858091273 1.5999999999999996
    endloop
  endfacet
  facet normal -0.8968727415326929 0.4422886902189918 -2.2281878869273448e-18
    outer loop
      vertex 32.43030116872178 67.81670858091273 1.5999999999999996
      vertex 32.5749364905389 68.11000000000001 4
      vertex 32.5749364905389 68.11000000000001 1.5999999999999996
    endloop
  endfacet
  facet normal -0.8314696123025507 0.5555702330195942 1.3973581604589793e-18
    outer loop
      vertex 32.5749364905389 68.11000000000001 1.5999999999999996
      vertex 32.75661664927191 68.38190357252182 4
      vertex 32.75661664927191 68.38190357252182 1.5999999999999996
    endloop
  endfacet
  facet normal -0.7518398074789662 0.6593458151000815 5.30871473622969e-19
    outer loop
      vertex 32.75661664927191 68.38190357252182 1.5999999999999996
      vertex 32.97223304703363 68.62776695296638 4
      vertex 32.97223304703363 68.62776695296638 1.5999999999999996
    endloop
  endfacet
  facet normal -0.6593458151000708 0.7518398074789757 0
    outer loop
      vertex 32.97223304703363 68.62776695296638 1.5999999999999996
      vertex 32.97223304703363 68.62776695296638 4
      vertex 33.2180964274782 68.8433833507281 1.5999999999999996
    endloop
  endfacet
  facet normal -0.5555702330195893 0.8314696123025539 0
    outer loop
      vertex 33.2180964274782 68.8433833507281 1.5999999999999996
      vertex 33.2180964274782 68.8433833507281 4
      vertex 33.49 69.0250635094611 1.5999999999999996
    endloop
  endfacet
  facet normal -0.4422886902190004 0.8968727415326887 0
    outer loop
      vertex 33.49 69.0250635094611 1.5999999999999996
      vertex 33.49 69.0250635094611 4
      vertex 33.78329141908728 69.16969883127823 1.5999999999999996
    endloop
  endfacet
  facet normal -0.3214394653031609 0.9469301294951059 0
    outer loop
      vertex 33.78329141908728 69.16969883127823 1.5999999999999996
      vertex 33.78329141908728 69.16969883127823 4
      vertex 34.0929523872437 69.27481456572268 1.5999999999999996
    endloop
  endfacet
  facet normal -0.19509032201614293 0.9807852804032274 0
    outer loop
      vertex 34.0929523872437 69.27481456572268 1.5999999999999996
      vertex 34.0929523872437 69.27481456572268 4
      vertex 34.41368451944987 69.33861215343454 1.5999999999999996
    endloop
  endfacet
  facet normal -0.06540312923014453 0.9978589232386035 0
    outer loop
      vertex 34.41368451944987 69.33861215343454 1.5999999999999996
      vertex 34.41368451944987 69.33861215343454 4
      vertex 34.74 69.36000000000001 1.5999999999999996
    endloop
  endfacet
  facet normal 0.06540312923014453 0.9978589232386035 0
    outer loop
      vertex 34.74 69.36000000000001 1.5999999999999996
      vertex 34.74 69.36000000000001 4
      vertex 35.06631548055013 69.33861215343454 1.5999999999999996
    endloop
  endfacet
  facet normal -0.7518398074789662 -0.6593458151000815 0
    outer loop
      vertex 32.97223304703363 65.09223304703364 1.5999999999999996
      vertex 32.97223304703363 65.09223304703364 4
      vertex 32.75661664927191 65.3380964274782 4
    endloop
  endfacet
  facet normal -0.6593458151000708 -0.7518398074789757 0
    outer loop
      vertex 32.97223304703363 65.09223304703364 1.5999999999999996
      vertex 33.2180964274782 64.87661664927192 4
      vertex 32.97223304703363 65.09223304703364 4
    endloop
  endfacet
  facet normal -0.5555702330195893 -0.8314696123025539 0
    outer loop
      vertex 33.2180964274782 64.87661664927192 1.5999999999999996
      vertex 33.49 64.69493649053892 4
      vertex 33.2180964274782 64.87661664927192 4
    endloop
  endfacet
  facet normal -0.4422886902190004 -0.8968727415326887 0
    outer loop
      vertex 33.49 64.69493649053892 1.5999999999999996
      vertex 33.78329141908728 64.5503011687218 4
      vertex 33.49 64.69493649053892 4
    endloop
  endfacet
  facet normal -0.3214394653031609 -0.9469301294951059 0
    outer loop
      vertex 33.78329141908728 64.5503011687218 1.5999999999999996
      vertex 34.0929523872437 64.44518543427735 4
      vertex 33.78329141908728 64.5503011687218 4
    endloop
  endfacet
  facet normal -0.19509032201614293 -0.9807852804032274 0
    outer loop
      vertex 34.0929523872437 64.44518543427735 1.5999999999999996
      vertex 34.41368451944987 64.38138784656549 4
      vertex 34.0929523872437 64.44518543427735 4
    endloop
  endfacet
  facet normal -0.06540312923014453 -0.9978589232386035 0
    outer loop
      vertex 34.41368451944987 64.38138784656549 1.5999999999999996
      vertex 34.74 64.36000000000001 4
      vertex 34.41368451944987 64.38138784656549 4
    endloop
  endfacet
  facet normal 0.06540312923014453 -0.9978589232386035 0
    outer loop
      vertex 34.74 64.36000000000001 1.5999999999999996
      vertex 35.06631548055013 64.38138784656549 4
      vertex 34.74 64.36000000000001 4
    endloop
  endfacet
  facet normal -0.8968727415326929 -0.4422886902189918 0
    outer loop
      vertex 32.5749364905389 65.61000000000001 1.5999999999999996
      vertex 32.5749364905389 65.61000000000001 4
      vertex 32.43030116872178 65.9032914190873 4
    endloop
  endfacet
  facet normal -0.8314696123025507 -0.5555702330195942 0
    outer loop
      vertex 32.75661664927191 65.3380964274782 1.5999999999999996
      vertex 32.75661664927191 65.3380964274782 4
      vertex 32.5749364905389 65.61000000000001 4
    endloop
  endfacet
  facet normal -0.9469301294951059 -0.3214394653031609 0
    outer loop
      vertex 32.43030116872178 65.9032914190873 1.5999999999999996
      vertex 32.43030116872178 65.9032914190873 4
      vertex 32.32518543427733 66.21295238724372 4
    endloop
  endfacet
  facet normal -0.98078528040323 -0.19509032201613039 0
    outer loop
      vertex 32.32518543427733 66.21295238724372 1.5999999999999996
      vertex 32.32518543427733 66.21295238724372 4
      vertex 32.261387846565476 66.53368451944988 4
    endloop
  endfacet
  facet normal -0.9978589232386034 -0.06540312923014309 0
    outer loop
      vertex 32.261387846565476 66.53368451944988 1.5999999999999996
      vertex 32.261387846565476 66.53368451944988 4
      vertex 32.24 66.86000000000001 4
    endloop
  endfacet
  facet normal -0.9978589232386034 0.06540312923014309 0
    outer loop
      vertex 32.24 66.86000000000001 1.5999999999999996
      vertex 32.24 66.86000000000001 4
      vertex 32.261387846565476 67.18631548055015 4
    endloop
  endfacet
  facet normal -0.98078528040323 0.19509032201613039 0
    outer loop
      vertex 32.261387846565476 67.18631548055015 1.5999999999999996
      vertex 32.261387846565476 67.18631548055015 4
      vertex 32.32518543427733 67.50704761275631 4
    endloop
  endfacet
  facet normal -0.9469301294951059 0.3214394653031609 0
    outer loop
      vertex 32.32518543427733 67.50704761275631 1.5999999999999996
      vertex 32.32518543427733 67.50704761275631 4
      vertex 32.43030116872178 67.81670858091273 4
    endloop
  endfacet
  facet normal -0.8968727415326929 0.4422886902189918 0
    outer loop
      vertex 32.43030116872178 67.81670858091273 1.5999999999999996
      vertex 32.43030116872178 67.81670858091273 4
      vertex 32.5749364905389 68.11000000000001 4
    endloop
  endfacet
  facet normal -0.8314696123025507 0.5555702330195942 0
    outer loop
      vertex 32.5749364905389 68.11000000000001 1.5999999999999996
      vertex 32.5749364905389 68.11000000000001 4
      vertex 32.75661664927191 68.38190357252182 4
    endloop
  endfacet
  facet normal -0.7518398074789662 0.6593458151000815 0
    outer loop
      vertex 32.75661664927191 68.38190357252182 1.5999999999999996
      vertex 32.75661664927191 68.38190357252182 4
      vertex 32.97223304703363 68.62776695296638 4
    endloop
  endfacet
  facet normal -0.6593458151000708 0.7518398074789757 0
    outer loop
      vertex 33.2180964274782 68.8433833507281 1.5999999999999996
      vertex 32.97223304703363 68.62776695296638 4
      vertex 33.2180964274782 68.8433833507281 4
    endloop
  endfacet
  facet normal -0.5555702330195893 0.8314696123025539 0
    outer loop
      vertex 33.49 69.0250635094611 1.5999999999999996
      vertex 33.2180964274782 68.8433833507281 4
      vertex 33.49 69.0250635094611 4
    endloop
  endfacet
  facet normal -0.4422886902190004 0.8968727415326887 0
    outer loop
      vertex 33.78329141908728 69.16969883127823 1.5999999999999996
      vertex 33.49 69.0250635094611 4
      vertex 33.78329141908728 69.16969883127823 4
    endloop
  endfacet
  facet normal -0.3214394653031609 0.9469301294951059 0
    outer loop
      vertex 34.0929523872437 69.27481456572268 1.5999999999999996
      vertex 33.78329141908728 69.16969883127823 4
      vertex 34.0929523872437 69.27481456572268 4
    endloop
  endfacet
  facet normal -0.19509032201614293 0.9807852804032274 0
    outer loop
      vertex 34.41368451944987 69.33861215343454 1.5999999999999996
      vertex 34.0929523872437 69.27481456572268 4
      vertex 34.41368451944987 69.33861215343454 4
    endloop
  endfacet
  facet normal -0.06540312923014453 0.9978589232386035 0
    outer loop
      vertex 34.74 69.36000000000001 1.5999999999999996
      vertex 34.41368451944987 69.33861215343454 4
      vertex 34.74 69.36000000000001 4
    endloop
  endfacet
  facet normal 0.06540312923014453 0.9978589232386035 -2.4764929245912495e-19
    outer loop
      vertex 34.74 69.36000000000001 4
      vertex 35.06631548055013 69.33861215343454 4
      vertex 35.06631548055013 69.33861215343454 1.5999999999999996
    endloop
  endfacet
  facet normal 0 0 1
    outer loop
      vertex 33.78329141908728 64.5503011687218 4
      vertex 34.0929523872437 64.44518543427735 4
      vertex 33.90697899269421 66.22080049954086 4
    endloop
  endfacet
  facet normal 0 0 1
    outer loop
      vertex 34.0929523872437 64.44518543427735 4
      vertex 34.41368451944987 64.38138784656549 4
      vertex 34.215 65.95067332602635 4
    endloop
  endfacet
  facet normal 0 0 1
    outer loop
      vertex 34.41368451944987 64.38138784656549 4
      vertex 34.74 64.36000000000001 4
      vertex 34.602947498168945 65.81898289555751 4
    endloop
  endfacet
  facet normal 0 0 1
    outer loop
      vertex 34.74 64.36000000000001 4
      vertex 35.06631548055013 64.38138784656549 4
      vertex 34.87705250183106 65.81898289555751 4
    endloop
  endfacet
  facet normal 0 0 1
    outer loop
      vertex 32.32518543427733 66.21295238724372 4
      vertex 32.261387846565476 67.18631548055015 4
      vertex 32.261387846565476 66.53368451944988 4
    endloop
  endfacet
  facet normal 0 0 1
    outer loop
      vertex 32.261387846565476 66.53368451944988 4
      vertex 32.261387846565476 67.18631548055015 4
      vertex 32.24 66.86000000000001 4
    endloop
  endfacet
  facet normal 0 0 1
    outer loop
      vertex 32.43030116872178 65.9032914190873 4
      vertex 32.32518543427733 67.50704761275631 4
      vertex 32.32518543427733 66.21295238724372 4
    endloop
  endfacet
  facet normal 0 0 1
    outer loop
      vertex 32.5749364905389 65.61000000000001 4
      vertex 32.43030116872178 67.81670858091273 4
      vertex 32.43030116872178 65.9032914190873 4
    endloop
  endfacet
  facet normal 0 0 1
    outer loop
      vertex 32.75661664927191 65.3380964274782 4
      vertex 32.5749364905389 68.11000000000001 4
      vertex 32.5749364905389 65.61000000000001 4
    endloop
  endfacet
  facet normal 0 0 1
    outer loop
      vertex 32.32518543427733 66.21295238724372 4
      vertex 32.32518543427733 67.50704761275631 4
      vertex 32.261387846565476 67.18631548055015 4
    endloop
  endfacet
  facet normal 0 0 1
    outer loop
      vertex 32.43030116872178 65.9032914190873 4
      vertex 32.43030116872178 67.81670858091273 4
      vertex 32.32518543427733 67.50704761275631 4
    endloop
  endfacet
  facet normal 0 0 1
    outer loop
      vertex 32.5749364905389 65.61000000000001 4
      vertex 32.5749364905389 68.11000000000001 4
      vertex 32.43030116872178 67.81670858091273 4
    endloop
  endfacet
  facet normal 0 0 1
    outer loop
      vertex 32.75661664927191 65.3380964274782 4
      vertex 32.75661664927191 68.38190357252182 4
      vertex 32.5749364905389 68.11000000000001 4
    endloop
  endfacet
  facet normal 0 0 1
    outer loop
      vertex 32.97223304703363 65.09223304703364 4
      vertex 32.75661664927191 68.38190357252182 4
      vertex 32.75661664927191 65.3380964274782 4
    endloop
  endfacet
  facet normal 0 0 1
    outer loop
      vertex 32.97223304703363 65.09223304703364 4
      vertex 33.2180964274782 64.87661664927192 4
      vertex 32.97223304703363 68.62776695296638 4
    endloop
  endfacet
  facet normal 0 0 1
    outer loop
      vertex 33.2180964274782 64.87661664927192 4
      vertex 33.49 64.69493649053892 4
      vertex 33.2180964274782 68.8433833507281 4
    endloop
  endfacet
  facet normal 0 0 1
    outer loop
      vertex 33.78329141908728 64.5503011687218 4
      vertex 33.90697899269421 66.22080049954086 4
      vertex 33.83067332602634 66.33500000000001 4
    endloop
  endfacet
  facet normal 0 0 1
    outer loop
      vertex 33.78329141908728 64.5503011687218 4
      vertex 33.83067332602634 66.33500000000001 4
      vertex 33.76992649086315 66.45818239601667 4
    endloop
  endfacet
  facet normal 0 0 1
    outer loop
      vertex 33.49 64.69493649053892 4
      vertex 33.78329141908728 64.5503011687218 4
      vertex 33.49 69.0250635094611 4
    endloop
  endfacet
  facet normal 0 0 1
    outer loop
      vertex 33.78329141908728 64.5503011687218 4
      vertex 33.76992649086315 66.45818239601667 4
      vertex 33.72577788239648 66.58824000264237 4
    endloop
  endfacet
  facet normal 0 0 1
    outer loop
      vertex 33.78329141908728 64.5503011687218 4
      vertex 33.72577788239648 66.58824000264237 4
      vertex 33.6989828955575 66.72294749816896 4
    endloop
  endfacet
  facet normal 0 0 1
    outer loop
      vertex 32.97223304703363 65.09223304703364 4
      vertex 32.97223304703363 68.62776695296638 4
      vertex 32.75661664927191 68.38190357252182 4
    endloop
  endfacet
  facet normal 0 0 1
    outer loop
      vertex 33.78329141908728 64.5503011687218 4
      vertex 33.6989828955575 66.72294749816896 4
      vertex 33.49 69.0250635094611 4
    endloop
  endfacet
  facet normal 0 0 1
    outer loop
      vertex 34.0929523872437 64.44518543427735 4
      vertex 34.100800499540846 66.02697899269421 4
      vertex 33.99753787975413 66.11753787975414 4
    endloop
  endfacet
  facet normal 0 0 1
    outer loop
      vertex 34.0929523872437 64.44518543427735 4
      vertex 34.215 65.95067332602635 4
      vertex 34.100800499540846 66.02697899269421 4
    endloop
  endfacet
  facet normal 0 0 1
    outer loop
      vertex 34.0929523872437 64.44518543427735 4
      vertex 33.99753787975413 66.11753787975414 4
      vertex 33.90697899269421 66.22080049954086 4
    endloop
  endfacet
  facet normal 0 0 1
    outer loop
      vertex 34.41368451944987 64.38138784656549 4
      vertex 34.468240002642354 65.84577788239649 4
      vertex 34.338182396016656 65.88992649086316 4
    endloop
  endfacet
  facet normal 0 0 1
    outer loop
      vertex 34.41368451944987 64.38138784656549 4
      vertex 34.338182396016656 65.88992649086316 4
      vertex 34.215 65.95067332602635 4
    endloop
  endfacet
  facet normal 0 0 1
    outer loop
      vertex 34.41368451944987 64.38138784656549 4
      vertex 34.602947498168945 65.81898289555751 4
      vertex 34.468240002642354 65.84577788239649 4
    endloop
  endfacet
  facet normal 0 0 1
    outer loop
      vertex 34.74 64.36000000000001 4
      vertex 34.74 65.81000000000002 4
      vertex 34.602947498168945 65.81898289555751 4
    endloop
  endfacet
  facet normal 0 0 1
    outer loop
      vertex 34.74 64.36000000000001 4
      vertex 34.87705250183106 65.81898289555751 4
      vertex 34.74 65.81000000000002 4
    endloop
  endfacet
  facet normal 0 0 1
    outer loop
      vertex 35.06631548055013 64.38138784656549 4
      vertex 35.01175999735765 65.84577788239649 4
      vertex 34.87705250183106 65.81898289555751 4
    endloop
  endfacet
  facet normal 0 0 1
    outer loop
      vertex 33.2180964274782 64.87661664927192 4
      vertex 33.2180964274782 68.8433833507281 4
      vertex 32.97223304703363 68.62776695296638 4
    endloop
  endfacet
  facet normal 0 0 1
    outer loop
      vertex 33.49 64.69493649053892 4
      vertex 33.49 69.0250635094611 4
      vertex 33.2180964274782 68.8433833507281 4
    endloop
  endfacet
  facet normal 0 0 1
    outer loop
      vertex 33.49 69.0250635094611 4
      vertex 33.6989828955575 66.72294749816896 4
      vertex 33.690000000000005 66.86000000000001 4
    endloop
  endfacet
  facet normal 0 0 1
    outer loop
      vertex 33.49 69.0250635094611 4
      vertex 33.690000000000005 66.86000000000001 4
      vertex 33.6989828955575 66.99705250183106 4
    endloop
  endfacet
  facet normal 0 0 1
    outer loop
      vertex 33.49 69.0250635094611 4
      vertex 33.6989828955575 66.99705250183106 4
      vertex 33.72577788239648 67.13175999735766 4
    endloop
  endfacet
  facet normal 0 0 1
    outer loop
      vertex 33.49 69.0250635094611 4
      vertex 33.72577788239648 67.13175999735766 4
      vertex 33.76992649086315 67.26181760398336 4
    endloop
  endfacet
  facet normal 0 0 1
    outer loop
      vertex 33.49 69.0250635094611 4
      vertex 33.76992649086315 67.26181760398336 4
      vertex 33.83067332602634 67.38500000000002 4
    endloop
  endfacet
  facet normal 0 0 1
    outer loop
      vertex 33.78329141908728 69.16969883127823 4
      vertex 33.83067332602634 67.38500000000002 4
      vertex 33.90697899269421 67.49919950045917 4
    endloop
  endfacet
  facet normal 0 0 1
    outer loop
      vertex 33.78329141908728 69.16969883127823 4
      vertex 33.90697899269421 67.49919950045917 4
      vertex 33.99753787975413 67.60246212024589 4
    endloop
  endfacet
  facet normal 0 0 1
    outer loop
      vertex 33.49 69.0250635094611 4
      vertex 33.83067332602634 67.38500000000002 4
      vertex 33.78329141908728 69.16969883127823 4
    endloop
  endfacet
  facet normal 0 0 1
    outer loop
      vertex 33.78329141908728 69.16969883127823 4
      vertex 33.99753787975413 67.60246212024589 4
      vertex 34.100800499540846 67.69302100730582 4
    endloop
  endfacet
  facet normal 0 0 1
    outer loop
      vertex 34.0929523872437 69.27481456572268 4
      vertex 34.100800499540846 67.69302100730582 4
      vertex 34.215 67.76932667397368 4
    endloop
  endfacet
  facet normal 0 0 1
    outer loop
      vertex 34.0929523872437 69.27481456572268 4
      vertex 34.215 67.76932667397368 4
      vertex 34.338182396016656 67.83007350913687 4
    endloop
  endfacet
  facet normal 0 0 1
    outer loop
      vertex 34.0929523872437 69.27481456572268 4
      vertex 34.338182396016656 67.83007350913687 4
      vertex 34.468240002642354 67.87422211760354 4
    endloop
  endfacet
  facet normal 0 0 1
    outer loop
      vertex 34.41368451944987 69.33861215343454 4
      vertex 34.468240002642354 67.87422211760354 4
      vertex 34.602947498168945 67.90101710444252 4
    endloop
  endfacet
  facet normal 0 0 1
    outer loop
      vertex 34.74 69.36000000000001 4
      vertex 34.602947498168945 67.90101710444252 4
      vertex 34.74 67.91000000000001 4
    endloop
  endfacet
  facet normal 0 0 1
    outer loop
      vertex 34.74 69.36000000000001 4
      vertex 34.74 67.91000000000001 4
      vertex 34.87705250183106 67.90101710444252 4
    endloop
  endfacet
  facet normal 0 0 1
    outer loop
      vertex 35.06631548055013 69.33861215343454 4
      vertex 34.87705250183106 67.90101710444252 4
      vertex 35.01175999735765 67.87422211760354 4
    endloop
  endfacet
  facet normal 0 0 1
    outer loop
      vertex 33.78329141908728 69.16969883127823 4
      vertex 34.100800499540846 67.69302100730582 4
      vertex 34.0929523872437 69.27481456572268 4
    endloop
  endfacet
  facet normal 0 0 1
    outer loop
      vertex 34.0929523872437 69.27481456572268 4
      vertex 34.468240002642354 67.87422211760354 4
      vertex 34.41368451944987 69.33861215343454 4
    endloop
  endfacet
  facet normal 0 0 1
    outer loop
      vertex 34.41368451944987 69.33861215343454 4
      vertex 34.602947498168945 67.90101710444252 4
      vertex 34.74 69.36000000000001 4
    endloop
  endfacet
  facet normal 0 0 1
    outer loop
      vertex 34.74 69.36000000000001 4
      vertex 34.87705250183106 67.90101710444252 4
      vertex 35.06631548055013 69.33861215343454 4
    endloop
  endfacet
  facet normal 0.19509032201614293 -0.9807852804032274 -9.018427623564744e-20
    outer loop
      vertex 35.06631548055013 64.38138784656549 1.5999999999999996
      vertex 35.387047612756305 64.44518543427735 1.5999999999999996
      vertex 35.387047612756305 64.44518543427735 4
    endloop
  endfacet
  facet normal 0.3214394653031609 -0.9469301294951059 -2.604430472272451e-18
    outer loop
      vertex 35.387047612756305 64.44518543427735 1.5999999999999996
      vertex 35.69670858091273 64.5503011687218 1.5999999999999996
      vertex 35.69670858091273 64.5503011687218 4
    endloop
  endfacet
  facet normal 0.4422886902190004 -0.8968727415326887 -3.17038890139184e-18
    outer loop
      vertex 35.69670858091273 64.5503011687218 1.5999999999999996
      vertex 35.99 64.69493649053892 1.5999999999999996
      vertex 35.99 64.69493649053892 4
    endloop
  endfacet
  facet normal 0.5555702330195893 -0.8314696123025539 -2.75570715165277e-18
    outer loop
      vertex 35.99 64.69493649053892 1.5999999999999996
      vertex 36.2619035725218 64.87661664927192 1.5999999999999996
      vertex 36.2619035725218 64.87661664927192 4
    endloop
  endfacet
  facet normal 0.6593458151000708 -0.7518398074789757 -1.3152447813630449e-18
    outer loop
      vertex 36.2619035725218 64.87661664927192 1.5999999999999996
      vertex 36.50776695296637 65.09223304703364 1.5999999999999996
      vertex 36.50776695296637 65.09223304703364 4
    endloop
  endfacet
  facet normal 0.7518398074789662 -0.6593458151000815 0
    outer loop
      vertex 36.50776695296637 65.09223304703364 1.5999999999999996
      vertex 36.72338335072809 65.3380964274782 1.5999999999999996
      vertex 36.50776695296637 65.09223304703364 4
    endloop
  endfacet
  facet normal 0.8314696123025507 -0.5555702330195942 0
    outer loop
      vertex 36.72338335072809 65.3380964274782 1.5999999999999996
      vertex 36.9050635094611 65.61000000000001 1.5999999999999996
      vertex 36.72338335072809 65.3380964274782 4
    endloop
  endfacet
  facet normal 0.8968727415326929 -0.4422886902189918 0
    outer loop
      vertex 36.9050635094611 65.61000000000001 1.5999999999999996
      vertex 37.04969883127822 65.9032914190873 1.5999999999999996
      vertex 36.9050635094611 65.61000000000001 4
    endloop
  endfacet
  facet normal 0.9469301294951059 -0.3214394653031609 0
    outer loop
      vertex 37.04969883127822 65.9032914190873 1.5999999999999996
      vertex 37.154814565722674 66.21295238724372 1.5999999999999996
      vertex 37.04969883127822 65.9032914190873 4
    endloop
  endfacet
  facet normal 0.19509032201614293 0.9807852804032274 0
    outer loop
      vertex 35.06631548055013 69.33861215343454 1.5999999999999996
      vertex 35.06631548055013 69.33861215343454 4
      vertex 35.387047612756305 69.27481456572268 1.5999999999999996
    endloop
  endfacet
  facet normal 0.3214394653031609 0.9469301294951059 0
    outer loop
      vertex 35.387047612756305 69.27481456572268 1.5999999999999996
      vertex 35.387047612756305 69.27481456572268 4
      vertex 35.69670858091273 69.16969883127823 1.5999999999999996
    endloop
  endfacet
  facet normal 0.5555702330195893 0.8314696123025539 0
    outer loop
      vertex 35.99 69.0250635094611 1.5999999999999996
      vertex 35.99 69.0250635094611 4
      vertex 36.2619035725218 68.8433833507281 1.5999999999999996
    endloop
  endfacet
  facet normal 0.4422886902190004 0.8968727415326887 3.17038890139184e-18
    outer loop
      vertex 35.99 69.0250635094611 1.5999999999999996
      vertex 35.69670858091273 69.16969883127823 1.5999999999999996
      vertex 35.69670858091273 69.16969883127823 4
    endloop
  endfacet
  facet normal 0.9469301294951059 0.3214394653031609 0
    outer loop
      vertex 37.154814565722674 67.50704761275631 1.5999999999999996
      vertex 37.04969883127822 67.81670858091273 1.5999999999999996
      vertex 37.154814565722674 67.50704761275631 4
    endloop
  endfacet
  facet normal 0.8968727415326929 0.4422886902189918 0
    outer loop
      vertex 37.04969883127822 67.81670858091273 1.5999999999999996
      vertex 36.9050635094611 68.11000000000001 1.5999999999999996
      vertex 37.04969883127822 67.81670858091273 4
    endloop
  endfacet
  facet normal 0.8314696123025507 0.5555702330195942 -1.3973581604589793e-18
    outer loop
      vertex 36.72338335072809 68.38190357252182 1.5999999999999996
      vertex 36.9050635094611 68.11000000000001 4
      vertex 36.9050635094611 68.11000000000001 1.5999999999999996
    endloop
  endfacet
  facet normal 0.7518398074789662 0.6593458151000815 0
    outer loop
      vertex 36.72338335072809 68.38190357252182 1.5999999999999996
      vertex 36.50776695296637 68.62776695296638 1.5999999999999996
      vertex 36.72338335072809 68.38190357252182 4
    endloop
  endfacet
  facet normal 0.6593458151000708 0.7518398074789757 0
    outer loop
      vertex 36.2619035725218 68.8433833507281 1.5999999999999996
      vertex 36.2619035725218 68.8433833507281 4
      vertex 36.50776695296637 68.62776695296638 1.5999999999999996
    endloop
  endfacet
  facet normal 0.98078528040323 -0.19509032201613039 0
    outer loop
      vertex 37.154814565722674 66.21295238724372 1.5999999999999996
      vertex 37.21861215343453 66.53368451944988 1.5999999999999996
      vertex 37.154814565722674 66.21295238724372 4
    endloop
  endfacet
  facet normal 0.9978589232386034 -0.06540312923014309 0
    outer loop
      vertex 37.21861215343453 66.53368451944988 1.5999999999999996
      vertex 37.24 66.86000000000001 1.5999999999999996
      vertex 37.21861215343453 66.53368451944988 4
    endloop
  endfacet
  facet normal 0.9978589232386034 0.06540312923014309 0
    outer loop
      vertex 37.24 66.86000000000001 1.5999999999999996
      vertex 37.21861215343453 67.18631548055015 1.5999999999999996
      vertex 37.24 66.86000000000001 4
    endloop
  endfacet
  facet normal 0.98078528040323 0.19509032201613039 8.608085907265998e-19
    outer loop
      vertex 37.154814565722674 67.50704761275631 1.5999999999999996
      vertex 37.21861215343453 67.18631548055015 4
      vertex 37.21861215343453 67.18631548055015 1.5999999999999996
    endloop
  endfacet
  facet normal 0.19509032201614293 -0.9807852804032274 0
    outer loop
      vertex 35.06631548055013 64.38138784656549 1.5999999999999996
      vertex 35.387047612756305 64.44518543427735 4
      vertex 35.06631548055013 64.38138784656549 4
    endloop
  endfacet
  facet normal 0.3214394653031609 -0.9469301294951059 0
    outer loop
      vertex 35.387047612756305 64.44518543427735 1.5999999999999996
      vertex 35.69670858091273 64.5503011687218 4
      vertex 35.387047612756305 64.44518543427735 4
    endloop
  endfacet
  facet normal 0.4422886902190004 -0.8968727415326887 0
    outer loop
      vertex 35.69670858091273 64.5503011687218 1.5999999999999996
      vertex 35.99 64.69493649053892 4
      vertex 35.69670858091273 64.5503011687218 4
    endloop
  endfacet
  facet normal 0.5555702330195893 -0.8314696123025539 0
    outer loop
      vertex 35.99 64.69493649053892 1.5999999999999996
      vertex 36.2619035725218 64.87661664927192 4
      vertex 35.99 64.69493649053892 4
    endloop
  endfacet
  facet normal 0.6593458151000708 -0.7518398074789757 0
    outer loop
      vertex 36.2619035725218 64.87661664927192 1.5999999999999996
      vertex 36.50776695296637 65.09223304703364 4
      vertex 36.2619035725218 64.87661664927192 4
    endloop
  endfacet
  facet normal 0.7518398074789662 -0.6593458151000815 0
    outer loop
      vertex 36.72338335072809 65.3380964274782 1.5999999999999996
      vertex 36.72338335072809 65.3380964274782 4
      vertex 36.50776695296637 65.09223304703364 4
    endloop
  endfacet
  facet normal 0.8314696123025507 -0.5555702330195942 0
    outer loop
      vertex 36.9050635094611 65.61000000000001 1.5999999999999996
      vertex 36.9050635094611 65.61000000000001 4
      vertex 36.72338335072809 65.3380964274782 4
    endloop
  endfacet
  facet normal 0.8968727415326929 -0.4422886902189918 0
    outer loop
      vertex 37.04969883127822 65.9032914190873 1.5999999999999996
      vertex 37.04969883127822 65.9032914190873 4
      vertex 36.9050635094611 65.61000000000001 4
    endloop
  endfacet
  facet normal 0.9469301294951059 -0.3214394653031609 0
    outer loop
      vertex 37.154814565722674 66.21295238724372 1.5999999999999996
      vertex 37.154814565722674 66.21295238724372 4
      vertex 37.04969883127822 65.9032914190873 4
    endloop
  endfacet
  facet normal 0.19509032201614293 0.9807852804032274 0
    outer loop
      vertex 35.387047612756305 69.27481456572268 1.5999999999999996
      vertex 35.06631548055013 69.33861215343454 4
      vertex 35.387047612756305 69.27481456572268 4
    endloop
  endfacet
  facet normal 0.3214394653031609 0.9469301294951059 0
    outer loop
      vertex 35.69670858091273 69.16969883127823 1.5999999999999996
      vertex 35.387047612756305 69.27481456572268 4
      vertex 35.69670858091273 69.16969883127823 4
    endloop
  endfacet
  facet normal 0.4422886902190004 0.8968727415326887 0
    outer loop
      vertex 35.99 69.0250635094611 1.5999999999999996
      vertex 35.69670858091273 69.16969883127823 4
      vertex 35.99 69.0250635094611 4
    endloop
  endfacet
  facet normal 0.9469301294951059 0.3214394653031609 0
    outer loop
      vertex 37.04969883127822 67.81670858091273 1.5999999999999996
      vertex 37.04969883127822 67.81670858091273 4
      vertex 37.154814565722674 67.50704761275631 4
    endloop
  endfacet
  facet normal 0.8314696123025507 0.5555702330195942 0
    outer loop
      vertex 36.72338335072809 68.38190357252182 1.5999999999999996
      vertex 36.72338335072809 68.38190357252182 4
      vertex 36.9050635094611 68.11000000000001 4
    endloop
  endfacet
  facet normal 0.8968727415326929 0.4422886902189918 0
    outer loop
      vertex 36.9050635094611 68.11000000000001 1.5999999999999996
      vertex 36.9050635094611 68.11000000000001 4
      vertex 37.04969883127822 67.81670858091273 4
    endloop
  endfacet
  facet normal 0.5555702330195893 0.8314696123025539 0
    outer loop
      vertex 36.2619035725218 68.8433833507281 1.5999999999999996
      vertex 35.99 69.0250635094611 4
      vertex 36.2619035725218 68.8433833507281 4
    endloop
  endfacet
  facet normal 0.6593458151000708 0.7518398074789757 0
    outer loop
      vertex 36.50776695296637 68.62776695296638 1.5999999999999996
      vertex 36.2619035725218 68.8433833507281 4
      vertex 36.50776695296637 68.62776695296638 4
    endloop
  endfacet
  facet normal 0.7518398074789662 0.6593458151000815 0
    outer loop
      vertex 36.50776695296637 68.62776695296638 1.5999999999999996
      vertex 36.50776695296637 68.62776695296638 4
      vertex 36.72338335072809 68.38190357252182 4
    endloop
  endfacet
  facet normal 0.98078528040323 -0.19509032201613039 0
    outer loop
      vertex 37.21861215343453 66.53368451944988 1.5999999999999996
      vertex 37.21861215343453 66.53368451944988 4
      vertex 37.154814565722674 66.21295238724372 4
    endloop
  endfacet
  facet normal 0.9978589232386034 -0.06540312923014309 0
    outer loop
      vertex 37.24 66.86000000000001 1.5999999999999996
      vertex 37.24 66.86000000000001 4
      vertex 37.21861215343453 66.53368451944988 4
    endloop
  endfacet
  facet normal 0.9978589232386034 0.06540312923014309 0
    outer loop
      vertex 37.21861215343453 67.18631548055015 1.5999999999999996
      vertex 37.21861215343453 67.18631548055015 4
      vertex 37.24 66.86000000000001 4
    endloop
  endfacet
  facet normal 0.98078528040323 0.19509032201613039 0
    outer loop
      vertex 37.154814565722674 67.50704761275631 1.5999999999999996
      vertex 37.154814565722674 67.50704761275631 4
      vertex 37.21861215343453 67.18631548055015 4
    endloop
  endfacet
  facet normal 0 0 1
    outer loop
      vertex 35.06631548055013 64.38138784656549 4
      vertex 35.387047612756305 64.44518543427735 4
      vertex 35.01175999735765 65.84577788239649 4
    endloop
  endfacet
  facet normal 0 0 1
    outer loop
      vertex 35.387047612756305 64.44518543427735 4
      vertex 35.69670858091273 64.5503011687218 4
      vertex 35.37919950045916 66.02697899269421 4
    endloop
  endfacet
  facet normal 0 0 1
    outer loop
      vertex 35.69670858091273 64.5503011687218 4
      vertex 35.99 64.69493649053892 4
      vertex 35.64932667397366 66.33500000000001 4
    endloop
  endfacet
  facet normal 0 0 1
    outer loop
      vertex 35.387047612756305 64.44518543427735 4
      vertex 35.14181760398335 65.88992649086316 4
      vertex 35.01175999735765 65.84577788239649 4
    endloop
  endfacet
  facet normal 0 0 1
    outer loop
      vertex 35.387047612756305 64.44518543427735 4
      vertex 35.265 65.95067332602635 4
      vertex 35.14181760398335 65.88992649086316 4
    endloop
  endfacet
  facet normal 0 0 1
    outer loop
      vertex 35.387047612756305 64.44518543427735 4
      vertex 35.37919950045916 66.02697899269421 4
      vertex 35.265 65.95067332602635 4
    endloop
  endfacet
  facet normal 0 0 1
    outer loop
      vertex 35.69670858091273 64.5503011687218 4
      vertex 35.48246212024588 66.11753787975414 4
      vertex 35.37919950045916 66.02697899269421 4
    endloop
  endfacet
  facet normal 0 0 1
    outer loop
      vertex 35.69670858091273 64.5503011687218 4
      vertex 35.5730210073058 66.22080049954086 4
      vertex 35.48246212024588 66.11753787975414 4
    endloop
  endfacet
  facet normal 0 0 1
    outer loop
      vertex 35.69670858091273 64.5503011687218 4
      vertex 35.64932667397366 66.33500000000001 4
      vertex 35.5730210073058 66.22080049954086 4
    endloop
  endfacet
  facet normal 0 0 1
    outer loop
      vertex 35.99 64.69493649053892 4
      vertex 35.710073509136855 66.45818239601667 4
      vertex 35.64932667397366 66.33500000000001 4
    endloop
  endfacet
  facet normal 0 0 1
    outer loop
      vertex 35.99 64.69493649053892 4
      vertex 35.754222117603526 66.58824000264237 4
      vertex 35.710073509136855 66.45818239601667 4
    endloop
  endfacet
  facet normal 0 0 1
    outer loop
      vertex 35.99 64.69493649053892 4
      vertex 35.781017104442505 66.72294749816896 4
      vertex 35.754222117603526 66.58824000264237 4
    endloop
  endfacet
  facet normal 0 0 1
    outer loop
      vertex 35.99 64.69493649053892 4
      vertex 35.79 66.86000000000001 4
      vertex 35.781017104442505 66.72294749816896 4
    endloop
  endfacet
  facet normal 0 0 1
    outer loop
      vertex 35.99 64.69493649053892 4
      vertex 35.781017104442505 66.99705250183106 4
      vertex 35.79 66.86000000000001 4
    endloop
  endfacet
  facet normal 0 0 1
    outer loop
      vertex 35.99 64.69493649053892 4
      vertex 36.2619035725218 64.87661664927192 4
      vertex 35.99 69.0250635094611 4
    endloop
  endfacet
  facet normal 0 0 1
    outer loop
      vertex 35.99 64.69493649053892 4
      vertex 35.69670858091273 69.16969883127823 4
      vertex 35.781017104442505 66.99705250183106 4
    endloop
  endfacet
  facet normal 0 0 1
    outer loop
      vertex 36.2619035725218 64.87661664927192 4
      vertex 36.50776695296637 65.09223304703364 4
      vertex 36.2619035725218 68.8433833507281 4
    endloop
  endfacet
  facet normal 0 0 1
    outer loop
      vertex 36.50776695296637 65.09223304703364 4
      vertex 36.72338335072809 65.3380964274782 4
      vertex 36.50776695296637 68.62776695296638 4
    endloop
  endfacet
  facet normal 0 0 1
    outer loop
      vertex 36.72338335072809 65.3380964274782 4
      vertex 36.9050635094611 65.61000000000001 4
      vertex 36.72338335072809 68.38190357252182 4
    endloop
  endfacet
  facet normal 0 0 1
    outer loop
      vertex 36.9050635094611 65.61000000000001 4
      vertex 37.04969883127822 65.9032914190873 4
      vertex 36.9050635094611 68.11000000000001 4
    endloop
  endfacet
  facet normal 0 0 1
    outer loop
      vertex 37.04969883127822 65.9032914190873 4
      vertex 37.154814565722674 66.21295238724372 4
      vertex 37.04969883127822 67.81670858091273 4
    endloop
  endfacet
  facet normal 0 0 1
    outer loop
      vertex 36.9050635094611 65.61000000000001 4
      vertex 36.9050635094611 68.11000000000001 4
      vertex 36.72338335072809 68.38190357252182 4
    endloop
  endfacet
  facet normal 0 0 1
    outer loop
      vertex 37.04969883127822 65.9032914190873 4
      vertex 37.04969883127822 67.81670858091273 4
      vertex 36.9050635094611 68.11000000000001 4
    endloop
  endfacet
  facet normal 0 0 1
    outer loop
      vertex 37.154814565722674 66.21295238724372 4
      vertex 37.154814565722674 67.50704761275631 4
      vertex 37.04969883127822 67.81670858091273 4
    endloop
  endfacet
  facet normal 0 0 1
    outer loop
      vertex 35.06631548055013 69.33861215343454 4
      vertex 35.01175999735765 67.87422211760354 4
      vertex 35.14181760398335 67.83007350913687 4
    endloop
  endfacet
  facet normal 0 0 1
    outer loop
      vertex 35.06631548055013 69.33861215343454 4
      vertex 35.14181760398335 67.83007350913687 4
      vertex 35.265 67.76932667397368 4
    endloop
  endfacet
  facet normal 0 0 1
    outer loop
      vertex 35.387047612756305 69.27481456572268 4
      vertex 35.37919950045916 67.69302100730582 4
      vertex 35.48246212024588 67.60246212024589 4
    endloop
  endfacet
  facet normal 0 0 1
    outer loop
      vertex 35.387047612756305 69.27481456572268 4
      vertex 35.48246212024588 67.60246212024589 4
      vertex 35.5730210073058 67.49919950045917 4
    endloop
  endfacet
  facet normal 0 0 1
    outer loop
      vertex 35.387047612756305 69.27481456572268 4
      vertex 35.265 67.76932667397368 4
      vertex 35.37919950045916 67.69302100730582 4
    endloop
  endfacet
  facet normal 0 0 1
    outer loop
      vertex 35.69670858091273 69.16969883127823 4
      vertex 35.754222117603526 67.13175999735766 4
      vertex 35.781017104442505 66.99705250183106 4
    endloop
  endfacet
  facet normal 0 0 1
    outer loop
      vertex 35.69670858091273 69.16969883127823 4
      vertex 35.710073509136855 67.26181760398336 4
      vertex 35.754222117603526 67.13175999735766 4
    endloop
  endfacet
  facet normal 0 0 1
    outer loop
      vertex 35.69670858091273 69.16969883127823 4
      vertex 35.64932667397366 67.38500000000002 4
      vertex 35.710073509136855 67.26181760398336 4
    endloop
  endfacet
  facet normal 0 0 1
    outer loop
      vertex 35.99 64.69493649053892 4
      vertex 35.99 69.0250635094611 4
      vertex 35.69670858091273 69.16969883127823 4
    endloop
  endfacet
  facet normal 0 0 1
    outer loop
      vertex 35.69670858091273 69.16969883127823 4
      vertex 35.5730210073058 67.49919950045917 4
      vertex 35.64932667397366 67.38500000000002 4
    endloop
  endfacet
  facet normal 0 0 1
    outer loop
      vertex 35.06631548055013 69.33861215343454 4
      vertex 35.265 67.76932667397368 4
      vertex 35.387047612756305 69.27481456572268 4
    endloop
  endfacet
  facet normal 0 0 1
    outer loop
      vertex 35.387047612756305 69.27481456572268 4
      vertex 35.5730210073058 67.49919950045917 4
      vertex 35.69670858091273 69.16969883127823 4
    endloop
  endfacet
  facet normal 0 0 1
    outer loop
      vertex 36.2619035725218 64.87661664927192 4
      vertex 36.2619035725218 68.8433833507281 4
      vertex 35.99 69.0250635094611 4
    endloop
  endfacet
  facet normal 0 0 1
    outer loop
      vertex 36.50776695296637 65.09223304703364 4
      vertex 36.50776695296637 68.62776695296638 4
      vertex 36.2619035725218 68.8433833507281 4
    endloop
  endfacet
  facet normal 0 0 1
    outer loop
      vertex 36.72338335072809 65.3380964274782 4
      vertex 36.72338335072809 68.38190357252182 4
      vertex 36.50776695296637 68.62776695296638 4
    endloop
  endfacet
  facet normal 0 0 1
    outer loop
      vertex 37.154814565722674 66.21295238724372 4
      vertex 37.21861215343453 66.53368451944988 4
      vertex 37.154814565722674 67.50704761275631 4
    endloop
  endfacet
  facet normal 0 0 1
    outer loop
      vertex 37.21861215343453 66.53368451944988 4
      vertex 37.24 66.86000000000001 4
      vertex 37.21861215343453 67.18631548055015 4
    endloop
  endfacet
  facet normal 0 0 1
    outer loop
      vertex 37.154814565722674 67.50704761275631 4
      vertex 37.21861215343453 66.53368451944988 4
      vertex 37.21861215343453 67.18631548055015 4
    endloop
  endfacet
  facet normal -1 0 0
    outer loop
      vertex 14.43 56.92 1.5999999999999996
      vertex 14.43 59.92 4
      vertex 14.43 59.92 1.5999999999999996
    endloop
  endfacet
  facet normal -1 0 0
    outer loop
      vertex 14.43 56.92 1.5999999999999996
      vertex 14.43 56.92 4
      vertex 14.43 59.92 4
    endloop
  endfacet
  facet normal 0 1 0
    outer loop
      vertex 14.43 59.92 1.5999999999999996
      vertex 14.43 59.92 4
      vertex 24.43 59.92 1.5999999999999996
    endloop
  endfacet
  facet normal 0 -1 0
    outer loop
      vertex 14.43 56.92 1.5999999999999996
      vertex 24.43 56.92 1.5999999999999996
      vertex 24.43 56.92 4
    endloop
  endfacet
  facet normal 1 0 0
    outer loop
      vertex 24.43 56.92 1.5999999999999996
      vertex 24.43 59.92 1.5999999999999996
      vertex 24.43 56.92 4
    endloop
  endfacet
  facet normal 0 -1 0
    outer loop
      vertex 14.43 56.92 1.5999999999999996
      vertex 24.43 56.92 4
      vertex 14.43 56.92 4
    endloop
  endfacet
  facet normal 0 1 0
    outer loop
      vertex 24.43 59.92 1.5999999999999996
      vertex 14.43 59.92 4
      vertex 24.43 59.92 4
    endloop
  endfacet
  facet normal 1 0 0
    outer loop
      vertex 24.43 59.92 1.5999999999999996
      vertex 24.43 59.92 4
      vertex 24.43 56.92 4
    endloop
  endfacet
  facet normal 0 0 1
    outer loop
      vertex 14.43 56.92 4
      vertex 24.43 56.92 4
      vertex 14.43 59.92 4
    endloop
  endfacet
  facet normal 0 0 1
    outer loop
      vertex 14.43 59.92 4
      vertex 24.43 56.92 4
      vertex 24.43 59.92 4
    endloop
  endfacet
  facet normal 0.7518398074789789 0.6593458151000672 1.4436057298293294e-18
    outer loop
      vertex 9.797537879754124 4.297537879754125 0
      vertex 9.706978992694202 4.400800499540844 0
      vertex 9.706978992694202 4.400800499540844 4
    endloop
  endfacet
  facet normal 0.8314696123025439 0.5555702330196043 4.264953046921259e-20
    outer loop
      vertex 9.706978992694202 4.400800499540844 0
      vertex 9.630673326026338 4.515 0
      vertex 9.630673326026338 4.515 4
    endloop
  endfacet
  facet normal 0.6593458151000672 0.7518398074789789 1.4436057298293294e-18
    outer loop
      vertex 9.900800499540843 4.206978992694203 0
      vertex 9.797537879754124 4.297537879754125 0
      vertex 9.797537879754124 4.297537879754125 4
    endloop
  endfacet
  facet normal 0.5555702330195998 0.8314696123025469 0
    outer loop
      vertex 9.900800499540843 4.206978992694203 0
      vertex 9.900800499540843 4.206978992694203 4
      vertex 10.014999999999999 4.13067332602634 0
    endloop
  endfacet
  facet normal 0.19509032201612772 0.9807852804032305 0
    outer loop
      vertex 10.268240002642353 4.025777882396478 0
      vertex 10.268240002642353 4.025777882396478 4
      vertex 10.402947498168945 3.998982895557499 0
    endloop
  endfacet
  facet normal 0.06540312923014183 0.9978589232386036 0
    outer loop
      vertex 10.402947498168945 3.998982895557499 0
      vertex 10.402947498168945 3.998982895557499 4
      vertex 10.54 3.99 0
    endloop
  endfacet
  facet normal 0.442288690219004 0.896872741532687 0
    outer loop
      vertex 10.014999999999999 4.13067332602634 0
      vertex 10.014999999999999 4.13067332602634 4
      vertex 10.138182396016655 4.069926490863149 0
    endloop
  endfacet
  facet normal 0.3214394653031609 0.946930129495106 0
    outer loop
      vertex 10.138182396016655 4.069926490863149 0
      vertex 10.138182396016655 4.069926490863149 4
      vertex 10.268240002642353 4.025777882396478 0
    endloop
  endfacet
  facet normal -0.06540312923014183 0.9978589232386036 0
    outer loop
      vertex 10.54 3.99 4
      vertex 10.677052501831053 3.998982895557499 0
      vertex 10.54 3.99 0
    endloop
  endfacet
  facet normal -0.19509032201612772 0.9807852804032305 0
    outer loop
      vertex 10.677052501831053 3.998982895557499 0
      vertex 10.677052501831053 3.998982895557499 4
      vertex 10.811759997357646 4.025777882396478 0
    endloop
  endfacet
  facet normal -0.3214394653031609 0.946930129495106 0
    outer loop
      vertex 10.811759997357646 4.025777882396478 0
      vertex 10.811759997357646 4.025777882396478 4
      vertex 10.941817603983344 4.069926490863149 0
    endloop
  endfacet
  facet normal -0.442288690219004 0.896872741532687 0
    outer loop
      vertex 10.941817603983344 4.069926490863149 0
      vertex 10.941817603983344 4.069926490863149 4
      vertex 11.065 4.13067332602634 0
    endloop
  endfacet
  facet normal -0.5555702330195998 0.8314696123025469 0
    outer loop
      vertex 11.065 4.13067332602634 0
      vertex 11.065 4.13067332602634 4
      vertex 11.179199500459156 4.206978992694203 0
    endloop
  endfacet
  facet normal -0.6593458151000672 0.7518398074789789 0
    outer loop
      vertex 11.179199500459156 4.206978992694203 4
      vertex 11.282462120245874 4.297537879754125 0
      vertex 11.179199500459156 4.206978992694203 0
    endloop
  endfacet
  facet normal -0.7518398074789789 0.6593458151000672 0
    outer loop
      vertex 11.282462120245874 4.297537879754125 0
      vertex 11.282462120245874 4.297537879754125 4
      vertex 11.373021007305796 4.400800499540844 0
    endloop
  endfacet
  facet normal -0.8314696123025439 0.5555702330196043 -4.264953046921259e-20
    outer loop
      vertex 11.44932667397366 4.515 0
      vertex 11.373021007305796 4.400800499540844 0
      vertex 11.373021007305796 4.400800499540844 4
    endloop
  endfacet
  facet normal -0.8968727415326895 0.4422886902189988 -6.092958770292846e-19
    outer loop
      vertex 11.51007350913685 4.6381823960166555 0
      vertex 11.44932667397366 4.515 0
      vertex 11.44932667397366 4.515 4
    endloop
  endfacet
  facet normal 0.8968727415326895 0.4422886902189988 6.092958770292846e-19
    outer loop
      vertex 9.630673326026338 4.515 0
      vertex 9.569926490863148 4.6381823960166555 0
      vertex 9.569926490863148 4.6381823960166555 4
    endloop
  endfacet
  facet normal 0.946930129495106 0.3214394653031609 -9.317066751543404e-20
    outer loop
      vertex 9.569926490863148 4.6381823960166555 0
      vertex 9.525777882396477 4.7682400026423535 0
      vertex 9.525777882396477 4.7682400026423535 4
    endloop
  endfacet
  facet normal 0.9807852804032305 0.19509032201612772 3.146976112471325e-19
    outer loop
      vertex 9.525777882396477 4.7682400026423535 0
      vertex 9.498982895557498 4.902947498168946 0
      vertex 9.498982895557498 4.902947498168946 4
    endloop
  endfacet
  facet normal 0.9978589232386031 0.06540312923014827 4.1995035758825544e-20
    outer loop
      vertex 9.498982895557498 4.902947498168946 0
      vertex 9.489999999999998 5.04 0
      vertex 9.489999999999998 5.04 4
    endloop
  endfacet
  facet normal 0.9978589232386031 -0.06540312923014827 -4.1995035758825544e-20
    outer loop
      vertex 9.489999999999998 5.04 0
      vertex 9.498982895557498 5.177052501831054 0
      vertex 9.498982895557498 5.177052501831054 4
    endloop
  endfacet
  facet normal 0.9807852804032305 -0.19509032201612772 -3.146976112471325e-19
    outer loop
      vertex 9.498982895557498 5.177052501831054 0
      vertex 9.525777882396477 5.311759997357647 0
      vertex 9.525777882396477 5.311759997357647 4
    endloop
  endfacet
  facet normal 0.946930129495106 -0.3214394653031609 9.317066751543404e-20
    outer loop
      vertex 9.525777882396477 5.311759997357647 0
      vertex 9.569926490863148 5.441817603983345 0
      vertex 9.569926490863148 5.441817603983345 4
    endloop
  endfacet
  facet normal 0.8968727415326895 -0.4422886902189988 -6.092958770292846e-19
    outer loop
      vertex 9.569926490863148 5.441817603983345 0
      vertex 9.630673326026338 5.565 0
      vertex 9.630673326026338 5.565 4
    endloop
  endfacet
  facet normal 0.8314696123025439 -0.5555702330196043 -4.264953046921259e-20
    outer loop
      vertex 9.630673326026338 5.565 0
      vertex 9.706978992694202 5.6791995004591564 0
      vertex 9.706978992694202 5.6791995004591564 4
    endloop
  endfacet
  facet normal 0.7518398074789789 -0.6593458151000672 -1.4436057298293294e-18
    outer loop
      vertex 9.706978992694202 5.6791995004591564 0
      vertex 9.797537879754124 5.782462120245875 0
      vertex 9.797537879754124 5.782462120245875 4
    endloop
  endfacet
  facet normal 0.6593458151000672 -0.7518398074789789 0
    outer loop
      vertex 9.900800499540843 5.873021007305797 4
      vertex 9.797537879754124 5.782462120245875 0
      vertex 9.900800499540843 5.873021007305797 0
    endloop
  endfacet
  facet normal 0.5555702330195998 -0.8314696123025469 0
    outer loop
      vertex 10.014999999999999 5.94932667397366 0
      vertex 10.014999999999999 5.94932667397366 4
      vertex 9.900800499540843 5.873021007305797 0
    endloop
  endfacet
  facet normal 0.442288690219004 -0.896872741532687 0
    outer loop
      vertex 10.138182396016655 6.010073509136851 0
      vertex 10.138182396016655 6.010073509136851 4
      vertex 10.014999999999999 5.94932667397366 0
    endloop
  endfacet
  facet normal 0.3214394653031609 -0.946930129495106 0
    outer loop
      vertex 10.268240002642353 6.054222117603522 0
      vertex 10.268240002642353 6.054222117603522 4
      vertex 10.138182396016655 6.010073509136851 0
    endloop
  endfacet
  facet normal 0.19509032201612772 -0.9807852804032305 0
    outer loop
      vertex 10.402947498168945 6.081017104442501 0
      vertex 10.402947498168945 6.081017104442501 4
      vertex 10.268240002642353 6.054222117603522 0
    endloop
  endfacet
  facet normal 0.06540312923014183 -0.9978589232386036 0
    outer loop
      vertex 10.54 6.09 4
      vertex 10.402947498168945 6.081017104442501 0
      vertex 10.54 6.09 0
    endloop
  endfacet
  facet normal -0.06540312923014183 -0.9978589232386036 0
    outer loop
      vertex 10.677052501831053 6.081017104442501 0
      vertex 10.677052501831053 6.081017104442501 4
      vertex 10.54 6.09 0
    endloop
  endfacet
  facet normal -0.19509032201612772 -0.9807852804032305 0
    outer loop
      vertex 10.811759997357646 6.054222117603522 0
      vertex 10.811759997357646 6.054222117603522 4
      vertex 10.677052501831053 6.081017104442501 0
    endloop
  endfacet
  facet normal -0.3214394653031609 -0.946930129495106 0
    outer loop
      vertex 10.941817603983344 6.010073509136851 0
      vertex 10.941817603983344 6.010073509136851 4
      vertex 10.811759997357646 6.054222117603522 0
    endloop
  endfacet
  facet normal -0.442288690219004 -0.896872741532687 0
    outer loop
      vertex 11.065 5.94932667397366 0
      vertex 11.065 5.94932667397366 4
      vertex 10.941817603983344 6.010073509136851 0
    endloop
  endfacet
  facet normal -0.946930129495106 0.3214394653031609 9.317066751543404e-20
    outer loop
      vertex 11.554222117603521 4.7682400026423535 0
      vertex 11.51007350913685 4.6381823960166555 0
      vertex 11.51007350913685 4.6381823960166555 4
    endloop
  endfacet
  facet normal -0.9807852804032305 0.19509032201612772 -3.146976112471325e-19
    outer loop
      vertex 11.5810171044425 4.902947498168946 0
      vertex 11.554222117603521 4.7682400026423535 0
      vertex 11.554222117603521 4.7682400026423535 4
    endloop
  endfacet
  facet normal -0.9978589232386031 0.06540312923014827 -4.1995035758825544e-20
    outer loop
      vertex 11.59 5.04 0
      vertex 11.5810171044425 4.902947498168946 0
      vertex 11.5810171044425 4.902947498168946 4
    endloop
  endfacet
  facet normal -0.9978589232386031 -0.06540312923014827 4.1995035758825544e-20
    outer loop
      vertex 11.5810171044425 5.177052501831054 0
      vertex 11.59 5.04 0
      vertex 11.59 5.04 4
    endloop
  endfacet
  facet normal -0.9807852804032305 -0.19509032201612772 3.146976112471325e-19
    outer loop
      vertex 11.554222117603521 5.311759997357647 0
      vertex 11.5810171044425 5.177052501831054 0
      vertex 11.5810171044425 5.177052501831054 4
    endloop
  endfacet
  facet normal -0.946930129495106 -0.3214394653031609 -9.317066751543404e-20
    outer loop
      vertex 11.51007350913685 5.441817603983345 0
      vertex 11.554222117603521 5.311759997357647 0
      vertex 11.554222117603521 5.311759997357647 4
    endloop
  endfacet
  facet normal -0.8968727415326895 -0.4422886902189988 6.092958770292846e-19
    outer loop
      vertex 11.44932667397366 5.565 0
      vertex 11.51007350913685 5.441817603983345 0
      vertex 11.51007350913685 5.441817603983345 4
    endloop
  endfacet
  facet normal -0.8314696123025439 -0.5555702330196043 4.264953046921259e-20
    outer loop
      vertex 11.373021007305796 5.6791995004591564 0
      vertex 11.44932667397366 5.565 0
      vertex 11.44932667397366 5.565 4
    endloop
  endfacet
  facet normal -0.5555702330195998 -0.8314696123025469 0
    outer loop
      vertex 11.179199500459156 5.873021007305797 0
      vertex 11.179199500459156 5.873021007305797 4
      vertex 11.065 5.94932667397366 0
    endloop
  endfacet
  facet normal -0.7518398074789789 -0.6593458151000672 1.4436057298293294e-18
    outer loop
      vertex 11.282462120245874 5.782462120245875 0
      vertex 11.373021007305796 5.6791995004591564 0
      vertex 11.373021007305796 5.6791995004591564 4
    endloop
  endfacet
  facet normal -0.6593458151000672 -0.7518398074789789 1.4436057298293294e-18
    outer loop
      vertex 11.179199500459156 5.873021007305797 0
      vertex 11.282462120245874 5.782462120245875 0
      vertex 11.282462120245874 5.782462120245875 4
    endloop
  endfacet
  facet normal 0.8968727415326895 0.4422886902189988 0
    outer loop
      vertex 9.630673326026338 4.515 0
      vertex 9.569926490863148 4.6381823960166555 4
      vertex 9.630673326026338 4.515 4
    endloop
  endfacet
  facet normal 0.8314696123025439 0.5555702330196043 0
    outer loop
      vertex 9.706978992694202 4.400800499540844 0
      vertex 9.630673326026338 4.515 4
      vertex 9.706978992694202 4.400800499540844 4
    endloop
  endfacet
  facet normal 0.6593458151000672 0.7518398074789789 1.4436057298293294e-18
    outer loop
      vertex 9.797537879754124 4.297537879754125 4
      vertex 9.900800499540843 4.206978992694203 4
      vertex 9.900800499540843 4.206978992694203 0
    endloop
  endfacet
  facet normal 0.5555702330195998 0.8314696123025469 0
    outer loop
      vertex 10.014999999999999 4.13067332602634 0
      vertex 9.900800499540843 4.206978992694203 4
      vertex 10.014999999999999 4.13067332602634 4
    endloop
  endfacet
  facet normal 0.7518398074789789 0.6593458151000672 1.4436057298293294e-18
    outer loop
      vertex 9.706978992694202 4.400800499540844 4
      vertex 9.797537879754124 4.297537879754125 4
      vertex 9.797537879754124 4.297537879754125 0
    endloop
  endfacet
  facet normal 0.3214394653031609 0.946930129495106 -9.317066751543404e-20
    outer loop
      vertex 10.138182396016655 4.069926490863149 4
      vertex 10.268240002642353 4.025777882396478 4
      vertex 10.268240002642353 4.025777882396478 0
    endloop
  endfacet
  facet normal 0.19509032201612772 0.9807852804032305 0
    outer loop
      vertex 10.402947498168945 3.998982895557499 0
      vertex 10.268240002642353 4.025777882396478 4
      vertex 10.402947498168945 3.998982895557499 4
    endloop
  endfacet
  facet normal 0.06540312923014183 0.9978589232386036 0
    outer loop
      vertex 10.54 3.99 0
      vertex 10.402947498168945 3.998982895557499 4
      vertex 10.54 3.99 4
    endloop
  endfacet
  facet normal 0.442288690219004 0.896872741532687 3.9020259862191394e-19
    outer loop
      vertex 10.014999999999999 4.13067332602634 4
      vertex 10.138182396016655 4.069926490863149 4
      vertex 10.138182396016655 4.069926490863149 0
    endloop
  endfacet
  facet normal -0.06540312923014183 0.9978589232386036 0
    outer loop
      vertex 10.677052501831053 3.998982895557499 0
      vertex 10.54 3.99 4
      vertex 10.677052501831053 3.998982895557499 4
    endloop
  endfacet
  facet normal -0.19509032201612772 0.9807852804032305 -3.146976112471325e-19
    outer loop
      vertex 10.677052501831053 3.998982895557499 4
      vertex 10.811759997357646 4.025777882396478 4
      vertex 10.811759997357646 4.025777882396478 0
    endloop
  endfacet
  facet normal -0.3214394653031609 0.946930129495106 0
    outer loop
      vertex 10.941817603983344 4.069926490863149 0
      vertex 10.811759997357646 4.025777882396478 4
      vertex 10.941817603983344 4.069926490863149 4
    endloop
  endfacet
  facet normal -0.442288690219004 0.896872741532687 0
    outer loop
      vertex 11.065 4.13067332602634 0
      vertex 10.941817603983344 4.069926490863149 4
      vertex 11.065 4.13067332602634 4
    endloop
  endfacet
  facet normal -0.5555702330195998 0.8314696123025469 0
    outer loop
      vertex 11.179199500459156 4.206978992694203 0
      vertex 11.065 4.13067332602634 4
      vertex 11.179199500459156 4.206978992694203 4
    endloop
  endfacet
  facet normal -0.6593458151000672 0.7518398074789789 0
    outer loop
      vertex 11.282462120245874 4.297537879754125 0
      vertex 11.179199500459156 4.206978992694203 4
      vertex 11.282462120245874 4.297537879754125 4
    endloop
  endfacet
  facet normal -0.7518398074789789 0.6593458151000672 0
    outer loop
      vertex 11.373021007305796 4.400800499540844 0
      vertex 11.282462120245874 4.297537879754125 4
      vertex 11.373021007305796 4.400800499540844 4
    endloop
  endfacet
  facet normal -0.8314696123025439 0.5555702330196043 0
    outer loop
      vertex 11.44932667397366 4.515 0
      vertex 11.373021007305796 4.400800499540844 4
      vertex 11.44932667397366 4.515 4
    endloop
  endfacet
  facet normal 0.946930129495106 0.3214394653031609 0
    outer loop
      vertex 9.569926490863148 4.6381823960166555 0
      vertex 9.525777882396477 4.7682400026423535 4
      vertex 9.569926490863148 4.6381823960166555 4
    endloop
  endfacet
  facet normal 0.9807852804032305 0.19509032201612772 0
    outer loop
      vertex 9.525777882396477 4.7682400026423535 0
      vertex 9.498982895557498 4.902947498168946 4
      vertex 9.525777882396477 4.7682400026423535 4
    endloop
  endfacet
  facet normal 0.9978589232386031 0.06540312923014827 0
    outer loop
      vertex 9.498982895557498 4.902947498168946 0
      vertex 9.489999999999998 5.04 4
      vertex 9.498982895557498 4.902947498168946 4
    endloop
  endfacet
  facet normal 0.9978589232386031 -0.06540312923014827 0
    outer loop
      vertex 9.489999999999998 5.04 0
      vertex 9.498982895557498 5.177052501831054 4
      vertex 9.489999999999998 5.04 4
    endloop
  endfacet
  facet normal 0.9807852804032305 -0.19509032201612772 0
    outer loop
      vertex 9.498982895557498 5.177052501831054 0
      vertex 9.525777882396477 5.311759997357647 4
      vertex 9.498982895557498 5.177052501831054 4
    endloop
  endfacet
  facet normal 0.946930129495106 -0.3214394653031609 0
    outer loop
      vertex 9.525777882396477 5.311759997357647 0
      vertex 9.569926490863148 5.441817603983345 4
      vertex 9.525777882396477 5.311759997357647 4
    endloop
  endfacet
  facet normal 0.8968727415326895 -0.4422886902189988 -6.092958770292846e-19
    outer loop
      vertex 9.630673326026338 5.565 4
      vertex 9.569926490863148 5.441817603983345 4
      vertex 9.569926490863148 5.441817603983345 0
    endloop
  endfacet
  facet normal 0.8314696123025439 -0.5555702330196043 0
    outer loop
      vertex 9.630673326026338 5.565 0
      vertex 9.706978992694202 5.6791995004591564 4
      vertex 9.630673326026338 5.565 4
    endloop
  endfacet
  facet normal 0.7518398074789789 -0.6593458151000672 0
    outer loop
      vertex 9.706978992694202 5.6791995004591564 0
      vertex 9.797537879754124 5.782462120245875 4
      vertex 9.706978992694202 5.6791995004591564 4
    endloop
  endfacet
  facet normal 0.6593458151000672 -0.7518398074789789 0
    outer loop
      vertex 9.797537879754124 5.782462120245875 0
      vertex 9.900800499540843 5.873021007305797 4
      vertex 9.797537879754124 5.782462120245875 4
    endloop
  endfacet
  facet normal 0.5555702330195998 -0.8314696123025469 0
    outer loop
      vertex 9.900800499540843 5.873021007305797 0
      vertex 10.014999999999999 5.94932667397366 4
      vertex 9.900800499540843 5.873021007305797 4
    endloop
  endfacet
  facet normal 0.442288690219004 -0.896872741532687 0
    outer loop
      vertex 10.014999999999999 5.94932667397366 0
      vertex 10.138182396016655 6.010073509136851 4
      vertex 10.014999999999999 5.94932667397366 4
    endloop
  endfacet
  facet normal 0.3214394653031609 -0.946930129495106 0
    outer loop
      vertex 10.138182396016655 6.010073509136851 0
      vertex 10.268240002642353 6.054222117603522 4
      vertex 10.138182396016655 6.010073509136851 4
    endloop
  endfacet
  facet normal 0.19509032201612772 -0.9807852804032305 -3.146976112471325e-19
    outer loop
      vertex 10.402947498168945 6.081017104442501 4
      vertex 10.268240002642353 6.054222117603522 4
      vertex 10.268240002642353 6.054222117603522 0
    endloop
  endfacet
  facet normal 0.06540312923014183 -0.9978589232386036 0
    outer loop
      vertex 10.402947498168945 6.081017104442501 0
      vertex 10.54 6.09 4
      vertex 10.402947498168945 6.081017104442501 4
    endloop
  endfacet
  facet normal -0.06540312923014183 -0.9978589232386036 0
    outer loop
      vertex 10.54 6.09 0
      vertex 10.677052501831053 6.081017104442501 4
      vertex 10.54 6.09 4
    endloop
  endfacet
  facet normal -0.19509032201612772 -0.9807852804032305 0
    outer loop
      vertex 10.677052501831053 6.081017104442501 0
      vertex 10.811759997357646 6.054222117603522 4
      vertex 10.677052501831053 6.081017104442501 4
    endloop
  endfacet
  facet normal -0.5555702330195998 -0.8314696123025469 0
    outer loop
      vertex 11.065 5.94932667397366 0
      vertex 11.179199500459156 5.873021007305797 4
      vertex 11.065 5.94932667397366 4
    endloop
  endfacet
  facet normal -0.3214394653031609 -0.946930129495106 -9.317066751543404e-20
    outer loop
      vertex 10.941817603983344 6.010073509136851 4
      vertex 10.811759997357646 6.054222117603522 4
      vertex 10.811759997357646 6.054222117603522 0
    endloop
  endfacet
  facet normal -0.442288690219004 -0.896872741532687 3.9020259862191394e-19
    outer loop
      vertex 11.065 5.94932667397366 4
      vertex 10.941817603983344 6.010073509136851 4
      vertex 10.941817603983344 6.010073509136851 0
    endloop
  endfacet
  facet normal -0.8968727415326895 0.4422886902189988 -6.092958770292846e-19
    outer loop
      vertex 11.44932667397366 4.515 4
      vertex 11.51007350913685 4.6381823960166555 4
      vertex 11.51007350913685 4.6381823960166555 0
    endloop
  endfacet
  facet normal -0.946930129495106 0.3214394653031609 0
    outer loop
      vertex 11.554222117603521 4.7682400026423535 0
      vertex 11.51007350913685 4.6381823960166555 4
      vertex 11.554222117603521 4.7682400026423535 4
    endloop
  endfacet
  facet normal -0.9807852804032305 0.19509032201612772 0
    outer loop
      vertex 11.5810171044425 4.902947498168946 0
      vertex 11.554222117603521 4.7682400026423535 4
      vertex 11.5810171044425 4.902947498168946 4
    endloop
  endfacet
  facet normal -0.9978589232386031 0.06540312923014827 0
    outer loop
      vertex 11.59 5.04 0
      vertex 11.5810171044425 4.902947498168946 4
      vertex 11.59 5.04 4
    endloop
  endfacet
  facet normal -0.9978589232386031 -0.06540312923014827 0
    outer loop
      vertex 11.5810171044425 5.177052501831054 0
      vertex 11.59 5.04 4
      vertex 11.5810171044425 5.177052501831054 4
    endloop
  endfacet
  facet normal -0.9807852804032305 -0.19509032201612772 0
    outer loop
      vertex 11.554222117603521 5.311759997357647 0
      vertex 11.5810171044425 5.177052501831054 4
      vertex 11.554222117603521 5.311759997357647 4
    endloop
  endfacet
  facet normal -0.8968727415326895 -0.4422886902189988 0
    outer loop
      vertex 11.44932667397366 5.565 0
      vertex 11.51007350913685 5.441817603983345 4
      vertex 11.44932667397366 5.565 4
    endloop
  endfacet
  facet normal -0.8314696123025439 -0.5555702330196043 0
    outer loop
      vertex 11.373021007305796 5.6791995004591564 0
      vertex 11.44932667397366 5.565 4
      vertex 11.373021007305796 5.6791995004591564 4
    endloop
  endfacet
  facet normal -0.946930129495106 -0.3214394653031609 0
    outer loop
      vertex 11.51007350913685 5.441817603983345 0
      vertex 11.554222117603521 5.311759997357647 4
      vertex 11.51007350913685 5.441817603983345 4
    endloop
  endfacet
  facet normal -0.6593458151000672 -0.7518398074789789 1.4436057298293294e-18
    outer loop
      vertex 11.282462120245874 5.782462120245875 4
      vertex 11.179199500459156 5.873021007305797 4
      vertex 11.179199500459156 5.873021007305797 0
    endloop
  endfacet
  facet normal -0.7518398074789789 -0.6593458151000672 1.4436057298293294e-18
    outer loop
      vertex 11.373021007305796 5.6791995004591564 4
      vertex 11.282462120245874 5.782462120245875 4
      vertex 11.282462120245874 5.782462120245875 0
    endloop
  endfacet
  facet normal 0.6593458151000672 0.7518398074789789 1.4436057298293294e-18
    outer loop
      vertex 27.680800499540844 4.206978992694203 0
      vertex 27.577537879754125 4.297537879754125 0
      vertex 27.577537879754125 4.297537879754125 4
    endloop
  endfacet
  facet normal 0.7518398074789853 0.6593458151000597 6.255519253376784e-19
    outer loop
      vertex 27.577537879754125 4.297537879754125 0
      vertex 27.486978992694205 4.400800499540844 0
      vertex 27.486978992694205 4.400800499540844 4
    endloop
  endfacet
  facet normal 0.8314696123025439 0.5555702330196043 4.264953046921259e-20
    outer loop
      vertex 27.486978992694205 4.400800499540844 0
      vertex 27.41067332602634 4.515 0
      vertex 27.41067332602634 4.515 4
    endloop
  endfacet
  facet normal 0.5555702330195939 0.831469612302551 0
    outer loop
      vertex 27.680800499540844 4.206978992694203 0
      vertex 27.680800499540844 4.206978992694203 4
      vertex 27.795 4.13067332602634 0
    endloop
  endfacet
  facet normal 0.442288690219004 0.896872741532687 0
    outer loop
      vertex 27.795 4.13067332602634 0
      vertex 27.795 4.13067332602634 4
      vertex 27.918182396016658 4.069926490863149 0
    endloop
  endfacet
  facet normal 0.19509032201612525 0.980785280403231 0
    outer loop
      vertex 28.048240002642352 4.025777882396478 0
      vertex 28.048240002642352 4.025777882396478 4
      vertex 28.182947498168947 3.998982895557499 0
    endloop
  endfacet
  facet normal 0.06540312923014183 0.9978589232386036 0
    outer loop
      vertex 28.182947498168947 3.998982895557499 0
      vertex 28.182947498168947 3.998982895557499 4
      vertex 28.32 3.99 0
    endloop
  endfacet
  facet normal -0.06540312923014183 0.9978589232386036 0
    outer loop
      vertex 28.32 3.99 4
      vertex 28.457052501831054 3.998982895557499 0
      vertex 28.32 3.99 0
    endloop
  endfacet
  facet normal 0.3214394653031688 0.9469301294951032 0
    outer loop
      vertex 27.918182396016658 4.069926490863149 0
      vertex 27.918182396016658 4.069926490863149 4
      vertex 28.048240002642352 4.025777882396478 0
    endloop
  endfacet
  facet normal -0.19509032201612525 0.980785280403231 0
    outer loop
      vertex 28.457052501831054 3.998982895557499 0
      vertex 28.457052501831054 3.998982895557499 4
      vertex 28.59175999735765 4.025777882396478 0
    endloop
  endfacet
  facet normal -0.3214394653031688 0.9469301294951032 0
    outer loop
      vertex 28.59175999735765 4.025777882396478 0
      vertex 28.59175999735765 4.025777882396478 4
      vertex 28.721817603983343 4.069926490863149 0
    endloop
  endfacet
  facet normal -0.442288690219004 0.896872741532687 0
    outer loop
      vertex 28.721817603983343 4.069926490863149 0
      vertex 28.721817603983343 4.069926490863149 4
      vertex 28.845 4.13067332602634 0
    endloop
  endfacet
  facet normal -0.5555702330195939 0.831469612302551 0
    outer loop
      vertex 28.845 4.13067332602634 0
      vertex 28.845 4.13067332602634 4
      vertex 28.959199500459157 4.206978992694203 0
    endloop
  endfacet
  facet normal -0.6593458151000672 0.7518398074789789 0
    outer loop
      vertex 28.959199500459157 4.206978992694203 4
      vertex 29.062462120245875 4.297537879754125 0
      vertex 28.959199500459157 4.206978992694203 0
    endloop
  endfacet
  facet normal -0.7518398074789853 0.6593458151000597 0
    outer loop
      vertex 29.062462120245875 4.297537879754125 0
      vertex 29.062462120245875 4.297537879754125 4
      vertex 29.153021007305796 4.400800499540844 0
    endloop
  endfacet
  facet normal -0.8314696123025439 0.5555702330196043 -4.264953046921259e-20
    outer loop
      vertex 29.22932667397366 4.515 0
      vertex 29.153021007305796 4.400800499540844 0
      vertex 29.153021007305796 4.400800499540844 4
    endloop
  endfacet
  facet normal -0.8968727415326794 0.4422886902190197 2.670772366001904e-19
    outer loop
      vertex 29.290073509136853 4.6381823960166555 0
      vertex 29.22932667397366 4.515 0
      vertex 29.22932667397366 4.515 4
    endloop
  endfacet
  facet normal 0.8968727415326794 0.4422886902190197 -2.670772366001904e-19
    outer loop
      vertex 27.41067332602634 4.515 0
      vertex 27.349926490863147 4.6381823960166555 0
      vertex 27.349926490863147 4.6381823960166555 4
    endloop
  endfacet
  facet normal 0.946930129495106 0.3214394653031609 -9.317066751543404e-20
    outer loop
      vertex 27.349926490863147 4.6381823960166555 0
      vertex 27.305777882396477 4.7682400026423535 0
      vertex 27.305777882396477 4.7682400026423535 4
    endloop
  endfacet
  facet normal 0.9807852804032305 0.19509032201612772 3.146976112471325e-19
    outer loop
      vertex 27.305777882396477 4.7682400026423535 0
      vertex 27.278982895557498 4.902947498168946 0
      vertex 27.278982895557498 4.902947498168946 4
    endloop
  endfacet
  facet normal 0.997858923238604 0.06540312923013539 -6.295653885249382e-20
    outer loop
      vertex 27.278982895557498 4.902947498168946 0
      vertex 27.27 5.04 0
      vertex 27.27 5.04 4
    endloop
  endfacet
  facet normal 0.997858923238604 -0.06540312923013539 6.295653885249382e-20
    outer loop
      vertex 27.27 5.04 0
      vertex 27.278982895557498 5.177052501831054 0
      vertex 27.278982895557498 5.177052501831054 4
    endloop
  endfacet
  facet normal 0.9807852804032305 -0.19509032201612772 -3.146976112471325e-19
    outer loop
      vertex 27.278982895557498 5.177052501831054 0
      vertex 27.305777882396477 5.311759997357647 0
      vertex 27.305777882396477 5.311759997357647 4
    endloop
  endfacet
  facet normal 0.946930129495106 -0.3214394653031609 9.317066751543404e-20
    outer loop
      vertex 27.305777882396477 5.311759997357647 0
      vertex 27.349926490863147 5.441817603983345 0
      vertex 27.349926490863147 5.441817603983345 4
    endloop
  endfacet
  facet normal 0.8968727415326794 -0.4422886902190197 2.670772366001904e-19
    outer loop
      vertex 27.349926490863147 5.441817603983345 0
      vertex 27.41067332602634 5.565 0
      vertex 27.41067332602634 5.565 4
    endloop
  endfacet
  facet normal 0.8314696123025439 -0.5555702330196043 -4.264953046921259e-20
    outer loop
      vertex 27.41067332602634 5.565 0
      vertex 27.486978992694205 5.6791995004591564 0
      vertex 27.486978992694205 5.6791995004591564 4
    endloop
  endfacet
  facet normal 0.7518398074789853 -0.6593458151000597 -6.255519253376784e-19
    outer loop
      vertex 27.486978992694205 5.6791995004591564 0
      vertex 27.577537879754125 5.782462120245875 0
      vertex 27.577537879754125 5.782462120245875 4
    endloop
  endfacet
  facet normal 0.6593458151000672 -0.7518398074789789 0
    outer loop
      vertex 27.680800499540844 5.873021007305797 4
      vertex 27.577537879754125 5.782462120245875 0
      vertex 27.680800499540844 5.873021007305797 0
    endloop
  endfacet
  facet normal 0.5555702330195939 -0.831469612302551 0
    outer loop
      vertex 27.795 5.94932667397366 0
      vertex 27.795 5.94932667397366 4
      vertex 27.680800499540844 5.873021007305797 0
    endloop
  endfacet
  facet normal 0.442288690219004 -0.896872741532687 0
    outer loop
      vertex 27.918182396016658 6.010073509136851 0
      vertex 27.918182396016658 6.010073509136851 4
      vertex 27.795 5.94932667397366 0
    endloop
  endfacet
  facet normal 0.3214394653031688 -0.9469301294951032 0
    outer loop
      vertex 28.048240002642352 6.054222117603522 0
      vertex 28.048240002642352 6.054222117603522 4
      vertex 27.918182396016658 6.010073509136851 0
    endloop
  endfacet
  facet normal 0.19509032201612525 -0.980785280403231 0
    outer loop
      vertex 28.182947498168947 6.081017104442501 0
      vertex 28.182947498168947 6.081017104442501 4
      vertex 28.048240002642352 6.054222117603522 0
    endloop
  endfacet
  facet normal 0.06540312923014183 -0.9978589232386036 0
    outer loop
      vertex 28.32 6.09 4
      vertex 28.182947498168947 6.081017104442501 0
      vertex 28.32 6.09 0
    endloop
  endfacet
  facet normal -0.06540312923014183 -0.9978589232386036 0
    outer loop
      vertex 28.457052501831054 6.081017104442501 0
      vertex 28.457052501831054 6.081017104442501 4
      vertex 28.32 6.09 0
    endloop
  endfacet
  facet normal -0.946930129495106 0.3214394653031609 9.317066751543404e-20
    outer loop
      vertex 29.334222117603524 4.7682400026423535 0
      vertex 29.290073509136853 4.6381823960166555 0
      vertex 29.290073509136853 4.6381823960166555 4
    endloop
  endfacet
  facet normal -0.9807852804032305 0.19509032201612772 -3.146976112471325e-19
    outer loop
      vertex 29.361017104442503 4.902947498168946 0
      vertex 29.334222117603524 4.7682400026423535 0
      vertex 29.334222117603524 4.7682400026423535 4
    endloop
  endfacet
  facet normal -0.997858923238604 0.06540312923013539 6.295653885249382e-20
    outer loop
      vertex 29.37 5.04 0
      vertex 29.361017104442503 4.902947498168946 0
      vertex 29.361017104442503 4.902947498168946 4
    endloop
  endfacet
  facet normal -0.997858923238604 -0.06540312923013539 -6.295653885249382e-20
    outer loop
      vertex 29.361017104442503 5.177052501831054 0
      vertex 29.37 5.04 0
      vertex 29.37 5.04 4
    endloop
  endfacet
  facet normal -0.8968727415326794 -0.4422886902190197 -2.670772366001904e-19
    outer loop
      vertex 29.22932667397366 5.565 0
      vertex 29.290073509136853 5.441817603983345 0
      vertex 29.290073509136853 5.441817603983345 4
    endloop
  endfacet
  facet normal -0.8314696123025439 -0.5555702330196043 4.264953046921259e-20
    outer loop
      vertex 29.153021007305796 5.6791995004591564 0
      vertex 29.22932667397366 5.565 0
      vertex 29.22932667397366 5.565 4
    endloop
  endfacet
  facet normal -0.9807852804032305 -0.19509032201612772 3.146976112471325e-19
    outer loop
      vertex 29.334222117603524 5.311759997357647 0
      vertex 29.361017104442503 5.177052501831054 0
      vertex 29.361017104442503 5.177052501831054 4
    endloop
  endfacet
  facet normal -0.946930129495106 -0.3214394653031609 -9.317066751543404e-20
    outer loop
      vertex 29.290073509136853 5.441817603983345 0
      vertex 29.334222117603524 5.311759997357647 0
      vertex 29.334222117603524 5.311759997357647 4
    endloop
  endfacet
  facet normal -0.19509032201612525 -0.980785280403231 0
    outer loop
      vertex 28.59175999735765 6.054222117603522 0
      vertex 28.59175999735765 6.054222117603522 4
      vertex 28.457052501831054 6.081017104442501 0
    endloop
  endfacet
  facet normal -0.3214394653031688 -0.9469301294951032 0
    outer loop
      vertex 28.721817603983343 6.010073509136851 0
      vertex 28.721817603983343 6.010073509136851 4
      vertex 28.59175999735765 6.054222117603522 0
    endloop
  endfacet
  facet normal -0.5555702330195939 -0.831469612302551 0
    outer loop
      vertex 28.959199500459157 5.873021007305797 0
      vertex 28.959199500459157 5.873021007305797 4
      vertex 28.845 5.94932667397366 0
    endloop
  endfacet
  facet normal -0.442288690219004 -0.896872741532687 0
    outer loop
      vertex 28.845 5.94932667397366 0
      vertex 28.845 5.94932667397366 4
      vertex 28.721817603983343 6.010073509136851 0
    endloop
  endfacet
  facet normal -0.7518398074789853 -0.6593458151000597 6.255519253376784e-19
    outer loop
      vertex 29.062462120245875 5.782462120245875 0
      vertex 29.153021007305796 5.6791995004591564 0
      vertex 29.153021007305796 5.6791995004591564 4
    endloop
  endfacet
  facet normal -0.6593458151000672 -0.7518398074789789 0
    outer loop
      vertex 29.062462120245875 5.782462120245875 0
      vertex 29.062462120245875 5.782462120245875 4
      vertex 28.959199500459157 5.873021007305797 0
    endloop
  endfacet
  facet normal 0.8968727415326794 0.4422886902190197 0
    outer loop
      vertex 27.41067332602634 4.515 0
      vertex 27.349926490863147 4.6381823960166555 4
      vertex 27.41067332602634 4.515 4
    endloop
  endfacet
  facet normal 0.6593458151000672 0.7518398074789789 1.4436057298293294e-18
    outer loop
      vertex 27.577537879754125 4.297537879754125 4
      vertex 27.680800499540844 4.206978992694203 4
      vertex 27.680800499540844 4.206978992694203 0
    endloop
  endfacet
  facet normal 0.8314696123025439 0.5555702330196043 0
    outer loop
      vertex 27.486978992694205 4.400800499540844 0
      vertex 27.41067332602634 4.515 4
      vertex 27.486978992694205 4.400800499540844 4
    endloop
  endfacet
  facet normal 0.7518398074789853 0.6593458151000597 6.255519253376784e-19
    outer loop
      vertex 27.486978992694205 4.400800499540844 4
      vertex 27.577537879754125 4.297537879754125 4
      vertex 27.577537879754125 4.297537879754125 0
    endloop
  endfacet
  facet normal 0.5555702330195939 0.831469612302551 0
    outer loop
      vertex 27.795 4.13067332602634 0
      vertex 27.680800499540844 4.206978992694203 4
      vertex 27.795 4.13067332602634 4
    endloop
  endfacet
  facet normal 0.442288690219004 0.896872741532687 3.9020259862191394e-19
    outer loop
      vertex 27.795 4.13067332602634 4
      vertex 27.918182396016658 4.069926490863149 4
      vertex 27.918182396016658 4.069926490863149 0
    endloop
  endfacet
  facet normal 0.3214394653031688 0.9469301294951032 -3.573006252039065e-19
    outer loop
      vertex 27.918182396016658 4.069926490863149 4
      vertex 28.048240002642352 4.025777882396478 4
      vertex 28.048240002642352 4.025777882396478 0
    endloop
  endfacet
  facet normal 0.19509032201612525 0.980785280403231 0
    outer loop
      vertex 28.182947498168947 3.998982895557499 0
      vertex 28.048240002642352 4.025777882396478 4
      vertex 28.182947498168947 3.998982895557499 4
    endloop
  endfacet
  facet normal 0.06540312923014183 0.9978589232386036 0
    outer loop
      vertex 28.32 3.99 0
      vertex 28.182947498168947 3.998982895557499 4
      vertex 28.32 3.99 4
    endloop
  endfacet
  facet normal -0.06540312923014183 0.9978589232386036 0
    outer loop
      vertex 28.457052501831054 3.998982895557499 0
      vertex 28.32 3.99 4
      vertex 28.457052501831054 3.998982895557499 4
    endloop
  endfacet
  facet normal -0.19509032201612525 0.980785280403231 2.7913485469392036e-19
    outer loop
      vertex 28.457052501831054 3.998982895557499 4
      vertex 28.59175999735765 4.025777882396478 4
      vertex 28.59175999735765 4.025777882396478 0
    endloop
  endfacet
  facet normal -0.3214394653031688 0.9469301294951032 0
    outer loop
      vertex 28.721817603983343 4.069926490863149 0
      vertex 28.59175999735765 4.025777882396478 4
      vertex 28.721817603983343 4.069926490863149 4
    endloop
  endfacet
  facet normal -0.442288690219004 0.896872741532687 0
    outer loop
      vertex 28.845 4.13067332602634 0
      vertex 28.721817603983343 4.069926490863149 4
      vertex 28.845 4.13067332602634 4
    endloop
  endfacet
  facet normal -0.5555702330195939 0.831469612302551 0
    outer loop
      vertex 28.959199500459157 4.206978992694203 0
      vertex 28.845 4.13067332602634 4
      vertex 28.959199500459157 4.206978992694203 4
    endloop
  endfacet
  facet normal -0.6593458151000672 0.7518398074789789 0
    outer loop
      vertex 29.062462120245875 4.297537879754125 0
      vertex 28.959199500459157 4.206978992694203 4
      vertex 29.062462120245875 4.297537879754125 4
    endloop
  endfacet
  facet normal -0.7518398074789853 0.6593458151000597 0
    outer loop
      vertex 29.153021007305796 4.400800499540844 0
      vertex 29.062462120245875 4.297537879754125 4
      vertex 29.153021007305796 4.400800499540844 4
    endloop
  endfacet
  facet normal -0.8314696123025439 0.5555702330196043 0
    outer loop
      vertex 29.22932667397366 4.515 0
      vertex 29.153021007305796 4.400800499540844 4
      vertex 29.22932667397366 4.515 4
    endloop
  endfacet
  facet normal 0.946930129495106 0.3214394653031609 0
    outer loop
      vertex 27.349926490863147 4.6381823960166555 0
      vertex 27.305777882396477 4.7682400026423535 4
      vertex 27.349926490863147 4.6381823960166555 4
    endloop
  endfacet
  facet normal 0.9807852804032305 0.19509032201612772 0
    outer loop
      vertex 27.305777882396477 4.7682400026423535 0
      vertex 27.278982895557498 4.902947498168946 4
      vertex 27.305777882396477 4.7682400026423535 4
    endloop
  endfacet
  facet normal 0.997858923238604 0.06540312923013539 0
    outer loop
      vertex 27.278982895557498 4.902947498168946 0
      vertex 27.27 5.04 4
      vertex 27.278982895557498 4.902947498168946 4
    endloop
  endfacet
  facet normal 0.997858923238604 -0.06540312923013539 0
    outer loop
      vertex 27.27 5.04 0
      vertex 27.278982895557498 5.177052501831054 4
      vertex 27.27 5.04 4
    endloop
  endfacet
  facet normal 0.9807852804032305 -0.19509032201612772 0
    outer loop
      vertex 27.278982895557498 5.177052501831054 0
      vertex 27.305777882396477 5.311759997357647 4
      vertex 27.278982895557498 5.177052501831054 4
    endloop
  endfacet
  facet normal 0.946930129495106 -0.3214394653031609 0
    outer loop
      vertex 27.305777882396477 5.311759997357647 0
      vertex 27.349926490863147 5.441817603983345 4
      vertex 27.305777882396477 5.311759997357647 4
    endloop
  endfacet
  facet normal 0.8968727415326794 -0.4422886902190197 2.670772366001904e-19
    outer loop
      vertex 27.41067332602634 5.565 4
      vertex 27.349926490863147 5.441817603983345 4
      vertex 27.349926490863147 5.441817603983345 0
    endloop
  endfacet
  facet normal 0.8314696123025439 -0.5555702330196043 0
    outer loop
      vertex 27.41067332602634 5.565 0
      vertex 27.486978992694205 5.6791995004591564 4
      vertex 27.41067332602634 5.565 4
    endloop
  endfacet
  facet normal 0.7518398074789853 -0.6593458151000597 0
    outer loop
      vertex 27.486978992694205 5.6791995004591564 0
      vertex 27.577537879754125 5.782462120245875 4
      vertex 27.486978992694205 5.6791995004591564 4
    endloop
  endfacet
  facet normal 0.6593458151000672 -0.7518398074789789 0
    outer loop
      vertex 27.577537879754125 5.782462120245875 0
      vertex 27.680800499540844 5.873021007305797 4
      vertex 27.577537879754125 5.782462120245875 4
    endloop
  endfacet
  facet normal 0.5555702330195939 -0.831469612302551 0
    outer loop
      vertex 27.680800499540844 5.873021007305797 0
      vertex 27.795 5.94932667397366 4
      vertex 27.680800499540844 5.873021007305797 4
    endloop
  endfacet
  facet normal 0.442288690219004 -0.896872741532687 0
    outer loop
      vertex 27.795 5.94932667397366 0
      vertex 27.918182396016658 6.010073509136851 4
      vertex 27.795 5.94932667397366 4
    endloop
  endfacet
  facet normal 0.3214394653031688 -0.9469301294951032 0
    outer loop
      vertex 27.918182396016658 6.010073509136851 0
      vertex 28.048240002642352 6.054222117603522 4
      vertex 27.918182396016658 6.010073509136851 4
    endloop
  endfacet
  facet normal 0.19509032201612525 -0.980785280403231 2.7913485469392036e-19
    outer loop
      vertex 28.182947498168947 6.081017104442501 4
      vertex 28.048240002642352 6.054222117603522 4
      vertex 28.048240002642352 6.054222117603522 0
    endloop
  endfacet
  facet normal 0.06540312923014183 -0.9978589232386036 0
    outer loop
      vertex 28.182947498168947 6.081017104442501 0
      vertex 28.32 6.09 4
      vertex 28.182947498168947 6.081017104442501 4
    endloop
  endfacet
  facet normal -0.06540312923014183 -0.9978589232386036 0
    outer loop
      vertex 28.32 6.09 0
      vertex 28.457052501831054 6.081017104442501 4
      vertex 28.32 6.09 4
    endloop
  endfacet
  facet normal -0.8968727415326794 0.4422886902190197 2.670772366001904e-19
    outer loop
      vertex 29.22932667397366 4.515 4
      vertex 29.290073509136853 4.6381823960166555 4
      vertex 29.290073509136853 4.6381823960166555 0
    endloop
  endfacet
  facet normal -0.946930129495106 0.3214394653031609 0
    outer loop
      vertex 29.334222117603524 4.7682400026423535 0
      vertex 29.290073509136853 4.6381823960166555 4
      vertex 29.334222117603524 4.7682400026423535 4
    endloop
  endfacet
  facet normal -0.9807852804032305 0.19509032201612772 0
    outer loop
      vertex 29.361017104442503 4.902947498168946 0
      vertex 29.334222117603524 4.7682400026423535 4
      vertex 29.361017104442503 4.902947498168946 4
    endloop
  endfacet
  facet normal -0.997858923238604 0.06540312923013539 0
    outer loop
      vertex 29.37 5.04 0
      vertex 29.361017104442503 4.902947498168946 4
      vertex 29.37 5.04 4
    endloop
  endfacet
  facet normal -0.8968727415326794 -0.4422886902190197 0
    outer loop
      vertex 29.22932667397366 5.565 0
      vertex 29.290073509136853 5.441817603983345 4
      vertex 29.22932667397366 5.565 4
    endloop
  endfacet
  facet normal -0.8314696123025439 -0.5555702330196043 0
    outer loop
      vertex 29.153021007305796 5.6791995004591564 0
      vertex 29.22932667397366 5.565 4
      vertex 29.153021007305796 5.6791995004591564 4
    endloop
  endfacet
  facet normal -0.997858923238604 -0.06540312923013539 0
    outer loop
      vertex 29.361017104442503 5.177052501831054 0
      vertex 29.37 5.04 4
      vertex 29.361017104442503 5.177052501831054 4
    endloop
  endfacet
  facet normal -0.9807852804032305 -0.19509032201612772 0
    outer loop
      vertex 29.334222117603524 5.311759997357647 0
      vertex 29.361017104442503 5.177052501831054 4
      vertex 29.334222117603524 5.311759997357647 4
    endloop
  endfacet
  facet normal -0.946930129495106 -0.3214394653031609 0
    outer loop
      vertex 29.290073509136853 5.441817603983345 0
      vertex 29.334222117603524 5.311759997357647 4
      vertex 29.290073509136853 5.441817603983345 4
    endloop
  endfacet
  facet normal -0.19509032201612525 -0.980785280403231 0
    outer loop
      vertex 28.457052501831054 6.081017104442501 0
      vertex 28.59175999735765 6.054222117603522 4
      vertex 28.457052501831054 6.081017104442501 4
    endloop
  endfacet
  facet normal -0.3214394653031688 -0.9469301294951032 -3.573006252039065e-19
    outer loop
      vertex 28.721817603983343 6.010073509136851 4
      vertex 28.59175999735765 6.054222117603522 4
      vertex 28.59175999735765 6.054222117603522 0
    endloop
  endfacet
  facet normal -0.5555702330195939 -0.831469612302551 0
    outer loop
      vertex 28.845 5.94932667397366 0
      vertex 28.959199500459157 5.873021007305797 4
      vertex 28.845 5.94932667397366 4
    endloop
  endfacet
  facet normal -0.6593458151000672 -0.7518398074789789 1.4436057298293294e-18
    outer loop
      vertex 29.062462120245875 5.782462120245875 4
      vertex 28.959199500459157 5.873021007305797 4
      vertex 28.959199500459157 5.873021007305797 0
    endloop
  endfacet
  facet normal -0.442288690219004 -0.896872741532687 3.9020259862191394e-19
    outer loop
      vertex 28.845 5.94932667397366 4
      vertex 28.721817603983343 6.010073509136851 4
      vertex 28.721817603983343 6.010073509136851 0
    endloop
  endfacet
  facet normal -0.7518398074789853 -0.6593458151000597 6.255519253376784e-19
    outer loop
      vertex 29.153021007305796 5.6791995004591564 4
      vertex 29.062462120245875 5.782462120245875 4
      vertex 29.062462120245875 5.782462120245875 0
    endloop
  endfacet
  facet normal 0.6593458151000597 0.7518398074789853 6.255519253376784e-19
    outer loop
      vertex 65.82080049954085 30.46697899269421 0
      vertex 65.71753787975413 30.55753787975413 0
      vertex 65.71753787975413 30.55753787975413 4
    endloop
  endfacet
  facet normal 0.5555702330196222 0.8314696123025318 0
    outer loop
      vertex 65.82080049954085 30.46697899269421 4
      vertex 65.935 30.390673326026345 0
      vertex 65.82080049954085 30.46697899269421 0
    endloop
  endfacet
  facet normal 0.3214394653031609 0.946930129495106 0
    outer loop
      vertex 66.05818239601666 30.32992649086315 4
      vertex 66.18824000264236 30.28577788239648 0
      vertex 66.05818239601666 30.32992649086315 0
    endloop
  endfacet
  facet normal 0.4422886902190093 0.8968727415326843 0
    outer loop
      vertex 65.935 30.390673326026345 4
      vertex 66.05818239601666 30.32992649086315 0
      vertex 65.935 30.390673326026345 0
    endloop
  endfacet
  facet normal 0.1950903220161203 0.980785280403232 0
    outer loop
      vertex 66.18824000264236 30.28577788239648 4
      vertex 66.32294749816896 30.2589828955575 0
      vertex 66.18824000264236 30.28577788239648 0
    endloop
  endfacet
  facet normal 0.06540312923013708 0.9978589232386039 0
    outer loop
      vertex 66.32294749816896 30.2589828955575 4
      vertex 66.46000000000001 30.250000000000004 0
      vertex 66.32294749816896 30.2589828955575 0
    endloop
  endfacet
  facet normal -0.06540312923013708 0.9978589232386039 0
    outer loop
      vertex 66.46000000000001 30.250000000000004 4
      vertex 66.59705250183106 30.2589828955575 0
      vertex 66.46000000000001 30.250000000000004 0
    endloop
  endfacet
  facet normal -0.1950903220161203 0.980785280403232 0
    outer loop
      vertex 66.59705250183106 30.2589828955575 4
      vertex 66.73175999735766 30.28577788239648 0
      vertex 66.59705250183106 30.2589828955575 0
    endloop
  endfacet
  facet normal -0.3214394653031609 0.946930129495106 0
    outer loop
      vertex 66.73175999735766 30.28577788239648 4
      vertex 66.86181760398335 30.32992649086315 0
      vertex 66.73175999735766 30.28577788239648 0
    endloop
  endfacet
  facet normal -0.4422886902190093 0.8968727415326843 0
    outer loop
      vertex 66.86181760398335 30.32992649086315 4
      vertex 66.98500000000001 30.390673326026345 0
      vertex 66.86181760398335 30.32992649086315 0
    endloop
  endfacet
  facet normal -0.5555702330196222 0.8314696123025318 0
    outer loop
      vertex 66.98500000000001 30.390673326026345 4
      vertex 67.09919950045916 30.46697899269421 0
      vertex 66.98500000000001 30.390673326026345 0
    endloop
  endfacet
  facet normal -0.6593458151000597 0.7518398074789853 0
    outer loop
      vertex 67.09919950045916 30.46697899269421 4
      vertex 67.20246212024588 30.55753787975413 0
      vertex 67.09919950045916 30.46697899269421 0
    endloop
  endfacet
  facet normal 0.8968727415326997 0.44228869021897793 0
    outer loop
      vertex 65.48992649086316 30.89818239601666 4
      vertex 65.55067332602634 30.775000000000006 0
      vertex 65.48992649086316 30.89818239601666 0
    endloop
  endfacet
  facet normal 0.7518398074789596 0.659345815100089 0
    outer loop
      vertex 65.6269789926942 30.660800499540848 4
      vertex 65.71753787975413 30.55753787975413 0
      vertex 65.6269789926942 30.660800499540848 0
    endloop
  endfacet
  facet normal 0.8314696123025479 0.5555702330195983 0
    outer loop
      vertex 65.55067332602634 30.775000000000006 4
      vertex 65.6269789926942 30.660800499540848 0
      vertex 65.55067332602634 30.775000000000006 0
    endloop
  endfacet
  facet normal 0.9469301294951032 0.3214394653031688 0
    outer loop
      vertex 65.44577788239648 31.028240002642356 4
      vertex 65.48992649086316 30.89818239601666 0
      vertex 65.44577788239648 31.028240002642356 0
    endloop
  endfacet
  facet normal 0.980785280403231 0.19509032201612525 0
    outer loop
      vertex 65.4189828955575 31.16294749816895 4
      vertex 65.44577788239648 31.028240002642356 0
      vertex 65.4189828955575 31.16294749816895 0
    endloop
  endfacet
  facet normal 0.9978589232386056 0.06540312923010963 0
    outer loop
      vertex 65.41000000000001 31.300000000000004 4
      vertex 65.4189828955575 31.16294749816895 0
      vertex 65.41000000000001 31.300000000000004 0
    endloop
  endfacet
  facet normal 0.9978589232386056 -0.06540312923010963 0
    outer loop
      vertex 65.4189828955575 31.437052501831058 4
      vertex 65.41000000000001 31.300000000000004 0
      vertex 65.4189828955575 31.437052501831058 0
    endloop
  endfacet
  facet normal 0.980785280403231 -0.19509032201612525 0
    outer loop
      vertex 65.44577788239648 31.571759997357653 4
      vertex 65.4189828955575 31.437052501831058 0
      vertex 65.44577788239648 31.571759997357653 0
    endloop
  endfacet
  facet normal 0.9469301294951032 -0.3214394653031688 0
    outer loop
      vertex 65.48992649086316 31.701817603983347 4
      vertex 65.44577788239648 31.571759997357653 0
      vertex 65.48992649086316 31.701817603983347 0
    endloop
  endfacet
  facet normal 0.8968727415326997 -0.44228869021897793 0
    outer loop
      vertex 65.55067332602634 31.825000000000003 4
      vertex 65.48992649086316 31.701817603983347 0
      vertex 65.55067332602634 31.825000000000003 0
    endloop
  endfacet
  facet normal 0.8314696123025479 -0.5555702330195983 0
    outer loop
      vertex 65.6269789926942 31.93919950045916 4
      vertex 65.55067332602634 31.825000000000003 0
      vertex 65.6269789926942 31.93919950045916 0
    endloop
  endfacet
  facet normal 0.7518398074789596 -0.659345815100089 0
    outer loop
      vertex 65.71753787975413 32.04246212024588 4
      vertex 65.6269789926942 31.93919950045916 0
      vertex 65.71753787975413 32.04246212024588 0
    endloop
  endfacet
  facet normal 0.6593458151000597 -0.7518398074789853 0
    outer loop
      vertex 65.82080049954085 32.1330210073058 4
      vertex 65.71753787975413 32.04246212024588 0
      vertex 65.82080049954085 32.1330210073058 0
    endloop
  endfacet
  facet normal 0.5555702330196222 -0.8314696123025318 0
    outer loop
      vertex 65.935 32.20932667397366 4
      vertex 65.82080049954085 32.1330210073058 0
      vertex 65.935 32.20932667397366 0
    endloop
  endfacet
  facet normal 0.4422886902190093 -0.8968727415326843 0
    outer loop
      vertex 66.05818239601666 32.27007350913686 4
      vertex 65.935 32.20932667397366 0
      vertex 66.05818239601666 32.27007350913686 0
    endloop
  endfacet
  facet normal 0.3214394653031609 -0.946930129495106 0
    outer loop
      vertex 66.18824000264236 32.31422211760353 4
      vertex 66.05818239601666 32.27007350913686 0
      vertex 66.18824000264236 32.31422211760353 0
    endloop
  endfacet
  facet normal 0.1950903220161203 -0.980785280403232 0
    outer loop
      vertex 66.32294749816896 32.34101710444251 4
      vertex 66.18824000264236 32.31422211760353 0
      vertex 66.32294749816896 32.34101710444251 0
    endloop
  endfacet
  facet normal 0.06540312923011132 -0.9978589232386056 0
    outer loop
      vertex 66.46000000000001 32.35 4
      vertex 66.32294749816896 32.34101710444251 0
      vertex 66.46000000000001 32.35 0
    endloop
  endfacet
  facet normal -0.7518398074789596 0.659345815100089 0
    outer loop
      vertex 67.20246212024588 30.55753787975413 0
      vertex 67.20246212024588 30.55753787975413 4
      vertex 67.29302100730581 30.660800499540848 0
    endloop
  endfacet
  facet normal -0.8314696123025479 0.5555702330195983 0
    outer loop
      vertex 67.29302100730581 30.660800499540848 4
      vertex 67.36932667397367 30.775000000000006 0
      vertex 67.29302100730581 30.660800499540848 0
    endloop
  endfacet
  facet normal -0.8968727415326997 0.44228869021897793 0
    outer loop
      vertex 67.36932667397367 30.775000000000006 4
      vertex 67.43007350913686 30.89818239601666 0
      vertex 67.36932667397367 30.775000000000006 0
    endloop
  endfacet
  facet normal -0.9469301294951032 0.3214394653031688 0
    outer loop
      vertex 67.43007350913686 30.89818239601666 4
      vertex 67.47422211760353 31.028240002642356 0
      vertex 67.43007350913686 30.89818239601666 0
    endloop
  endfacet
  facet normal -0.980785280403231 0.19509032201612525 0
    outer loop
      vertex 67.47422211760353 31.028240002642356 4
      vertex 67.50101710444251 31.16294749816895 0
      vertex 67.47422211760353 31.028240002642356 0
    endloop
  endfacet
  facet normal -0.9978589232386056 0.06540312923010963 0
    outer loop
      vertex 67.50101710444251 31.16294749816895 4
      vertex 67.51 31.300000000000004 0
      vertex 67.50101710444251 31.16294749816895 0
    endloop
  endfacet
  facet normal -0.9978589232386056 -0.06540312923010963 0
    outer loop
      vertex 67.51 31.300000000000004 4
      vertex 67.50101710444251 31.437052501831058 0
      vertex 67.51 31.300000000000004 0
    endloop
  endfacet
  facet normal -0.980785280403231 -0.19509032201612525 0
    outer loop
      vertex 67.50101710444251 31.437052501831058 4
      vertex 67.47422211760353 31.571759997357653 0
      vertex 67.50101710444251 31.437052501831058 0
    endloop
  endfacet
  facet normal -0.9469301294951032 -0.3214394653031688 0
    outer loop
      vertex 67.47422211760353 31.571759997357653 4
      vertex 67.43007350913686 31.701817603983347 0
      vertex 67.47422211760353 31.571759997357653 0
    endloop
  endfacet
  facet normal -0.06540312923011132 -0.9978589232386056 0
    outer loop
      vertex 66.59705250183106 32.34101710444251 4
      vertex 66.46000000000001 32.35 0
      vertex 66.59705250183106 32.34101710444251 0
    endloop
  endfacet
  facet normal -0.1950903220161203 -0.980785280403232 0
    outer loop
      vertex 66.73175999735766 32.31422211760353 4
      vertex 66.59705250183106 32.34101710444251 0
      vertex 66.73175999735766 32.31422211760353 0
    endloop
  endfacet
  facet normal -0.3214394653031609 -0.946930129495106 0
    outer loop
      vertex 66.86181760398335 32.27007350913686 4
      vertex 66.73175999735766 32.31422211760353 0
      vertex 66.86181760398335 32.27007350913686 0
    endloop
  endfacet
  facet normal -0.4422886902190093 -0.8968727415326843 0
    outer loop
      vertex 66.98500000000001 32.20932667397366 4
      vertex 66.86181760398335 32.27007350913686 0
      vertex 66.98500000000001 32.20932667397366 0
    endloop
  endfacet
  facet normal -0.6593458151000597 -0.7518398074789853 6.255519253376784e-19
    outer loop
      vertex 67.09919950045916 32.1330210073058 0
      vertex 67.20246212024588 32.04246212024588 0
      vertex 67.20246212024588 32.04246212024588 4
    endloop
  endfacet
  facet normal -0.5555702330196222 -0.8314696123025318 0
    outer loop
      vertex 67.09919950045916 32.1330210073058 4
      vertex 66.98500000000001 32.20932667397366 0
      vertex 67.09919950045916 32.1330210073058 0
    endloop
  endfacet
  facet normal -0.7518398074789596 -0.659345815100089 0
    outer loop
      vertex 67.29302100730581 31.93919950045916 4
      vertex 67.20246212024588 32.04246212024588 0
      vertex 67.29302100730581 31.93919950045916 0
    endloop
  endfacet
  facet normal -0.8968727415326997 -0.44228869021897793 0
    outer loop
      vertex 67.43007350913686 31.701817603983347 4
      vertex 67.36932667397367 31.825000000000003 0
      vertex 67.43007350913686 31.701817603983347 0
    endloop
  endfacet
  facet normal -0.8314696123025479 -0.5555702330195983 0
    outer loop
      vertex 67.36932667397367 31.825000000000003 4
      vertex 67.29302100730581 31.93919950045916 0
      vertex 67.36932667397367 31.825000000000003 0
    endloop
  endfacet
  facet normal 0.6593458151000597 0.7518398074789853 6.255519253376784e-19
    outer loop
      vertex 65.71753787975413 30.55753787975413 4
      vertex 65.82080049954085 30.46697899269421 4
      vertex 65.82080049954085 30.46697899269421 0
    endloop
  endfacet
  facet normal 0.5555702330196222 0.8314696123025318 0
    outer loop
      vertex 65.935 30.390673326026345 4
      vertex 65.935 30.390673326026345 0
      vertex 65.82080049954085 30.46697899269421 4
    endloop
  endfacet
  facet normal 0.3214394653031609 0.946930129495106 -9.317066751543404e-20
    outer loop
      vertex 66.05818239601666 30.32992649086315 4
      vertex 66.18824000264236 30.28577788239648 4
      vertex 66.18824000264236 30.28577788239648 0
    endloop
  endfacet
  facet normal 0.4422886902190093 0.8968727415326843 1.8624345561982275e-20
    outer loop
      vertex 65.935 30.390673326026345 4
      vertex 66.05818239601666 30.32992649086315 4
      vertex 66.05818239601666 30.32992649086315 0
    endloop
  endfacet
  facet normal 0.1950903220161203 0.980785280403232 0
    outer loop
      vertex 66.32294749816896 30.2589828955575 4
      vertex 66.32294749816896 30.2589828955575 0
      vertex 66.18824000264236 30.28577788239648 4
    endloop
  endfacet
  facet normal 0.06540312923013708 0.9978589232386039 0
    outer loop
      vertex 66.46000000000001 30.250000000000004 4
      vertex 66.46000000000001 30.250000000000004 0
      vertex 66.32294749816896 30.2589828955575 4
    endloop
  endfacet
  facet normal -0.06540312923013708 0.9978589232386039 0
    outer loop
      vertex 66.59705250183106 30.2589828955575 4
      vertex 66.59705250183106 30.2589828955575 0
      vertex 66.46000000000001 30.250000000000004 4
    endloop
  endfacet
  facet normal -0.1950903220161203 0.980785280403232 -1.1198323154497528e-19
    outer loop
      vertex 66.59705250183106 30.2589828955575 4
      vertex 66.73175999735766 30.28577788239648 4
      vertex 66.73175999735766 30.28577788239648 0
    endloop
  endfacet
  facet normal -0.3214394653031609 0.946930129495106 0
    outer loop
      vertex 66.86181760398335 30.32992649086315 4
      vertex 66.86181760398335 30.32992649086315 0
      vertex 66.73175999735766 30.28577788239648 4
    endloop
  endfacet
  facet normal -0.4422886902190093 0.8968727415326843 0
    outer loop
      vertex 66.98500000000001 30.390673326026345 4
      vertex 66.98500000000001 30.390673326026345 0
      vertex 66.86181760398335 30.32992649086315 4
    endloop
  endfacet
  facet normal -0.5555702330196222 0.8314696123025318 0
    outer loop
      vertex 67.09919950045916 30.46697899269421 4
      vertex 67.09919950045916 30.46697899269421 0
      vertex 66.98500000000001 30.390673326026345 4
    endloop
  endfacet
  facet normal -0.6593458151000597 0.7518398074789853 0
    outer loop
      vertex 67.20246212024588 30.55753787975413 4
      vertex 67.20246212024588 30.55753787975413 0
      vertex 67.09919950045916 30.46697899269421 4
    endloop
  endfacet
  facet normal 0.8968727415326997 0.44228869021897793 -9.311402746225757e-20
    outer loop
      vertex 65.48992649086316 30.89818239601666 4
      vertex 65.55067332602634 30.775000000000006 4
      vertex 65.55067332602634 30.775000000000006 0
    endloop
  endfacet
  facet normal 0.8314696123025479 0.5555702330195983 -3.899454405422955e-19
    outer loop
      vertex 65.55067332602634 30.775000000000006 4
      vertex 65.6269789926942 30.660800499540848 4
      vertex 65.6269789926942 30.660800499540848 0
    endloop
  endfacet
  facet normal 0.9469301294951032 0.3214394653031688 -3.573006252039065e-19
    outer loop
      vertex 65.44577788239648 31.028240002642356 4
      vertex 65.48992649086316 30.89818239601666 4
      vertex 65.48992649086316 30.89818239601666 0
    endloop
  endfacet
  facet normal 0.980785280403231 0.19509032201612525 -2.7913485469392036e-19
    outer loop
      vertex 65.4189828955575 31.16294749816895 4
      vertex 65.44577788239648 31.028240002642356 4
      vertex 65.44577788239648 31.028240002642356 0
    endloop
  endfacet
  facet normal 0.7518398074789596 0.659345815100089 7.402011070622547e-19
    outer loop
      vertex 65.6269789926942 30.660800499540848 4
      vertex 65.71753787975413 30.55753787975413 4
      vertex 65.71753787975413 30.55753787975413 0
    endloop
  endfacet
  facet normal 0.9978589232386056 0.06540312923010963 1.2183606645512336e-19
    outer loop
      vertex 65.41000000000001 31.300000000000004 4
      vertex 65.4189828955575 31.16294749816895 4
      vertex 65.4189828955575 31.16294749816895 0
    endloop
  endfacet
  facet normal 0.9978589232386056 -0.06540312923010963 -1.2183606645512336e-19
    outer loop
      vertex 65.4189828955575 31.437052501831058 4
      vertex 65.41000000000001 31.300000000000004 4
      vertex 65.41000000000001 31.300000000000004 0
    endloop
  endfacet
  facet normal 0.980785280403231 -0.19509032201612525 2.7913485469392036e-19
    outer loop
      vertex 65.44577788239648 31.571759997357653 4
      vertex 65.4189828955575 31.437052501831058 4
      vertex 65.4189828955575 31.437052501831058 0
    endloop
  endfacet
  facet normal 0.9469301294951032 -0.3214394653031688 3.573006252039065e-19
    outer loop
      vertex 65.48992649086316 31.701817603983347 4
      vertex 65.44577788239648 31.571759997357653 4
      vertex 65.44577788239648 31.571759997357653 0
    endloop
  endfacet
  facet normal 0.8968727415326997 -0.44228869021897793 9.311402746225757e-20
    outer loop
      vertex 65.55067332602634 31.825000000000003 4
      vertex 65.48992649086316 31.701817603983347 4
      vertex 65.48992649086316 31.701817603983347 0
    endloop
  endfacet
  facet normal 0.8314696123025479 -0.5555702330195983 3.899454405422955e-19
    outer loop
      vertex 65.6269789926942 31.93919950045916 4
      vertex 65.55067332602634 31.825000000000003 4
      vertex 65.55067332602634 31.825000000000003 0
    endloop
  endfacet
  facet normal 0.7518398074789596 -0.659345815100089 -7.402011070622547e-19
    outer loop
      vertex 65.71753787975413 32.04246212024588 4
      vertex 65.6269789926942 31.93919950045916 4
      vertex 65.6269789926942 31.93919950045916 0
    endloop
  endfacet
  facet normal 0.6593458151000597 -0.7518398074789853 0
    outer loop
      vertex 65.71753787975413 32.04246212024588 4
      vertex 65.71753787975413 32.04246212024588 0
      vertex 65.82080049954085 32.1330210073058 4
    endloop
  endfacet
  facet normal 0.5555702330196222 -0.8314696123025318 0
    outer loop
      vertex 65.82080049954085 32.1330210073058 4
      vertex 65.82080049954085 32.1330210073058 0
      vertex 65.935 32.20932667397366 4
    endloop
  endfacet
  facet normal 0.4422886902190093 -0.8968727415326843 0
    outer loop
      vertex 65.935 32.20932667397366 4
      vertex 65.935 32.20932667397366 0
      vertex 66.05818239601666 32.27007350913686 4
    endloop
  endfacet
  facet normal 0.3214394653031609 -0.946930129495106 0
    outer loop
      vertex 66.05818239601666 32.27007350913686 4
      vertex 66.05818239601666 32.27007350913686 0
      vertex 66.18824000264236 32.31422211760353 4
    endloop
  endfacet
  facet normal 0.1950903220161203 -0.980785280403232 -1.1198323154497528e-19
    outer loop
      vertex 66.32294749816896 32.34101710444251 4
      vertex 66.18824000264236 32.31422211760353 4
      vertex 66.18824000264236 32.31422211760353 0
    endloop
  endfacet
  facet normal 0.06540312923011132 -0.9978589232386056 0
    outer loop
      vertex 66.32294749816896 32.34101710444251 4
      vertex 66.32294749816896 32.34101710444251 0
      vertex 66.46000000000001 32.35 4
    endloop
  endfacet
  facet normal -0.7518398074789596 0.659345815100089 -7.402011070622547e-19
    outer loop
      vertex 67.20246212024588 30.55753787975413 4
      vertex 67.29302100730581 30.660800499540848 4
      vertex 67.29302100730581 30.660800499540848 0
    endloop
  endfacet
  facet normal -0.8314696123025479 0.5555702330195983 3.899454405422955e-19
    outer loop
      vertex 67.29302100730581 30.660800499540848 4
      vertex 67.36932667397367 30.775000000000006 4
      vertex 67.36932667397367 30.775000000000006 0
    endloop
  endfacet
  facet normal -0.8968727415326997 0.44228869021897793 9.311402746225757e-20
    outer loop
      vertex 67.36932667397367 30.775000000000006 4
      vertex 67.43007350913686 30.89818239601666 4
      vertex 67.43007350913686 30.89818239601666 0
    endloop
  endfacet
  facet normal -0.9469301294951032 0.3214394653031688 3.573006252039065e-19
    outer loop
      vertex 67.43007350913686 30.89818239601666 4
      vertex 67.47422211760353 31.028240002642356 4
      vertex 67.47422211760353 31.028240002642356 0
    endloop
  endfacet
  facet normal -0.980785280403231 0.19509032201612525 2.7913485469392036e-19
    outer loop
      vertex 67.47422211760353 31.028240002642356 4
      vertex 67.50101710444251 31.16294749816895 4
      vertex 67.50101710444251 31.16294749816895 0
    endloop
  endfacet
  facet normal -0.9978589232386056 0.06540312923010963 -1.2183606645512336e-19
    outer loop
      vertex 67.50101710444251 31.16294749816895 4
      vertex 67.51 31.300000000000004 4
      vertex 67.51 31.300000000000004 0
    endloop
  endfacet
  facet normal -0.9978589232386056 -0.06540312923010963 1.2183606645512336e-19
    outer loop
      vertex 67.51 31.300000000000004 4
      vertex 67.50101710444251 31.437052501831058 4
      vertex 67.50101710444251 31.437052501831058 0
    endloop
  endfacet
  facet normal -0.980785280403231 -0.19509032201612525 -2.7913485469392036e-19
    outer loop
      vertex 67.50101710444251 31.437052501831058 4
      vertex 67.47422211760353 31.571759997357653 4
      vertex 67.47422211760353 31.571759997357653 0
    endloop
  endfacet
  facet normal -0.9469301294951032 -0.3214394653031688 -3.573006252039065e-19
    outer loop
      vertex 67.47422211760353 31.571759997357653 4
      vertex 67.43007350913686 31.701817603983347 4
      vertex 67.43007350913686 31.701817603983347 0
    endloop
  endfacet
  facet normal -0.5555702330196222 -0.8314696123025318 0
    outer loop
      vertex 66.98500000000001 32.20932667397366 4
      vertex 66.98500000000001 32.20932667397366 0
      vertex 67.09919950045916 32.1330210073058 4
    endloop
  endfacet
  facet normal -0.06540312923011132 -0.9978589232386056 0
    outer loop
      vertex 66.46000000000001 32.35 4
      vertex 66.46000000000001 32.35 0
      vertex 66.59705250183106 32.34101710444251 4
    endloop
  endfacet
  facet normal -0.1950903220161203 -0.980785280403232 0
    outer loop
      vertex 66.59705250183106 32.34101710444251 4
      vertex 66.59705250183106 32.34101710444251 0
      vertex 66.73175999735766 32.31422211760353 4
    endloop
  endfacet
  facet normal -0.3214394653031609 -0.946930129495106 -9.317066751543404e-20
    outer loop
      vertex 66.86181760398335 32.27007350913686 4
      vertex 66.73175999735766 32.31422211760353 4
      vertex 66.73175999735766 32.31422211760353 0
    endloop
  endfacet
  facet normal -0.4422886902190093 -0.8968727415326843 1.8624345561982275e-20
    outer loop
      vertex 66.98500000000001 32.20932667397366 4
      vertex 66.86181760398335 32.27007350913686 4
      vertex 66.86181760398335 32.27007350913686 0
    endloop
  endfacet
  facet normal -0.6593458151000597 -0.7518398074789853 6.255519253376784e-19
    outer loop
      vertex 67.20246212024588 32.04246212024588 4
      vertex 67.09919950045916 32.1330210073058 4
      vertex 67.09919950045916 32.1330210073058 0
    endloop
  endfacet
  facet normal -0.7518398074789596 -0.659345815100089 7.402011070622547e-19
    outer loop
      vertex 67.29302100730581 31.93919950045916 4
      vertex 67.20246212024588 32.04246212024588 4
      vertex 67.20246212024588 32.04246212024588 0
    endloop
  endfacet
  facet normal -0.8968727415326997 -0.44228869021897793 -9.311402746225757e-20
    outer loop
      vertex 67.43007350913686 31.701817603983347 4
      vertex 67.36932667397367 31.825000000000003 4
      vertex 67.36932667397367 31.825000000000003 0
    endloop
  endfacet
  facet normal -0.8314696123025479 -0.5555702330195983 -3.899454405422955e-19
    outer loop
      vertex 67.36932667397367 31.825000000000003 4
      vertex 67.29302100730581 31.93919950045916 4
      vertex 67.29302100730581 31.93919950045916 0
    endloop
  endfacet
  facet normal 0.7518398074789596 0.659345815100089 7.402011070622547e-19
    outer loop
      vertex 65.71753787975413 66.11753787975414 0
      vertex 65.6269789926942 66.22080049954086 0
      vertex 65.6269789926942 66.22080049954086 4
    endloop
  endfacet
  facet normal 0.8314696123025318 0.5555702330196222 1.3404344435037924e-18
    outer loop
      vertex 65.6269789926942 66.22080049954086 0
      vertex 65.55067332602634 66.33500000000001 0
      vertex 65.55067332602634 66.33500000000001 4
    endloop
  endfacet
  facet normal 0.5555702330196222 0.8314696123025318 0
    outer loop
      vertex 65.82080049954085 66.02697899269421 0
      vertex 65.82080049954085 66.02697899269421 4
      vertex 65.935 65.95067332602635 0
    endloop
  endfacet
  facet normal 0.659345815100089 0.7518398074789596 0
    outer loop
      vertex 65.71753787975413 66.11753787975414 0
      vertex 65.71753787975413 66.11753787975414 4
      vertex 65.82080049954085 66.02697899269421 0
    endloop
  endfacet
  facet normal 0.4422886902189677 0.8968727415327049 0
    outer loop
      vertex 65.935 65.95067332602635 0
      vertex 65.935 65.95067332602635 4
      vertex 66.05818239601666 65.88992649086316 0
    endloop
  endfacet
  facet normal 0.3214394653031609 0.946930129495106 0
    outer loop
      vertex 66.05818239601666 65.88992649086316 0
      vertex 66.05818239601666 65.88992649086316 4
      vertex 66.18824000264236 65.84577788239649 0
    endloop
  endfacet
  facet normal 0.1950903220161203 0.980785280403232 0
    outer loop
      vertex 66.18824000264236 65.84577788239649 0
      vertex 66.18824000264236 65.84577788239649 4
      vertex 66.32294749816896 65.81898289555751 0
    endloop
  endfacet
  facet normal 0.06540312923011132 0.9978589232386056 0
    outer loop
      vertex 66.32294749816896 65.81898289555751 0
      vertex 66.32294749816896 65.81898289555751 4
      vertex 66.46000000000001 65.81000000000002 0
    endloop
  endfacet
  facet normal 0.8968727415327049 0.4422886902189677 1.925875547458662e-19
    outer loop
      vertex 65.55067332602634 66.33500000000001 0
      vertex 65.48992649086316 66.45818239601667 0
      vertex 65.48992649086316 66.45818239601667 4
    endloop
  endfacet
  facet normal 0.946930129495106 0.3214394653031609 -9.317066751543404e-20
    outer loop
      vertex 65.48992649086316 66.45818239601667 0
      vertex 65.44577788239648 66.58824000264237 0
      vertex 65.44577788239648 66.58824000264237 4
    endloop
  endfacet
  facet normal 0.980785280403232 0.1950903220161203 1.1198323154497528e-19
    outer loop
      vertex 65.44577788239648 66.58824000264237 0
      vertex 65.4189828955575 66.72294749816896 0
      vertex 65.4189828955575 66.72294749816896 4
    endloop
  endfacet
  facet normal 0.9978589232386056 0.06540312923011132 1.9120811354926813e-19
    outer loop
      vertex 65.4189828955575 66.72294749816896 0
      vertex 65.41000000000001 66.86000000000001 0
      vertex 65.41000000000001 66.86000000000001 4
    endloop
  endfacet
  facet normal 0.9978589232386056 -0.06540312923011132 -1.9120811354926813e-19
    outer loop
      vertex 65.41000000000001 66.86000000000001 0
      vertex 65.4189828955575 66.99705250183106 0
      vertex 65.4189828955575 66.99705250183106 4
    endloop
  endfacet
  facet normal 0.980785280403232 -0.1950903220161203 -1.1198323154497528e-19
    outer loop
      vertex 65.4189828955575 66.99705250183106 0
      vertex 65.44577788239648 67.13175999735766 0
      vertex 65.44577788239648 67.13175999735766 4
    endloop
  endfacet
  facet normal 0.946930129495106 -0.3214394653031609 9.317066751543404e-20
    outer loop
      vertex 65.44577788239648 67.13175999735766 0
      vertex 65.48992649086316 67.26181760398336 0
      vertex 65.48992649086316 67.26181760398336 4
    endloop
  endfacet
  facet normal 0.8968727415327049 -0.4422886902189677 -1.925875547458662e-19
    outer loop
      vertex 65.48992649086316 67.26181760398336 0
      vertex 65.55067332602634 67.38500000000002 0
      vertex 65.55067332602634 67.38500000000002 4
    endloop
  endfacet
  facet normal -0.06540312923011132 0.9978589232386056 0
    outer loop
      vertex 66.46000000000001 65.81000000000002 4
      vertex 66.59705250183106 65.81898289555751 0
      vertex 66.46000000000001 65.81000000000002 0
    endloop
  endfacet
  facet normal -0.1950903220161203 0.980785280403232 0
    outer loop
      vertex 66.59705250183106 65.81898289555751 0
      vertex 66.59705250183106 65.81898289555751 4
      vertex 66.73175999735766 65.84577788239649 0
    endloop
  endfacet
  facet normal -0.3214394653031609 0.946930129495106 0
    outer loop
      vertex 66.73175999735766 65.84577788239649 0
      vertex 66.73175999735766 65.84577788239649 4
      vertex 66.86181760398335 65.88992649086316 0
    endloop
  endfacet
  facet normal -0.4422886902189677 0.8968727415327049 0
    outer loop
      vertex 66.86181760398335 65.88992649086316 0
      vertex 66.86181760398335 65.88992649086316 4
      vertex 66.98500000000001 65.95067332602635 0
    endloop
  endfacet
  facet normal -0.5555702330196222 0.8314696123025318 0
    outer loop
      vertex 66.98500000000001 65.95067332602635 0
      vertex 66.98500000000001 65.95067332602635 4
      vertex 67.09919950045916 66.02697899269421 0
    endloop
  endfacet
  facet normal -0.659345815100089 0.7518398074789596 0
    outer loop
      vertex 67.09919950045916 66.02697899269421 4
      vertex 67.20246212024588 66.11753787975414 0
      vertex 67.09919950045916 66.02697899269421 0
    endloop
  endfacet
  facet normal -0.7518398074789596 0.659345815100089 0
    outer loop
      vertex 67.20246212024588 66.11753787975414 0
      vertex 67.20246212024588 66.11753787975414 4
      vertex 67.29302100730581 66.22080049954086 0
    endloop
  endfacet
  facet normal -0.8314696123025318 0.5555702330196222 -1.3404344435037924e-18
    outer loop
      vertex 67.36932667397367 66.33500000000001 0
      vertex 67.29302100730581 66.22080049954086 0
      vertex 67.29302100730581 66.22080049954086 4
    endloop
  endfacet
  facet normal -0.8968727415327049 0.4422886902189677 -1.925875547458662e-19
    outer loop
      vertex 67.43007350913686 66.45818239601667 0
      vertex 67.36932667397367 66.33500000000001 0
      vertex 67.36932667397367 66.33500000000001 4
    endloop
  endfacet
  facet normal -0.946930129495106 0.3214394653031609 9.317066751543404e-20
    outer loop
      vertex 67.47422211760353 66.58824000264237 0
      vertex 67.43007350913686 66.45818239601667 0
      vertex 67.43007350913686 66.45818239601667 4
    endloop
  endfacet
  facet normal -0.980785280403232 0.1950903220161203 -1.1198323154497528e-19
    outer loop
      vertex 67.50101710444251 66.72294749816896 0
      vertex 67.47422211760353 66.58824000264237 0
      vertex 67.47422211760353 66.58824000264237 4
    endloop
  endfacet
  facet normal -0.9978589232386056 0.06540312923011132 -1.9120811354926813e-19
    outer loop
      vertex 67.51 66.86000000000001 0
      vertex 67.50101710444251 66.72294749816896 0
      vertex 67.50101710444251 66.72294749816896 4
    endloop
  endfacet
  facet normal -0.9978589232386056 -0.06540312923011132 1.9120811354926813e-19
    outer loop
      vertex 67.50101710444251 66.99705250183106 0
      vertex 67.51 66.86000000000001 0
      vertex 67.51 66.86000000000001 4
    endloop
  endfacet
  facet normal -0.980785280403232 -0.1950903220161203 1.1198323154497528e-19
    outer loop
      vertex 67.47422211760353 67.13175999735766 0
      vertex 67.50101710444251 66.99705250183106 0
      vertex 67.50101710444251 66.99705250183106 4
    endloop
  endfacet
  facet normal -0.8314696123025318 -0.5555702330196222 1.3404344435037924e-18
    outer loop
      vertex 67.29302100730581 67.49919950045917 0
      vertex 67.36932667397367 67.38500000000002 0
      vertex 67.36932667397367 67.38500000000002 4
    endloop
  endfacet
  facet normal -0.8968727415327049 -0.4422886902189677 1.925875547458662e-19
    outer loop
      vertex 67.36932667397367 67.38500000000002 0
      vertex 67.43007350913686 67.26181760398336 0
      vertex 67.43007350913686 67.26181760398336 4
    endloop
  endfacet
  facet normal -0.946930129495106 -0.3214394653031609 -9.317066751543404e-20
    outer loop
      vertex 67.43007350913686 67.26181760398336 0
      vertex 67.47422211760353 67.13175999735766 0
      vertex 67.47422211760353 67.13175999735766 4
    endloop
  endfacet
  facet normal 0.8314696123025318 -0.5555702330196222 -1.3404344435037924e-18
    outer loop
      vertex 65.55067332602634 67.38500000000002 0
      vertex 65.6269789926942 67.49919950045917 0
      vertex 65.6269789926942 67.49919950045917 4
    endloop
  endfacet
  facet normal 0.7518398074789596 -0.659345815100089 -7.402011070622547e-19
    outer loop
      vertex 65.6269789926942 67.49919950045917 0
      vertex 65.71753787975413 67.60246212024589 0
      vertex 65.71753787975413 67.60246212024589 4
    endloop
  endfacet
  facet normal 0.659345815100089 -0.7518398074789596 0
    outer loop
      vertex 65.82080049954085 67.69302100730582 4
      vertex 65.71753787975413 67.60246212024589 0
      vertex 65.82080049954085 67.69302100730582 0
    endloop
  endfacet
  facet normal 0.5555702330196222 -0.8314696123025318 0
    outer loop
      vertex 65.935 67.76932667397368 0
      vertex 65.935 67.76932667397368 4
      vertex 65.82080049954085 67.69302100730582 0
    endloop
  endfacet
  facet normal 0.4422886902189677 -0.8968727415327049 0
    outer loop
      vertex 66.05818239601666 67.83007350913687 0
      vertex 66.05818239601666 67.83007350913687 4
      vertex 65.935 67.76932667397368 0
    endloop
  endfacet
  facet normal 0.3214394653031609 -0.946930129495106 0
    outer loop
      vertex 66.18824000264236 67.87422211760354 0
      vertex 66.18824000264236 67.87422211760354 4
      vertex 66.05818239601666 67.83007350913687 0
    endloop
  endfacet
  facet normal 0.1950903220161203 -0.980785280403232 0
    outer loop
      vertex 66.32294749816896 67.90101710444252 0
      vertex 66.32294749816896 67.90101710444252 4
      vertex 66.18824000264236 67.87422211760354 0
    endloop
  endfacet
  facet normal 0.06540312923011132 -0.9978589232386056 0
    outer loop
      vertex 66.46000000000001 67.91000000000001 4
      vertex 66.32294749816896 67.90101710444252 0
      vertex 66.46000000000001 67.91000000000001 0
    endloop
  endfacet
  facet normal -0.06540312923011132 -0.9978589232386056 0
    outer loop
      vertex 66.59705250183106 67.90101710444252 0
      vertex 66.59705250183106 67.90101710444252 4
      vertex 66.46000000000001 67.91000000000001 0
    endloop
  endfacet
  facet normal -0.1950903220161203 -0.980785280403232 0
    outer loop
      vertex 66.73175999735766 67.87422211760354 0
      vertex 66.73175999735766 67.87422211760354 4
      vertex 66.59705250183106 67.90101710444252 0
    endloop
  endfacet
  facet normal -0.3214394653031609 -0.946930129495106 0
    outer loop
      vertex 66.86181760398335 67.83007350913687 0
      vertex 66.86181760398335 67.83007350913687 4
      vertex 66.73175999735766 67.87422211760354 0
    endloop
  endfacet
  facet normal -0.4422886902189677 -0.8968727415327049 0
    outer loop
      vertex 66.98500000000001 67.76932667397368 0
      vertex 66.98500000000001 67.76932667397368 4
      vertex 66.86181760398335 67.83007350913687 0
    endloop
  endfacet
  facet normal -0.659345815100089 -0.7518398074789596 7.402011070622547e-19
    outer loop
      vertex 67.09919950045916 67.69302100730582 0
      vertex 67.20246212024588 67.60246212024589 0
      vertex 67.20246212024588 67.60246212024589 4
    endloop
  endfacet
  facet normal -0.7518398074789596 -0.659345815100089 7.402011070622547e-19
    outer loop
      vertex 67.20246212024588 67.60246212024589 0
      vertex 67.29302100730581 67.49919950045917 0
      vertex 67.29302100730581 67.49919950045917 4
    endloop
  endfacet
  facet normal -0.5555702330196222 -0.8314696123025318 0
    outer loop
      vertex 67.09919950045916 67.69302100730582 0
      vertex 67.09919950045916 67.69302100730582 4
      vertex 66.98500000000001 67.76932667397368 0
    endloop
  endfacet
  facet normal 0.8314696123025318 0.5555702330196222 0
    outer loop
      vertex 65.6269789926942 66.22080049954086 0
      vertex 65.55067332602634 66.33500000000001 4
      vertex 65.6269789926942 66.22080049954086 4
    endloop
  endfacet
  facet normal 0.659345815100089 0.7518398074789596 7.402011070622547e-19
    outer loop
      vertex 65.71753787975413 66.11753787975414 4
      vertex 65.82080049954085 66.02697899269421 4
      vertex 65.82080049954085 66.02697899269421 0
    endloop
  endfacet
  facet normal 0.5555702330196222 0.8314696123025318 0
    outer loop
      vertex 65.935 65.95067332602635 0
      vertex 65.82080049954085 66.02697899269421 4
      vertex 65.935 65.95067332602635 4
    endloop
  endfacet
  facet normal 0.7518398074789596 0.659345815100089 7.402011070622547e-19
    outer loop
      vertex 65.6269789926942 66.22080049954086 4
      vertex 65.71753787975413 66.11753787975414 4
      vertex 65.71753787975413 66.11753787975414 0
    endloop
  endfacet
  facet normal 0.4422886902189677 0.8968727415327049 1.925875547458662e-19
    outer loop
      vertex 65.935 65.95067332602635 4
      vertex 66.05818239601666 65.88992649086316 4
      vertex 66.05818239601666 65.88992649086316 0
    endloop
  endfacet
  facet normal 0.3214394653031609 0.946930129495106 -9.317066751543404e-20
    outer loop
      vertex 66.05818239601666 65.88992649086316 4
      vertex 66.18824000264236 65.84577788239649 4
      vertex 66.18824000264236 65.84577788239649 0
    endloop
  endfacet
  facet normal 0.1950903220161203 0.980785280403232 0
    outer loop
      vertex 66.32294749816896 65.81898289555751 0
      vertex 66.18824000264236 65.84577788239649 4
      vertex 66.32294749816896 65.81898289555751 4
    endloop
  endfacet
  facet normal 0.06540312923011132 0.9978589232386056 0
    outer loop
      vertex 66.46000000000001 65.81000000000002 0
      vertex 66.32294749816896 65.81898289555751 4
      vertex 66.46000000000001 65.81000000000002 4
    endloop
  endfacet
  facet normal 0.8968727415327049 0.4422886902189677 0
    outer loop
      vertex 65.55067332602634 66.33500000000001 0
      vertex 65.48992649086316 66.45818239601667 4
      vertex 65.55067332602634 66.33500000000001 4
    endloop
  endfacet
  facet normal 0.946930129495106 0.3214394653031609 0
    outer loop
      vertex 65.48992649086316 66.45818239601667 0
      vertex 65.44577788239648 66.58824000264237 4
      vertex 65.48992649086316 66.45818239601667 4
    endloop
  endfacet
  facet normal 0.980785280403232 0.1950903220161203 0
    outer loop
      vertex 65.44577788239648 66.58824000264237 0
      vertex 65.4189828955575 66.72294749816896 4
      vertex 65.44577788239648 66.58824000264237 4
    endloop
  endfacet
  facet normal 0.9978589232386056 0.06540312923011132 0
    outer loop
      vertex 65.4189828955575 66.72294749816896 0
      vertex 65.41000000000001 66.86000000000001 4
      vertex 65.4189828955575 66.72294749816896 4
    endloop
  endfacet
  facet normal 0.9978589232386056 -0.06540312923011132 0
    outer loop
      vertex 65.41000000000001 66.86000000000001 0
      vertex 65.4189828955575 66.99705250183106 4
      vertex 65.41000000000001 66.86000000000001 4
    endloop
  endfacet
  facet normal 0.980785280403232 -0.1950903220161203 0
    outer loop
      vertex 65.4189828955575 66.99705250183106 0
      vertex 65.44577788239648 67.13175999735766 4
      vertex 65.4189828955575 66.99705250183106 4
    endloop
  endfacet
  facet normal 0.946930129495106 -0.3214394653031609 0
    outer loop
      vertex 65.44577788239648 67.13175999735766 0
      vertex 65.48992649086316 67.26181760398336 4
      vertex 65.44577788239648 67.13175999735766 4
    endloop
  endfacet
  facet normal 0.8968727415327049 -0.4422886902189677 -1.925875547458662e-19
    outer loop
      vertex 65.55067332602634 67.38500000000002 4
      vertex 65.48992649086316 67.26181760398336 4
      vertex 65.48992649086316 67.26181760398336 0
    endloop
  endfacet
  facet normal 0.8314696123025318 -0.5555702330196222 0
    outer loop
      vertex 65.55067332602634 67.38500000000002 0
      vertex 65.6269789926942 67.49919950045917 4
      vertex 65.55067332602634 67.38500000000002 4
    endloop
  endfacet
  facet normal -0.06540312923011132 0.9978589232386056 0
    outer loop
      vertex 66.59705250183106 65.81898289555751 0
      vertex 66.46000000000001 65.81000000000002 4
      vertex 66.59705250183106 65.81898289555751 4
    endloop
  endfacet
  facet normal -0.1950903220161203 0.980785280403232 -1.1198323154497528e-19
    outer loop
      vertex 66.59705250183106 65.81898289555751 4
      vertex 66.73175999735766 65.84577788239649 4
      vertex 66.73175999735766 65.84577788239649 0
    endloop
  endfacet
  facet normal -0.3214394653031609 0.946930129495106 0
    outer loop
      vertex 66.86181760398335 65.88992649086316 0
      vertex 66.73175999735766 65.84577788239649 4
      vertex 66.86181760398335 65.88992649086316 4
    endloop
  endfacet
  facet normal -0.4422886902189677 0.8968727415327049 0
    outer loop
      vertex 66.98500000000001 65.95067332602635 0
      vertex 66.86181760398335 65.88992649086316 4
      vertex 66.98500000000001 65.95067332602635 4
    endloop
  endfacet
  facet normal -0.5555702330196222 0.8314696123025318 0
    outer loop
      vertex 67.09919950045916 66.02697899269421 0
      vertex 66.98500000000001 65.95067332602635 4
      vertex 67.09919950045916 66.02697899269421 4
    endloop
  endfacet
  facet normal -0.659345815100089 0.7518398074789596 0
    outer loop
      vertex 67.20246212024588 66.11753787975414 0
      vertex 67.09919950045916 66.02697899269421 4
      vertex 67.20246212024588 66.11753787975414 4
    endloop
  endfacet
  facet normal -0.7518398074789596 0.659345815100089 0
    outer loop
      vertex 67.29302100730581 66.22080049954086 0
      vertex 67.20246212024588 66.11753787975414 4
      vertex 67.29302100730581 66.22080049954086 4
    endloop
  endfacet
  facet normal -0.8314696123025318 0.5555702330196222 0
    outer loop
      vertex 67.36932667397367 66.33500000000001 0
      vertex 67.29302100730581 66.22080049954086 4
      vertex 67.36932667397367 66.33500000000001 4
    endloop
  endfacet
  facet normal -0.8968727415327049 0.4422886902189677 -1.925875547458662e-19
    outer loop
      vertex 67.36932667397367 66.33500000000001 4
      vertex 67.43007350913686 66.45818239601667 4
      vertex 67.43007350913686 66.45818239601667 0
    endloop
  endfacet
  facet normal -0.946930129495106 0.3214394653031609 0
    outer loop
      vertex 67.47422211760353 66.58824000264237 0
      vertex 67.43007350913686 66.45818239601667 4
      vertex 67.47422211760353 66.58824000264237 4
    endloop
  endfacet
  facet normal -0.980785280403232 0.1950903220161203 0
    outer loop
      vertex 67.50101710444251 66.72294749816896 0
      vertex 67.47422211760353 66.58824000264237 4
      vertex 67.50101710444251 66.72294749816896 4
    endloop
  endfacet
  facet normal -0.9978589232386056 0.06540312923011132 0
    outer loop
      vertex 67.51 66.86000000000001 0
      vertex 67.50101710444251 66.72294749816896 4
      vertex 67.51 66.86000000000001 4
    endloop
  endfacet
  facet normal -0.9978589232386056 -0.06540312923011132 0
    outer loop
      vertex 67.50101710444251 66.99705250183106 0
      vertex 67.51 66.86000000000001 4
      vertex 67.50101710444251 66.99705250183106 4
    endloop
  endfacet
  facet normal -0.980785280403232 -0.1950903220161203 0
    outer loop
      vertex 67.47422211760353 67.13175999735766 0
      vertex 67.50101710444251 66.99705250183106 4
      vertex 67.47422211760353 67.13175999735766 4
    endloop
  endfacet
  facet normal -0.8968727415327049 -0.4422886902189677 0
    outer loop
      vertex 67.36932667397367 67.38500000000002 0
      vertex 67.43007350913686 67.26181760398336 4
      vertex 67.36932667397367 67.38500000000002 4
    endloop
  endfacet
  facet normal -0.946930129495106 -0.3214394653031609 0
    outer loop
      vertex 67.43007350913686 67.26181760398336 0
      vertex 67.47422211760353 67.13175999735766 4
      vertex 67.43007350913686 67.26181760398336 4
    endloop
  endfacet
  facet normal 0.7518398074789596 -0.659345815100089 0
    outer loop
      vertex 65.6269789926942 67.49919950045917 0
      vertex 65.71753787975413 67.60246212024589 4
      vertex 65.6269789926942 67.49919950045917 4
    endloop
  endfacet
  facet normal 0.659345815100089 -0.7518398074789596 0
    outer loop
      vertex 65.71753787975413 67.60246212024589 0
      vertex 65.82080049954085 67.69302100730582 4
      vertex 65.71753787975413 67.60246212024589 4
    endloop
  endfacet
  facet normal 0.5555702330196222 -0.8314696123025318 0
    outer loop
      vertex 65.82080049954085 67.69302100730582 0
      vertex 65.935 67.76932667397368 4
      vertex 65.82080049954085 67.69302100730582 4
    endloop
  endfacet
  facet normal 0.4422886902189677 -0.8968727415327049 0
    outer loop
      vertex 65.935 67.76932667397368 0
      vertex 66.05818239601666 67.83007350913687 4
      vertex 65.935 67.76932667397368 4
    endloop
  endfacet
  facet normal 0.3214394653031609 -0.946930129495106 0
    outer loop
      vertex 66.05818239601666 67.83007350913687 0
      vertex 66.18824000264236 67.87422211760354 4
      vertex 66.05818239601666 67.83007350913687 4
    endloop
  endfacet
  facet normal 0.1950903220161203 -0.980785280403232 -1.1198323154497528e-19
    outer loop
      vertex 66.32294749816896 67.90101710444252 4
      vertex 66.18824000264236 67.87422211760354 4
      vertex 66.18824000264236 67.87422211760354 0
    endloop
  endfacet
  facet normal 0.06540312923011132 -0.9978589232386056 0
    outer loop
      vertex 66.32294749816896 67.90101710444252 0
      vertex 66.46000000000001 67.91000000000001 4
      vertex 66.32294749816896 67.90101710444252 4
    endloop
  endfacet
  facet normal -0.06540312923011132 -0.9978589232386056 0
    outer loop
      vertex 66.46000000000001 67.91000000000001 0
      vertex 66.59705250183106 67.90101710444252 4
      vertex 66.46000000000001 67.91000000000001 4
    endloop
  endfacet
  facet normal -0.1950903220161203 -0.980785280403232 0
    outer loop
      vertex 66.59705250183106 67.90101710444252 0
      vertex 66.73175999735766 67.87422211760354 4
      vertex 66.59705250183106 67.90101710444252 4
    endloop
  endfacet
  facet normal -0.3214394653031609 -0.946930129495106 -9.317066751543404e-20
    outer loop
      vertex 66.86181760398335 67.83007350913687 4
      vertex 66.73175999735766 67.87422211760354 4
      vertex 66.73175999735766 67.87422211760354 0
    endloop
  endfacet
  facet normal -0.4422886902189677 -0.8968727415327049 1.925875547458662e-19
    outer loop
      vertex 66.98500000000001 67.76932667397368 4
      vertex 66.86181760398335 67.83007350913687 4
      vertex 66.86181760398335 67.83007350913687 0
    endloop
  endfacet
  facet normal -0.5555702330196222 -0.8314696123025318 0
    outer loop
      vertex 66.98500000000001 67.76932667397368 0
      vertex 67.09919950045916 67.69302100730582 4
      vertex 66.98500000000001 67.76932667397368 4
    endloop
  endfacet
  facet normal -0.659345815100089 -0.7518398074789596 7.402011070622547e-19
    outer loop
      vertex 67.20246212024588 67.60246212024589 4
      vertex 67.09919950045916 67.69302100730582 4
      vertex 67.09919950045916 67.69302100730582 0
    endloop
  endfacet
  facet normal -0.7518398074789596 -0.659345815100089 7.402011070622547e-19
    outer loop
      vertex 67.29302100730581 67.49919950045917 4
      vertex 67.20246212024588 67.60246212024589 4
      vertex 67.20246212024588 67.60246212024589 0
    endloop
  endfacet
  facet normal -0.8314696123025318 -0.5555702330196222 0
    outer loop
      vertex 67.29302100730581 67.49919950045917 0
      vertex 67.36932667397367 67.38500000000002 4
      vertex 67.29302100730581 67.49919950045917 4
    endloop
  endfacet
  facet normal 0.6593458151000597 0.7518398074789853 6.255519253376784e-19
    outer loop
      vertex 34.100800499540846 30.46697899269421 0
      vertex 33.99753787975413 30.55753787975413 0
      vertex 33.99753787975413 30.55753787975413 4
    endloop
  endfacet
  facet normal 0.5555702330195983 0.8314696123025479 0
    outer loop
      vertex 34.100800499540846 30.46697899269421 0
      vertex 34.100800499540846 30.46697899269421 4
      vertex 34.215 30.390673326026345 0
    endloop
  endfacet
  facet normal 0.3214394653031609 0.946930129495106 0
    outer loop
      vertex 34.338182396016656 30.32992649086315 0
      vertex 34.338182396016656 30.32992649086315 4
      vertex 34.468240002642354 30.28577788239648 0
    endloop
  endfacet
  facet normal 0.44228869021902983 0.8968727415326742 0
    outer loop
      vertex 34.215 30.390673326026345 0
      vertex 34.215 30.390673326026345 4
      vertex 34.338182396016656 30.32992649086315 0
    endloop
  endfacet
  facet normal 0.19509032201613022 0.9807852804032301 0
    outer loop
      vertex 34.468240002642354 30.28577788239648 0
      vertex 34.468240002642354 30.28577788239648 4
      vertex 34.602947498168945 30.2589828955575 0
    endloop
  endfacet
  facet normal 0.0654031292301337 0.997858923238604 0
    outer loop
      vertex 34.602947498168945 30.2589828955575 0
      vertex 34.602947498168945 30.2589828955575 4
      vertex 34.74 30.250000000000004 0
    endloop
  endfacet
  facet normal -0.0654031292301337 0.997858923238604 0
    outer loop
      vertex 34.74 30.250000000000004 4
      vertex 34.87705250183106 30.2589828955575 0
      vertex 34.74 30.250000000000004 0
    endloop
  endfacet
  facet normal -0.19509032201613022 0.9807852804032301 0
    outer loop
      vertex 34.87705250183106 30.2589828955575 0
      vertex 34.87705250183106 30.2589828955575 4
      vertex 35.01175999735765 30.28577788239648 0
    endloop
  endfacet
  facet normal 0.8968727415326794 0.4422886902190197 -2.670772366001904e-19
    outer loop
      vertex 33.83067332602634 30.775000000000006 0
      vertex 33.76992649086315 30.89818239601666 0
      vertex 33.76992649086315 30.89818239601666 4
    endloop
  endfacet
  facet normal 0.8314696123025479 0.5555702330195983 -3.899454405422955e-19
    outer loop
      vertex 33.90697899269421 30.660800499540848 0
      vertex 33.83067332602634 30.775000000000006 0
      vertex 33.83067332602634 30.775000000000006 4
    endloop
  endfacet
  facet normal 0.9469301294951032 0.3214394653031688 -3.573006252039065e-19
    outer loop
      vertex 33.76992649086315 30.89818239601666 0
      vertex 33.72577788239648 31.028240002642356 0
      vertex 33.72577788239648 31.028240002642356 4
    endloop
  endfacet
  facet normal 0.980785280403231 0.19509032201612525 -2.7913485469392036e-19
    outer loop
      vertex 33.72577788239648 31.028240002642356 0
      vertex 33.6989828955575 31.16294749816895 0
      vertex 33.6989828955575 31.16294749816895 4
    endloop
  endfacet
  facet normal 0.9978589232386056 0.06540312923010963 1.2183606645512336e-19
    outer loop
      vertex 33.6989828955575 31.16294749816895 0
      vertex 33.690000000000005 31.300000000000004 0
      vertex 33.690000000000005 31.300000000000004 4
    endloop
  endfacet
  facet normal 0.9978589232386056 -0.06540312923010963 -1.2183606645512336e-19
    outer loop
      vertex 33.690000000000005 31.300000000000004 0
      vertex 33.6989828955575 31.437052501831058 0
      vertex 33.6989828955575 31.437052501831058 4
    endloop
  endfacet
  facet normal 0.980785280403231 -0.19509032201612525 2.7913485469392036e-19
    outer loop
      vertex 33.6989828955575 31.437052501831058 0
      vertex 33.72577788239648 31.571759997357653 0
      vertex 33.72577788239648 31.571759997357653 4
    endloop
  endfacet
  facet normal 0.9469301294951032 -0.3214394653031688 3.573006252039065e-19
    outer loop
      vertex 33.72577788239648 31.571759997357653 0
      vertex 33.76992649086315 31.701817603983347 0
      vertex 33.76992649086315 31.701817603983347 4
    endloop
  endfacet
  facet normal 0.8968727415326794 -0.4422886902190197 2.670772366001904e-19
    outer loop
      vertex 33.76992649086315 31.701817603983347 0
      vertex 33.83067332602634 31.825000000000003 0
      vertex 33.83067332602634 31.825000000000003 4
    endloop
  endfacet
  facet normal 0.8314696123025479 -0.5555702330195983 3.899454405422955e-19
    outer loop
      vertex 33.83067332602634 31.825000000000003 0
      vertex 33.90697899269421 31.93919950045916 0
      vertex 33.90697899269421 31.93919950045916 4
    endloop
  endfacet
  facet normal 0.7518398074789853 0.6593458151000597 6.255519253376784e-19
    outer loop
      vertex 33.99753787975413 30.55753787975413 0
      vertex 33.90697899269421 30.660800499540848 0
      vertex 33.90697899269421 30.660800499540848 4
    endloop
  endfacet
  facet normal 0.7518398074789853 -0.6593458151000597 -6.255519253376784e-19
    outer loop
      vertex 33.90697899269421 31.93919950045916 0
      vertex 33.99753787975413 32.04246212024588 0
      vertex 33.99753787975413 32.04246212024588 4
    endloop
  endfacet
  facet normal 0.6593458151000597 -0.7518398074789853 0
    outer loop
      vertex 34.100800499540846 32.1330210073058 4
      vertex 33.99753787975413 32.04246212024588 0
      vertex 34.100800499540846 32.1330210073058 0
    endloop
  endfacet
  facet normal 0.5555702330195983 -0.8314696123025479 0
    outer loop
      vertex 34.215 32.20932667397366 0
      vertex 34.215 32.20932667397366 4
      vertex 34.100800499540846 32.1330210073058 0
    endloop
  endfacet
  facet normal 0.44228869021902983 -0.8968727415326742 0
    outer loop
      vertex 34.338182396016656 32.27007350913686 0
      vertex 34.338182396016656 32.27007350913686 4
      vertex 34.215 32.20932667397366 0
    endloop
  endfacet
  facet normal 0.3214394653031609 -0.946930129495106 0
    outer loop
      vertex 34.468240002642354 32.31422211760353 0
      vertex 34.468240002642354 32.31422211760353 4
      vertex 34.338182396016656 32.27007350913686 0
    endloop
  endfacet
  facet normal 0.19509032201613022 -0.9807852804032301 0
    outer loop
      vertex 34.602947498168945 32.34101710444251 0
      vertex 34.602947498168945 32.34101710444251 4
      vertex 34.468240002642354 32.31422211760353 0
    endloop
  endfacet
  facet normal 0.06540312923010795 -0.9978589232386058 0
    outer loop
      vertex 34.74 32.35 4
      vertex 34.602947498168945 32.34101710444251 0
      vertex 34.74 32.35 0
    endloop
  endfacet
  facet normal -0.06540312923010795 -0.9978589232386058 0
    outer loop
      vertex 34.87705250183106 32.34101710444251 0
      vertex 34.87705250183106 32.34101710444251 4
      vertex 34.74 32.35 0
    endloop
  endfacet
  facet normal -0.19509032201613022 -0.9807852804032301 1.1913856812768228e-19
    outer loop
      vertex 34.87705250183106 32.34101710444251 0
      vertex 35.01175999735765 32.31422211760353 0
      vertex 35.01175999735765 32.31422211760353 4
    endloop
  endfacet
  facet normal 0.5555702330195983 0.8314696123025479 0
    outer loop
      vertex 34.215 30.390673326026345 0
      vertex 34.100800499540846 30.46697899269421 4
      vertex 34.215 30.390673326026345 4
    endloop
  endfacet
  facet normal 0.6593458151000597 0.7518398074789853 6.255519253376784e-19
    outer loop
      vertex 33.99753787975413 30.55753787975413 4
      vertex 34.100800499540846 30.46697899269421 4
      vertex 34.100800499540846 30.46697899269421 0
    endloop
  endfacet
  facet normal 0.3214394653031609 0.946930129495106 -9.317066751543404e-20
    outer loop
      vertex 34.338182396016656 30.32992649086315 4
      vertex 34.468240002642354 30.28577788239648 4
      vertex 34.468240002642354 30.28577788239648 0
    endloop
  endfacet
  facet normal 0.44228869021902983 0.8968727415326742 -5.527788187623762e-19
    outer loop
      vertex 34.215 30.390673326026345 4
      vertex 34.338182396016656 30.32992649086315 4
      vertex 34.338182396016656 30.32992649086315 0
    endloop
  endfacet
  facet normal 0.19509032201613022 0.9807852804032301 0
    outer loop
      vertex 34.602947498168945 30.2589828955575 0
      vertex 34.468240002642354 30.28577788239648 4
      vertex 34.602947498168945 30.2589828955575 4
    endloop
  endfacet
  facet normal 0.0654031292301337 0.997858923238604 0
    outer loop
      vertex 34.74 30.250000000000004 0
      vertex 34.602947498168945 30.2589828955575 4
      vertex 34.74 30.250000000000004 4
    endloop
  endfacet
  facet normal -0.0654031292301337 0.997858923238604 0
    outer loop
      vertex 34.87705250183106 30.2589828955575 0
      vertex 34.74 30.250000000000004 4
      vertex 34.87705250183106 30.2589828955575 4
    endloop
  endfacet
  facet normal -0.19509032201613022 0.9807852804032301 -1.1913856812768228e-19
    outer loop
      vertex 34.87705250183106 30.2589828955575 4
      vertex 35.01175999735765 30.28577788239648 4
      vertex 35.01175999735765 30.28577788239648 0
    endloop
  endfacet
  facet normal 0.8314696123025479 0.5555702330195983 0
    outer loop
      vertex 33.90697899269421 30.660800499540848 0
      vertex 33.83067332602634 30.775000000000006 4
      vertex 33.90697899269421 30.660800499540848 4
    endloop
  endfacet
  facet normal 0.8968727415326794 0.4422886902190197 0
    outer loop
      vertex 33.83067332602634 30.775000000000006 0
      vertex 33.76992649086315 30.89818239601666 4
      vertex 33.83067332602634 30.775000000000006 4
    endloop
  endfacet
  facet normal 0.9469301294951032 0.3214394653031688 0
    outer loop
      vertex 33.76992649086315 30.89818239601666 0
      vertex 33.72577788239648 31.028240002642356 4
      vertex 33.76992649086315 30.89818239601666 4
    endloop
  endfacet
  facet normal 0.980785280403231 0.19509032201612525 0
    outer loop
      vertex 33.72577788239648 31.028240002642356 0
      vertex 33.6989828955575 31.16294749816895 4
      vertex 33.72577788239648 31.028240002642356 4
    endloop
  endfacet
  facet normal 0.9978589232386056 0.06540312923010963 0
    outer loop
      vertex 33.6989828955575 31.16294749816895 0
      vertex 33.690000000000005 31.300000000000004 4
      vertex 33.6989828955575 31.16294749816895 4
    endloop
  endfacet
  facet normal 0.9978589232386056 -0.06540312923010963 0
    outer loop
      vertex 33.690000000000005 31.300000000000004 0
      vertex 33.6989828955575 31.437052501831058 4
      vertex 33.690000000000005 31.300000000000004 4
    endloop
  endfacet
  facet normal 0.980785280403231 -0.19509032201612525 0
    outer loop
      vertex 33.6989828955575 31.437052501831058 0
      vertex 33.72577788239648 31.571759997357653 4
      vertex 33.6989828955575 31.437052501831058 4
    endloop
  endfacet
  facet normal 0.9469301294951032 -0.3214394653031688 0
    outer loop
      vertex 33.72577788239648 31.571759997357653 0
      vertex 33.76992649086315 31.701817603983347 4
      vertex 33.72577788239648 31.571759997357653 4
    endloop
  endfacet
  facet normal 0.8968727415326794 -0.4422886902190197 2.670772366001904e-19
    outer loop
      vertex 33.83067332602634 31.825000000000003 4
      vertex 33.76992649086315 31.701817603983347 4
      vertex 33.76992649086315 31.701817603983347 0
    endloop
  endfacet
  facet normal 0.8314696123025479 -0.5555702330195983 0
    outer loop
      vertex 33.83067332602634 31.825000000000003 0
      vertex 33.90697899269421 31.93919950045916 4
      vertex 33.83067332602634 31.825000000000003 4
    endloop
  endfacet
  facet normal 0.7518398074789853 0.6593458151000597 6.255519253376784e-19
    outer loop
      vertex 33.90697899269421 30.660800499540848 4
      vertex 33.99753787975413 30.55753787975413 4
      vertex 33.99753787975413 30.55753787975413 0
    endloop
  endfacet
  facet normal 0.7518398074789853 -0.6593458151000597 0
    outer loop
      vertex 33.90697899269421 31.93919950045916 0
      vertex 33.99753787975413 32.04246212024588 4
      vertex 33.90697899269421 31.93919950045916 4
    endloop
  endfacet
  facet normal 0.6593458151000597 -0.7518398074789853 0
    outer loop
      vertex 33.99753787975413 32.04246212024588 0
      vertex 34.100800499540846 32.1330210073058 4
      vertex 33.99753787975413 32.04246212024588 4
    endloop
  endfacet
  facet normal 0.5555702330195983 -0.8314696123025479 0
    outer loop
      vertex 34.100800499540846 32.1330210073058 0
      vertex 34.215 32.20932667397366 4
      vertex 34.100800499540846 32.1330210073058 4
    endloop
  endfacet
  facet normal 0.44228869021902983 -0.8968727415326742 0
    outer loop
      vertex 34.215 32.20932667397366 0
      vertex 34.338182396016656 32.27007350913686 4
      vertex 34.215 32.20932667397366 4
    endloop
  endfacet
  facet normal 0.3214394653031609 -0.946930129495106 0
    outer loop
      vertex 34.338182396016656 32.27007350913686 0
      vertex 34.468240002642354 32.31422211760353 4
      vertex 34.338182396016656 32.27007350913686 4
    endloop
  endfacet
  facet normal 0.19509032201613022 -0.9807852804032301 -1.1913856812768228e-19
    outer loop
      vertex 34.602947498168945 32.34101710444251 4
      vertex 34.468240002642354 32.31422211760353 4
      vertex 34.468240002642354 32.31422211760353 0
    endloop
  endfacet
  facet normal 0.06540312923010795 -0.9978589232386058 0
    outer loop
      vertex 34.602947498168945 32.34101710444251 0
      vertex 34.74 32.35 4
      vertex 34.602947498168945 32.34101710444251 4
    endloop
  endfacet
  facet normal -0.06540312923010795 -0.9978589232386058 0
    outer loop
      vertex 34.74 32.35 0
      vertex 34.87705250183106 32.34101710444251 4
      vertex 34.74 32.35 4
    endloop
  endfacet
  facet normal -0.19509032201613022 -0.9807852804032301 0
    outer loop
      vertex 34.87705250183106 32.34101710444251 0
      vertex 35.01175999735765 32.31422211760353 4
      vertex 34.87705250183106 32.34101710444251 4
    endloop
  endfacet
  facet normal -0.3214394653031609 0.946930129495106 0
    outer loop
      vertex 35.01175999735765 30.28577788239648 0
      vertex 35.01175999735765 30.28577788239648 4
      vertex 35.14181760398335 30.32992649086315 0
    endloop
  endfacet
  facet normal -0.44228869021902983 0.8968727415326742 0
    outer loop
      vertex 35.14181760398335 30.32992649086315 0
      vertex 35.14181760398335 30.32992649086315 4
      vertex 35.265 30.390673326026345 0
    endloop
  endfacet
  facet normal -0.5555702330195983 0.8314696123025479 0
    outer loop
      vertex 35.265 30.390673326026345 0
      vertex 35.265 30.390673326026345 4
      vertex 35.37919950045916 30.46697899269421 0
    endloop
  endfacet
  facet normal -0.6593458151000597 0.7518398074789853 0
    outer loop
      vertex 35.37919950045916 30.46697899269421 4
      vertex 35.48246212024588 30.55753787975413 0
      vertex 35.37919950045916 30.46697899269421 0
    endloop
  endfacet
  facet normal -0.7518398074789853 0.6593458151000597 0
    outer loop
      vertex 35.48246212024588 30.55753787975413 0
      vertex 35.48246212024588 30.55753787975413 4
      vertex 35.5730210073058 30.660800499540848 0
    endloop
  endfacet
  facet normal -0.8314696123025479 0.5555702330195983 3.899454405422955e-19
    outer loop
      vertex 35.64932667397366 30.775000000000006 0
      vertex 35.5730210073058 30.660800499540848 0
      vertex 35.5730210073058 30.660800499540848 4
    endloop
  endfacet
  facet normal -0.8968727415326794 0.4422886902190197 2.670772366001904e-19
    outer loop
      vertex 35.710073509136855 30.89818239601666 0
      vertex 35.64932667397366 30.775000000000006 0
      vertex 35.64932667397366 30.775000000000006 4
    endloop
  endfacet
  facet normal -0.9469301294951032 0.3214394653031688 3.573006252039065e-19
    outer loop
      vertex 35.754222117603526 31.028240002642356 0
      vertex 35.710073509136855 30.89818239601666 0
      vertex 35.710073509136855 30.89818239601666 4
    endloop
  endfacet
  facet normal -0.980785280403231 0.19509032201612525 2.7913485469392036e-19
    outer loop
      vertex 35.781017104442505 31.16294749816895 0
      vertex 35.754222117603526 31.028240002642356 0
      vertex 35.754222117603526 31.028240002642356 4
    endloop
  endfacet
  facet normal -0.9978589232386056 0.06540312923010963 -1.2183606645512336e-19
    outer loop
      vertex 35.79 31.300000000000004 0
      vertex 35.781017104442505 31.16294749816895 0
      vertex 35.781017104442505 31.16294749816895 4
    endloop
  endfacet
  facet normal -0.9978589232386056 -0.06540312923010963 1.2183606645512336e-19
    outer loop
      vertex 35.781017104442505 31.437052501831058 0
      vertex 35.79 31.300000000000004 0
      vertex 35.79 31.300000000000004 4
    endloop
  endfacet
  facet normal -0.980785280403231 -0.19509032201612525 -2.7913485469392036e-19
    outer loop
      vertex 35.754222117603526 31.571759997357653 0
      vertex 35.781017104442505 31.437052501831058 0
      vertex 35.781017104442505 31.437052501831058 4
    endloop
  endfacet
  facet normal -0.9469301294951032 -0.3214394653031688 -3.573006252039065e-19
    outer loop
      vertex 35.710073509136855 31.701817603983347 0
      vertex 35.754222117603526 31.571759997357653 0
      vertex 35.754222117603526 31.571759997357653 4
    endloop
  endfacet
  facet normal -0.5555702330195983 -0.8314696123025479 0
    outer loop
      vertex 35.37919950045916 32.1330210073058 0
      vertex 35.37919950045916 32.1330210073058 4
      vertex 35.265 32.20932667397366 0
    endloop
  endfacet
  facet normal -0.6593458151000597 -0.7518398074789853 6.255519253376784e-19
    outer loop
      vertex 35.37919950045916 32.1330210073058 0
      vertex 35.48246212024588 32.04246212024588 0
      vertex 35.48246212024588 32.04246212024588 4
    endloop
  endfacet
  facet normal -0.7518398074789853 -0.6593458151000597 6.255519253376784e-19
    outer loop
      vertex 35.48246212024588 32.04246212024588 0
      vertex 35.5730210073058 31.93919950045916 0
      vertex 35.5730210073058 31.93919950045916 4
    endloop
  endfacet
  facet normal -0.3214394653031609 -0.946930129495106 0
    outer loop
      vertex 35.14181760398335 32.27007350913686 0
      vertex 35.14181760398335 32.27007350913686 4
      vertex 35.01175999735765 32.31422211760353 0
    endloop
  endfacet
  facet normal -0.44228869021902983 -0.8968727415326742 0
    outer loop
      vertex 35.265 32.20932667397366 0
      vertex 35.265 32.20932667397366 4
      vertex 35.14181760398335 32.27007350913686 0
    endloop
  endfacet
  facet normal -0.8314696123025479 -0.5555702330195983 -3.899454405422955e-19
    outer loop
      vertex 35.5730210073058 31.93919950045916 0
      vertex 35.64932667397366 31.825000000000003 0
      vertex 35.64932667397366 31.825000000000003 4
    endloop
  endfacet
  facet normal -0.8968727415326794 -0.4422886902190197 -2.670772366001904e-19
    outer loop
      vertex 35.64932667397366 31.825000000000003 0
      vertex 35.710073509136855 31.701817603983347 0
      vertex 35.710073509136855 31.701817603983347 4
    endloop
  endfacet
  facet normal -0.3214394653031609 0.946930129495106 0
    outer loop
      vertex 35.14181760398335 30.32992649086315 0
      vertex 35.01175999735765 30.28577788239648 4
      vertex 35.14181760398335 30.32992649086315 4
    endloop
  endfacet
  facet normal -0.44228869021902983 0.8968727415326742 0
    outer loop
      vertex 35.265 30.390673326026345 0
      vertex 35.14181760398335 30.32992649086315 4
      vertex 35.265 30.390673326026345 4
    endloop
  endfacet
  facet normal -0.5555702330195983 0.8314696123025479 0
    outer loop
      vertex 35.37919950045916 30.46697899269421 0
      vertex 35.265 30.390673326026345 4
      vertex 35.37919950045916 30.46697899269421 4
    endloop
  endfacet
  facet normal -0.6593458151000597 0.7518398074789853 0
    outer loop
      vertex 35.48246212024588 30.55753787975413 0
      vertex 35.37919950045916 30.46697899269421 4
      vertex 35.48246212024588 30.55753787975413 4
    endloop
  endfacet
  facet normal -0.7518398074789853 0.6593458151000597 0
    outer loop
      vertex 35.5730210073058 30.660800499540848 0
      vertex 35.48246212024588 30.55753787975413 4
      vertex 35.5730210073058 30.660800499540848 4
    endloop
  endfacet
  facet normal -0.8314696123025479 0.5555702330195983 0
    outer loop
      vertex 35.64932667397366 30.775000000000006 0
      vertex 35.5730210073058 30.660800499540848 4
      vertex 35.64932667397366 30.775000000000006 4
    endloop
  endfacet
  facet normal -0.8968727415326794 0.4422886902190197 2.670772366001904e-19
    outer loop
      vertex 35.64932667397366 30.775000000000006 4
      vertex 35.710073509136855 30.89818239601666 4
      vertex 35.710073509136855 30.89818239601666 0
    endloop
  endfacet
  facet normal -0.9469301294951032 0.3214394653031688 0
    outer loop
      vertex 35.754222117603526 31.028240002642356 0
      vertex 35.710073509136855 30.89818239601666 4
      vertex 35.754222117603526 31.028240002642356 4
    endloop
  endfacet
  facet normal -0.980785280403231 0.19509032201612525 0
    outer loop
      vertex 35.781017104442505 31.16294749816895 0
      vertex 35.754222117603526 31.028240002642356 4
      vertex 35.781017104442505 31.16294749816895 4
    endloop
  endfacet
  facet normal -0.9978589232386056 0.06540312923010963 0
    outer loop
      vertex 35.79 31.300000000000004 0
      vertex 35.781017104442505 31.16294749816895 4
      vertex 35.79 31.300000000000004 4
    endloop
  endfacet
  facet normal -0.9978589232386056 -0.06540312923010963 0
    outer loop
      vertex 35.781017104442505 31.437052501831058 0
      vertex 35.79 31.300000000000004 4
      vertex 35.781017104442505 31.437052501831058 4
    endloop
  endfacet
  facet normal -0.980785280403231 -0.19509032201612525 0
    outer loop
      vertex 35.754222117603526 31.571759997357653 0
      vertex 35.781017104442505 31.437052501831058 4
      vertex 35.754222117603526 31.571759997357653 4
    endloop
  endfacet
  facet normal -0.9469301294951032 -0.3214394653031688 0
    outer loop
      vertex 35.710073509136855 31.701817603983347 0
      vertex 35.754222117603526 31.571759997357653 4
      vertex 35.710073509136855 31.701817603983347 4
    endloop
  endfacet
  facet normal -0.5555702330195983 -0.8314696123025479 0
    outer loop
      vertex 35.265 32.20932667397366 0
      vertex 35.37919950045916 32.1330210073058 4
      vertex 35.265 32.20932667397366 4
    endloop
  endfacet
  facet normal -0.7518398074789853 -0.6593458151000597 6.255519253376784e-19
    outer loop
      vertex 35.5730210073058 31.93919950045916 4
      vertex 35.48246212024588 32.04246212024588 4
      vertex 35.48246212024588 32.04246212024588 0
    endloop
  endfacet
  facet normal -0.6593458151000597 -0.7518398074789853 6.255519253376784e-19
    outer loop
      vertex 35.48246212024588 32.04246212024588 4
      vertex 35.37919950045916 32.1330210073058 4
      vertex 35.37919950045916 32.1330210073058 0
    endloop
  endfacet
  facet normal -0.3214394653031609 -0.946930129495106 -9.317066751543404e-20
    outer loop
      vertex 35.14181760398335 32.27007350913686 4
      vertex 35.01175999735765 32.31422211760353 4
      vertex 35.01175999735765 32.31422211760353 0
    endloop
  endfacet
  facet normal -0.44228869021902983 -0.8968727415326742 -5.527788187623762e-19
    outer loop
      vertex 35.265 32.20932667397366 4
      vertex 35.14181760398335 32.27007350913686 4
      vertex 35.14181760398335 32.27007350913686 0
    endloop
  endfacet
  facet normal -0.8968727415326794 -0.4422886902190197 0
    outer loop
      vertex 35.64932667397366 31.825000000000003 0
      vertex 35.710073509136855 31.701817603983347 4
      vertex 35.64932667397366 31.825000000000003 4
    endloop
  endfacet
  facet normal -0.8314696123025479 -0.5555702330195983 0
    outer loop
      vertex 35.5730210073058 31.93919950045916 0
      vertex 35.64932667397366 31.825000000000003 4
      vertex 35.5730210073058 31.93919950045916 4
    endloop
  endfacet
  facet normal 0.8314696123025318 0.5555702330196222 0
    outer loop
      vertex 33.83067332602634 66.33500000000001 4
      vertex 33.90697899269421 66.22080049954086 0
      vertex 33.83067332602634 66.33500000000001 0
    endloop
  endfacet
  facet normal 0.946930129495106 0.3214394653031609 0
    outer loop
      vertex 33.72577788239648 66.58824000264237 4
      vertex 33.76992649086315 66.45818239601667 0
      vertex 33.72577788239648 66.58824000264237 0
    endloop
  endfacet
  facet normal 0.8968727415326843 0.4422886902190093 0
    outer loop
      vertex 33.76992649086315 66.45818239601667 4
      vertex 33.83067332602634 66.33500000000001 0
      vertex 33.76992649086315 66.45818239601667 0
    endloop
  endfacet
  facet normal 0.980785280403232 0.1950903220161203 0
    outer loop
      vertex 33.6989828955575 66.72294749816896 4
      vertex 33.72577788239648 66.58824000264237 0
      vertex 33.6989828955575 66.72294749816896 0
    endloop
  endfacet
  facet normal 0.9978589232386056 0.06540312923011132 0
    outer loop
      vertex 33.690000000000005 66.86000000000001 4
      vertex 33.6989828955575 66.72294749816896 0
      vertex 33.690000000000005 66.86000000000001 0
    endloop
  endfacet
  facet normal 0.9978589232386056 -0.06540312923011132 0
    outer loop
      vertex 33.6989828955575 66.99705250183106 4
      vertex 33.690000000000005 66.86000000000001 0
      vertex 33.6989828955575 66.99705250183106 0
    endloop
  endfacet
  facet normal 0.980785280403232 -0.1950903220161203 0
    outer loop
      vertex 33.72577788239648 67.13175999735766 4
      vertex 33.6989828955575 66.99705250183106 0
      vertex 33.72577788239648 67.13175999735766 0
    endloop
  endfacet
  facet normal 0.946930129495106 -0.3214394653031609 0
    outer loop
      vertex 33.76992649086315 67.26181760398336 4
      vertex 33.72577788239648 67.13175999735766 0
      vertex 33.76992649086315 67.26181760398336 0
    endloop
  endfacet
  facet normal 0.8968727415326843 -0.4422886902190093 0
    outer loop
      vertex 33.83067332602634 67.38500000000002 4
      vertex 33.76992649086315 67.26181760398336 0
      vertex 33.83067332602634 67.38500000000002 0
    endloop
  endfacet
  facet normal 0.5555702330195983 0.8314696123025479 0
    outer loop
      vertex 34.100800499540846 66.02697899269421 4
      vertex 34.215 65.95067332602635 0
      vertex 34.100800499540846 66.02697899269421 0
    endloop
  endfacet
  facet normal 0.7518398074789853 0.6593458151000597 0
    outer loop
      vertex 33.90697899269421 66.22080049954086 4
      vertex 33.99753787975413 66.11753787975414 0
      vertex 33.90697899269421 66.22080049954086 0
    endloop
  endfacet
  facet normal 0.659345815100089 0.7518398074789596 0
    outer loop
      vertex 33.99753787975413 66.11753787975414 4
      vertex 34.100800499540846 66.02697899269421 0
      vertex 33.99753787975413 66.11753787975414 0
    endloop
  endfacet
  facet normal 0.4422886902189882 0.8968727415326947 0
    outer loop
      vertex 34.215 65.95067332602635 4
      vertex 34.338182396016656 65.88992649086316 0
      vertex 34.215 65.95067332602635 0
    endloop
  endfacet
  facet normal 0.3214394653031609 0.946930129495106 0
    outer loop
      vertex 34.338182396016656 65.88992649086316 4
      vertex 34.468240002642354 65.84577788239649 0
      vertex 34.338182396016656 65.88992649086316 0
    endloop
  endfacet
  facet normal 0.19509032201613022 0.9807852804032301 0
    outer loop
      vertex 34.468240002642354 65.84577788239649 4
      vertex 34.602947498168945 65.81898289555751 0
      vertex 34.468240002642354 65.84577788239649 0
    endloop
  endfacet
  facet normal 0.06540312923010795 0.9978589232386058 0
    outer loop
      vertex 34.602947498168945 65.81898289555751 4
      vertex 34.74 65.81000000000002 0
      vertex 34.602947498168945 65.81898289555751 0
    endloop
  endfacet
  facet normal -0.06540312923010795 0.9978589232386058 0
    outer loop
      vertex 34.74 65.81000000000002 4
      vertex 34.87705250183106 65.81898289555751 0
      vertex 34.74 65.81000000000002 0
    endloop
  endfacet
  facet normal -0.19509032201613022 0.9807852804032301 0
    outer loop
      vertex 34.87705250183106 65.81898289555751 4
      vertex 35.01175999735765 65.84577788239649 0
      vertex 34.87705250183106 65.81898289555751 0
    endloop
  endfacet
  facet normal 0.8314696123025318 -0.5555702330196222 0
    outer loop
      vertex 33.90697899269421 67.49919950045917 4
      vertex 33.83067332602634 67.38500000000002 0
      vertex 33.90697899269421 67.49919950045917 0
    endloop
  endfacet
  facet normal 0.7518398074789853 -0.6593458151000597 0
    outer loop
      vertex 33.99753787975413 67.60246212024589 4
      vertex 33.90697899269421 67.49919950045917 0
      vertex 33.99753787975413 67.60246212024589 0
    endloop
  endfacet
  facet normal 0.659345815100089 -0.7518398074789596 0
    outer loop
      vertex 34.100800499540846 67.69302100730582 4
      vertex 33.99753787975413 67.60246212024589 0
      vertex 34.100800499540846 67.69302100730582 0
    endloop
  endfacet
  facet normal 0.5555702330195983 -0.8314696123025479 0
    outer loop
      vertex 34.215 67.76932667397368 4
      vertex 34.100800499540846 67.69302100730582 0
      vertex 34.215 67.76932667397368 0
    endloop
  endfacet
  facet normal 0.4422886902189882 -0.8968727415326947 0
    outer loop
      vertex 34.338182396016656 67.83007350913687 4
      vertex 34.215 67.76932667397368 0
      vertex 34.338182396016656 67.83007350913687 0
    endloop
  endfacet
  facet normal 0.3214394653031609 -0.946930129495106 0
    outer loop
      vertex 34.468240002642354 67.87422211760354 4
      vertex 34.338182396016656 67.83007350913687 0
      vertex 34.468240002642354 67.87422211760354 0
    endloop
  endfacet
  facet normal 0.19509032201613022 -0.9807852804032301 0
    outer loop
      vertex 34.602947498168945 67.90101710444252 4
      vertex 34.468240002642354 67.87422211760354 0
      vertex 34.602947498168945 67.90101710444252 0
    endloop
  endfacet
  facet normal 0.06540312923010795 -0.9978589232386058 0
    outer loop
      vertex 34.74 67.91000000000001 4
      vertex 34.602947498168945 67.90101710444252 0
      vertex 34.74 67.91000000000001 0
    endloop
  endfacet
  facet normal -0.06540312923010795 -0.9978589232386058 0
    outer loop
      vertex 34.87705250183106 67.90101710444252 4
      vertex 34.74 67.91000000000001 0
      vertex 34.87705250183106 67.90101710444252 0
    endloop
  endfacet
  facet normal -0.19509032201613022 -0.9807852804032301 1.1913856812768228e-19
    outer loop
      vertex 34.87705250183106 67.90101710444252 0
      vertex 35.01175999735765 67.87422211760354 0
      vertex 35.01175999735765 67.87422211760354 4
    endloop
  endfacet
  facet normal 0.8314696123025318 0.5555702330196222 1.3404344435037924e-18
    outer loop
      vertex 33.83067332602634 66.33500000000001 4
      vertex 33.90697899269421 66.22080049954086 4
      vertex 33.90697899269421 66.22080049954086 0
    endloop
  endfacet
  facet normal 0.946930129495106 0.3214394653031609 -9.317066751543404e-20
    outer loop
      vertex 33.72577788239648 66.58824000264237 4
      vertex 33.76992649086315 66.45818239601667 4
      vertex 33.76992649086315 66.45818239601667 0
    endloop
  endfacet
  facet normal 0.8968727415326843 0.4422886902190093 1.8624345561982275e-20
    outer loop
      vertex 33.76992649086315 66.45818239601667 4
      vertex 33.83067332602634 66.33500000000001 4
      vertex 33.83067332602634 66.33500000000001 0
    endloop
  endfacet
  facet normal 0.980785280403232 0.1950903220161203 1.1198323154497528e-19
    outer loop
      vertex 33.6989828955575 66.72294749816896 4
      vertex 33.72577788239648 66.58824000264237 4
      vertex 33.72577788239648 66.58824000264237 0
    endloop
  endfacet
  facet normal 0.9978589232386056 0.06540312923011132 1.9120811354926813e-19
    outer loop
      vertex 33.690000000000005 66.86000000000001 4
      vertex 33.6989828955575 66.72294749816896 4
      vertex 33.6989828955575 66.72294749816896 0
    endloop
  endfacet
  facet normal 0.9978589232386056 -0.06540312923011132 -1.9120811354926813e-19
    outer loop
      vertex 33.6989828955575 66.99705250183106 4
      vertex 33.690000000000005 66.86000000000001 4
      vertex 33.690000000000005 66.86000000000001 0
    endloop
  endfacet
  facet normal 0.980785280403232 -0.1950903220161203 -1.1198323154497528e-19
    outer loop
      vertex 33.72577788239648 67.13175999735766 4
      vertex 33.6989828955575 66.99705250183106 4
      vertex 33.6989828955575 66.99705250183106 0
    endloop
  endfacet
  facet normal 0.946930129495106 -0.3214394653031609 9.317066751543404e-20
    outer loop
      vertex 33.76992649086315 67.26181760398336 4
      vertex 33.72577788239648 67.13175999735766 4
      vertex 33.72577788239648 67.13175999735766 0
    endloop
  endfacet
  facet normal 0.8968727415326843 -0.4422886902190093 -1.8624345561982275e-20
    outer loop
      vertex 33.83067332602634 67.38500000000002 4
      vertex 33.76992649086315 67.26181760398336 4
      vertex 33.76992649086315 67.26181760398336 0
    endloop
  endfacet
  facet normal 0.8314696123025318 -0.5555702330196222 -1.3404344435037924e-18
    outer loop
      vertex 33.90697899269421 67.49919950045917 4
      vertex 33.83067332602634 67.38500000000002 4
      vertex 33.83067332602634 67.38500000000002 0
    endloop
  endfacet
  facet normal 0.659345815100089 0.7518398074789596 7.402011070622547e-19
    outer loop
      vertex 33.99753787975413 66.11753787975414 4
      vertex 34.100800499540846 66.02697899269421 4
      vertex 34.100800499540846 66.02697899269421 0
    endloop
  endfacet
  facet normal 0.5555702330195983 0.8314696123025479 0
    outer loop
      vertex 34.215 65.95067332602635 4
      vertex 34.215 65.95067332602635 0
      vertex 34.100800499540846 66.02697899269421 4
    endloop
  endfacet
  facet normal 0.7518398074789853 0.6593458151000597 6.255519253376784e-19
    outer loop
      vertex 33.90697899269421 66.22080049954086 4
      vertex 33.99753787975413 66.11753787975414 4
      vertex 33.99753787975413 66.11753787975414 0
    endloop
  endfacet
  facet normal 0.4422886902189882 0.8968727415326947 -3.788156096703946e-19
    outer loop
      vertex 34.215 65.95067332602635 4
      vertex 34.338182396016656 65.88992649086316 4
      vertex 34.338182396016656 65.88992649086316 0
    endloop
  endfacet
  facet normal 0.3214394653031609 0.946930129495106 -9.317066751543404e-20
    outer loop
      vertex 34.338182396016656 65.88992649086316 4
      vertex 34.468240002642354 65.84577788239649 4
      vertex 34.468240002642354 65.84577788239649 0
    endloop
  endfacet
  facet normal 0.19509032201613022 0.9807852804032301 0
    outer loop
      vertex 34.602947498168945 65.81898289555751 4
      vertex 34.602947498168945 65.81898289555751 0
      vertex 34.468240002642354 65.84577788239649 4
    endloop
  endfacet
  facet normal 0.06540312923010795 0.9978589232386058 0
    outer loop
      vertex 34.74 65.81000000000002 4
      vertex 34.74 65.81000000000002 0
      vertex 34.602947498168945 65.81898289555751 4
    endloop
  endfacet
  facet normal -0.06540312923010795 0.9978589232386058 0
    outer loop
      vertex 34.87705250183106 65.81898289555751 4
      vertex 34.87705250183106 65.81898289555751 0
      vertex 34.74 65.81000000000002 4
    endloop
  endfacet
  facet normal -0.19509032201613022 0.9807852804032301 -1.1913856812768228e-19
    outer loop
      vertex 34.87705250183106 65.81898289555751 4
      vertex 35.01175999735765 65.84577788239649 4
      vertex 35.01175999735765 65.84577788239649 0
    endloop
  endfacet
  facet normal 0.7518398074789853 -0.6593458151000597 -6.255519253376784e-19
    outer loop
      vertex 33.99753787975413 67.60246212024589 4
      vertex 33.90697899269421 67.49919950045917 4
      vertex 33.90697899269421 67.49919950045917 0
    endloop
  endfacet
  facet normal 0.659345815100089 -0.7518398074789596 0
    outer loop
      vertex 33.99753787975413 67.60246212024589 4
      vertex 33.99753787975413 67.60246212024589 0
      vertex 34.100800499540846 67.69302100730582 4
    endloop
  endfacet
  facet normal 0.5555702330195983 -0.8314696123025479 0
    outer loop
      vertex 34.100800499540846 67.69302100730582 4
      vertex 34.100800499540846 67.69302100730582 0
      vertex 34.215 67.76932667397368 4
    endloop
  endfacet
  facet normal 0.4422886902189882 -0.8968727415326947 0
    outer loop
      vertex 34.215 67.76932667397368 4
      vertex 34.215 67.76932667397368 0
      vertex 34.338182396016656 67.83007350913687 4
    endloop
  endfacet
  facet normal 0.3214394653031609 -0.946930129495106 0
    outer loop
      vertex 34.338182396016656 67.83007350913687 4
      vertex 34.338182396016656 67.83007350913687 0
      vertex 34.468240002642354 67.87422211760354 4
    endloop
  endfacet
  facet normal 0.19509032201613022 -0.9807852804032301 -1.1913856812768228e-19
    outer loop
      vertex 34.602947498168945 67.90101710444252 4
      vertex 34.468240002642354 67.87422211760354 4
      vertex 34.468240002642354 67.87422211760354 0
    endloop
  endfacet
  facet normal 0.06540312923010795 -0.9978589232386058 0
    outer loop
      vertex 34.602947498168945 67.90101710444252 4
      vertex 34.602947498168945 67.90101710444252 0
      vertex 34.74 67.91000000000001 4
    endloop
  endfacet
  facet normal -0.06540312923010795 -0.9978589232386058 0
    outer loop
      vertex 34.74 67.91000000000001 4
      vertex 34.74 67.91000000000001 0
      vertex 34.87705250183106 67.90101710444252 4
    endloop
  endfacet
  facet normal -0.19509032201613022 -0.9807852804032301 0
    outer loop
      vertex 34.87705250183106 67.90101710444252 4
      vertex 34.87705250183106 67.90101710444252 0
      vertex 35.01175999735765 67.87422211760354 4
    endloop
  endfacet
  facet normal -0.3214394653031609 0.946930129495106 0
    outer loop
      vertex 35.01175999735765 65.84577788239649 4
      vertex 35.14181760398335 65.88992649086316 0
      vertex 35.01175999735765 65.84577788239649 0
    endloop
  endfacet
  facet normal -0.4422886902189882 0.8968727415326947 0
    outer loop
      vertex 35.14181760398335 65.88992649086316 0
      vertex 35.14181760398335 65.88992649086316 4
      vertex 35.265 65.95067332602635 0
    endloop
  endfacet
  facet normal -0.5555702330195983 0.8314696123025479 0
    outer loop
      vertex 35.265 65.95067332602635 0
      vertex 35.265 65.95067332602635 4
      vertex 35.37919950045916 66.02697899269421 0
    endloop
  endfacet
  facet normal -0.659345815100089 0.7518398074789596 0
    outer loop
      vertex 35.37919950045916 66.02697899269421 4
      vertex 35.48246212024588 66.11753787975414 0
      vertex 35.37919950045916 66.02697899269421 0
    endloop
  endfacet
  facet normal -0.7518398074789853 0.6593458151000597 0
    outer loop
      vertex 35.48246212024588 66.11753787975414 0
      vertex 35.48246212024588 66.11753787975414 4
      vertex 35.5730210073058 66.22080049954086 0
    endloop
  endfacet
  facet normal -0.8314696123025318 0.5555702330196222 -1.3404344435037924e-18
    outer loop
      vertex 35.64932667397366 66.33500000000001 0
      vertex 35.5730210073058 66.22080049954086 0
      vertex 35.5730210073058 66.22080049954086 4
    endloop
  endfacet
  facet normal -0.8968727415326843 0.4422886902190093 -1.8624345561982275e-20
    outer loop
      vertex 35.710073509136855 66.45818239601667 0
      vertex 35.64932667397366 66.33500000000001 0
      vertex 35.64932667397366 66.33500000000001 4
    endloop
  endfacet
  facet normal -0.946930129495106 0.3214394653031609 9.317066751543404e-20
    outer loop
      vertex 35.754222117603526 66.58824000264237 0
      vertex 35.710073509136855 66.45818239601667 0
      vertex 35.710073509136855 66.45818239601667 4
    endloop
  endfacet
  facet normal -0.980785280403232 0.1950903220161203 -1.1198323154497528e-19
    outer loop
      vertex 35.781017104442505 66.72294749816896 0
      vertex 35.754222117603526 66.58824000264237 0
      vertex 35.754222117603526 66.58824000264237 4
    endloop
  endfacet
  facet normal -0.9978589232386056 0.06540312923011132 -1.9120811354926813e-19
    outer loop
      vertex 35.79 66.86000000000001 0
      vertex 35.781017104442505 66.72294749816896 0
      vertex 35.781017104442505 66.72294749816896 4
    endloop
  endfacet
  facet normal -0.9978589232386056 -0.06540312923011132 1.9120811354926813e-19
    outer loop
      vertex 35.781017104442505 66.99705250183106 0
      vertex 35.79 66.86000000000001 0
      vertex 35.79 66.86000000000001 4
    endloop
  endfacet
  facet normal -0.980785280403232 -0.1950903220161203 1.1198323154497528e-19
    outer loop
      vertex 35.754222117603526 67.13175999735766 0
      vertex 35.781017104442505 66.99705250183106 0
      vertex 35.781017104442505 66.99705250183106 4
    endloop
  endfacet
  facet normal -0.8314696123025318 -0.5555702330196222 1.3404344435037924e-18
    outer loop
      vertex 35.5730210073058 67.49919950045917 0
      vertex 35.64932667397366 67.38500000000002 0
      vertex 35.64932667397366 67.38500000000002 4
    endloop
  endfacet
  facet normal -0.946930129495106 -0.3214394653031609 -9.317066751543404e-20
    outer loop
      vertex 35.710073509136855 67.26181760398336 0
      vertex 35.754222117603526 67.13175999735766 0
      vertex 35.754222117603526 67.13175999735766 4
    endloop
  endfacet
  facet normal -0.8968727415326843 -0.4422886902190093 1.8624345561982275e-20
    outer loop
      vertex 35.64932667397366 67.38500000000002 0
      vertex 35.710073509136855 67.26181760398336 0
      vertex 35.710073509136855 67.26181760398336 4
    endloop
  endfacet
  facet normal -0.3214394653031609 -0.946930129495106 0
    outer loop
      vertex 35.14181760398335 67.83007350913687 0
      vertex 35.14181760398335 67.83007350913687 4
      vertex 35.01175999735765 67.87422211760354 0
    endloop
  endfacet
  facet normal -0.4422886902189882 -0.8968727415326947 0
    outer loop
      vertex 35.265 67.76932667397368 0
      vertex 35.265 67.76932667397368 4
      vertex 35.14181760398335 67.83007350913687 0
    endloop
  endfacet
  facet normal -0.7518398074789853 -0.6593458151000597 6.255519253376784e-19
    outer loop
      vertex 35.48246212024588 67.60246212024589 0
      vertex 35.5730210073058 67.49919950045917 0
      vertex 35.5730210073058 67.49919950045917 4
    endloop
  endfacet
  facet normal -0.659345815100089 -0.7518398074789596 7.402011070622547e-19
    outer loop
      vertex 35.37919950045916 67.69302100730582 0
      vertex 35.48246212024588 67.60246212024589 0
      vertex 35.48246212024588 67.60246212024589 4
    endloop
  endfacet
  facet normal -0.5555702330195983 -0.8314696123025479 0
    outer loop
      vertex 35.37919950045916 67.69302100730582 0
      vertex 35.37919950045916 67.69302100730582 4
      vertex 35.265 67.76932667397368 0
    endloop
  endfacet
  facet normal -0.3214394653031609 0.946930129495106 0
    outer loop
      vertex 35.14181760398335 65.88992649086316 0
      vertex 35.01175999735765 65.84577788239649 4
      vertex 35.14181760398335 65.88992649086316 4
    endloop
  endfacet
  facet normal -0.4422886902189882 0.8968727415326947 0
    outer loop
      vertex 35.265 65.95067332602635 0
      vertex 35.14181760398335 65.88992649086316 4
      vertex 35.265 65.95067332602635 4
    endloop
  endfacet
  facet normal -0.5555702330195983 0.8314696123025479 0
    outer loop
      vertex 35.37919950045916 66.02697899269421 0
      vertex 35.265 65.95067332602635 4
      vertex 35.37919950045916 66.02697899269421 4
    endloop
  endfacet
  facet normal -0.659345815100089 0.7518398074789596 0
    outer loop
      vertex 35.48246212024588 66.11753787975414 0
      vertex 35.37919950045916 66.02697899269421 4
      vertex 35.48246212024588 66.11753787975414 4
    endloop
  endfacet
  facet normal -0.7518398074789853 0.6593458151000597 0
    outer loop
      vertex 35.5730210073058 66.22080049954086 0
      vertex 35.48246212024588 66.11753787975414 4
      vertex 35.5730210073058 66.22080049954086 4
    endloop
  endfacet
  facet normal -0.8314696123025318 0.5555702330196222 0
    outer loop
      vertex 35.64932667397366 66.33500000000001 0
      vertex 35.5730210073058 66.22080049954086 4
      vertex 35.64932667397366 66.33500000000001 4
    endloop
  endfacet
  facet normal -0.8968727415326843 0.4422886902190093 -1.8624345561982275e-20
    outer loop
      vertex 35.64932667397366 66.33500000000001 4
      vertex 35.710073509136855 66.45818239601667 4
      vertex 35.710073509136855 66.45818239601667 0
    endloop
  endfacet
  facet normal -0.946930129495106 0.3214394653031609 0
    outer loop
      vertex 35.754222117603526 66.58824000264237 0
      vertex 35.710073509136855 66.45818239601667 4
      vertex 35.754222117603526 66.58824000264237 4
    endloop
  endfacet
  facet normal -0.980785280403232 0.1950903220161203 0
    outer loop
      vertex 35.781017104442505 66.72294749816896 0
      vertex 35.754222117603526 66.58824000264237 4
      vertex 35.781017104442505 66.72294749816896 4
    endloop
  endfacet
  facet normal -0.9978589232386056 0.06540312923011132 0
    outer loop
      vertex 35.79 66.86000000000001 0
      vertex 35.781017104442505 66.72294749816896 4
      vertex 35.79 66.86000000000001 4
    endloop
  endfacet
  facet normal -0.9978589232386056 -0.06540312923011132 0
    outer loop
      vertex 35.781017104442505 66.99705250183106 0
      vertex 35.79 66.86000000000001 4
      vertex 35.781017104442505 66.99705250183106 4
    endloop
  endfacet
  facet normal -0.980785280403232 -0.1950903220161203 0
    outer loop
      vertex 35.754222117603526 67.13175999735766 0
      vertex 35.781017104442505 66.99705250183106 4
      vertex 35.754222117603526 67.13175999735766 4
    endloop
  endfacet
  facet normal -0.8968727415326843 -0.4422886902190093 0
    outer loop
      vertex 35.64932667397366 67.38500000000002 0
      vertex 35.710073509136855 67.26181760398336 4
      vertex 35.64932667397366 67.38500000000002 4
    endloop
  endfacet
  facet normal -0.946930129495106 -0.3214394653031609 0
    outer loop
      vertex 35.710073509136855 67.26181760398336 0
      vertex 35.754222117603526 67.13175999735766 4
      vertex 35.710073509136855 67.26181760398336 4
    endloop
  endfacet
  facet normal -0.3214394653031609 -0.946930129495106 -9.317066751543404e-20
    outer loop
      vertex 35.14181760398335 67.83007350913687 4
      vertex 35.01175999735765 67.87422211760354 4
      vertex 35.01175999735765 67.87422211760354 0
    endloop
  endfacet
  facet normal -0.4422886902189882 -0.8968727415326947 -3.788156096703946e-19
    outer loop
      vertex 35.265 67.76932667397368 4
      vertex 35.14181760398335 67.83007350913687 4
      vertex 35.14181760398335 67.83007350913687 0
    endloop
  endfacet
  facet normal -0.7518398074789853 -0.6593458151000597 6.255519253376784e-19
    outer loop
      vertex 35.5730210073058 67.49919950045917 4
      vertex 35.48246212024588 67.60246212024589 4
      vertex 35.48246212024588 67.60246212024589 0
    endloop
  endfacet
  facet normal -0.659345815100089 -0.7518398074789596 7.402011070622547e-19
    outer loop
      vertex 35.48246212024588 67.60246212024589 4
      vertex 35.37919950045916 67.69302100730582 4
      vertex 35.37919950045916 67.69302100730582 0
    endloop
  endfacet
  facet normal -0.5555702330195983 -0.8314696123025479 0
    outer loop
      vertex 35.265 67.76932667397368 0
      vertex 35.37919950045916 67.69302100730582 4
      vertex 35.265 67.76932667397368 4
    endloop
  endfacet
  facet normal -0.8314696123025318 -0.5555702330196222 0
    outer loop
      vertex 35.5730210073058 67.49919950045917 0
      vertex 35.64932667397366 67.38500000000002 4
      vertex 35.5730210073058 67.49919950045917 4
    endloop
  endfacet
  facet normal 0.8314696123025431 0.5555702330196054 0
    outer loop
      vertex 2.387564434701786 33.3 0.1999999999999993
      vertex 2.489305323592271 33.14773399938779 0
      vertex 2.387564434701786 33.3 0
    endloop
  endfacet
  facet normal 0.8968727415326939 0.4422886902189898 0
    outer loop
      vertex 2.306568654484199 33.464243194688876 0.1999999999999993
      vertex 2.387564434701786 33.3 0
      vertex 2.306568654484199 33.464243194688876 0
    endloop
  endfacet
  facet normal 0.9469301294951055 0.32143946530316236 0
    outer loop
      vertex 2.2477038431953043 33.637653336856474 0.1999999999999993
      vertex 2.306568654484199 33.464243194688876 0
      vertex 2.2477038431953043 33.637653336856474 0
    endloop
  endfacet
  facet normal 0.9807852804032301 0.19509032201612955 0
    outer loop
      vertex 2.211977194076666 33.817263330891926 0.1999999999999993
      vertex 2.2477038431953043 33.637653336856474 0
      vertex 2.211977194076666 33.817263330891926 0
    endloop
  endfacet
  facet normal 0.9978589232386035 0.06540312923014421 0
    outer loop
      vertex 2.2 34 0.1999999999999993
      vertex 2.211977194076666 33.817263330891926 0
      vertex 2.2 34 0
    endloop
  endfacet
  facet normal 0.9978589232386035 -0.06540312923014421 0
    outer loop
      vertex 2.211977194076666 34.182736669108074 0.1999999999999993
      vertex 2.2 34 0
      vertex 2.211977194076666 34.182736669108074 0
    endloop
  endfacet
  facet normal 0.9807852804032301 -0.19509032201612955 0
    outer loop
      vertex 2.2477038431953043 34.362346663143526 0.1999999999999993
      vertex 2.211977194076666 34.182736669108074 0
      vertex 2.2477038431953043 34.362346663143526 0
    endloop
  endfacet
  facet normal 0.9469301294951055 -0.32143946530316236 0
    outer loop
      vertex 2.306568654484199 34.535756805311124 0.1999999999999993
      vertex 2.2477038431953043 34.362346663143526 0
      vertex 2.306568654484199 34.535756805311124 0
    endloop
  endfacet
  facet normal 0.8968727415326939 -0.4422886902189898 0
    outer loop
      vertex 2.387564434701786 34.7 0.1999999999999993
      vertex 2.306568654484199 34.535756805311124 0
      vertex 2.387564434701786 34.7 0
    endloop
  endfacet
  facet normal 0.8968727415326939 0.4422886902189898 1.1880756935490482e-17
    outer loop
      vertex 2.306568654484199 33.464243194688876 0.1999999999999993
      vertex 2.387564434701786 33.3 0.1999999999999993
      vertex 2.387564434701786 33.3 0
    endloop
  endfacet
  facet normal 0.9469301294951055 0.32143946530316236 0
    outer loop
      vertex 2.306568654484199 33.464243194688876 0.1999999999999993
      vertex 2.306568654484199 33.464243194688876 0
      vertex 2.2477038431953043 33.637653336856474 0.1999999999999993
    endloop
  endfacet
  facet normal 0.9807852804032301 0.19509032201612955 -3.290897963575366e-18
    outer loop
      vertex 2.211977194076666 33.817263330891926 0.1999999999999993
      vertex 2.2477038431953043 33.637653336856474 0.1999999999999993
      vertex 2.2477038431953043 33.637653336856474 0
    endloop
  endfacet
  facet normal 0.9978589232386035 0.06540312923014421 0
    outer loop
      vertex 2.211977194076666 33.817263330891926 0.1999999999999993
      vertex 2.211977194076666 33.817263330891926 0
      vertex 2.2 34 0.1999999999999993
    endloop
  endfacet
  facet normal 0.9978589232386035 -0.06540312923014421 0
    outer loop
      vertex 2.2 34 0.1999999999999993
      vertex 2.2 34 0
      vertex 2.211977194076666 34.182736669108074 0.1999999999999993
    endloop
  endfacet
  facet normal 0.9807852804032301 -0.19509032201612955 0
    outer loop
      vertex 2.211977194076666 34.182736669108074 0.1999999999999993
      vertex 2.211977194076666 34.182736669108074 0
      vertex 2.2477038431953043 34.362346663143526 0.1999999999999993
    endloop
  endfacet
  facet normal 0.9469301294951055 -0.32143946530316236 0
    outer loop
      vertex 2.2477038431953043 34.362346663143526 0.1999999999999993
      vertex 2.2477038431953043 34.362346663143526 0
      vertex 2.306568654484199 34.535756805311124 0.1999999999999993
    endloop
  endfacet
  facet normal 0.8968727415326939 -0.4422886902189898 0
    outer loop
      vertex 2.306568654484199 34.535756805311124 0.1999999999999993
      vertex 2.306568654484199 34.535756805311124 0
      vertex 2.387564434701786 34.7 0.1999999999999993
    endloop
  endfacet
  facet normal 0.8314696123025431 -0.5555702330196054 0
    outer loop
      vertex 2.387564434701786 34.7 0.1999999999999993
      vertex 2.387564434701786 34.7 0
      vertex 2.489305323592271 34.85226600061221 0.1999999999999993
    endloop
  endfacet
  facet normal 0.32143946530318485 0.9469301294950978 0
    outer loop
      vertex 3.064243194688874 32.7065686544842 0.1999999999999993
      vertex 3.237653336856471 32.6477038431953 0
      vertex 3.064243194688874 32.7065686544842 0
    endloop
  endfacet
  facet normal 0.1950903220161156 0.980785280403233 0
    outer loop
      vertex 3.237653336856471 32.6477038431953 0.1999999999999993
      vertex 3.417263330891928 32.611977194076665 0
      vertex 3.237653336856471 32.6477038431953 0
    endloop
  endfacet
  facet normal 0.06540312923013518 0.997858923238604 0
    outer loop
      vertex 3.417263330891928 32.611977194076665 0.1999999999999993
      vertex 3.6 32.6 0
      vertex 3.417263330891928 32.611977194076665 0
    endloop
  endfacet
  facet normal -0.06540312923013518 0.997858923238604 0
    outer loop
      vertex 3.6 32.6 0.1999999999999993
      vertex 3.7827366691080724 32.611977194076665 0
      vertex 3.6 32.6 0
    endloop
  endfacet
  facet normal -0.1950903220161156 0.980785280403233 0
    outer loop
      vertex 3.7827366691080724 32.611977194076665 0.1999999999999993
      vertex 3.962346663143529 32.6477038431953 0
      vertex 3.7827366691080724 32.611977194076665 0
    endloop
  endfacet
  facet normal -0.32143946530318485 0.9469301294950978 0
    outer loop
      vertex 3.962346663143529 32.6477038431953 0.1999999999999993
      vertex 4.135756805311126 32.7065686544842 0
      vertex 3.962346663143529 32.6477038431953 0
    endloop
  endfacet
  facet normal -0.44228869021898964 0.8968727415326939 0
    outer loop
      vertex 4.135756805311126 32.7065686544842 0.1999999999999993
      vertex 4.3 32.787564434701785 0
      vertex 4.135756805311126 32.7065686544842 0
    endloop
  endfacet
  facet normal 0.44228869021898964 0.8968727415326939 1.6455306174378574e-17
    outer loop
      vertex 2.9000000000000004 32.787564434701785 0.1999999999999993
      vertex 3.064243194688874 32.7065686544842 0.1999999999999993
      vertex 3.064243194688874 32.7065686544842 0
    endloop
  endfacet
  facet normal 0.32143946530318485 0.9469301294950978 -1.881510745566089e-17
    outer loop
      vertex 3.064243194688874 32.7065686544842 0.1999999999999993
      vertex 3.237653336856471 32.6477038431953 0.1999999999999993
      vertex 3.237653336856471 32.6477038431953 0
    endloop
  endfacet
  facet normal 0.1950903220161156 0.980785280403233 -5.165916789304757e-18
    outer loop
      vertex 3.237653336856471 32.6477038431953 0.1999999999999993
      vertex 3.417263330891928 32.611977194076665 0.1999999999999993
      vertex 3.417263330891928 32.611977194076665 0
    endloop
  endfacet
  facet normal 0.06540312923013518 0.997858923238604 4.668181382380716e-18
    outer loop
      vertex 3.417263330891928 32.611977194076665 0.1999999999999993
      vertex 3.6 32.6 0.1999999999999993
      vertex 3.6 32.6 0
    endloop
  endfacet
  facet normal -0.06540312923013518 0.997858923238604 -4.668181382380716e-18
    outer loop
      vertex 3.6 32.6 0.1999999999999993
      vertex 3.7827366691080724 32.611977194076665 0.1999999999999993
      vertex 3.7827366691080724 32.611977194076665 0
    endloop
  endfacet
  facet normal -0.1950903220161156 0.980785280403233 5.165916789304757e-18
    outer loop
      vertex 3.7827366691080724 32.611977194076665 0.1999999999999993
      vertex 3.962346663143529 32.6477038431953 0.1999999999999993
      vertex 3.962346663143529 32.6477038431953 0
    endloop
  endfacet
  facet normal -0.32143946530318485 0.9469301294950978 1.881510745566089e-17
    outer loop
      vertex 3.962346663143529 32.6477038431953 0.1999999999999993
      vertex 4.135756805311126 32.7065686544842 0.1999999999999993
      vertex 4.135756805311126 32.7065686544842 0
    endloop
  endfacet
  facet normal 0.6593458151000825 0.7518398074789655 0
    outer loop
      vertex 2.6100505063388333 33.010050506338835 0.1999999999999993
      vertex 2.7477339993877914 32.88930532359227 0
      vertex 2.6100505063388333 33.010050506338835 0
    endloop
  endfacet
  facet normal 0.7518398074789693 0.6593458151000781 0
    outer loop
      vertex 2.489305323592271 33.14773399938779 0.1999999999999993
      vertex 2.6100505063388333 33.010050506338835 0
      vertex 2.489305323592271 33.14773399938779 0
    endloop
  endfacet
  facet normal 0.555570233019593 0.8314696123025513 0
    outer loop
      vertex 2.7477339993877914 32.88930532359227 0.1999999999999993
      vertex 2.9000000000000004 32.787564434701785 0
      vertex 2.7477339993877914 32.88930532359227 0
    endloop
  endfacet
  facet normal 0.44228869021898964 0.8968727415326939 0
    outer loop
      vertex 2.9000000000000004 32.787564434701785 0.1999999999999993
      vertex 3.064243194688874 32.7065686544842 0
      vertex 2.9000000000000004 32.787564434701785 0
    endloop
  endfacet
  facet normal 0.8314696123025431 -0.5555702330196054 0
    outer loop
      vertex 2.489305323592271 34.85226600061221 0.1999999999999993
      vertex 2.387564434701786 34.7 0
      vertex 2.489305323592271 34.85226600061221 0
    endloop
  endfacet
  facet normal -0.555570233019593 0.8314696123025513 0
    outer loop
      vertex 4.3 32.787564434701785 0.1999999999999993
      vertex 4.452266000612209 32.88930532359227 0
      vertex 4.3 32.787564434701785 0
    endloop
  endfacet
  facet normal -0.6593458151000825 0.7518398074789655 0
    outer loop
      vertex 4.452266000612209 32.88930532359227 0.1999999999999993
      vertex 4.589949493661167 33.010050506338835 0
      vertex 4.452266000612209 32.88930532359227 0
    endloop
  endfacet
  facet normal 0.8314696123025431 0.5555702330196054 0
    outer loop
      vertex 2.489305323592271 33.14773399938779 0.1999999999999993
      vertex 2.489305323592271 33.14773399938779 0
      vertex 2.387564434701786 33.3 0.1999999999999993
    endloop
  endfacet
  facet normal 0.7518398074789693 0.6593458151000781 4.058699738151628e-17
    outer loop
      vertex 2.489305323592271 33.14773399938779 0.1999999999999993
      vertex 2.6100505063388333 33.010050506338835 0.1999999999999993
      vertex 2.6100505063388333 33.010050506338835 0
    endloop
  endfacet
  facet normal 0.6593458151000825 0.7518398074789655 3.720721080256798e-17
    outer loop
      vertex 2.6100505063388333 33.010050506338835 0.1999999999999993
      vertex 2.7477339993877914 32.88930532359227 0.1999999999999993
      vertex 2.7477339993877914 32.88930532359227 0
    endloop
  endfacet
  facet normal 0.555570233019593 0.8314696123025513 0
    outer loop
      vertex 2.9000000000000004 32.787564434701785 0.1999999999999993
      vertex 2.9000000000000004 32.787564434701785 0
      vertex 2.7477339993877914 32.88930532359227 0.1999999999999993
    endloop
  endfacet
  facet normal 0.7518398074789693 -0.6593458151000781 0
    outer loop
      vertex 2.489305323592271 34.85226600061221 0.1999999999999993
      vertex 2.489305323592271 34.85226600061221 0
      vertex 2.6100505063388333 34.989949493661165 0.1999999999999993
    endloop
  endfacet
  facet normal -0.44228869021898964 0.8968727415326939 -1.6455306174378574e-17
    outer loop
      vertex 4.135756805311126 32.7065686544842 0.1999999999999993
      vertex 4.3 32.787564434701785 0.1999999999999993
      vertex 4.3 32.787564434701785 0
    endloop
  endfacet
  facet normal -0.555570233019593 0.8314696123025513 -1.283399538286987e-17
    outer loop
      vertex 4.3 32.787564434701785 0.1999999999999993
      vertex 4.452266000612209 32.88930532359227 0.1999999999999993
      vertex 4.452266000612209 32.88930532359227 0
    endloop
  endfacet
  facet normal -0.6593458151000825 0.7518398074789655 -3.720721080256798e-17
    outer loop
      vertex 4.452266000612209 32.88930532359227 0.1999999999999993
      vertex 4.589949493661167 33.010050506338835 0.1999999999999993
      vertex 4.589949493661167 33.010050506338835 0
    endloop
  endfacet
  facet normal -0.7518398074789693 0.6593458151000781 0
    outer loop
      vertex 4.589949493661167 33.010050506338835 0.1999999999999993
      vertex 4.710694676407729 33.14773399938779 0
      vertex 4.589949493661167 33.010050506338835 0
    endloop
  endfacet
  facet normal -0.8314696123025431 0.5555702330196054 0
    outer loop
      vertex 4.710694676407729 33.14773399938779 0.1999999999999993
      vertex 4.812435565298214 33.3 0
      vertex 4.710694676407729 33.14773399938779 0
    endloop
  endfacet
  facet normal -0.8968727415326939 0.4422886902189898 0
    outer loop
      vertex 4.812435565298214 33.3 0.1999999999999993
      vertex 4.893431345515801 33.464243194688876 0
      vertex 4.812435565298214 33.3 0
    endloop
  endfacet
  facet normal -0.9469301294951055 0.32143946530316236 0
    outer loop
      vertex 4.893431345515801 33.464243194688876 0.1999999999999993
      vertex 4.952296156804696 33.637653336856474 0
      vertex 4.893431345515801 33.464243194688876 0
    endloop
  endfacet
  facet normal -0.9807852804032301 0.19509032201612955 0
    outer loop
      vertex 4.952296156804696 33.637653336856474 0.1999999999999993
      vertex 4.988022805923334 33.817263330891926 0
      vertex 4.952296156804696 33.637653336856474 0
    endloop
  endfacet
  facet normal -0.9978589232386035 0.06540312923014421 0
    outer loop
      vertex 4.988022805923334 33.817263330891926 0.1999999999999993
      vertex 5 34 0
      vertex 4.988022805923334 33.817263330891926 0
    endloop
  endfacet
  facet normal -0.9978589232386035 -0.06540312923014421 0
    outer loop
      vertex 5 34 0.1999999999999993
      vertex 4.988022805923334 34.182736669108074 0
      vertex 5 34 0
    endloop
  endfacet
  facet normal -0.9807852804032301 -0.19509032201612955 0
    outer loop
      vertex 4.988022805923334 34.182736669108074 0.1999999999999993
      vertex 4.952296156804696 34.362346663143526 0
      vertex 4.988022805923334 34.182736669108074 0
    endloop
  endfacet
  facet normal -0.7518398074789693 -0.6593458151000781 0
    outer loop
      vertex 4.710694676407729 34.85226600061221 0.1999999999999993
      vertex 4.589949493661167 34.989949493661165 0
      vertex 4.710694676407729 34.85226600061221 0
    endloop
  endfacet
  facet normal -0.8314696123025431 -0.5555702330196054 0
    outer loop
      vertex 4.812435565298214 34.7 0.1999999999999993
      vertex 4.710694676407729 34.85226600061221 0
      vertex 4.812435565298214 34.7 0
    endloop
  endfacet
  facet normal -0.9469301294951055 -0.32143946530316236 0
    outer loop
      vertex 4.952296156804696 34.362346663143526 0.1999999999999993
      vertex 4.893431345515801 34.535756805311124 0
      vertex 4.952296156804696 34.362346663143526 0
    endloop
  endfacet
  facet normal -0.8968727415326939 -0.4422886902189898 0
    outer loop
      vertex 4.893431345515801 34.535756805311124 0.1999999999999993
      vertex 4.812435565298214 34.7 0
      vertex 4.893431345515801 34.535756805311124 0
    endloop
  endfacet
  facet normal -0.7518398074789693 0.6593458151000781 -4.058699738151628e-17
    outer loop
      vertex 4.589949493661167 33.010050506338835 0.1999999999999993
      vertex 4.710694676407729 33.14773399938779 0.1999999999999993
      vertex 4.710694676407729 33.14773399938779 0
    endloop
  endfacet
  facet normal -0.8314696123025431 0.5555702330196054 -2.281623804927586e-17
    outer loop
      vertex 4.710694676407729 33.14773399938779 0.1999999999999993
      vertex 4.812435565298214 33.3 0.1999999999999993
      vertex 4.812435565298214 33.3 0
    endloop
  endfacet
  facet normal -0.8968727415326939 0.4422886902189898 -1.1880756935490482e-17
    outer loop
      vertex 4.812435565298214 33.3 0.1999999999999993
      vertex 4.893431345515801 33.464243194688876 0.1999999999999993
      vertex 4.893431345515801 33.464243194688876 0
    endloop
  endfacet
  facet normal -0.9469301294951055 0.32143946530316236 -2.1944598599905672e-17
    outer loop
      vertex 4.893431345515801 33.464243194688876 0.1999999999999993
      vertex 4.952296156804696 33.637653336856474 0.1999999999999993
      vertex 4.952296156804696 33.637653336856474 0
    endloop
  endfacet
  facet normal -0.9807852804032301 0.19509032201612955 3.290897963575366e-18
    outer loop
      vertex 4.952296156804696 33.637653336856474 0.1999999999999993
      vertex 4.988022805923334 33.817263330891926 0.1999999999999993
      vertex 4.988022805923334 33.817263330891926 0
    endloop
  endfacet
  facet normal -0.9978589232386035 0.06540312923014421 1.8204226872840077e-18
    outer loop
      vertex 4.988022805923334 33.817263330891926 0.1999999999999993
      vertex 5 34 0.1999999999999993
      vertex 5 34 0
    endloop
  endfacet
  facet normal -0.9978589232386035 -0.06540312923014421 -1.8204226872840077e-18
    outer loop
      vertex 5 34 0.1999999999999993
      vertex 4.988022805923334 34.182736669108074 0.1999999999999993
      vertex 4.988022805923334 34.182736669108074 0
    endloop
  endfacet
  facet normal -0.9807852804032301 -0.19509032201612955 -3.290897963575366e-18
    outer loop
      vertex 4.988022805923334 34.182736669108074 0.1999999999999993
      vertex 4.952296156804696 34.362346663143526 0.1999999999999993
      vertex 4.952296156804696 34.362346663143526 0
    endloop
  endfacet
  facet normal -0.8968727415326939 -0.4422886902189898 1.1880756935490482e-17
    outer loop
      vertex 4.893431345515801 34.535756805311124 0.1999999999999993
      vertex 4.812435565298214 34.7 0.1999999999999993
      vertex 4.812435565298214 34.7 0
    endloop
  endfacet
  facet normal -0.8314696123025431 -0.5555702330196054 2.281623804927586e-17
    outer loop
      vertex 4.812435565298214 34.7 0.1999999999999993
      vertex 4.710694676407729 34.85226600061221 0.1999999999999993
      vertex 4.710694676407729 34.85226600061221 0
    endloop
  endfacet
  facet normal -0.9469301294951055 -0.32143946530316236 0
    outer loop
      vertex 4.893431345515801 34.535756805311124 0.1999999999999993
      vertex 4.893431345515801 34.535756805311124 0
      vertex 4.952296156804696 34.362346663143526 0.1999999999999993
    endloop
  endfacet
  facet normal 0.7518398074789693 -0.6593458151000781 0
    outer loop
      vertex 2.6100505063388333 34.989949493661165 0.1999999999999993
      vertex 2.489305323592271 34.85226600061221 0
      vertex 2.6100505063388333 34.989949493661165 0
    endloop
  endfacet
  facet normal 0.6593458151000825 -0.7518398074789655 0
    outer loop
      vertex 2.7477339993877914 35.11069467640773 0.1999999999999993
      vertex 2.6100505063388333 34.989949493661165 0
      vertex 2.7477339993877914 35.11069467640773 0
    endloop
  endfacet
  facet normal 0.555570233019593 -0.8314696123025513 0
    outer loop
      vertex 2.9000000000000004 35.212435565298215 0.1999999999999993
      vertex 2.7477339993877914 35.11069467640773 0
      vertex 2.9000000000000004 35.212435565298215 0
    endloop
  endfacet
  facet normal 0.44228869021898964 -0.8968727415326939 0
    outer loop
      vertex 3.064243194688874 35.2934313455158 0.1999999999999993
      vertex 2.9000000000000004 35.212435565298215 0
      vertex 3.064243194688874 35.2934313455158 0
    endloop
  endfacet
  facet normal 0.32143946530318485 -0.9469301294950978 0
    outer loop
      vertex 3.237653336856471 35.3522961568047 0.1999999999999993
      vertex 3.064243194688874 35.2934313455158 0
      vertex 3.237653336856471 35.3522961568047 0
    endloop
  endfacet
  facet normal 0.1950903220161156 -0.980785280403233 0
    outer loop
      vertex 3.417263330891928 35.388022805923335 0.1999999999999993
      vertex 3.237653336856471 35.3522961568047 0
      vertex 3.417263330891928 35.388022805923335 0
    endloop
  endfacet
  facet normal 0.06540312923013518 -0.997858923238604 0
    outer loop
      vertex 3.6 35.4 0.1999999999999993
      vertex 3.417263330891928 35.388022805923335 0
      vertex 3.6 35.4 0
    endloop
  endfacet
  facet normal -0.06540312923013518 -0.997858923238604 0
    outer loop
      vertex 3.7827366691080724 35.388022805923335 0.1999999999999993
      vertex 3.6 35.4 0
      vertex 3.7827366691080724 35.388022805923335 0
    endloop
  endfacet
  facet normal -0.1950903220161156 -0.980785280403233 0
    outer loop
      vertex 3.962346663143529 35.3522961568047 0.1999999999999993
      vertex 3.7827366691080724 35.388022805923335 0
      vertex 3.962346663143529 35.3522961568047 0
    endloop
  endfacet
  facet normal -0.32143946530318485 -0.9469301294950978 0
    outer loop
      vertex 4.135756805311126 35.2934313455158 0.1999999999999993
      vertex 3.962346663143529 35.3522961568047 0
      vertex 4.135756805311126 35.2934313455158 0
    endloop
  endfacet
  facet normal -0.44228869021898964 -0.8968727415326939 0
    outer loop
      vertex 4.3 35.212435565298215 0.1999999999999993
      vertex 4.135756805311126 35.2934313455158 0
      vertex 4.3 35.212435565298215 0
    endloop
  endfacet
  facet normal -0.555570233019593 -0.8314696123025513 0
    outer loop
      vertex 4.452266000612209 35.11069467640773 0.1999999999999993
      vertex 4.3 35.212435565298215 0
      vertex 4.452266000612209 35.11069467640773 0
    endloop
  endfacet
  facet normal -0.6593458151000825 -0.7518398074789655 0
    outer loop
      vertex 4.589949493661167 34.989949493661165 0.1999999999999993
      vertex 4.452266000612209 35.11069467640773 0
      vertex 4.589949493661167 34.989949493661165 0
    endloop
  endfacet
  facet normal 0.6593458151000825 -0.7518398074789655 0
    outer loop
      vertex 2.6100505063388333 34.989949493661165 0.1999999999999993
      vertex 2.6100505063388333 34.989949493661165 0
      vertex 2.7477339993877914 35.11069467640773 0.1999999999999993
    endloop
  endfacet
  facet normal 0.555570233019593 -0.8314696123025513 0
    outer loop
      vertex 2.7477339993877914 35.11069467640773 0.1999999999999993
      vertex 2.7477339993877914 35.11069467640773 0
      vertex 2.9000000000000004 35.212435565298215 0.1999999999999993
    endloop
  endfacet
  facet normal 0.44228869021898964 -0.8968727415326939 0
    outer loop
      vertex 2.9000000000000004 35.212435565298215 0.1999999999999993
      vertex 2.9000000000000004 35.212435565298215 0
      vertex 3.064243194688874 35.2934313455158 0.1999999999999993
    endloop
  endfacet
  facet normal 0.32143946530318485 -0.9469301294950978 0
    outer loop
      vertex 3.064243194688874 35.2934313455158 0.1999999999999993
      vertex 3.064243194688874 35.2934313455158 0
      vertex 3.237653336856471 35.3522961568047 0.1999999999999993
    endloop
  endfacet
  facet normal 0.1950903220161156 -0.980785280403233 0
    outer loop
      vertex 3.237653336856471 35.3522961568047 0.1999999999999993
      vertex 3.237653336856471 35.3522961568047 0
      vertex 3.417263330891928 35.388022805923335 0.1999999999999993
    endloop
  endfacet
  facet normal 0.06540312923013518 -0.997858923238604 0
    outer loop
      vertex 3.417263330891928 35.388022805923335 0.1999999999999993
      vertex 3.417263330891928 35.388022805923335 0
      vertex 3.6 35.4 0.1999999999999993
    endloop
  endfacet
  facet normal -0.06540312923013518 -0.997858923238604 0
    outer loop
      vertex 3.6 35.4 0.1999999999999993
      vertex 3.6 35.4 0
      vertex 3.7827366691080724 35.388022805923335 0.1999999999999993
    endloop
  endfacet
  facet normal -0.1950903220161156 -0.980785280403233 0
    outer loop
      vertex 3.7827366691080724 35.388022805923335 0.1999999999999993
      vertex 3.7827366691080724 35.388022805923335 0
      vertex 3.962346663143529 35.3522961568047 0.1999999999999993
    endloop
  endfacet
  facet normal -0.32143946530318485 -0.9469301294950978 0
    outer loop
      vertex 3.962346663143529 35.3522961568047 0.1999999999999993
      vertex 3.962346663143529 35.3522961568047 0
      vertex 4.135756805311126 35.2934313455158 0.1999999999999993
    endloop
  endfacet
  facet normal -0.44228869021898964 -0.8968727415326939 0
    outer loop
      vertex 4.135756805311126 35.2934313455158 0.1999999999999993
      vertex 4.135756805311126 35.2934313455158 0
      vertex 4.3 35.212435565298215 0.1999999999999993
    endloop
  endfacet
  facet normal -0.555570233019593 -0.8314696123025513 0
    outer loop
      vertex 4.3 35.212435565298215 0.1999999999999993
      vertex 4.3 35.212435565298215 0
      vertex 4.452266000612209 35.11069467640773 0.1999999999999993
    endloop
  endfacet
  facet normal -0.6593458151000825 -0.7518398074789655 0
    outer loop
      vertex 4.452266000612209 35.11069467640773 0.1999999999999993
      vertex 4.452266000612209 35.11069467640773 0
      vertex 4.589949493661167 34.989949493661165 0.1999999999999993
    endloop
  endfacet
  facet normal -0.7518398074789693 -0.6593458151000781 0
    outer loop
      vertex 4.589949493661167 34.989949493661165 0.1999999999999993
      vertex 4.589949493661167 34.989949493661165 0
      vertex 4.710694676407729 34.85226600061221 0.1999999999999993
    endloop
  endfacet
  facet normal 0.48523018634267784 0.5532989844297197 0.6770612232958634
    outer loop
      vertex 2.6100505063388333 33.010050506338835 0.1999999999999993
      vertex 1.6973311150200272 32.097331115020026 1.5999999999999996
      vertex 2.7477339993877914 32.88930532359227 0.1999999999999993
    endloop
  endfacet
  facet normal 0.6968711602706725 0.23655588323294258 0.677061223295862
    outer loop
      vertex 2.306568654484199 33.464243194688876 0.1999999999999993
      vertex 2.2477038431953043 33.637653336856474 0.1999999999999993
      vertex 1.000905968127145 33.30357485310712 1.5999999999999996
    endloop
  endfacet
  facet normal 0.7217860695756102 0.14357217584094417 0.6770612232958622
    outer loop
      vertex 2.211977194076666 33.817263330891926 0.1999999999999993
      vertex 0.9322398552821014 33.64878271398378 1.5999999999999996
      vertex 2.2477038431953043 33.637653336856474 0.1999999999999993
    endloop
  endfacet
  facet normal 0.66003259220432 0.3254920538771349 0.6770612232958627
    outer loop
      vertex 2.306568654484199 33.464243194688876 0.1999999999999993
      vertex 1.1140433004625374 32.97028301957933 1.5999999999999996
      vertex 2.387564434701786 33.3 0.1999999999999993
    endloop
  endfacet
  facet normal 0.6119006834897364 0.40885896523606347 0.6770612232958618
    outer loop
      vertex 2.489305323592271 33.14773399938779 0.1999999999999993
      vertex 2.387564434701786 33.3 0.1999999999999993
      vertex 1.269716041164425 32.65460992907801 1.5999999999999996
    endloop
  endfacet
  facet normal 0.553298984429723 0.485230186342675 0.6770612232958626
    outer loop
      vertex 2.489305323592271 33.14773399938779 0.1999999999999993
      vertex 1.4652605864787613 32.36195683570277 1.5999999999999996
      vertex 2.6100505063388333 33.010050506338835 0.1999999999999993
    endloop
  endfacet
  facet normal 0.7343510191132044 0.04813190871457945 0.6770612232958622
    outer loop
      vertex 2.211977194076666 33.817263330891926 0.1999999999999993
      vertex 2.2 34 0.1999999999999993
      vertex 0.9092198581560281 34 1.5999999999999996
    endloop
  endfacet
  facet normal 0.7343510191132044 -0.04813190871457945 0.6770612232958624
    outer loop
      vertex 2.2 34 0.1999999999999993
      vertex 2.211977194076666 34.182736669108074 0.1999999999999993
      vertex 0.9322398552821014 34.35121728601622 1.5999999999999996
    endloop
  endfacet
  facet normal 0.7217860695756102 -0.14357217584094417 0.6770612232958622
    outer loop
      vertex 2.211977194076666 34.182736669108074 0.1999999999999993
      vertex 2.2477038431953043 34.362346663143526 0.1999999999999993
      vertex 1.000905968127145 34.69642514689288 1.5999999999999996
    endloop
  endfacet
  facet normal 0.6968711602706722 -0.23655588323294247 0.6770612232958624
    outer loop
      vertex 2.2477038431953043 34.362346663143526 0.1999999999999993
      vertex 2.306568654484199 34.535756805311124 0.1999999999999993
      vertex 1.1140433004625374 35.02971698042067 1.5999999999999996
    endloop
  endfacet
  facet normal 0.6600325922043209 -0.32549205387713537 0.6770612232958617
    outer loop
      vertex 2.306568654484199 34.535756805311124 0.1999999999999993
      vertex 2.387564434701786 34.7 0.1999999999999993
      vertex 1.269716041164425 35.34539007092199 1.5999999999999996
    endloop
  endfacet
  facet normal 0.4088589652360547 0.6119006834897429 0.6770612232958613
    outer loop
      vertex 2.9000000000000004 32.787564434701785 0.1999999999999993
      vertex 2.7477339993877914 32.88930532359227 0.1999999999999993
      vertex 1.9619568357027757 31.86526058647876 1.5999999999999996
    endloop
  endfacet
  facet normal 0.32549205387713503 0.6600325922043206 0.6770612232958622
    outer loop
      vertex 2.9000000000000004 32.787564434701785 0.1999999999999993
      vertex 2.254609929078014 31.669716041164424 1.5999999999999996
      vertex 3.064243194688874 32.7065686544842 0.1999999999999993
    endloop
  endfacet
  facet normal 0.23655588323295856 0.6968711602706653 0.6770612232958639
    outer loop
      vertex 3.064243194688874 32.7065686544842 0.1999999999999993
      vertex 2.5702830195793256 31.514043300462536 1.5999999999999996
      vertex 3.237653336856471 32.6477038431953 0.1999999999999993
    endloop
  endfacet
  facet normal 0.04813190871457281 0.7343510191132049 0.6770612232958624
    outer loop
      vertex 3.417263330891928 32.611977194076665 0.1999999999999993
      vertex 3.248782713983776 31.3322398552821 1.5999999999999996
      vertex 3.6 32.6 0.1999999999999993
    endloop
  endfacet
  facet normal 0.14357217584093404 0.721786069575613 0.6770612232958615
    outer loop
      vertex 3.237653336856471 32.6477038431953 0.1999999999999993
      vertex 2.903574853107118 31.400905968127145 1.5999999999999996
      vertex 3.417263330891928 32.611977194076665 0.1999999999999993
    endloop
  endfacet
  facet normal -0.04813190871457282 0.734351019113205 0.6770612232958623
    outer loop
      vertex 3.6 32.6 0.1999999999999993
      vertex 3.6 31.30921985815603 1.5999999999999996
      vertex 3.7827366691080724 32.611977194076665 0.1999999999999993
    endloop
  endfacet
  facet normal -0.1435721758409338 0.7217860695756118 0.6770612232958628
    outer loop
      vertex 3.7827366691080724 32.611977194076665 0.1999999999999993
      vertex 3.9512172860162242 31.3322398552821 1.5999999999999996
      vertex 3.962346663143529 32.6477038431953 0.1999999999999993
    endloop
  endfacet
  facet normal -0.23655588323295937 0.6968711602706676 0.6770612232958612
    outer loop
      vertex 3.962346663143529 32.6477038431953 0.1999999999999993
      vertex 4.296425146892882 31.400905968127145 1.5999999999999996
      vertex 4.135756805311126 32.7065686544842 0.1999999999999993
    endloop
  endfacet
  facet normal -0.3254920538771344 0.6600325922043193 0.6770612232958636
    outer loop
      vertex 4.135756805311126 32.7065686544842 0.1999999999999993
      vertex 4.629716980420675 31.514043300462536 1.5999999999999996
      vertex 4.3 32.787564434701785 0.1999999999999993
    endloop
  endfacet
  facet normal -0.408858965236054 0.6119006834897418 0.6770612232958628
    outer loop
      vertex 4.3 32.787564434701785 0.1999999999999993
      vertex 4.945390070921986 31.669716041164424 1.5999999999999996
      vertex 4.452266000612209 32.88930532359227 0.1999999999999993
    endloop
  endfacet
  facet normal -0.4852301863426791 0.5532989844297213 0.6770612232958613
    outer loop
      vertex 4.452266000612209 32.88930532359227 0.1999999999999993
      vertex 5.238043164297225 31.86526058647876 1.5999999999999996
      vertex 4.589949493661167 33.010050506338835 0.1999999999999993
    endloop
  endfacet
  facet normal -0.5532989844297228 0.4852301863426748 0.677061223295863
    outer loop
      vertex 4.589949493661167 33.010050506338835 0.1999999999999993
      vertex 5.502668884979973 32.097331115020026 1.5999999999999996
      vertex 4.710694676407729 33.14773399938779 0.1999999999999993
    endloop
  endfacet
  facet normal -0.6119006834897355 0.4088589652360629 0.6770612232958629
    outer loop
      vertex 4.710694676407729 33.14773399938779 0.1999999999999993
      vertex 5.734739413521239 32.36195683570277 1.5999999999999996
      vertex 4.812435565298214 33.3 0.1999999999999993
    endloop
  endfacet
  facet normal -0.660032592204321 0.3254920538771354 0.6770612232958616
    outer loop
      vertex 4.812435565298214 33.3 0.1999999999999993
      vertex 5.930283958835575 32.65460992907801 1.5999999999999996
      vertex 4.893431345515801 33.464243194688876 0.1999999999999993
    endloop
  endfacet
  facet normal -0.6968711602706721 0.23655588323294244 0.6770612232958625
    outer loop
      vertex 4.893431345515801 33.464243194688876 0.1999999999999993
      vertex 6.085956699537463 32.97028301957933 1.5999999999999996
      vertex 4.952296156804696 33.637653336856474 0.1999999999999993
    endloop
  endfacet
  facet normal -0.7217860695756104 0.14357217584094423 0.6770612232958618
    outer loop
      vertex 4.952296156804696 33.637653336856474 0.1999999999999993
      vertex 6.199094031872854 33.30357485310712 1.5999999999999996
      vertex 4.988022805923334 33.817263330891926 0.1999999999999993
    endloop
  endfacet
  facet normal -0.7343510191132043 0.048131908714579445 0.6770612232958624
    outer loop
      vertex 4.988022805923334 33.817263330891926 0.1999999999999993
      vertex 6.267760144717899 33.64878271398378 1.5999999999999996
      vertex 5 34 0.1999999999999993
    endloop
  endfacet
  facet normal -0.7217860695756102 -0.14357217584094417 0.6770612232958622
    outer loop
      vertex 4.988022805923334 34.182736669108074 0.1999999999999993
      vertex 6.267760144717899 34.35121728601622 1.5999999999999996
      vertex 4.952296156804696 34.362346663143526 0.1999999999999993
    endloop
  endfacet
  facet normal -0.7343510191132043 -0.048131908714579445 0.6770612232958625
    outer loop
      vertex 5 34 0.1999999999999993
      vertex 6.290780141843973 34 1.5999999999999996
      vertex 4.988022805923334 34.182736669108074 0.1999999999999993
    endloop
  endfacet
  facet normal -0.6968711602706726 -0.2365558832329426 0.6770612232958618
    outer loop
      vertex 4.893431345515801 34.535756805311124 0.1999999999999993
      vertex 4.952296156804696 34.362346663143526 0.1999999999999993
      vertex 6.199094031872854 34.69642514689288 1.5999999999999996
    endloop
  endfacet
  facet normal -0.6600325922043199 -0.32549205387713487 0.6770612232958628
    outer loop
      vertex 4.893431345515801 34.535756805311124 0.1999999999999993
      vertex 6.085956699537463 35.02971698042067 1.5999999999999996
      vertex 4.812435565298214 34.7 0.1999999999999993
    endloop
  endfacet
  facet normal 0.6119006834897404 0.4088589652360562 0.6770612232958626
    outer loop
      vertex 2.489305323592271 33.14773399938779 0.1999999999999993
      vertex 1.269716041164425 32.65460992907801 1.5999999999999996
      vertex 1.4652605864787613 32.36195683570277 1.5999999999999996
    endloop
  endfacet
  facet normal 0.40885896523606313 0.611900683489736 0.6770612232958625
    outer loop
      vertex 2.9000000000000004 32.787564434701785 0.1999999999999993
      vertex 1.9619568357027757 31.86526058647876 1.5999999999999996
      vertex 2.254609929078014 31.669716041164424 1.5999999999999996
    endloop
  endfacet
  facet normal 0.48523018634266674 0.5532989844297312 0.6770612232958618
    outer loop
      vertex 2.7477339993877914 32.88930532359227 0.1999999999999993
      vertex 1.6973311150200272 32.097331115020026 1.5999999999999996
      vertex 1.9619568357027757 31.86526058647876 1.5999999999999996
    endloop
  endfacet
  facet normal 0.5532989844297251 0.4852301863426723 0.6770612232958629
    outer loop
      vertex 2.6100505063388333 33.010050506338835 0.1999999999999993
      vertex 1.4652605864787613 32.36195683570277 1.5999999999999996
      vertex 1.6973311150200272 32.097331115020026 1.5999999999999996
    endloop
  endfacet
  facet normal 0.6600325922043173 0.32549205387714186 0.677061223295862
    outer loop
      vertex 2.387564434701786 33.3 0.1999999999999993
      vertex 1.1140433004625374 32.97028301957933 1.5999999999999996
      vertex 1.269716041164425 32.65460992907801 1.5999999999999996
    endloop
  endfacet
  facet normal 0.6968711602706732 0.23655588323293994 0.6770612232958624
    outer loop
      vertex 2.306568654484199 33.464243194688876 0.1999999999999993
      vertex 1.000905968127145 33.30357485310712 1.5999999999999996
      vertex 1.1140433004625374 32.97028301957933 1.5999999999999996
    endloop
  endfacet
  facet normal 0.7217860695756102 0.14357217584094417 0.6770612232958622
    outer loop
      vertex 2.2477038431953043 33.637653336856474 0.1999999999999993
      vertex 0.9322398552821014 33.64878271398378 1.5999999999999996
      vertex 1.000905968127145 33.30357485310712 1.5999999999999996
    endloop
  endfacet
  facet normal 0.7343510191132043 0.048131908714578724 0.6770612232958623
    outer loop
      vertex 2.211977194076666 33.817263330891926 0.1999999999999993
      vertex 0.9092198581560281 34 1.5999999999999996
      vertex 0.9322398552821014 33.64878271398378 1.5999999999999996
    endloop
  endfacet
  facet normal 0.7343510191132044 -0.04813190871457863 0.6770612232958623
    outer loop
      vertex 2.2 34 0.1999999999999993
      vertex 0.9322398552821014 34.35121728601622 1.5999999999999996
      vertex 0.9092198581560281 34 1.5999999999999996
    endloop
  endfacet
  facet normal 0.7217860695756102 -0.14357217584094406 0.6770612232958623
    outer loop
      vertex 2.211977194076666 34.182736669108074 0.1999999999999993
      vertex 1.000905968127145 34.69642514689288 1.5999999999999996
      vertex 0.9322398552821014 34.35121728601622 1.5999999999999996
    endloop
  endfacet
  facet normal 0.6968711602706732 -0.23655588323294008 0.6770612232958622
    outer loop
      vertex 2.2477038431953043 34.362346663143526 0.1999999999999993
      vertex 1.1140433004625374 35.02971698042067 1.5999999999999996
      vertex 1.000905968127145 34.69642514689288 1.5999999999999996
    endloop
  endfacet
  facet normal 0.32549205387714414 0.660032592204315 0.6770612232958634
    outer loop
      vertex 3.064243194688874 32.7065686544842 0.1999999999999993
      vertex 2.254609929078014 31.669716041164424 1.5999999999999996
      vertex 2.5702830195793256 31.514043300462536 1.5999999999999996
    endloop
  endfacet
  facet normal 0.23655588323293977 0.6968711602706738 0.6770612232958619
    outer loop
      vertex 3.237653336856471 32.6477038431953 0.1999999999999993
      vertex 2.5702830195793256 31.514043300462536 1.5999999999999996
      vertex 2.903574853107118 31.400905968127145 1.5999999999999996
    endloop
  endfacet
  facet normal 0.1435721758409437 0.72178606957561 0.6770612232958624
    outer loop
      vertex 3.417263330891928 32.611977194076665 0.1999999999999993
      vertex 2.903574853107118 31.400905968127145 1.5999999999999996
      vertex 3.248782713983776 31.3322398552821 1.5999999999999996
    endloop
  endfacet
  facet normal 0.048131908714572486 0.7343510191132049 0.6770612232958622
    outer loop
      vertex 3.6 32.6 0.1999999999999993
      vertex 3.248782713983776 31.3322398552821 1.5999999999999996
      vertex 3.6 31.30921985815603 1.5999999999999996
    endloop
  endfacet
  facet normal -0.04813190871457232 0.7343510191132049 0.6770612232958623
    outer loop
      vertex 3.7827366691080724 32.611977194076665 0.1999999999999993
      vertex 3.6 31.30921985815603 1.5999999999999996
      vertex 3.9512172860162242 31.3322398552821 1.5999999999999996
    endloop
  endfacet
  facet normal -0.1435721758409438 0.7217860695756108 0.6770612232958618
    outer loop
      vertex 3.962346663143529 32.6477038431953 0.1999999999999993
      vertex 3.9512172860162242 31.3322398552821 1.5999999999999996
      vertex 4.296425146892882 31.400905968127145 1.5999999999999996
    endloop
  endfacet
  facet normal -0.2365558832329393 0.6968711602706723 0.6770612232958632
    outer loop
      vertex 4.135756805311126 32.7065686544842 0.1999999999999993
      vertex 4.296425146892882 31.400905968127145 1.5999999999999996
      vertex 4.629716980420675 31.514043300462536 1.5999999999999996
    endloop
  endfacet
  facet normal -0.32549205387714436 0.6600325922043155 0.6770612232958626
    outer loop
      vertex 4.3 32.787564434701785 0.1999999999999993
      vertex 4.629716980420675 31.514043300462536 1.5999999999999996
      vertex 4.945390070921986 31.669716041164424 1.5999999999999996
    endloop
  endfacet
  facet normal -0.4088589652360631 0.6119006834897369 0.6770612232958617
    outer loop
      vertex 4.452266000612209 32.88930532359227 0.1999999999999993
      vertex 4.945390070921986 31.669716041164424 1.5999999999999996
      vertex 5.238043164297225 31.86526058647876 1.5999999999999996
    endloop
  endfacet
  facet normal -0.4852301863426668 0.5532989844297301 0.6770612232958628
    outer loop
      vertex 4.589949493661167 33.010050506338835 0.1999999999999993
      vertex 5.238043164297225 31.86526058647876 1.5999999999999996
      vertex 5.502668884979973 32.097331115020026 1.5999999999999996
    endloop
  endfacet
  facet normal -0.5532989844297248 0.48523018634267273 0.6770612232958628
    outer loop
      vertex 4.710694676407729 33.14773399938779 0.1999999999999993
      vertex 5.502668884979973 32.097331115020026 1.5999999999999996
      vertex 5.734739413521239 32.36195683570277 1.5999999999999996
    endloop
  endfacet
  facet normal -0.6119006834897411 0.40885896523605586 0.6770612232958619
    outer loop
      vertex 4.812435565298214 33.3 0.1999999999999993
      vertex 5.734739413521239 32.36195683570277 1.5999999999999996
      vertex 5.930283958835575 32.65460992907801 1.5999999999999996
    endloop
  endfacet
  facet normal -0.6600325922043163 0.3254920538771429 0.6770612232958625
    outer loop
      vertex 4.893431345515801 33.464243194688876 0.1999999999999993
      vertex 5.930283958835575 32.65460992907801 1.5999999999999996
      vertex 6.085956699537463 32.97028301957933 1.5999999999999996
    endloop
  endfacet
  facet normal -0.6968711602706741 0.2365558832329382 0.6770612232958619
    outer loop
      vertex 4.952296156804696 33.637653336856474 0.1999999999999993
      vertex 6.085956699537463 32.97028301957933 1.5999999999999996
      vertex 6.199094031872854 33.30357485310712 1.5999999999999996
    endloop
  endfacet
  facet normal -0.7217860695756098 0.14357217584094645 0.6770612232958623
    outer loop
      vertex 4.988022805923334 33.817263330891926 0.1999999999999993
      vertex 6.199094031872854 33.30357485310712 1.5999999999999996
      vertex 6.267760144717899 33.64878271398378 1.5999999999999996
    endloop
  endfacet
  facet normal -0.7343510191132042 0.048131908714580146 0.6770612232958625
    outer loop
      vertex 5 34 0.1999999999999993
      vertex 6.267760144717899 33.64878271398378 1.5999999999999996
      vertex 6.290780141843973 34 1.5999999999999996
    endloop
  endfacet
  facet normal -0.7343510191132042 -0.04813190871457991 0.6770612232958624
    outer loop
      vertex 4.988022805923334 34.182736669108074 0.1999999999999993
      vertex 6.290780141843973 34 1.5999999999999996
      vertex 6.267760144717899 34.35121728601622 1.5999999999999996
    endloop
  endfacet
  facet normal -0.72178606957561 -0.1435721758409463 0.677061223295862
    outer loop
      vertex 4.952296156804696 34.362346663143526 0.1999999999999993
      vertex 6.267760144717899 34.35121728601622 1.5999999999999996
      vertex 6.199094031872854 34.69642514689288 1.5999999999999996
    endloop
  endfacet
  facet normal -0.6968711602706738 -0.23655588323293802 0.6770612232958623
    outer loop
      vertex 4.893431345515801 34.535756805311124 0.1999999999999993
      vertex 6.199094031872854 34.69642514689288 1.5999999999999996
      vertex 6.085956699537463 35.02971698042067 1.5999999999999996
    endloop
  endfacet
  facet normal 0.6119006834897355 -0.4088589652360629 0.6770612232958629
    outer loop
      vertex 2.387564434701786 34.7 0.1999999999999993
      vertex 2.489305323592271 34.85226600061221 0.1999999999999993
      vertex 1.4652605864787613 35.63804316429723 1.5999999999999996
    endloop
  endfacet
  facet normal 0.5532989844297227 -0.48523018634267473 0.677061223295863
    outer loop
      vertex 2.489305323592271 34.85226600061221 0.1999999999999993
      vertex 2.6100505063388333 34.989949493661165 0.1999999999999993
      vertex 1.6973311150200272 35.902668884979974 1.5999999999999996
    endloop
  endfacet
  facet normal 0.4852301863426791 -0.5532989844297213 0.6770612232958612
    outer loop
      vertex 2.6100505063388333 34.989949493661165 0.1999999999999993
      vertex 2.7477339993877914 35.11069467640773 0.1999999999999993
      vertex 1.9619568357027757 36.13473941352124 1.5999999999999996
    endloop
  endfacet
  facet normal 0.4088589652360535 -0.6119006834897411 0.6770612232958636
    outer loop
      vertex 2.7477339993877914 35.11069467640773 0.1999999999999993
      vertex 2.9000000000000004 35.212435565298215 0.1999999999999993
      vertex 2.254609929078014 36.33028395883558 1.5999999999999996
    endloop
  endfacet
  facet normal 0.3254920538771348 -0.6600325922043201 0.6770612232958627
    outer loop
      vertex 2.9000000000000004 35.212435565298215 0.1999999999999993
      vertex 3.064243194688874 35.2934313455158 0.1999999999999993
      vertex 2.5702830195793256 36.48595669953746 1.5999999999999996
    endloop
  endfacet
  facet normal 0.23655588323295962 -0.6968711602706684 0.6770612232958602
    outer loop
      vertex 3.064243194688874 35.2934313455158 0.1999999999999993
      vertex 3.237653336856471 35.3522961568047 0.1999999999999993
      vertex 2.903574853107118 36.59909403187285 1.5999999999999996
    endloop
  endfacet
  facet normal 0.14357217584093396 -0.7217860695756126 0.6770612232958617
    outer loop
      vertex 3.237653336856471 35.3522961568047 0.1999999999999993
      vertex 3.417263330891928 35.388022805923335 0.1999999999999993
      vertex 3.248782713983776 36.667760144717896 1.5999999999999996
    endloop
  endfacet
  facet normal 0.048131908714572756 -0.734351019113204 0.6770612232958633
    outer loop
      vertex 3.417263330891928 35.388022805923335 0.1999999999999993
      vertex 3.6 35.4 0.1999999999999993
      vertex 3.6 36.69078014184397 1.5999999999999996
    endloop
  endfacet
  facet normal -0.04813190871457287 -0.7343510191132058 0.6770612232958613
    outer loop
      vertex 3.6 35.4 0.1999999999999993
      vertex 3.7827366691080724 35.388022805923335 0.1999999999999993
      vertex 3.9512172860162242 36.667760144717896 1.5999999999999996
    endloop
  endfacet
  facet normal -0.1435721758409342 -0.7217860695756139 0.6770612232958604
    outer loop
      vertex 3.7827366691080724 35.388022805923335 0.1999999999999993
      vertex 3.962346663143529 35.3522961568047 0.1999999999999993
      vertex 4.296425146892882 36.59909403187285 1.5999999999999996
    endloop
  endfacet
  facet normal -0.23655588323295884 -0.6968711602706661 0.6770612232958629
    outer loop
      vertex 3.962346663143529 35.3522961568047 0.1999999999999993
      vertex 4.135756805311126 35.2934313455158 0.1999999999999993
      vertex 4.629716980420675 36.48595669953746 1.5999999999999996
    endloop
  endfacet
  facet normal -0.3254920538771347 -0.6600325922043199 0.677061223295863
    outer loop
      vertex 4.135756805311126 35.2934313455158 0.1999999999999993
      vertex 4.3 35.212435565298215 0.1999999999999993
      vertex 4.945390070921986 36.33028395883558 1.5999999999999996
    endloop
  endfacet
  facet normal -0.48523018634267784 -0.5532989844297197 0.6770612232958634
    outer loop
      vertex 4.452266000612209 35.11069467640773 0.1999999999999993
      vertex 4.589949493661167 34.989949493661165 0.1999999999999993
      vertex 5.502668884979973 35.902668884979974 1.5999999999999996
    endloop
  endfacet
  facet normal -0.553298984429723 -0.485230186342675 0.6770612232958626
    outer loop
      vertex 4.589949493661167 34.989949493661165 0.1999999999999993
      vertex 4.710694676407729 34.85226600061221 0.1999999999999993
      vertex 5.734739413521239 35.63804316429723 1.5999999999999996
    endloop
  endfacet
  facet normal -0.4088589652360547 -0.6119006834897429 0.6770612232958614
    outer loop
      vertex 4.3 35.212435565298215 0.1999999999999993
      vertex 4.452266000612209 35.11069467640773 0.1999999999999993
      vertex 5.238043164297225 36.13473941352124 1.5999999999999996
    endloop
  endfacet
  facet normal -0.6119006834897365 -0.4088589652360635 0.6770612232958617
    outer loop
      vertex 4.812435565298214 34.7 0.1999999999999993
      vertex 5.930283958835575 35.34539007092199 1.5999999999999996
      vertex 4.710694676407729 34.85226600061221 0.1999999999999993
    endloop
  endfacet
  facet normal 0.6600325922043169 -0.32549205387714175 0.6770612232958624
    outer loop
      vertex 2.306568654484199 34.535756805311124 0.1999999999999993
      vertex 1.269716041164425 35.34539007092199 1.5999999999999996
      vertex 1.1140433004625374 35.02971698042067 1.5999999999999996
    endloop
  endfacet
  facet normal 0.6119006834897408 -0.4088589652360565 0.6770612232958622
    outer loop
      vertex 2.387564434701786 34.7 0.1999999999999993
      vertex 1.4652605864787613 35.63804316429723 1.5999999999999996
      vertex 1.269716041164425 35.34539007092199 1.5999999999999996
    endloop
  endfacet
  facet normal 0.5532989844297251 -0.4852301863426723 0.6770612232958629
    outer loop
      vertex 2.489305323592271 34.85226600061221 0.1999999999999993
      vertex 1.6973311150200272 35.902668884979974 1.5999999999999996
      vertex 1.4652605864787613 35.63804316429723 1.5999999999999996
    endloop
  endfacet
  facet normal 0.48523018634266607 -0.5532989844297306 0.6770612232958628
    outer loop
      vertex 2.6100505063388333 34.989949493661165 0.1999999999999993
      vertex 1.9619568357027757 36.13473941352124 1.5999999999999996
      vertex 1.6973311150200272 35.902668884979974 1.5999999999999996
    endloop
  endfacet
  facet normal 0.40885896523606857 -0.6119006834897331 0.6770612232958618
    outer loop
      vertex 2.7477339993877914 35.11069467640773 0.1999999999999993
      vertex 2.254609929078014 36.33028395883558 1.5999999999999996
      vertex 1.9619568357027757 36.13473941352124 1.5999999999999996
    endloop
  endfacet
  facet normal 0.3254920538771323 -0.660032592204321 0.6770612232958629
    outer loop
      vertex 2.9000000000000004 35.212435565298215 0.1999999999999993
      vertex 2.5702830195793256 36.48595669953746 1.5999999999999996
      vertex 2.254609929078014 36.33028395883558 1.5999999999999996
    endloop
  endfacet
  facet normal 0.2365558832329395 -0.6968711602706733 0.6770612232958624
    outer loop
      vertex 3.064243194688874 35.2934313455158 0.1999999999999993
      vertex 2.903574853107118 36.59909403187285 1.5999999999999996
      vertex 2.5702830195793256 36.48595669953746 1.5999999999999996
    endloop
  endfacet
  facet normal 0.14357217584094384 -0.7217860695756115 0.6770612232958608
    outer loop
      vertex 3.237653336856471 35.3522961568047 0.1999999999999993
      vertex 3.248782713983776 36.667760144717896 1.5999999999999996
      vertex 2.903574853107118 36.59909403187285 1.5999999999999996
    endloop
  endfacet
  facet normal 0.04813190871458735 -0.7343510191132043 0.6770612232958617
    outer loop
      vertex 3.417263330891928 35.388022805923335 0.1999999999999993
      vertex 3.6 36.69078014184397 1.5999999999999996
      vertex 3.248782713983776 36.667760144717896 1.5999999999999996
    endloop
  endfacet
  facet normal -0.04813190871458712 -0.7343510191132034 0.6770612232958627
    outer loop
      vertex 3.6 35.4 0.1999999999999993
      vertex 3.9512172860162242 36.667760144717896 1.5999999999999996
      vertex 3.6 36.69078014184397 1.5999999999999996
    endloop
  endfacet
  facet normal -0.1435721758409437 -0.721786069575611 0.6770612232958615
    outer loop
      vertex 3.7827366691080724 35.388022805923335 0.1999999999999993
      vertex 4.296425146892882 36.59909403187285 1.5999999999999996
      vertex 3.9512172860162242 36.667760144717896 1.5999999999999996
    endloop
  endfacet
  facet normal -0.2365558832329402 -0.6968711602706744 0.6770612232958607
    outer loop
      vertex 3.962346663143529 35.3522961568047 0.1999999999999993
      vertex 4.629716980420675 36.48595669953746 1.5999999999999996
      vertex 4.296425146892882 36.59909403187285 1.5999999999999996
    endloop
  endfacet
  facet normal -0.32549205387713254 -0.6600325922043212 0.6770612232958628
    outer loop
      vertex 4.135756805311126 35.2934313455158 0.1999999999999993
      vertex 4.945390070921986 36.33028395883558 1.5999999999999996
      vertex 4.629716980420675 36.48595669953746 1.5999999999999996
    endloop
  endfacet
  facet normal -0.4088589652360674 -0.6119006834897325 0.6770612232958632
    outer loop
      vertex 4.3 35.212435565298215 0.1999999999999993
      vertex 5.238043164297225 36.13473941352124 1.5999999999999996
      vertex 4.945390070921986 36.33028395883558 1.5999999999999996
    endloop
  endfacet
  facet normal -0.48523018634266746 -0.5532989844297308 0.6770612232958617
    outer loop
      vertex 4.452266000612209 35.11069467640773 0.1999999999999993
      vertex 5.502668884979973 35.902668884979974 1.5999999999999996
      vertex 5.238043164297225 36.13473941352124 1.5999999999999996
    endloop
  endfacet
  facet normal -0.6600325922043168 -0.32549205387714325 0.6770612232958619
    outer loop
      vertex 4.812435565298214 34.7 0.1999999999999993
      vertex 6.085956699537463 35.02971698042067 1.5999999999999996
      vertex 5.930283958835575 35.34539007092199 1.5999999999999996
    endloop
  endfacet
  facet normal -0.6119006834897409 -0.4088589652360555 0.6770612232958627
    outer loop
      vertex 4.710694676407729 34.85226600061221 0.1999999999999993
      vertex 5.930283958835575 35.34539007092199 1.5999999999999996
      vertex 5.734739413521239 35.63804316429723 1.5999999999999996
    endloop
  endfacet
  facet normal -0.5532989844297249 -0.48523018634267256 0.6770612232958629
    outer loop
      vertex 4.589949493661167 34.989949493661165 0.1999999999999993
      vertex 5.734739413521239 35.63804316429723 1.5999999999999996
      vertex 5.502668884979973 35.902668884979974 1.5999999999999996
    endloop
  endfacet
  facet normal 0.8314696123025431 0.5555702330196054 0
    outer loop
      vertex 2.387564434701786 59.3 0.1999999999999993
      vertex 2.489305323592271 59.14773399938779 0
      vertex 2.387564434701786 59.3 0
    endloop
  endfacet
  facet normal 0.8968727415326939 0.4422886902189898 0
    outer loop
      vertex 2.306568654484199 59.464243194688876 0.1999999999999993
      vertex 2.387564434701786 59.3 0
      vertex 2.306568654484199 59.464243194688876 0
    endloop
  endfacet
  facet normal 0.9469301294951055 0.32143946530316236 0
    outer loop
      vertex 2.2477038431953043 59.637653336856474 0.1999999999999993
      vertex 2.306568654484199 59.464243194688876 0
      vertex 2.2477038431953043 59.637653336856474 0
    endloop
  endfacet
  facet normal 0.9807852804032301 0.19509032201612955 0
    outer loop
      vertex 2.211977194076666 59.817263330891926 0.1999999999999993
      vertex 2.2477038431953043 59.637653336856474 0
      vertex 2.211977194076666 59.817263330891926 0
    endloop
  endfacet
  facet normal 0.9978589232386035 0.06540312923014421 0
    outer loop
      vertex 2.2 60 0.1999999999999993
      vertex 2.211977194076666 59.817263330891926 0
      vertex 2.2 60 0
    endloop
  endfacet
  facet normal 0.9978589232386035 -0.06540312923014421 0
    outer loop
      vertex 2.211977194076666 60.182736669108074 0.1999999999999993
      vertex 2.2 60 0
      vertex 2.211977194076666 60.182736669108074 0
    endloop
  endfacet
  facet normal 0.9807852804032301 -0.19509032201612955 0
    outer loop
      vertex 2.2477038431953043 60.362346663143526 0.1999999999999993
      vertex 2.211977194076666 60.182736669108074 0
      vertex 2.2477038431953043 60.362346663143526 0
    endloop
  endfacet
  facet normal 0.9469301294951055 -0.32143946530316236 0
    outer loop
      vertex 2.306568654484199 60.535756805311124 0.1999999999999993
      vertex 2.2477038431953043 60.362346663143526 0
      vertex 2.306568654484199 60.535756805311124 0
    endloop
  endfacet
  facet normal 0.8968727415326939 -0.4422886902189898 0
    outer loop
      vertex 2.387564434701786 60.7 0.1999999999999993
      vertex 2.306568654484199 60.535756805311124 0
      vertex 2.387564434701786 60.7 0
    endloop
  endfacet
  facet normal 0.8968727415326939 0.4422886902189898 1.1880756935490482e-17
    outer loop
      vertex 2.306568654484199 59.464243194688876 0.1999999999999993
      vertex 2.387564434701786 59.3 0.1999999999999993
      vertex 2.387564434701786 59.3 0
    endloop
  endfacet
  facet normal 0.9469301294951055 0.32143946530316236 0
    outer loop
      vertex 2.306568654484199 59.464243194688876 0.1999999999999993
      vertex 2.306568654484199 59.464243194688876 0
      vertex 2.2477038431953043 59.637653336856474 0.1999999999999993
    endloop
  endfacet
  facet normal 0.9807852804032301 0.19509032201612955 -3.290897963575366e-18
    outer loop
      vertex 2.211977194076666 59.817263330891926 0.1999999999999993
      vertex 2.2477038431953043 59.637653336856474 0.1999999999999993
      vertex 2.2477038431953043 59.637653336856474 0
    endloop
  endfacet
  facet normal 0.9978589232386035 0.06540312923014421 0
    outer loop
      vertex 2.211977194076666 59.817263330891926 0.1999999999999993
      vertex 2.211977194076666 59.817263330891926 0
      vertex 2.2 60 0.1999999999999993
    endloop
  endfacet
  facet normal 0.9978589232386035 -0.06540312923014421 0
    outer loop
      vertex 2.2 60 0.1999999999999993
      vertex 2.2 60 0
      vertex 2.211977194076666 60.182736669108074 0.1999999999999993
    endloop
  endfacet
  facet normal 0.9807852804032301 -0.19509032201612955 0
    outer loop
      vertex 2.211977194076666 60.182736669108074 0.1999999999999993
      vertex 2.211977194076666 60.182736669108074 0
      vertex 2.2477038431953043 60.362346663143526 0.1999999999999993
    endloop
  endfacet
  facet normal 0.9469301294951055 -0.32143946530316236 0
    outer loop
      vertex 2.2477038431953043 60.362346663143526 0.1999999999999993
      vertex 2.2477038431953043 60.362346663143526 0
      vertex 2.306568654484199 60.535756805311124 0.1999999999999993
    endloop
  endfacet
  facet normal 0.8968727415326939 -0.4422886902189898 0
    outer loop
      vertex 2.306568654484199 60.535756805311124 0.1999999999999993
      vertex 2.306568654484199 60.535756805311124 0
      vertex 2.387564434701786 60.7 0.1999999999999993
    endloop
  endfacet
  facet normal 0.8314696123025431 -0.5555702330196054 0
    outer loop
      vertex 2.387564434701786 60.7 0.1999999999999993
      vertex 2.387564434701786 60.7 0
      vertex 2.489305323592271 60.85226600061221 0.1999999999999993
    endloop
  endfacet
  facet normal 0.44228869021898964 0.8968727415326939 0
    outer loop
      vertex 2.9000000000000004 58.787564434701785 0.1999999999999993
      vertex 3.064243194688874 58.7065686544842 0
      vertex 2.9000000000000004 58.787564434701785 0
    endloop
  endfacet
  facet normal 0.32143946530318485 0.9469301294950978 0
    outer loop
      vertex 3.064243194688874 58.7065686544842 0.1999999999999993
      vertex 3.237653336856471 58.6477038431953 0
      vertex 3.064243194688874 58.7065686544842 0
    endloop
  endfacet
  facet normal 0.1950903220161156 0.980785280403233 0
    outer loop
      vertex 3.237653336856471 58.6477038431953 0.1999999999999993
      vertex 3.417263330891928 58.611977194076665 0
      vertex 3.237653336856471 58.6477038431953 0
    endloop
  endfacet
  facet normal 0.06540312923013518 0.997858923238604 0
    outer loop
      vertex 3.417263330891928 58.611977194076665 0.1999999999999993
      vertex 3.6 58.6 0
      vertex 3.417263330891928 58.611977194076665 0
    endloop
  endfacet
  facet normal -0.06540312923013518 0.997858923238604 0
    outer loop
      vertex 3.6 58.6 0.1999999999999993
      vertex 3.7827366691080724 58.611977194076665 0
      vertex 3.6 58.6 0
    endloop
  endfacet
  facet normal -0.1950903220161156 0.980785280403233 0
    outer loop
      vertex 3.7827366691080724 58.611977194076665 0.1999999999999993
      vertex 3.962346663143529 58.6477038431953 0
      vertex 3.7827366691080724 58.611977194076665 0
    endloop
  endfacet
  facet normal -0.32143946530318485 0.9469301294950978 0
    outer loop
      vertex 3.962346663143529 58.6477038431953 0.1999999999999993
      vertex 4.135756805311126 58.7065686544842 0
      vertex 3.962346663143529 58.6477038431953 0
    endloop
  endfacet
  facet normal -0.44228869021898964 0.8968727415326939 0
    outer loop
      vertex 4.135756805311126 58.7065686544842 0.1999999999999993
      vertex 4.3 58.787564434701785 0
      vertex 4.135756805311126 58.7065686544842 0
    endloop
  endfacet
  facet normal 0.44228869021898964 0.8968727415326939 1.6455306174378574e-17
    outer loop
      vertex 2.9000000000000004 58.787564434701785 0.1999999999999993
      vertex 3.064243194688874 58.7065686544842 0.1999999999999993
      vertex 3.064243194688874 58.7065686544842 0
    endloop
  endfacet
  facet normal 0.32143946530318485 0.9469301294950978 -1.881510745566089e-17
    outer loop
      vertex 3.064243194688874 58.7065686544842 0.1999999999999993
      vertex 3.237653336856471 58.6477038431953 0.1999999999999993
      vertex 3.237653336856471 58.6477038431953 0
    endloop
  endfacet
  facet normal 0.1950903220161156 0.980785280403233 -5.165916789304757e-18
    outer loop
      vertex 3.237653336856471 58.6477038431953 0.1999999999999993
      vertex 3.417263330891928 58.611977194076665 0.1999999999999993
      vertex 3.417263330891928 58.611977194076665 0
    endloop
  endfacet
  facet normal 0.06540312923013518 0.997858923238604 4.668181382380716e-18
    outer loop
      vertex 3.417263330891928 58.611977194076665 0.1999999999999993
      vertex 3.6 58.6 0.1999999999999993
      vertex 3.6 58.6 0
    endloop
  endfacet
  facet normal -0.06540312923013518 0.997858923238604 -4.668181382380716e-18
    outer loop
      vertex 3.6 58.6 0.1999999999999993
      vertex 3.7827366691080724 58.611977194076665 0.1999999999999993
      vertex 3.7827366691080724 58.611977194076665 0
    endloop
  endfacet
  facet normal -0.1950903220161156 0.980785280403233 5.165916789304757e-18
    outer loop
      vertex 3.7827366691080724 58.611977194076665 0.1999999999999993
      vertex 3.962346663143529 58.6477038431953 0.1999999999999993
      vertex 3.962346663143529 58.6477038431953 0
    endloop
  endfacet
  facet normal -0.32143946530318485 0.9469301294950978 1.881510745566089e-17
    outer loop
      vertex 3.962346663143529 58.6477038431953 0.1999999999999993
      vertex 4.135756805311126 58.7065686544842 0.1999999999999993
      vertex 4.135756805311126 58.7065686544842 0
    endloop
  endfacet
  facet normal -0.44228869021898964 0.8968727415326939 -1.6455306174378574e-17
    outer loop
      vertex 4.135756805311126 58.7065686544842 0.1999999999999993
      vertex 4.3 58.787564434701785 0.1999999999999993
      vertex 4.3 58.787564434701785 0
    endloop
  endfacet
  facet normal 0.6593458151000825 0.7518398074789655 0
    outer loop
      vertex 2.6100505063388333 59.010050506338835 0.1999999999999993
      vertex 2.7477339993877914 58.88930532359227 0
      vertex 2.6100505063388333 59.010050506338835 0
    endloop
  endfacet
  facet normal 0.7518398074789693 0.6593458151000781 0
    outer loop
      vertex 2.489305323592271 59.14773399938779 0.1999999999999993
      vertex 2.6100505063388333 59.010050506338835 0
      vertex 2.489305323592271 59.14773399938779 0
    endloop
  endfacet
  facet normal 0.555570233019593 0.8314696123025513 0
    outer loop
      vertex 2.7477339993877914 58.88930532359227 0.1999999999999993
      vertex 2.9000000000000004 58.787564434701785 0
      vertex 2.7477339993877914 58.88930532359227 0
    endloop
  endfacet
  facet normal 0.8314696123025431 -0.5555702330196054 0
    outer loop
      vertex 2.489305323592271 60.85226600061221 0.1999999999999993
      vertex 2.387564434701786 60.7 0
      vertex 2.489305323592271 60.85226600061221 0
    endloop
  endfacet
  facet normal -0.555570233019593 0.8314696123025513 0
    outer loop
      vertex 4.3 58.787564434701785 0.1999999999999993
      vertex 4.452266000612209 58.88930532359227 0
      vertex 4.3 58.787564434701785 0
    endloop
  endfacet
  facet normal -0.6593458151000825 0.7518398074789655 0
    outer loop
      vertex 4.452266000612209 58.88930532359227 0.1999999999999993
      vertex 4.589949493661167 59.010050506338835 0
      vertex 4.452266000612209 58.88930532359227 0
    endloop
  endfacet
  facet normal 0.8314696123025431 0.5555702330196054 2.281623804927586e-17
    outer loop
      vertex 2.387564434701786 59.3 0.1999999999999993
      vertex 2.489305323592271 59.14773399938779 0.1999999999999993
      vertex 2.489305323592271 59.14773399938779 0
    endloop
  endfacet
  facet normal 0.7518398074789693 0.6593458151000781 0
    outer loop
      vertex 2.6100505063388333 59.010050506338835 0.1999999999999993
      vertex 2.6100505063388333 59.010050506338835 0
      vertex 2.489305323592271 59.14773399938779 0.1999999999999993
    endloop
  endfacet
  facet normal 0.6593458151000825 0.7518398074789655 3.720721080256798e-17
    outer loop
      vertex 2.6100505063388333 59.010050506338835 0.1999999999999993
      vertex 2.7477339993877914 58.88930532359227 0.1999999999999993
      vertex 2.7477339993877914 58.88930532359227 0
    endloop
  endfacet
  facet normal 0.555570233019593 0.8314696123025513 1.283399538286987e-17
    outer loop
      vertex 2.7477339993877914 58.88930532359227 0.1999999999999993
      vertex 2.9000000000000004 58.787564434701785 0.1999999999999993
      vertex 2.9000000000000004 58.787564434701785 0
    endloop
  endfacet
  facet normal 0.7518398074789693 -0.6593458151000781 0
    outer loop
      vertex 2.489305323592271 60.85226600061221 0.1999999999999993
      vertex 2.489305323592271 60.85226600061221 0
      vertex 2.6100505063388333 60.989949493661165 0.1999999999999993
    endloop
  endfacet
  facet normal -0.555570233019593 0.8314696123025513 -1.283399538286987e-17
    outer loop
      vertex 4.3 58.787564434701785 0.1999999999999993
      vertex 4.452266000612209 58.88930532359227 0.1999999999999993
      vertex 4.452266000612209 58.88930532359227 0
    endloop
  endfacet
  facet normal -0.6593458151000825 0.7518398074789655 -3.720721080256798e-17
    outer loop
      vertex 4.452266000612209 58.88930532359227 0.1999999999999993
      vertex 4.589949493661167 59.010050506338835 0.1999999999999993
      vertex 4.589949493661167 59.010050506338835 0
    endloop
  endfacet
  facet normal -0.7518398074789693 0.6593458151000781 0
    outer loop
      vertex 4.589949493661167 59.010050506338835 0.1999999999999993
      vertex 4.710694676407729 59.14773399938779 0
      vertex 4.589949493661167 59.010050506338835 0
    endloop
  endfacet
  facet normal -0.8314696123025431 0.5555702330196054 0
    outer loop
      vertex 4.710694676407729 59.14773399938779 0.1999999999999993
      vertex 4.812435565298214 59.3 0
      vertex 4.710694676407729 59.14773399938779 0
    endloop
  endfacet
  facet normal -0.8968727415326939 0.4422886902189898 0
    outer loop
      vertex 4.812435565298214 59.3 0.1999999999999993
      vertex 4.893431345515801 59.464243194688876 0
      vertex 4.812435565298214 59.3 0
    endloop
  endfacet
  facet normal -0.9469301294951055 0.32143946530316236 0
    outer loop
      vertex 4.893431345515801 59.464243194688876 0.1999999999999993
      vertex 4.952296156804696 59.637653336856474 0
      vertex 4.893431345515801 59.464243194688876 0
    endloop
  endfacet
  facet normal -0.9807852804032301 0.19509032201612955 0
    outer loop
      vertex 4.952296156804696 59.637653336856474 0.1999999999999993
      vertex 4.988022805923334 59.817263330891926 0
      vertex 4.952296156804696 59.637653336856474 0
    endloop
  endfacet
  facet normal -0.9978589232386035 0.06540312923014421 0
    outer loop
      vertex 4.988022805923334 59.817263330891926 0.1999999999999993
      vertex 5 60 0
      vertex 4.988022805923334 59.817263330891926 0
    endloop
  endfacet
  facet normal -0.9978589232386035 -0.06540312923014421 0
    outer loop
      vertex 5 60 0.1999999999999993
      vertex 4.988022805923334 60.182736669108074 0
      vertex 5 60 0
    endloop
  endfacet
  facet normal -0.9807852804032301 -0.19509032201612955 0
    outer loop
      vertex 4.988022805923334 60.182736669108074 0.1999999999999993
      vertex 4.952296156804696 60.362346663143526 0
      vertex 4.988022805923334 60.182736669108074 0
    endloop
  endfacet
  facet normal -0.7518398074789693 -0.6593458151000781 0
    outer loop
      vertex 4.710694676407729 60.85226600061221 0.1999999999999993
      vertex 4.589949493661167 60.989949493661165 0
      vertex 4.710694676407729 60.85226600061221 0
    endloop
  endfacet
  facet normal -0.8314696123025431 -0.5555702330196054 0
    outer loop
      vertex 4.812435565298214 60.7 0.1999999999999993
      vertex 4.710694676407729 60.85226600061221 0
      vertex 4.812435565298214 60.7 0
    endloop
  endfacet
  facet normal -0.9469301294951055 -0.32143946530316236 0
    outer loop
      vertex 4.952296156804696 60.362346663143526 0.1999999999999993
      vertex 4.893431345515801 60.535756805311124 0
      vertex 4.952296156804696 60.362346663143526 0
    endloop
  endfacet
  facet normal -0.8968727415326939 -0.4422886902189898 0
    outer loop
      vertex 4.893431345515801 60.535756805311124 0.1999999999999993
      vertex 4.812435565298214 60.7 0
      vertex 4.893431345515801 60.535756805311124 0
    endloop
  endfacet
  facet normal -0.7518398074789693 0.6593458151000781 -4.058699738151628e-17
    outer loop
      vertex 4.589949493661167 59.010050506338835 0.1999999999999993
      vertex 4.710694676407729 59.14773399938779 0.1999999999999993
      vertex 4.710694676407729 59.14773399938779 0
    endloop
  endfacet
  facet normal -0.8314696123025431 0.5555702330196054 -2.281623804927586e-17
    outer loop
      vertex 4.710694676407729 59.14773399938779 0.1999999999999993
      vertex 4.812435565298214 59.3 0.1999999999999993
      vertex 4.812435565298214 59.3 0
    endloop
  endfacet
  facet normal -0.8968727415326939 0.4422886902189898 -1.1880756935490482e-17
    outer loop
      vertex 4.812435565298214 59.3 0.1999999999999993
      vertex 4.893431345515801 59.464243194688876 0.1999999999999993
      vertex 4.893431345515801 59.464243194688876 0
    endloop
  endfacet
  facet normal -0.9469301294951055 0.32143946530316236 -2.1944598599905672e-17
    outer loop
      vertex 4.893431345515801 59.464243194688876 0.1999999999999993
      vertex 4.952296156804696 59.637653336856474 0.1999999999999993
      vertex 4.952296156804696 59.637653336856474 0
    endloop
  endfacet
  facet normal -0.9807852804032301 0.19509032201612955 3.290897963575366e-18
    outer loop
      vertex 4.952296156804696 59.637653336856474 0.1999999999999993
      vertex 4.988022805923334 59.817263330891926 0.1999999999999993
      vertex 4.988022805923334 59.817263330891926 0
    endloop
  endfacet
  facet normal -0.9978589232386035 0.06540312923014421 1.8204226872840077e-18
    outer loop
      vertex 4.988022805923334 59.817263330891926 0.1999999999999993
      vertex 5 60 0.1999999999999993
      vertex 5 60 0
    endloop
  endfacet
  facet normal -0.9978589232386035 -0.06540312923014421 -1.8204226872840077e-18
    outer loop
      vertex 5 60 0.1999999999999993
      vertex 4.988022805923334 60.182736669108074 0.1999999999999993
      vertex 4.988022805923334 60.182736669108074 0
    endloop
  endfacet
  facet normal -0.9807852804032301 -0.19509032201612955 -3.290897963575366e-18
    outer loop
      vertex 4.988022805923334 60.182736669108074 0.1999999999999993
      vertex 4.952296156804696 60.362346663143526 0.1999999999999993
      vertex 4.952296156804696 60.362346663143526 0
    endloop
  endfacet
  facet normal -0.8968727415326939 -0.4422886902189898 1.1880756935490482e-17
    outer loop
      vertex 4.893431345515801 60.535756805311124 0.1999999999999993
      vertex 4.812435565298214 60.7 0.1999999999999993
      vertex 4.812435565298214 60.7 0
    endloop
  endfacet
  facet normal -0.8314696123025431 -0.5555702330196054 0
    outer loop
      vertex 4.710694676407729 60.85226600061221 0.1999999999999993
      vertex 4.710694676407729 60.85226600061221 0
      vertex 4.812435565298214 60.7 0.1999999999999993
    endloop
  endfacet
  facet normal -0.9469301294951055 -0.32143946530316236 0
    outer loop
      vertex 4.893431345515801 60.535756805311124 0.1999999999999993
      vertex 4.893431345515801 60.535756805311124 0
      vertex 4.952296156804696 60.362346663143526 0.1999999999999993
    endloop
  endfacet
  facet normal 0.7518398074789693 -0.6593458151000781 0
    outer loop
      vertex 2.6100505063388333 60.989949493661165 0.1999999999999993
      vertex 2.489305323592271 60.85226600061221 0
      vertex 2.6100505063388333 60.989949493661165 0
    endloop
  endfacet
  facet normal 0.6593458151000825 -0.7518398074789655 0
    outer loop
      vertex 2.7477339993877914 61.11069467640773 0.1999999999999993
      vertex 2.6100505063388333 60.989949493661165 0
      vertex 2.7477339993877914 61.11069467640773 0
    endloop
  endfacet
  facet normal 0.555570233019593 -0.8314696123025513 0
    outer loop
      vertex 2.9000000000000004 61.212435565298215 0.1999999999999993
      vertex 2.7477339993877914 61.11069467640773 0
      vertex 2.9000000000000004 61.212435565298215 0
    endloop
  endfacet
  facet normal 0.44228869021898964 -0.8968727415326939 0
    outer loop
      vertex 3.064243194688874 61.2934313455158 0.1999999999999993
      vertex 2.9000000000000004 61.212435565298215 0
      vertex 3.064243194688874 61.2934313455158 0
    endloop
  endfacet
  facet normal 0.32143946530318485 -0.9469301294950978 0
    outer loop
      vertex 3.237653336856471 61.3522961568047 0.1999999999999993
      vertex 3.064243194688874 61.2934313455158 0
      vertex 3.237653336856471 61.3522961568047 0
    endloop
  endfacet
  facet normal 0.1950903220161156 -0.980785280403233 0
    outer loop
      vertex 3.417263330891928 61.388022805923335 0.1999999999999993
      vertex 3.237653336856471 61.3522961568047 0
      vertex 3.417263330891928 61.388022805923335 0
    endloop
  endfacet
  facet normal 0.06540312923013518 -0.997858923238604 0
    outer loop
      vertex 3.6 61.4 0.1999999999999993
      vertex 3.417263330891928 61.388022805923335 0
      vertex 3.6 61.4 0
    endloop
  endfacet
  facet normal -0.06540312923013518 -0.997858923238604 0
    outer loop
      vertex 3.7827366691080724 61.388022805923335 0.1999999999999993
      vertex 3.6 61.4 0
      vertex 3.7827366691080724 61.388022805923335 0
    endloop
  endfacet
  facet normal -0.1950903220161156 -0.980785280403233 0
    outer loop
      vertex 3.962346663143529 61.3522961568047 0.1999999999999993
      vertex 3.7827366691080724 61.388022805923335 0
      vertex 3.962346663143529 61.3522961568047 0
    endloop
  endfacet
  facet normal -0.32143946530318485 -0.9469301294950978 0
    outer loop
      vertex 4.135756805311126 61.2934313455158 0.1999999999999993
      vertex 3.962346663143529 61.3522961568047 0
      vertex 4.135756805311126 61.2934313455158 0
    endloop
  endfacet
  facet normal -0.44228869021898964 -0.8968727415326939 0
    outer loop
      vertex 4.3 61.212435565298215 0.1999999999999993
      vertex 4.135756805311126 61.2934313455158 0
      vertex 4.3 61.212435565298215 0
    endloop
  endfacet
  facet normal -0.555570233019593 -0.8314696123025513 0
    outer loop
      vertex 4.452266000612209 61.11069467640773 0.1999999999999993
      vertex 4.3 61.212435565298215 0
      vertex 4.452266000612209 61.11069467640773 0
    endloop
  endfacet
  facet normal -0.6593458151000825 -0.7518398074789655 0
    outer loop
      vertex 4.589949493661167 60.989949493661165 0.1999999999999993
      vertex 4.452266000612209 61.11069467640773 0
      vertex 4.589949493661167 60.989949493661165 0
    endloop
  endfacet
  facet normal 0.6593458151000825 -0.7518398074789655 0
    outer loop
      vertex 2.6100505063388333 60.989949493661165 0.1999999999999993
      vertex 2.6100505063388333 60.989949493661165 0
      vertex 2.7477339993877914 61.11069467640773 0.1999999999999993
    endloop
  endfacet
  facet normal 0.555570233019593 -0.8314696123025513 0
    outer loop
      vertex 2.7477339993877914 61.11069467640773 0.1999999999999993
      vertex 2.7477339993877914 61.11069467640773 0
      vertex 2.9000000000000004 61.212435565298215 0.1999999999999993
    endloop
  endfacet
  facet normal 0.44228869021898964 -0.8968727415326939 0
    outer loop
      vertex 2.9000000000000004 61.212435565298215 0.1999999999999993
      vertex 2.9000000000000004 61.212435565298215 0
      vertex 3.064243194688874 61.2934313455158 0.1999999999999993
    endloop
  endfacet
  facet normal 0.32143946530318485 -0.9469301294950978 0
    outer loop
      vertex 3.064243194688874 61.2934313455158 0.1999999999999993
      vertex 3.064243194688874 61.2934313455158 0
      vertex 3.237653336856471 61.3522961568047 0.1999999999999993
    endloop
  endfacet
  facet normal 0.1950903220161156 -0.980785280403233 0
    outer loop
      vertex 3.237653336856471 61.3522961568047 0.1999999999999993
      vertex 3.237653336856471 61.3522961568047 0
      vertex 3.417263330891928 61.388022805923335 0.1999999999999993
    endloop
  endfacet
  facet normal 0.06540312923013518 -0.997858923238604 0
    outer loop
      vertex 3.417263330891928 61.388022805923335 0.1999999999999993
      vertex 3.417263330891928 61.388022805923335 0
      vertex 3.6 61.4 0.1999999999999993
    endloop
  endfacet
  facet normal -0.06540312923013518 -0.997858923238604 4.668181382380716e-18
    outer loop
      vertex 3.7827366691080724 61.388022805923335 0.1999999999999993
      vertex 3.6 61.4 0.1999999999999993
      vertex 3.6 61.4 0
    endloop
  endfacet
  facet normal -0.1950903220161156 -0.980785280403233 0
    outer loop
      vertex 3.7827366691080724 61.388022805923335 0.1999999999999993
      vertex 3.7827366691080724 61.388022805923335 0
      vertex 3.962346663143529 61.3522961568047 0.1999999999999993
    endloop
  endfacet
  facet normal -0.32143946530318485 -0.9469301294950978 0
    outer loop
      vertex 3.962346663143529 61.3522961568047 0.1999999999999993
      vertex 3.962346663143529 61.3522961568047 0
      vertex 4.135756805311126 61.2934313455158 0.1999999999999993
    endloop
  endfacet
  facet normal -0.44228869021898964 -0.8968727415326939 0
    outer loop
      vertex 4.135756805311126 61.2934313455158 0.1999999999999993
      vertex 4.135756805311126 61.2934313455158 0
      vertex 4.3 61.212435565298215 0.1999999999999993
    endloop
  endfacet
  facet normal -0.555570233019593 -0.8314696123025513 0
    outer loop
      vertex 4.3 61.212435565298215 0.1999999999999993
      vertex 4.3 61.212435565298215 0
      vertex 4.452266000612209 61.11069467640773 0.1999999999999993
    endloop
  endfacet
  facet normal -0.6593458151000825 -0.7518398074789655 3.720721080256798e-17
    outer loop
      vertex 4.589949493661167 60.989949493661165 0.1999999999999993
      vertex 4.452266000612209 61.11069467640773 0.1999999999999993
      vertex 4.452266000612209 61.11069467640773 0
    endloop
  endfacet
  facet normal -0.7518398074789693 -0.6593458151000781 0
    outer loop
      vertex 4.589949493661167 60.989949493661165 0.1999999999999993
      vertex 4.589949493661167 60.989949493661165 0
      vertex 4.710694676407729 60.85226600061221 0.1999999999999993
    endloop
  endfacet
  facet normal 0.48523018634267784 0.5532989844297197 0.6770612232958634
    outer loop
      vertex 2.6100505063388333 59.010050506338835 0.1999999999999993
      vertex 1.6973311150200272 58.097331115020026 1.5999999999999996
      vertex 2.7477339993877914 58.88930532359227 0.1999999999999993
    endloop
  endfacet
  facet normal 0.6968711602706725 0.23655588323294258 0.677061223295862
    outer loop
      vertex 2.306568654484199 59.464243194688876 0.1999999999999993
      vertex 2.2477038431953043 59.637653336856474 0.1999999999999993
      vertex 1.000905968127145 59.30357485310712 1.5999999999999996
    endloop
  endfacet
  facet normal 0.7217860695756102 0.14357217584094417 0.6770612232958622
    outer loop
      vertex 2.211977194076666 59.817263330891926 0.1999999999999993
      vertex 0.9322398552821014 59.64878271398378 1.5999999999999996
      vertex 2.2477038431953043 59.637653336856474 0.1999999999999993
    endloop
  endfacet
  facet normal 0.6119006834897364 0.40885896523606347 0.6770612232958618
    outer loop
      vertex 2.387564434701786 59.3 0.1999999999999993
      vertex 1.269716041164425 58.65460992907801 1.5999999999999996
      vertex 2.489305323592271 59.14773399938779 0.1999999999999993
    endloop
  endfacet
  facet normal 0.66003259220432 0.3254920538771349 0.6770612232958627
    outer loop
      vertex 2.306568654484199 59.464243194688876 0.1999999999999993
      vertex 1.1140433004625374 58.97028301957933 1.5999999999999996
      vertex 2.387564434701786 59.3 0.1999999999999993
    endloop
  endfacet
  facet normal 0.553298984429723 0.485230186342675 0.6770612232958626
    outer loop
      vertex 2.6100505063388333 59.010050506338835 0.1999999999999993
      vertex 2.489305323592271 59.14773399938779 0.1999999999999993
      vertex 1.4652605864787613 58.36195683570277 1.5999999999999996
    endloop
  endfacet
  facet normal 0.7343510191132044 0.04813190871457945 0.6770612232958622
    outer loop
      vertex 2.211977194076666 59.817263330891926 0.1999999999999993
      vertex 2.2 60 0.1999999999999993
      vertex 0.9092198581560281 60 1.5999999999999996
    endloop
  endfacet
  facet normal 0.7343510191132044 -0.04813190871457945 0.6770612232958624
    outer loop
      vertex 2.2 60 0.1999999999999993
      vertex 2.211977194076666 60.182736669108074 0.1999999999999993
      vertex 0.9322398552821014 60.35121728601622 1.5999999999999996
    endloop
  endfacet
  facet normal 0.7217860695756102 -0.14357217584094417 0.6770612232958622
    outer loop
      vertex 2.211977194076666 60.182736669108074 0.1999999999999993
      vertex 2.2477038431953043 60.362346663143526 0.1999999999999993
      vertex 1.000905968127145 60.69642514689288 1.5999999999999996
    endloop
  endfacet
  facet normal 0.6968711602706722 -0.23655588323294247 0.6770612232958624
    outer loop
      vertex 2.2477038431953043 60.362346663143526 0.1999999999999993
      vertex 2.306568654484199 60.535756805311124 0.1999999999999993
      vertex 1.1140433004625374 61.02971698042067 1.5999999999999996
    endloop
  endfacet
  facet normal 0.6600325922043209 -0.32549205387713537 0.6770612232958617
    outer loop
      vertex 2.306568654484199 60.535756805311124 0.1999999999999993
      vertex 2.387564434701786 60.7 0.1999999999999993
      vertex 1.269716041164425 61.34539007092199 1.5999999999999996
    endloop
  endfacet
  facet normal 0.4088589652360547 0.6119006834897429 0.6770612232958612
    outer loop
      vertex 2.7477339993877914 58.88930532359227 0.1999999999999993
      vertex 1.9619568357027757 57.86526058647876 1.5999999999999996
      vertex 2.9000000000000004 58.787564434701785 0.1999999999999993
    endloop
  endfacet
  facet normal 0.3254920538771347 0.6600325922043199 0.677061223295863
    outer loop
      vertex 2.9000000000000004 58.787564434701785 0.1999999999999993
      vertex 2.254609929078014 57.66971604116442 1.5999999999999996
      vertex 3.064243194688874 58.7065686544842 0.1999999999999993
    endloop
  endfacet
  facet normal 0.23655588323295884 0.6968711602706661 0.6770612232958629
    outer loop
      vertex 3.064243194688874 58.7065686544842 0.1999999999999993
      vertex 2.5702830195793256 57.51404330046254 1.5999999999999996
      vertex 3.237653336856471 58.6477038431953 0.1999999999999993
    endloop
  endfacet
  facet normal 0.1435721758409342 0.7217860695756139 0.6770612232958605
    outer loop
      vertex 3.237653336856471 58.6477038431953 0.1999999999999993
      vertex 2.903574853107118 57.40090596812715 1.5999999999999996
      vertex 3.417263330891928 58.611977194076665 0.1999999999999993
    endloop
  endfacet
  facet normal 0.04813190871457287 0.7343510191132058 0.6770612232958613
    outer loop
      vertex 3.417263330891928 58.611977194076665 0.1999999999999993
      vertex 3.248782713983776 57.332239855282104 1.5999999999999996
      vertex 3.6 58.6 0.1999999999999993
    endloop
  endfacet
  facet normal -0.048131908714572756 0.734351019113204 0.6770612232958633
    outer loop
      vertex 3.6 58.6 0.1999999999999993
      vertex 3.6 57.30921985815603 1.5999999999999996
      vertex 3.7827366691080724 58.611977194076665 0.1999999999999993
    endloop
  endfacet
  facet normal -0.14357217584093396 0.7217860695756126 0.6770612232958617
    outer loop
      vertex 3.7827366691080724 58.611977194076665 0.1999999999999993
      vertex 3.9512172860162242 57.332239855282104 1.5999999999999996
      vertex 3.962346663143529 58.6477038431953 0.1999999999999993
    endloop
  endfacet
  facet normal -0.23655588323295962 0.6968711602706684 0.6770612232958602
    outer loop
      vertex 3.962346663143529 58.6477038431953 0.1999999999999993
      vertex 4.296425146892882 57.40090596812715 1.5999999999999996
      vertex 4.135756805311126 58.7065686544842 0.1999999999999993
    endloop
  endfacet
  facet normal -0.3254920538771348 0.6600325922043201 0.6770612232958627
    outer loop
      vertex 4.135756805311126 58.7065686544842 0.1999999999999993
      vertex 4.629716980420675 57.51404330046254 1.5999999999999996
      vertex 4.3 58.787564434701785 0.1999999999999993
    endloop
  endfacet
  facet normal -0.4088589652360535 0.6119006834897411 0.6770612232958636
    outer loop
      vertex 4.3 58.787564434701785 0.1999999999999993
      vertex 4.945390070921986 57.66971604116442 1.5999999999999996
      vertex 4.452266000612209 58.88930532359227 0.1999999999999993
    endloop
  endfacet
  facet normal -0.4852301863426791 0.5532989844297213 0.6770612232958613
    outer loop
      vertex 4.452266000612209 58.88930532359227 0.1999999999999993
      vertex 5.238043164297225 57.86526058647876 1.5999999999999996
      vertex 4.589949493661167 59.010050506338835 0.1999999999999993
    endloop
  endfacet
  facet normal -0.5532989844297228 0.4852301863426748 0.677061223295863
    outer loop
      vertex 4.589949493661167 59.010050506338835 0.1999999999999993
      vertex 5.502668884979973 58.097331115020026 1.5999999999999996
      vertex 4.710694676407729 59.14773399938779 0.1999999999999993
    endloop
  endfacet
  facet normal -0.6119006834897355 0.4088589652360629 0.6770612232958629
    outer loop
      vertex 4.710694676407729 59.14773399938779 0.1999999999999993
      vertex 5.734739413521239 58.36195683570277 1.5999999999999996
      vertex 4.812435565298214 59.3 0.1999999999999993
    endloop
  endfacet
  facet normal -0.660032592204321 0.3254920538771354 0.6770612232958616
    outer loop
      vertex 4.812435565298214 59.3 0.1999999999999993
      vertex 5.930283958835575 58.65460992907801 1.5999999999999996
      vertex 4.893431345515801 59.464243194688876 0.1999999999999993
    endloop
  endfacet
  facet normal -0.6968711602706721 0.23655588323294244 0.6770612232958625
    outer loop
      vertex 4.893431345515801 59.464243194688876 0.1999999999999993
      vertex 6.085956699537463 58.97028301957933 1.5999999999999996
      vertex 4.952296156804696 59.637653336856474 0.1999999999999993
    endloop
  endfacet
  facet normal -0.7217860695756104 0.14357217584094423 0.6770612232958618
    outer loop
      vertex 4.952296156804696 59.637653336856474 0.1999999999999993
      vertex 6.199094031872854 59.30357485310712 1.5999999999999996
      vertex 4.988022805923334 59.817263330891926 0.1999999999999993
    endloop
  endfacet
  facet normal -0.7343510191132043 0.048131908714579445 0.6770612232958624
    outer loop
      vertex 4.988022805923334 59.817263330891926 0.1999999999999993
      vertex 6.267760144717899 59.64878271398378 1.5999999999999996
      vertex 5 60 0.1999999999999993
    endloop
  endfacet
  facet normal -0.7217860695756102 -0.14357217584094417 0.6770612232958622
    outer loop
      vertex 4.988022805923334 60.182736669108074 0.1999999999999993
      vertex 6.267760144717899 60.35121728601622 1.5999999999999996
      vertex 4.952296156804696 60.362346663143526 0.1999999999999993
    endloop
  endfacet
  facet normal -0.7343510191132043 -0.048131908714579445 0.6770612232958625
    outer loop
      vertex 5 60 0.1999999999999993
      vertex 6.290780141843973 60 1.5999999999999996
      vertex 4.988022805923334 60.182736669108074 0.1999999999999993
    endloop
  endfacet
  facet normal -0.6968711602706726 -0.2365558832329426 0.6770612232958618
    outer loop
      vertex 4.893431345515801 60.535756805311124 0.1999999999999993
      vertex 4.952296156804696 60.362346663143526 0.1999999999999993
      vertex 6.199094031872854 60.69642514689288 1.5999999999999996
    endloop
  endfacet
  facet normal -0.6600325922043199 -0.32549205387713487 0.6770612232958628
    outer loop
      vertex 4.893431345515801 60.535756805311124 0.1999999999999993
      vertex 6.085956699537463 61.02971698042067 1.5999999999999996
      vertex 4.812435565298214 60.7 0.1999999999999993
    endloop
  endfacet
  facet normal 0.6119006834897355 -0.4088589652360629 0.6770612232958629
    outer loop
      vertex 2.387564434701786 60.7 0.1999999999999993
      vertex 2.489305323592271 60.85226600061221 0.1999999999999993
      vertex 1.4652605864787613 61.63804316429723 1.5999999999999996
    endloop
  endfacet
  facet normal 0.5532989844297227 -0.48523018634267473 0.677061223295863
    outer loop
      vertex 2.489305323592271 60.85226600061221 0.1999999999999993
      vertex 2.6100505063388333 60.989949493661165 0.1999999999999993
      vertex 1.6973311150200272 61.902668884979974 1.5999999999999996
    endloop
  endfacet
  facet normal 0.4852301863426791 -0.5532989844297213 0.6770612232958612
    outer loop
      vertex 2.6100505063388333 60.989949493661165 0.1999999999999993
      vertex 2.7477339993877914 61.11069467640773 0.1999999999999993
      vertex 1.9619568357027757 62.13473941352124 1.5999999999999996
    endloop
  endfacet
  facet normal 0.4088589652360535 -0.6119006834897411 0.6770612232958636
    outer loop
      vertex 2.7477339993877914 61.11069467640773 0.1999999999999993
      vertex 2.9000000000000004 61.212435565298215 0.1999999999999993
      vertex 2.254609929078014 62.33028395883558 1.5999999999999996
    endloop
  endfacet
  facet normal 0.3254920538771348 -0.6600325922043201 0.6770612232958627
    outer loop
      vertex 2.9000000000000004 61.212435565298215 0.1999999999999993
      vertex 3.064243194688874 61.2934313455158 0.1999999999999993
      vertex 2.5702830195793256 62.48595669953746 1.5999999999999996
    endloop
  endfacet
  facet normal 0.23655588323295962 -0.6968711602706684 0.6770612232958602
    outer loop
      vertex 3.064243194688874 61.2934313455158 0.1999999999999993
      vertex 3.237653336856471 61.3522961568047 0.1999999999999993
      vertex 2.903574853107118 62.59909403187285 1.5999999999999996
    endloop
  endfacet
  facet normal 0.14357217584093396 -0.7217860695756126 0.6770612232958617
    outer loop
      vertex 3.237653336856471 61.3522961568047 0.1999999999999993
      vertex 3.417263330891928 61.388022805923335 0.1999999999999993
      vertex 3.248782713983776 62.667760144717896 1.5999999999999996
    endloop
  endfacet
  facet normal 0.048131908714572756 -0.734351019113204 0.6770612232958633
    outer loop
      vertex 3.417263330891928 61.388022805923335 0.1999999999999993
      vertex 3.6 61.4 0.1999999999999993
      vertex 3.6 62.69078014184397 1.5999999999999996
    endloop
  endfacet
  facet normal -0.04813190871457287 -0.7343510191132058 0.6770612232958613
    outer loop
      vertex 3.7827366691080724 61.388022805923335 0.1999999999999993
      vertex 3.9512172860162242 62.667760144717896 1.5999999999999996
      vertex 3.6 61.4 0.1999999999999993
    endloop
  endfacet
  facet normal -0.1435721758409342 -0.7217860695756139 0.6770612232958604
    outer loop
      vertex 3.7827366691080724 61.388022805923335 0.1999999999999993
      vertex 3.962346663143529 61.3522961568047 0.1999999999999993
      vertex 4.296425146892882 62.59909403187285 1.5999999999999996
    endloop
  endfacet
  facet normal -0.23655588323295884 -0.6968711602706661 0.6770612232958629
    outer loop
      vertex 3.962346663143529 61.3522961568047 0.1999999999999993
      vertex 4.135756805311126 61.2934313455158 0.1999999999999993
      vertex 4.629716980420675 62.48595669953746 1.5999999999999996
    endloop
  endfacet
  facet normal -0.3254920538771347 -0.6600325922043199 0.677061223295863
    outer loop
      vertex 4.135756805311126 61.2934313455158 0.1999999999999993
      vertex 4.3 61.212435565298215 0.1999999999999993
      vertex 4.945390070921986 62.33028395883558 1.5999999999999996
    endloop
  endfacet
  facet normal -0.48523018634267784 -0.5532989844297197 0.6770612232958633
    outer loop
      vertex 4.589949493661167 60.989949493661165 0.1999999999999993
      vertex 5.502668884979973 61.902668884979974 1.5999999999999996
      vertex 4.452266000612209 61.11069467640773 0.1999999999999993
    endloop
  endfacet
  facet normal -0.553298984429723 -0.485230186342675 0.6770612232958626
    outer loop
      vertex 4.589949493661167 60.989949493661165 0.1999999999999993
      vertex 4.710694676407729 60.85226600061221 0.1999999999999993
      vertex 5.734739413521239 61.63804316429723 1.5999999999999996
    endloop
  endfacet
  facet normal -0.4088589652360547 -0.6119006834897429 0.6770612232958614
    outer loop
      vertex 4.3 61.212435565298215 0.1999999999999993
      vertex 4.452266000612209 61.11069467640773 0.1999999999999993
      vertex 5.238043164297225 62.13473941352124 1.5999999999999996
    endloop
  endfacet
  facet normal -0.6119006834897365 -0.4088589652360635 0.6770612232958617
    outer loop
      vertex 4.710694676407729 60.85226600061221 0.1999999999999993
      vertex 4.812435565298214 60.7 0.1999999999999993
      vertex 5.930283958835575 61.34539007092199 1.5999999999999996
    endloop
  endfacet
  facet normal 0.6119006834897404 0.4088589652360562 0.6770612232958626
    outer loop
      vertex 2.489305323592271 59.14773399938779 0.1999999999999993
      vertex 1.269716041164425 58.65460992907801 1.5999999999999996
      vertex 1.4652605864787613 58.36195683570277 1.5999999999999996
    endloop
  endfacet
  facet normal 0.4088589652360678 0.611900683489732 0.677061223295863
    outer loop
      vertex 2.9000000000000004 58.787564434701785 0.1999999999999993
      vertex 1.9619568357027757 57.86526058647876 1.5999999999999996
      vertex 2.254609929078014 57.66971604116442 1.5999999999999996
    endloop
  endfacet
  facet normal 0.5532989844297251 0.4852301863426723 0.6770612232958629
    outer loop
      vertex 2.6100505063388333 59.010050506338835 0.1999999999999993
      vertex 1.4652605864787613 58.36195683570277 1.5999999999999996
      vertex 1.6973311150200272 58.097331115020026 1.5999999999999996
    endloop
  endfacet
  facet normal 0.48523018634266674 0.5532989844297312 0.6770612232958618
    outer loop
      vertex 2.7477339993877914 58.88930532359227 0.1999999999999993
      vertex 1.6973311150200272 58.097331115020026 1.5999999999999996
      vertex 1.9619568357027757 57.86526058647876 1.5999999999999996
    endloop
  endfacet
  facet normal 0.6600325922043173 0.32549205387714186 0.677061223295862
    outer loop
      vertex 2.387564434701786 59.3 0.1999999999999993
      vertex 1.1140433004625374 58.97028301957933 1.5999999999999996
      vertex 1.269716041164425 58.65460992907801 1.5999999999999996
    endloop
  endfacet
  facet normal 0.6968711602706732 0.23655588323293994 0.6770612232958624
    outer loop
      vertex 2.306568654484199 59.464243194688876 0.1999999999999993
      vertex 1.000905968127145 59.30357485310712 1.5999999999999996
      vertex 1.1140433004625374 58.97028301957933 1.5999999999999996
    endloop
  endfacet
  facet normal 0.7217860695756102 0.14357217584094417 0.6770612232958622
    outer loop
      vertex 2.2477038431953043 59.637653336856474 0.1999999999999993
      vertex 0.9322398552821014 59.64878271398378 1.5999999999999996
      vertex 1.000905968127145 59.30357485310712 1.5999999999999996
    endloop
  endfacet
  facet normal 0.7343510191132043 0.048131908714578724 0.6770612232958623
    outer loop
      vertex 2.211977194076666 59.817263330891926 0.1999999999999993
      vertex 0.9092198581560281 60 1.5999999999999996
      vertex 0.9322398552821014 59.64878271398378 1.5999999999999996
    endloop
  endfacet
  facet normal 0.7343510191132044 -0.04813190871457863 0.6770612232958623
    outer loop
      vertex 2.2 60 0.1999999999999993
      vertex 0.9322398552821014 60.35121728601622 1.5999999999999996
      vertex 0.9092198581560281 60 1.5999999999999996
    endloop
  endfacet
  facet normal 0.7217860695756102 -0.14357217584094406 0.6770612232958623
    outer loop
      vertex 2.211977194076666 60.182736669108074 0.1999999999999993
      vertex 1.000905968127145 60.69642514689288 1.5999999999999996
      vertex 0.9322398552821014 60.35121728601622 1.5999999999999996
    endloop
  endfacet
  facet normal 0.6968711602706732 -0.23655588323294008 0.6770612232958622
    outer loop
      vertex 2.2477038431953043 60.362346663143526 0.1999999999999993
      vertex 1.1140433004625374 61.02971698042067 1.5999999999999996
      vertex 1.000905968127145 60.69642514689288 1.5999999999999996
    endloop
  endfacet
  facet normal 0.32549205387713254 0.6600325922043212 0.6770612232958628
    outer loop
      vertex 3.064243194688874 58.7065686544842 0.1999999999999993
      vertex 2.254609929078014 57.66971604116442 1.5999999999999996
      vertex 2.5702830195793256 57.51404330046254 1.5999999999999996
    endloop
  endfacet
  facet normal 0.2365558832329402 0.6968711602706744 0.6770612232958607
    outer loop
      vertex 3.237653336856471 58.6477038431953 0.1999999999999993
      vertex 2.5702830195793256 57.51404330046254 1.5999999999999996
      vertex 2.903574853107118 57.40090596812715 1.5999999999999996
    endloop
  endfacet
  facet normal 0.1435721758409437 0.721786069575611 0.6770612232958615
    outer loop
      vertex 3.417263330891928 58.611977194076665 0.1999999999999993
      vertex 2.903574853107118 57.40090596812715 1.5999999999999996
      vertex 3.248782713983776 57.332239855282104 1.5999999999999996
    endloop
  endfacet
  facet normal 0.04813190871458712 0.7343510191132034 0.6770612232958627
    outer loop
      vertex 3.6 58.6 0.1999999999999993
      vertex 3.248782713983776 57.332239855282104 1.5999999999999996
      vertex 3.6 57.30921985815603 1.5999999999999996
    endloop
  endfacet
  facet normal -0.04813190871458735 0.7343510191132043 0.6770612232958617
    outer loop
      vertex 3.7827366691080724 58.611977194076665 0.1999999999999993
      vertex 3.6 57.30921985815603 1.5999999999999996
      vertex 3.9512172860162242 57.332239855282104 1.5999999999999996
    endloop
  endfacet
  facet normal -0.14357217584094384 0.7217860695756115 0.6770612232958608
    outer loop
      vertex 3.962346663143529 58.6477038431953 0.1999999999999993
      vertex 3.9512172860162242 57.332239855282104 1.5999999999999996
      vertex 4.296425146892882 57.40090596812715 1.5999999999999996
    endloop
  endfacet
  facet normal -0.2365558832329395 0.6968711602706733 0.6770612232958624
    outer loop
      vertex 4.135756805311126 58.7065686544842 0.1999999999999993
      vertex 4.296425146892882 57.40090596812715 1.5999999999999996
      vertex 4.629716980420675 57.51404330046254 1.5999999999999996
    endloop
  endfacet
  facet normal -0.3254920538771323 0.660032592204321 0.6770612232958629
    outer loop
      vertex 4.3 58.787564434701785 0.1999999999999993
      vertex 4.629716980420675 57.51404330046254 1.5999999999999996
      vertex 4.945390070921986 57.66971604116442 1.5999999999999996
    endloop
  endfacet
  facet normal -0.4088589652360681 0.6119006834897334 0.6770612232958619
    outer loop
      vertex 4.452266000612209 58.88930532359227 0.1999999999999993
      vertex 4.945390070921986 57.66971604116442 1.5999999999999996
      vertex 5.238043164297225 57.86526058647876 1.5999999999999996
    endloop
  endfacet
  facet normal -0.4852301863426668 0.5532989844297301 0.6770612232958628
    outer loop
      vertex 4.589949493661167 59.010050506338835 0.1999999999999993
      vertex 5.238043164297225 57.86526058647876 1.5999999999999996
      vertex 5.502668884979973 58.097331115020026 1.5999999999999996
    endloop
  endfacet
  facet normal -0.5532989844297248 0.48523018634267273 0.6770612232958628
    outer loop
      vertex 4.710694676407729 59.14773399938779 0.1999999999999993
      vertex 5.502668884979973 58.097331115020026 1.5999999999999996
      vertex 5.734739413521239 58.36195683570277 1.5999999999999996
    endloop
  endfacet
  facet normal -0.6119006834897411 0.40885896523605586 0.6770612232958619
    outer loop
      vertex 4.812435565298214 59.3 0.1999999999999993
      vertex 5.734739413521239 58.36195683570277 1.5999999999999996
      vertex 5.930283958835575 58.65460992907801 1.5999999999999996
    endloop
  endfacet
  facet normal -0.6600325922043163 0.3254920538771429 0.6770612232958625
    outer loop
      vertex 4.893431345515801 59.464243194688876 0.1999999999999993
      vertex 5.930283958835575 58.65460992907801 1.5999999999999996
      vertex 6.085956699537463 58.97028301957933 1.5999999999999996
    endloop
  endfacet
  facet normal -0.6968711602706741 0.2365558832329382 0.6770612232958619
    outer loop
      vertex 4.952296156804696 59.637653336856474 0.1999999999999993
      vertex 6.085956699537463 58.97028301957933 1.5999999999999996
      vertex 6.199094031872854 59.30357485310712 1.5999999999999996
    endloop
  endfacet
  facet normal -0.7217860695756098 0.14357217584094645 0.6770612232958623
    outer loop
      vertex 4.988022805923334 59.817263330891926 0.1999999999999993
      vertex 6.199094031872854 59.30357485310712 1.5999999999999996
      vertex 6.267760144717899 59.64878271398378 1.5999999999999996
    endloop
  endfacet
  facet normal -0.7343510191132042 0.048131908714580146 0.6770612232958625
    outer loop
      vertex 5 60 0.1999999999999993
      vertex 6.267760144717899 59.64878271398378 1.5999999999999996
      vertex 6.290780141843973 60 1.5999999999999996
    endloop
  endfacet
  facet normal -0.7343510191132042 -0.04813190871457991 0.6770612232958624
    outer loop
      vertex 4.988022805923334 60.182736669108074 0.1999999999999993
      vertex 6.290780141843973 60 1.5999999999999996
      vertex 6.267760144717899 60.35121728601622 1.5999999999999996
    endloop
  endfacet
  facet normal -0.72178606957561 -0.1435721758409463 0.677061223295862
    outer loop
      vertex 4.952296156804696 60.362346663143526 0.1999999999999993
      vertex 6.267760144717899 60.35121728601622 1.5999999999999996
      vertex 6.199094031872854 60.69642514689288 1.5999999999999996
    endloop
  endfacet
  facet normal -0.6968711602706738 -0.23655588323293802 0.6770612232958623
    outer loop
      vertex 4.893431345515801 60.535756805311124 0.1999999999999993
      vertex 6.199094031872854 60.69642514689288 1.5999999999999996
      vertex 6.085956699537463 61.02971698042067 1.5999999999999996
    endloop
  endfacet
  facet normal 0.6600325922043169 -0.32549205387714175 0.6770612232958624
    outer loop
      vertex 2.306568654484199 60.535756805311124 0.1999999999999993
      vertex 1.269716041164425 61.34539007092199 1.5999999999999996
      vertex 1.1140433004625374 61.02971698042067 1.5999999999999996
    endloop
  endfacet
  facet normal 0.6119006834897408 -0.4088589652360565 0.6770612232958622
    outer loop
      vertex 2.387564434701786 60.7 0.1999999999999993
      vertex 1.4652605864787613 61.63804316429723 1.5999999999999996
      vertex 1.269716041164425 61.34539007092199 1.5999999999999996
    endloop
  endfacet
  facet normal 0.5532989844297251 -0.4852301863426723 0.6770612232958629
    outer loop
      vertex 2.489305323592271 60.85226600061221 0.1999999999999993
      vertex 1.6973311150200272 61.902668884979974 1.5999999999999996
      vertex 1.4652605864787613 61.63804316429723 1.5999999999999996
    endloop
  endfacet
  facet normal 0.48523018634266607 -0.5532989844297306 0.6770612232958628
    outer loop
      vertex 2.6100505063388333 60.989949493661165 0.1999999999999993
      vertex 1.9619568357027757 62.13473941352124 1.5999999999999996
      vertex 1.6973311150200272 61.902668884979974 1.5999999999999996
    endloop
  endfacet
  facet normal 0.40885896523606857 -0.6119006834897331 0.6770612232958618
    outer loop
      vertex 2.7477339993877914 61.11069467640773 0.1999999999999993
      vertex 2.254609929078014 62.33028395883558 1.5999999999999996
      vertex 1.9619568357027757 62.13473941352124 1.5999999999999996
    endloop
  endfacet
  facet normal 0.3254920538771323 -0.660032592204321 0.6770612232958629
    outer loop
      vertex 2.9000000000000004 61.212435565298215 0.1999999999999993
      vertex 2.5702830195793256 62.48595669953746 1.5999999999999996
      vertex 2.254609929078014 62.33028395883558 1.5999999999999996
    endloop
  endfacet
  facet normal 0.2365558832329395 -0.6968711602706733 0.6770612232958624
    outer loop
      vertex 3.064243194688874 61.2934313455158 0.1999999999999993
      vertex 2.903574853107118 62.59909403187285 1.5999999999999996
      vertex 2.5702830195793256 62.48595669953746 1.5999999999999996
    endloop
  endfacet
  facet normal 0.14357217584094384 -0.7217860695756115 0.6770612232958608
    outer loop
      vertex 3.237653336856471 61.3522961568047 0.1999999999999993
      vertex 3.248782713983776 62.667760144717896 1.5999999999999996
      vertex 2.903574853107118 62.59909403187285 1.5999999999999996
    endloop
  endfacet
  facet normal 0.04813190871458735 -0.7343510191132043 0.6770612232958617
    outer loop
      vertex 3.417263330891928 61.388022805923335 0.1999999999999993
      vertex 3.6 62.69078014184397 1.5999999999999996
      vertex 3.248782713983776 62.667760144717896 1.5999999999999996
    endloop
  endfacet
  facet normal -0.04813190871458712 -0.7343510191132034 0.6770612232958627
    outer loop
      vertex 3.6 61.4 0.1999999999999993
      vertex 3.9512172860162242 62.667760144717896 1.5999999999999996
      vertex 3.6 62.69078014184397 1.5999999999999996
    endloop
  endfacet
  facet normal -0.1435721758409437 -0.721786069575611 0.6770612232958615
    outer loop
      vertex 3.7827366691080724 61.388022805923335 0.1999999999999993
      vertex 4.296425146892882 62.59909403187285 1.5999999999999996
      vertex 3.9512172860162242 62.667760144717896 1.5999999999999996
    endloop
  endfacet
  facet normal -0.2365558832329402 -0.6968711602706744 0.6770612232958607
    outer loop
      vertex 3.962346663143529 61.3522961568047 0.1999999999999993
      vertex 4.629716980420675 62.48595669953746 1.5999999999999996
      vertex 4.296425146892882 62.59909403187285 1.5999999999999996
    endloop
  endfacet
  facet normal -0.32549205387713254 -0.6600325922043212 0.6770612232958628
    outer loop
      vertex 4.135756805311126 61.2934313455158 0.1999999999999993
      vertex 4.945390070921986 62.33028395883558 1.5999999999999996
      vertex 4.629716980420675 62.48595669953746 1.5999999999999996
    endloop
  endfacet
  facet normal -0.4088589652360674 -0.6119006834897325 0.6770612232958632
    outer loop
      vertex 4.3 61.212435565298215 0.1999999999999993
      vertex 5.238043164297225 62.13473941352124 1.5999999999999996
      vertex 4.945390070921986 62.33028395883558 1.5999999999999996
    endloop
  endfacet
  facet normal -0.48523018634266746 -0.5532989844297308 0.6770612232958617
    outer loop
      vertex 4.452266000612209 61.11069467640773 0.1999999999999993
      vertex 5.502668884979973 61.902668884979974 1.5999999999999996
      vertex 5.238043164297225 62.13473941352124 1.5999999999999996
    endloop
  endfacet
  facet normal -0.6600325922043168 -0.32549205387714325 0.6770612232958619
    outer loop
      vertex 4.812435565298214 60.7 0.1999999999999993
      vertex 6.085956699537463 61.02971698042067 1.5999999999999996
      vertex 5.930283958835575 61.34539007092199 1.5999999999999996
    endloop
  endfacet
  facet normal -0.6119006834897409 -0.4088589652360555 0.6770612232958627
    outer loop
      vertex 4.710694676407729 60.85226600061221 0.1999999999999993
      vertex 5.930283958835575 61.34539007092199 1.5999999999999996
      vertex 5.734739413521239 61.63804316429723 1.5999999999999996
    endloop
  endfacet
  facet normal -0.5532989844297249 -0.48523018634267256 0.6770612232958629
    outer loop
      vertex 4.589949493661167 60.989949493661165 0.1999999999999993
      vertex 5.734739413521239 61.63804316429723 1.5999999999999996
      vertex 5.502668884979973 61.902668884979974 1.5999999999999996
    endloop
  endfacet
  facet normal 0.7518398074789742 0.6593458151000726 0
    outer loop
      vertex 65.28930532359227 57.14773399938779 0.1999999999999993
      vertex 65.41005050633883 57.010050506338835 0
      vertex 65.28930532359227 57.14773399938779 0
    endloop
  endfacet
  facet normal 0.8968727415326844 0.44228869021900935 0
    outer loop
      vertex 65.1065686544842 57.464243194688876 0.1999999999999993
      vertex 65.1875644347018 57.3 0
      vertex 65.1065686544842 57.464243194688876 0
    endloop
  endfacet
  facet normal 0.9469301294950979 0.321439465303184 0
    outer loop
      vertex 65.04770384319531 57.637653336856474 0.1999999999999993
      vertex 65.1065686544842 57.464243194688876 0
      vertex 65.04770384319531 57.637653336856474 0
    endloop
  endfacet
  facet normal 0.8314696123025678 0.5555702330195684 0
    outer loop
      vertex 65.1875644347018 57.3 0.1999999999999993
      vertex 65.28930532359227 57.14773399938779 0
      vertex 65.1875644347018 57.3 0
    endloop
  endfacet
  facet normal 0.9807852804032394 0.1950903220160829 0
    outer loop
      vertex 65.01197719407668 57.817263330891926 0.1999999999999993
      vertex 65.04770384319531 57.637653336856474 0
      vertex 65.01197719407668 57.817263330891926 0
    endloop
  endfacet
  facet normal 0.9978589232385989 0.06540312923021181 0
    outer loop
      vertex 65 58 0.1999999999999993
      vertex 65.01197719407668 57.817263330891926 0
      vertex 65 58 0
    endloop
  endfacet
  facet normal 0.9978589232385989 -0.06540312923021181 0
    outer loop
      vertex 65.01197719407668 58.182736669108074 0.1999999999999993
      vertex 65 58 0
      vertex 65.01197719407668 58.182736669108074 0
    endloop
  endfacet
  facet normal 0.9807852804032394 -0.1950903220160829 0
    outer loop
      vertex 65.04770384319531 58.362346663143526 0.1999999999999993
      vertex 65.01197719407668 58.182736669108074 0
      vertex 65.04770384319531 58.362346663143526 0
    endloop
  endfacet
  facet normal 0.9469301294950979 -0.321439465303184 0
    outer loop
      vertex 65.1065686544842 58.535756805311124 0.1999999999999993
      vertex 65.04770384319531 58.362346663143526 0
      vertex 65.1065686544842 58.535756805311124 0
    endloop
  endfacet
  facet normal 0.8968727415326844 -0.44228869021900935 0
    outer loop
      vertex 65.1875644347018 58.7 0.1999999999999993
      vertex 65.1065686544842 58.535756805311124 0
      vertex 65.1875644347018 58.7 0
    endloop
  endfacet
  facet normal 0.7518398074789742 0.6593458151000726 -7.349739070968082e-18
    outer loop
      vertex 65.28930532359227 57.14773399938779 0.1999999999999993
      vertex 65.41005050633883 57.010050506338835 0.1999999999999993
      vertex 65.41005050633883 57.010050506338835 0
    endloop
  endfacet
  facet normal 0.9469301294950979 0.321439465303184 0
    outer loop
      vertex 65.1065686544842 57.464243194688876 0.1999999999999993
      vertex 65.1065686544842 57.464243194688876 0
      vertex 65.04770384319531 57.637653336856474 0.1999999999999993
    endloop
  endfacet
  facet normal 0.8314696123025678 0.5555702330195684 0
    outer loop
      vertex 65.28930532359227 57.14773399938779 0.1999999999999993
      vertex 65.28930532359227 57.14773399938779 0
      vertex 65.1875644347018 57.3 0.1999999999999993
    endloop
  endfacet
  facet normal 0.8968727415326844 0.44228869021900935 0
    outer loop
      vertex 65.1875644347018 57.3 0.1999999999999993
      vertex 65.1875644347018 57.3 0
      vertex 65.1065686544842 57.464243194688876 0.1999999999999993
    endloop
  endfacet
  facet normal 0.9807852804032394 0.1950903220160829 0
    outer loop
      vertex 65.04770384319531 57.637653336856474 0.1999999999999993
      vertex 65.04770384319531 57.637653336856474 0
      vertex 65.01197719407668 57.817263330891926 0.1999999999999993
    endloop
  endfacet
  facet normal 0.9978589232385989 0.06540312923021181 0
    outer loop
      vertex 65.01197719407668 57.817263330891926 0.1999999999999993
      vertex 65.01197719407668 57.817263330891926 0
      vertex 65 58 0.1999999999999993
    endloop
  endfacet
  facet normal 0.9978589232385989 -0.06540312923021181 0
    outer loop
      vertex 65 58 0.1999999999999993
      vertex 65 58 0
      vertex 65.01197719407668 58.182736669108074 0.1999999999999993
    endloop
  endfacet
  facet normal 0.9807852804032394 -0.1950903220160829 0
    outer loop
      vertex 65.01197719407668 58.182736669108074 0.1999999999999993
      vertex 65.01197719407668 58.182736669108074 0
      vertex 65.04770384319531 58.362346663143526 0.1999999999999993
    endloop
  endfacet
  facet normal 0.9469301294950979 -0.321439465303184 0
    outer loop
      vertex 65.04770384319531 58.362346663143526 0.1999999999999993
      vertex 65.04770384319531 58.362346663143526 0
      vertex 65.1065686544842 58.535756805311124 0.1999999999999993
    endloop
  endfacet
  facet normal 0.8968727415326844 -0.44228869021900935 0
    outer loop
      vertex 65.1065686544842 58.535756805311124 0.1999999999999993
      vertex 65.1065686544842 58.535756805311124 0
      vertex 65.1875644347018 58.7 0.1999999999999993
    endloop
  endfacet
  facet normal 0.8314696123025678 -0.5555702330195684 0
    outer loop
      vertex 65.1875644347018 58.7 0.1999999999999993
      vertex 65.1875644347018 58.7 0
      vertex 65.28930532359227 58.85226600061221 0.1999999999999993
    endloop
  endfacet
  facet normal 0.8314696123025678 -0.5555702330195684 0
    outer loop
      vertex 65.28930532359227 58.85226600061221 0.1999999999999993
      vertex 65.1875644347018 58.7 0
      vertex 65.28930532359227 58.85226600061221 0
    endloop
  endfacet
  facet normal 0.7518398074789742 -0.6593458151000726 0
    outer loop
      vertex 65.41005050633883 58.989949493661165 0.1999999999999993
      vertex 65.28930532359227 58.85226600061221 0
      vertex 65.41005050633883 58.989949493661165 0
    endloop
  endfacet
  facet normal 0.7518398074789742 -0.6593458151000726 0
    outer loop
      vertex 65.28930532359227 58.85226600061221 0.1999999999999993
      vertex 65.28930532359227 58.85226600061221 0
      vertex 65.41005050633883 58.989949493661165 0.1999999999999993
    endloop
  endfacet
  facet normal 0.5555702330196132 0.8314696123025379 0
    outer loop
      vertex 65.5477339993878 56.88930532359227 0.1999999999999993
      vertex 65.7 56.787564434701785 0
      vertex 65.5477339993878 56.88930532359227 0
    endloop
  endfacet
  facet normal 0.6593458151000561 0.7518398074789886 0
    outer loop
      vertex 65.41005050633883 57.010050506338835 0.1999999999999993
      vertex 65.5477339993878 56.88930532359227 0
      vertex 65.41005050633883 57.010050506338835 0
    endloop
  endfacet
  facet normal 0.44228869021897815 0.8968727415326999 0
    outer loop
      vertex 65.7 56.787564434701785 0.1999999999999993
      vertex 65.86424319468888 56.7065686544842 0
      vertex 65.7 56.787564434701785 0
    endloop
  endfacet
  facet normal 0.321439465303184 0.9469301294950979 0
    outer loop
      vertex 65.86424319468888 56.7065686544842 0.1999999999999993
      vertex 66.03765333685648 56.6477038431953 0
      vertex 65.86424319468888 56.7065686544842 0
    endloop
  endfacet
  facet normal 0.19509032201611282 0.9807852804032334 0
    outer loop
      vertex 66.03765333685648 56.6477038431953 0.1999999999999993
      vertex 66.21726333089194 56.611977194076665 0
      vertex 66.03765333685648 56.6477038431953 0
    endloop
  endfacet
  facet normal 0.06540312923013708 0.9978589232386039 0
    outer loop
      vertex 66.21726333089194 56.611977194076665 0.1999999999999993
      vertex 66.4 56.6 0
      vertex 66.21726333089194 56.611977194076665 0
    endloop
  endfacet
  facet normal -0.06540312923013708 0.9978589232386039 0
    outer loop
      vertex 66.4 56.6 0.1999999999999993
      vertex 66.58273666910807 56.611977194076665 0
      vertex 66.4 56.6 0
    endloop
  endfacet
  facet normal -0.19509032201611282 0.9807852804032334 0
    outer loop
      vertex 66.58273666910807 56.611977194076665 0.1999999999999993
      vertex 66.76234666314353 56.6477038431953 0
      vertex 66.58273666910807 56.611977194076665 0
    endloop
  endfacet
  facet normal -0.321439465303184 0.9469301294950979 0
    outer loop
      vertex 66.76234666314353 56.6477038431953 0.1999999999999993
      vertex 66.93575680531113 56.7065686544842 0
      vertex 66.76234666314353 56.6477038431953 0
    endloop
  endfacet
  facet normal -0.44228869021897815 0.8968727415326999 0
    outer loop
      vertex 66.93575680531113 56.7065686544842 0.1999999999999993
      vertex 67.10000000000001 56.787564434701785 0
      vertex 66.93575680531113 56.7065686544842 0
    endloop
  endfacet
  facet normal -0.5555702330196132 0.8314696123025379 0
    outer loop
      vertex 67.10000000000001 56.787564434701785 0.1999999999999993
      vertex 67.25226600061221 56.88930532359227 0
      vertex 67.10000000000001 56.787564434701785 0
    endloop
  endfacet
  facet normal -0.6593458151000561 0.7518398074789886 0
    outer loop
      vertex 67.25226600061221 56.88930532359227 0.1999999999999993
      vertex 67.38994949366118 57.010050506338835 0
      vertex 67.25226600061221 56.88930532359227 0
    endloop
  endfacet
  facet normal -0.7518398074789742 0.6593458151000726 0
    outer loop
      vertex 67.38994949366118 57.010050506338835 0.1999999999999993
      vertex 67.51069467640774 57.14773399938779 0
      vertex 67.38994949366118 57.010050506338835 0
    endloop
  endfacet
  facet normal -0.8314696123025678 0.5555702330195684 0
    outer loop
      vertex 67.51069467640774 57.14773399938779 0.1999999999999993
      vertex 67.61243556529821 57.3 0
      vertex 67.51069467640774 57.14773399938779 0
    endloop
  endfacet
  facet normal 0.5555702330196132 0.8314696123025379 0
    outer loop
      vertex 65.7 56.787564434701785 0.1999999999999993
      vertex 65.7 56.787564434701785 0
      vertex 65.5477339993878 56.88930532359227 0.1999999999999993
    endloop
  endfacet
  facet normal 0.6593458151000561 0.7518398074789886 3.546095543918151e-17
    outer loop
      vertex 65.41005050633883 57.010050506338835 0.1999999999999993
      vertex 65.5477339993878 56.88930532359227 0.1999999999999993
      vertex 65.5477339993878 56.88930532359227 0
    endloop
  endfacet
  facet normal 0.44228869021897815 0.8968727415326999 -2.2337136903352752e-17
    outer loop
      vertex 65.7 56.787564434701785 0.1999999999999993
      vertex 65.86424319468888 56.7065686544842 0.1999999999999993
      vertex 65.86424319468888 56.7065686544842 0
    endloop
  endfacet
  facet normal 0.321439465303184 0.9469301294950979 -2.210174010679963e-17
    outer loop
      vertex 65.86424319468888 56.7065686544842 0.1999999999999993
      vertex 66.03765333685648 56.6477038431953 0.1999999999999993
      vertex 66.03765333685648 56.6477038431953 0
    endloop
  endfacet
  facet normal 0.19509032201611282 0.9807852804032334 7.008545044511371e-19
    outer loop
      vertex 66.03765333685648 56.6477038431953 0.1999999999999993
      vertex 66.21726333089194 56.611977194076665 0.1999999999999993
      vertex 66.21726333089194 56.611977194076665 0
    endloop
  endfacet
  facet normal 0.06540312923013708 0.9978589232386039 -5.091529840013688e-18
    outer loop
      vertex 66.21726333089194 56.611977194076665 0.1999999999999993
      vertex 66.4 56.6 0.1999999999999993
      vertex 66.4 56.6 0
    endloop
  endfacet
  facet normal -0.06540312923013708 0.9978589232386039 5.091529840013688e-18
    outer loop
      vertex 66.4 56.6 0.1999999999999993
      vertex 66.58273666910807 56.611977194076665 0.1999999999999993
      vertex 66.58273666910807 56.611977194076665 0
    endloop
  endfacet
  facet normal -0.19509032201611282 0.9807852804032334 -7.008545044511371e-19
    outer loop
      vertex 66.58273666910807 56.611977194076665 0.1999999999999993
      vertex 66.76234666314353 56.6477038431953 0.1999999999999993
      vertex 66.76234666314353 56.6477038431953 0
    endloop
  endfacet
  facet normal -0.321439465303184 0.9469301294950979 2.210174010679963e-17
    outer loop
      vertex 66.76234666314353 56.6477038431953 0.1999999999999993
      vertex 66.93575680531113 56.7065686544842 0.1999999999999993
      vertex 66.93575680531113 56.7065686544842 0
    endloop
  endfacet
  facet normal -0.44228869021897815 0.8968727415326999 2.2337136903352752e-17
    outer loop
      vertex 66.93575680531113 56.7065686544842 0.1999999999999993
      vertex 67.10000000000001 56.787564434701785 0.1999999999999993
      vertex 67.10000000000001 56.787564434701785 0
    endloop
  endfacet
  facet normal -0.5555702330196132 0.8314696123025379 -4.404052229758443e-18
    outer loop
      vertex 67.10000000000001 56.787564434701785 0.1999999999999993
      vertex 67.25226600061221 56.88930532359227 0.1999999999999993
      vertex 67.25226600061221 56.88930532359227 0
    endloop
  endfacet
  facet normal -0.6593458151000561 0.7518398074789886 -3.546095543918151e-17
    outer loop
      vertex 67.25226600061221 56.88930532359227 0.1999999999999993
      vertex 67.38994949366118 57.010050506338835 0.1999999999999993
      vertex 67.38994949366118 57.010050506338835 0
    endloop
  endfacet
  facet normal -0.7518398074789742 0.6593458151000726 7.349739070968082e-18
    outer loop
      vertex 67.38994949366118 57.010050506338835 0.1999999999999993
      vertex 67.51069467640774 57.14773399938779 0.1999999999999993
      vertex 67.51069467640774 57.14773399938779 0
    endloop
  endfacet
  facet normal 0.6593458151000561 -0.7518398074789886 0
    outer loop
      vertex 65.5477339993878 59.11069467640773 0.1999999999999993
      vertex 65.41005050633883 58.989949493661165 0
      vertex 65.5477339993878 59.11069467640773 0
    endloop
  endfacet
  facet normal 0.5555702330196132 -0.8314696123025379 0
    outer loop
      vertex 65.7 59.212435565298215 0.1999999999999993
      vertex 65.5477339993878 59.11069467640773 0
      vertex 65.7 59.212435565298215 0
    endloop
  endfacet
  facet normal 0.44228869021897815 -0.8968727415326999 0
    outer loop
      vertex 65.86424319468888 59.2934313455158 0.1999999999999993
      vertex 65.7 59.212435565298215 0
      vertex 65.86424319468888 59.2934313455158 0
    endloop
  endfacet
  facet normal 0.321439465303184 -0.9469301294950979 0
    outer loop
      vertex 66.03765333685648 59.3522961568047 0.1999999999999993
      vertex 65.86424319468888 59.2934313455158 0
      vertex 66.03765333685648 59.3522961568047 0
    endloop
  endfacet
  facet normal 0.19509032201611282 -0.9807852804032334 0
    outer loop
      vertex 66.21726333089194 59.388022805923335 0.1999999999999993
      vertex 66.03765333685648 59.3522961568047 0
      vertex 66.21726333089194 59.388022805923335 0
    endloop
  endfacet
  facet normal 0.06540312923013708 -0.9978589232386039 0
    outer loop
      vertex 66.4 59.4 0.1999999999999993
      vertex 66.21726333089194 59.388022805923335 0
      vertex 66.4 59.4 0
    endloop
  endfacet
  facet normal -0.06540312923013708 -0.9978589232386039 0
    outer loop
      vertex 66.58273666910807 59.388022805923335 0.1999999999999993
      vertex 66.4 59.4 0
      vertex 66.58273666910807 59.388022805923335 0
    endloop
  endfacet
  facet normal -0.19509032201611282 -0.9807852804032334 0
    outer loop
      vertex 66.76234666314353 59.3522961568047 0.1999999999999993
      vertex 66.58273666910807 59.388022805923335 0
      vertex 66.76234666314353 59.3522961568047 0
    endloop
  endfacet
  facet normal -0.321439465303184 -0.9469301294950979 0
    outer loop
      vertex 66.93575680531113 59.2934313455158 0.1999999999999993
      vertex 66.76234666314353 59.3522961568047 0
      vertex 66.93575680531113 59.2934313455158 0
    endloop
  endfacet
  facet normal -0.44228869021897815 -0.8968727415326999 0
    outer loop
      vertex 67.10000000000001 59.212435565298215 0.1999999999999993
      vertex 66.93575680531113 59.2934313455158 0
      vertex 67.10000000000001 59.212435565298215 0
    endloop
  endfacet
  facet normal -0.5555702330196132 -0.8314696123025379 0
    outer loop
      vertex 67.25226600061221 59.11069467640773 0.1999999999999993
      vertex 67.10000000000001 59.212435565298215 0
      vertex 67.25226600061221 59.11069467640773 0
    endloop
  endfacet
  facet normal -0.6593458151000561 -0.7518398074789886 0
    outer loop
      vertex 67.38994949366118 58.989949493661165 0.1999999999999993
      vertex 67.25226600061221 59.11069467640773 0
      vertex 67.38994949366118 58.989949493661165 0
    endloop
  endfacet
  facet normal -0.7518398074789742 -0.6593458151000726 0
    outer loop
      vertex 67.51069467640774 58.85226600061221 0.1999999999999993
      vertex 67.38994949366118 58.989949493661165 0
      vertex 67.51069467640774 58.85226600061221 0
    endloop
  endfacet
  facet normal 0.6593458151000561 -0.7518398074789886 0
    outer loop
      vertex 65.41005050633883 58.989949493661165 0.1999999999999993
      vertex 65.41005050633883 58.989949493661165 0
      vertex 65.5477339993878 59.11069467640773 0.1999999999999993
    endloop
  endfacet
  facet normal 0.5555702330196132 -0.8314696123025379 0
    outer loop
      vertex 65.5477339993878 59.11069467640773 0.1999999999999993
      vertex 65.5477339993878 59.11069467640773 0
      vertex 65.7 59.212435565298215 0.1999999999999993
    endloop
  endfacet
  facet normal 0.44228869021897815 -0.8968727415326999 0
    outer loop
      vertex 65.7 59.212435565298215 0.1999999999999993
      vertex 65.7 59.212435565298215 0
      vertex 65.86424319468888 59.2934313455158 0.1999999999999993
    endloop
  endfacet
  facet normal 0.321439465303184 -0.9469301294950979 0
    outer loop
      vertex 65.86424319468888 59.2934313455158 0.1999999999999993
      vertex 65.86424319468888 59.2934313455158 0
      vertex 66.03765333685648 59.3522961568047 0.1999999999999993
    endloop
  endfacet
  facet normal 0.19509032201611282 -0.9807852804032334 0
    outer loop
      vertex 66.03765333685648 59.3522961568047 0.1999999999999993
      vertex 66.03765333685648 59.3522961568047 0
      vertex 66.21726333089194 59.388022805923335 0.1999999999999993
    endloop
  endfacet
  facet normal 0.06540312923013708 -0.9978589232386039 0
    outer loop
      vertex 66.21726333089194 59.388022805923335 0.1999999999999993
      vertex 66.21726333089194 59.388022805923335 0
      vertex 66.4 59.4 0.1999999999999993
    endloop
  endfacet
  facet normal -0.06540312923013708 -0.9978589232386039 0
    outer loop
      vertex 66.4 59.4 0.1999999999999993
      vertex 66.4 59.4 0
      vertex 66.58273666910807 59.388022805923335 0.1999999999999993
    endloop
  endfacet
  facet normal -0.44228869021897815 -0.8968727415326999 0
    outer loop
      vertex 66.93575680531113 59.2934313455158 0.1999999999999993
      vertex 66.93575680531113 59.2934313455158 0
      vertex 67.10000000000001 59.212435565298215 0.1999999999999993
    endloop
  endfacet
  facet normal -0.19509032201611282 -0.9807852804032334 0
    outer loop
      vertex 66.58273666910807 59.388022805923335 0.1999999999999993
      vertex 66.58273666910807 59.388022805923335 0
      vertex 66.76234666314353 59.3522961568047 0.1999999999999993
    endloop
  endfacet
  facet normal -0.321439465303184 -0.9469301294950979 0
    outer loop
      vertex 66.76234666314353 59.3522961568047 0.1999999999999993
      vertex 66.76234666314353 59.3522961568047 0
      vertex 66.93575680531113 59.2934313455158 0.1999999999999993
    endloop
  endfacet
  facet normal -0.5555702330196132 -0.8314696123025379 4.404052229758443e-18
    outer loop
      vertex 67.25226600061221 59.11069467640773 0.1999999999999993
      vertex 67.10000000000001 59.212435565298215 0.1999999999999993
      vertex 67.10000000000001 59.212435565298215 0
    endloop
  endfacet
  facet normal -0.6593458151000561 -0.7518398074789886 0
    outer loop
      vertex 67.25226600061221 59.11069467640773 0.1999999999999993
      vertex 67.25226600061221 59.11069467640773 0
      vertex 67.38994949366118 58.989949493661165 0.1999999999999993
    endloop
  endfacet
  facet normal -0.7518398074789742 -0.6593458151000726 0
    outer loop
      vertex 67.38994949366118 58.989949493661165 0.1999999999999993
      vertex 67.38994949366118 58.989949493661165 0
      vertex 67.51069467640774 58.85226600061221 0.1999999999999993
    endloop
  endfacet
  facet normal -0.8314696123025678 -0.5555702330195684 2.076497209332002e-18
    outer loop
      vertex 67.61243556529821 58.7 0.1999999999999993
      vertex 67.51069467640774 58.85226600061221 0.1999999999999993
      vertex 67.51069467640774 58.85226600061221 0
    endloop
  endfacet
  facet normal -0.8968727415326844 0.44228869021900935 0
    outer loop
      vertex 67.61243556529821 57.3 0.1999999999999993
      vertex 67.6934313455158 57.464243194688876 0
      vertex 67.61243556529821 57.3 0
    endloop
  endfacet
  facet normal -0.9469301294950979 0.321439465303184 0
    outer loop
      vertex 67.6934313455158 57.464243194688876 0.1999999999999993
      vertex 67.7522961568047 57.637653336856474 0
      vertex 67.6934313455158 57.464243194688876 0
    endloop
  endfacet
  facet normal -0.9807852804032394 0.1950903220160829 0
    outer loop
      vertex 67.7522961568047 57.637653336856474 0.1999999999999993
      vertex 67.78802280592333 57.817263330891926 0
      vertex 67.7522961568047 57.637653336856474 0
    endloop
  endfacet
  facet normal -0.9978589232385989 0.06540312923021181 0
    outer loop
      vertex 67.78802280592333 57.817263330891926 0.1999999999999993
      vertex 67.80000000000001 58 0
      vertex 67.78802280592333 57.817263330891926 0
    endloop
  endfacet
  facet normal -0.9978589232385989 -0.06540312923021181 0
    outer loop
      vertex 67.80000000000001 58 0.1999999999999993
      vertex 67.78802280592333 58.182736669108074 0
      vertex 67.80000000000001 58 0
    endloop
  endfacet
  facet normal -0.9807852804032394 -0.1950903220160829 0
    outer loop
      vertex 67.78802280592333 58.182736669108074 0.1999999999999993
      vertex 67.7522961568047 58.362346663143526 0
      vertex 67.78802280592333 58.182736669108074 0
    endloop
  endfacet
  facet normal -0.9469301294950979 -0.321439465303184 0
    outer loop
      vertex 67.7522961568047 58.362346663143526 0.1999999999999993
      vertex 67.6934313455158 58.535756805311124 0
      vertex 67.7522961568047 58.362346663143526 0
    endloop
  endfacet
  facet normal -0.8968727415326844 -0.44228869021900935 0
    outer loop
      vertex 67.6934313455158 58.535756805311124 0.1999999999999993
      vertex 67.61243556529821 58.7 0
      vertex 67.6934313455158 58.535756805311124 0
    endloop
  endfacet
  facet normal -0.8314696123025678 -0.5555702330195684 0
    outer loop
      vertex 67.61243556529821 58.7 0.1999999999999993
      vertex 67.51069467640774 58.85226600061221 0
      vertex 67.61243556529821 58.7 0
    endloop
  endfacet
  facet normal -0.8314696123025678 0.5555702330195684 -2.076497209332002e-18
    outer loop
      vertex 67.51069467640774 57.14773399938779 0.1999999999999993
      vertex 67.61243556529821 57.3 0.1999999999999993
      vertex 67.61243556529821 57.3 0
    endloop
  endfacet
  facet normal -0.8968727415326844 0.44228869021900935 1.002857090582027e-17
    outer loop
      vertex 67.61243556529821 57.3 0.1999999999999993
      vertex 67.6934313455158 57.464243194688876 0.1999999999999993
      vertex 67.6934313455158 57.464243194688876 0
    endloop
  endfacet
  facet normal -0.9469301294950979 0.321439465303184 2.210174010679963e-17
    outer loop
      vertex 67.6934313455158 57.464243194688876 0.1999999999999993
      vertex 67.7522961568047 57.637653336856474 0.1999999999999993
      vertex 67.7522961568047 57.637653336856474 0
    endloop
  endfacet
  facet normal -0.9807852804032394 0.1950903220160829 -1.595567851319377e-18
    outer loop
      vertex 67.7522961568047 57.637653336856474 0.1999999999999993
      vertex 67.78802280592333 57.817263330891926 0.1999999999999993
      vertex 67.78802280592333 57.817263330891926 0
    endloop
  endfacet
  facet normal -0.9978589232385989 0.06540312923021181 -4.978882666891403e-18
    outer loop
      vertex 67.78802280592333 57.817263330891926 0.1999999999999993
      vertex 67.80000000000001 58 0.1999999999999993
      vertex 67.80000000000001 58 0
    endloop
  endfacet
  facet normal -0.9978589232385989 -0.06540312923021181 4.978882666891403e-18
    outer loop
      vertex 67.80000000000001 58 0.1999999999999993
      vertex 67.78802280592333 58.182736669108074 0.1999999999999993
      vertex 67.78802280592333 58.182736669108074 0
    endloop
  endfacet
  facet normal -0.9469301294950979 -0.321439465303184 0
    outer loop
      vertex 67.6934313455158 58.535756805311124 0.1999999999999993
      vertex 67.6934313455158 58.535756805311124 0
      vertex 67.7522961568047 58.362346663143526 0.1999999999999993
    endloop
  endfacet
  facet normal -0.9807852804032394 -0.1950903220160829 1.595567851319377e-18
    outer loop
      vertex 67.78802280592333 58.182736669108074 0.1999999999999993
      vertex 67.7522961568047 58.362346663143526 0.1999999999999993
      vertex 67.7522961568047 58.362346663143526 0
    endloop
  endfacet
  facet normal -0.8968727415326844 -0.44228869021900935 0
    outer loop
      vertex 67.61243556529821 58.7 0.1999999999999993
      vertex 67.61243556529821 58.7 0
      vertex 67.6934313455158 58.535756805311124 0.1999999999999993
    endloop
  endfacet
  facet normal 0.4088589652360695 0.611900683489733 0.6770612232958612
    outer loop
      vertex 65.7 56.787564434701785 0.1999999999999993
      vertex 65.5477339993878 56.88930532359227 0.1999999999999993
      vertex 64.76195683570279 55.86526058647876 1.5999999999999996
    endloop
  endfacet
  facet normal 0.6119006834897543 0.40885896523603615 0.6770612232958622
    outer loop
      vertex 65.28930532359227 57.14773399938779 0.1999999999999993
      vertex 65.1875644347018 57.3 0.1999999999999993
      vertex 64.06971604116444 56.65460992907801 1.5999999999999996
    endloop
  endfacet
  facet normal 0.6600325922043134 0.3254920538771495 0.6770612232958623
    outer loop
      vertex 65.1875644347018 57.3 0.1999999999999993
      vertex 65.1065686544842 57.464243194688876 0.1999999999999993
      vertex 63.914043300462545 56.97028301957933 1.5999999999999996
    endloop
  endfacet
  facet normal 0.6968711602706688 0.23655588323295915 0.67706122329586
    outer loop
      vertex 65.1065686544842 57.464243194688876 0.1999999999999993
      vertex 65.04770384319531 57.637653336856474 0.1999999999999993
      vertex 63.800905968127154 57.30357485310712 1.5999999999999996
    endloop
  endfacet
  facet normal 0.5532989844297259 0.4852301863426704 0.6770612232958636
    outer loop
      vertex 65.28930532359227 57.14773399938779 0.1999999999999993
      vertex 64.26526058647876 56.36195683570277 1.5999999999999996
      vertex 65.41005050633883 57.010050506338835 0.1999999999999993
    endloop
  endfacet
  facet normal 0.48523018634265935 0.5532989844297379 0.6770612232958618
    outer loop
      vertex 65.41005050633883 57.010050506338835 0.1999999999999993
      vertex 64.49733111502003 56.097331115020026 1.5999999999999996
      vertex 65.5477339993878 56.88930532359227 0.1999999999999993
    endloop
  endfacet
  facet normal 0.7343510191132038 0.04813190871462938 0.6770612232958593
    outer loop
      vertex 65.01197719407668 57.817263330891926 0.1999999999999993
      vertex 65 58 0.1999999999999993
      vertex 63.70921985815603 58 1.5999999999999996
    endloop
  endfacet
  facet normal 0.7343510191131987 -0.04813190871462904 0.677061223295865
    outer loop
      vertex 65 58 0.1999999999999993
      vertex 65.01197719407668 58.182736669108074 0.1999999999999993
      vertex 63.73223985528211 58.35121728601622 1.5999999999999996
    endloop
  endfacet
  facet normal 0.7217860695756151 0.14357217584090948 0.6770612232958644
    outer loop
      vertex 65.04770384319531 57.637653336856474 0.1999999999999993
      vertex 65.01197719407668 57.817263330891926 0.1999999999999993
      vertex 63.73223985528211 57.64878271398378 1.5999999999999996
    endloop
  endfacet
  facet normal 0.7217860695756195 -0.14357217584091034 0.6770612232958595
    outer loop
      vertex 65.01197719407668 58.182736669108074 0.1999999999999993
      vertex 65.04770384319531 58.362346663143526 0.1999999999999993
      vertex 63.800905968127154 58.69642514689288 1.5999999999999996
    endloop
  endfacet
  facet normal 0.6968711602706662 -0.23655588323295829 0.677061223295863
    outer loop
      vertex 65.04770384319531 58.362346663143526 0.1999999999999993
      vertex 65.1065686544842 58.535756805311124 0.1999999999999993
      vertex 63.914043300462545 59.02971698042067 1.5999999999999996
    endloop
  endfacet
  facet normal 0.660032592204314 -0.3254920538771498 0.6770612232958614
    outer loop
      vertex 65.1065686544842 58.535756805311124 0.1999999999999993
      vertex 65.1875644347018 58.7 0.1999999999999993
      vertex 64.06971604116444 59.34539007092199 1.5999999999999996
    endloop
  endfacet
  facet normal 0.6119006834897538 -0.4088589652360359 0.6770612232958627
    outer loop
      vertex 65.1875644347018 58.7 0.1999999999999993
      vertex 65.28930532359227 58.85226600061221 0.1999999999999993
      vertex 64.26526058647876 59.63804316429723 1.5999999999999996
    endloop
  endfacet
  facet normal 0.5532989844297269 -0.48523018634267123 0.6770612232958622
    outer loop
      vertex 65.28930532359227 58.85226600061221 0.1999999999999993
      vertex 65.41005050633883 58.989949493661165 0.1999999999999993
      vertex 64.49733111502003 59.902668884979974 1.5999999999999996
    endloop
  endfacet
  facet normal 0.48523018634265963 -0.5532989844297382 0.6770612232958614
    outer loop
      vertex 65.41005050633883 58.989949493661165 0.1999999999999993
      vertex 65.5477339993878 59.11069467640773 0.1999999999999993
      vertex 64.76195683570279 60.13473941352124 1.5999999999999996
    endloop
  endfacet
  facet normal 0.3254920538771268 0.6600325922043253 0.6770612232958616
    outer loop
      vertex 65.7 56.787564434701785 0.1999999999999993
      vertex 65.05460992907803 55.66971604116442 1.5999999999999996
      vertex 65.86424319468888 56.7065686544842 0.1999999999999993
    endloop
  endfacet
  facet normal 0.23655588323295829 0.6968711602706662 0.677061223295863
    outer loop
      vertex 65.86424319468888 56.7065686544842 0.1999999999999993
      vertex 65.37028301957933 55.51404330046254 1.5999999999999996
      vertex 66.03765333685648 56.6477038431953 0.1999999999999993
    endloop
  endfacet
  facet normal 0.14357217584093207 0.7217860695756138 0.677061223295861
    outer loop
      vertex 66.03765333685648 56.6477038431953 0.1999999999999993
      vertex 65.70357485310711 55.40090596812715 1.5999999999999996
      vertex 66.21726333089194 56.611977194076665 0.1999999999999993
    endloop
  endfacet
  facet normal 0.048131908714574255 0.7343510191132055 0.6770612232958613
    outer loop
      vertex 66.21726333089194 56.611977194076665 0.1999999999999993
      vertex 66.04878271398378 55.332239855282104 1.5999999999999996
      vertex 66.4 56.6 0.1999999999999993
    endloop
  endfacet
  facet normal -0.04813190871457415 0.734351019113204 0.6770612232958632
    outer loop
      vertex 66.4 56.6 0.1999999999999993
      vertex 66.4 55.30921985815603 1.5999999999999996
      vertex 66.58273666910807 56.611977194076665 0.1999999999999993
    endloop
  endfacet
  facet normal -0.14357217584093188 0.7217860695756129 0.677061223295862
    outer loop
      vertex 66.58273666910807 56.611977194076665 0.1999999999999993
      vertex 66.75121728601623 55.332239855282104 1.5999999999999996
      vertex 66.76234666314353 56.6477038431953 0.1999999999999993
    endloop
  endfacet
  facet normal -0.23655588323295876 0.6968711602706676 0.6770612232958614
    outer loop
      vertex 66.76234666314353 56.6477038431953 0.1999999999999993
      vertex 67.0964251468929 55.40090596812715 1.5999999999999996
      vertex 66.93575680531113 56.7065686544842 0.1999999999999993
    endloop
  endfacet
  facet normal -0.3254920538771262 0.660032592204324 0.6770612232958632
    outer loop
      vertex 66.93575680531113 56.7065686544842 0.1999999999999993
      vertex 67.42971698042068 55.51404330046254 1.5999999999999996
      vertex 67.10000000000001 56.787564434701785 0.1999999999999993
    endloop
  endfacet
  facet normal -0.40885896523606946 0.6119006834897329 0.6770612232958615
    outer loop
      vertex 67.10000000000001 56.787564434701785 0.1999999999999993
      vertex 67.74539007092199 55.66971604116442 1.5999999999999996
      vertex 67.25226600061221 56.88930532359227 0.1999999999999993
    endloop
  endfacet
  facet normal -0.48523018634265963 0.5532989844297382 0.6770612232958614
    outer loop
      vertex 67.25226600061221 56.88930532359227 0.1999999999999993
      vertex 68.03804316429722 55.86526058647876 1.5999999999999996
      vertex 67.38994949366118 57.010050506338835 0.1999999999999993
    endloop
  endfacet
  facet normal 0.40885896523606946 -0.6119006834897329 0.6770612232958615
    outer loop
      vertex 65.5477339993878 59.11069467640773 0.1999999999999993
      vertex 65.7 59.212435565298215 0.1999999999999993
      vertex 65.05460992907803 60.33028395883558 1.5999999999999996
    endloop
  endfacet
  facet normal 0.3254920538771262 -0.660032592204324 0.6770612232958632
    outer loop
      vertex 65.7 59.212435565298215 0.1999999999999993
      vertex 65.86424319468888 59.2934313455158 0.1999999999999993
      vertex 65.37028301957933 60.48595669953746 1.5999999999999996
    endloop
  endfacet
  facet normal 0.23655588323295876 -0.6968711602706676 0.6770612232958614
    outer loop
      vertex 65.86424319468888 59.2934313455158 0.1999999999999993
      vertex 66.03765333685648 59.3522961568047 0.1999999999999993
      vertex 65.70357485310711 60.59909403187285 1.5999999999999996
    endloop
  endfacet
  facet normal 0.14357217584093188 -0.7217860695756129 0.677061223295862
    outer loop
      vertex 66.03765333685648 59.3522961568047 0.1999999999999993
      vertex 66.21726333089194 59.388022805923335 0.1999999999999993
      vertex 66.04878271398378 60.667760144717896 1.5999999999999996
    endloop
  endfacet
  facet normal 0.04813190871457415 -0.734351019113204 0.6770612232958632
    outer loop
      vertex 66.21726333089194 59.388022805923335 0.1999999999999993
      vertex 66.4 59.4 0.1999999999999993
      vertex 66.4 60.69078014184397 1.5999999999999996
    endloop
  endfacet
  facet normal -0.048131908714574255 -0.7343510191132055 0.6770612232958614
    outer loop
      vertex 66.4 59.4 0.1999999999999993
      vertex 66.58273666910807 59.388022805923335 0.1999999999999993
      vertex 66.75121728601623 60.667760144717896 1.5999999999999996
    endloop
  endfacet
  facet normal -0.14357217584093204 -0.7217860695756136 0.677061223295861
    outer loop
      vertex 66.58273666910807 59.388022805923335 0.1999999999999993
      vertex 66.76234666314353 59.3522961568047 0.1999999999999993
      vertex 67.0964251468929 60.59909403187285 1.5999999999999996
    endloop
  endfacet
  facet normal -0.23655588323295829 -0.6968711602706662 0.677061223295863
    outer loop
      vertex 66.76234666314353 59.3522961568047 0.1999999999999993
      vertex 66.93575680531113 59.2934313455158 0.1999999999999993
      vertex 67.42971698042068 60.48595669953746 1.5999999999999996
    endloop
  endfacet
  facet normal -0.3254920538771268 -0.6600325922043253 0.6770612232958615
    outer loop
      vertex 66.93575680531113 59.2934313455158 0.1999999999999993
      vertex 67.10000000000001 59.212435565298215 0.1999999999999993
      vertex 67.74539007092199 60.33028395883558 1.5999999999999996
    endloop
  endfacet
  facet normal -0.4088589652360695 -0.611900683489733 0.6770612232958612
    outer loop
      vertex 67.25226600061221 59.11069467640773 0.1999999999999993
      vertex 68.03804316429722 60.13473941352124 1.5999999999999996
      vertex 67.10000000000001 59.212435565298215 0.1999999999999993
    endloop
  endfacet
  facet normal -0.5532989844297269 0.48523018634267123 0.6770612232958622
    outer loop
      vertex 67.38994949366118 57.010050506338835 0.1999999999999993
      vertex 68.30266888497998 56.097331115020026 1.5999999999999996
      vertex 67.51069467640774 57.14773399938779 0.1999999999999993
    endloop
  endfacet
  facet normal -0.6119006834897547 0.40885896523603643 0.6770612232958616
    outer loop
      vertex 67.51069467640774 57.14773399938779 0.1999999999999993
      vertex 68.53473941352125 56.36195683570278 1.5999999999999996
      vertex 67.61243556529821 57.3 0.1999999999999993
    endloop
  endfacet
  facet normal -0.660032592204314 0.3254920538771498 0.6770612232958614
    outer loop
      vertex 67.61243556529821 57.3 0.1999999999999993
      vertex 68.73028395883557 56.65460992907801 1.5999999999999996
      vertex 67.6934313455158 57.464243194688876 0.1999999999999993
    endloop
  endfacet
  facet normal -0.6968711602706645 0.2365558832329577 0.6770612232958649
    outer loop
      vertex 67.6934313455158 57.464243194688876 0.1999999999999993
      vertex 68.88595669953747 56.97028301957933 1.5999999999999996
      vertex 67.7522961568047 57.637653336856474 0.1999999999999993
    endloop
  endfacet
  facet normal -0.7217860695756195 0.14357217584091034 0.6770612232958596
    outer loop
      vertex 67.7522961568047 57.637653336856474 0.1999999999999993
      vertex 68.99909403187286 57.30357485310712 1.5999999999999996
      vertex 67.78802280592333 57.817263330891926 0.1999999999999993
    endloop
  endfacet
  facet normal -0.6600325922043111 -0.32549205387714836 0.6770612232958649
    outer loop
      vertex 67.61243556529821 58.7 0.1999999999999993
      vertex 67.6934313455158 58.535756805311124 0.1999999999999993
      vertex 68.88595669953747 59.02971698042068 1.5999999999999996
    endloop
  endfacet
  facet normal -0.7343510191131968 0.04813190871462891 0.6770612232958672
    outer loop
      vertex 67.78802280592333 57.817263330891926 0.1999999999999993
      vertex 69.06776014471791 57.64878271398378 1.5999999999999996
      vertex 67.80000000000001 58 0.1999999999999993
    endloop
  endfacet
  facet normal -0.7343510191132038 -0.04813190871462938 0.6770612232958593
    outer loop
      vertex 67.80000000000001 58 0.1999999999999993
      vertex 69.09078014184398 58 1.5999999999999996
      vertex 67.78802280592333 58.182736669108074 0.1999999999999993
    endloop
  endfacet
  facet normal -0.7217860695756133 -0.1435721758409091 0.6770612232958664
    outer loop
      vertex 67.78802280592333 58.182736669108074 0.1999999999999993
      vertex 69.06776014471791 58.35121728601622 1.5999999999999996
      vertex 67.7522961568047 58.362346663143526 0.1999999999999993
    endloop
  endfacet
  facet normal -0.6968711602706721 -0.23655588323296028 0.6770612232958563
    outer loop
      vertex 67.6934313455158 58.535756805311124 0.1999999999999993
      vertex 67.7522961568047 58.362346663143526 0.1999999999999993
      vertex 68.99909403187284 58.69642514689288 1.5999999999999996
    endloop
  endfacet
  facet normal -0.5532989844297268 -0.4852301863426712 0.6770612232958623
    outer loop
      vertex 67.38994949366118 58.989949493661165 0.1999999999999993
      vertex 67.51069467640774 58.85226600061221 0.1999999999999993
      vertex 68.53473941352125 59.63804316429722 1.5999999999999996
    endloop
  endfacet
  facet normal -0.6119006834897543 -0.40885896523603615 0.6770612232958622
    outer loop
      vertex 67.61243556529821 58.7 0.1999999999999993
      vertex 68.73028395883557 59.34539007092199 1.5999999999999996
      vertex 67.51069467640774 58.85226600061221 0.1999999999999993
    endloop
  endfacet
  facet normal -0.48523018634265935 -0.5532989844297379 0.6770612232958618
    outer loop
      vertex 67.25226600061221 59.11069467640773 0.1999999999999993
      vertex 67.38994949366118 58.989949493661165 0.1999999999999993
      vertex 68.30266888497998 59.902668884979974 1.5999999999999996
    endloop
  endfacet
  facet normal 0.5532989844297197 0.48523018634267906 0.6770612232958624
    outer loop
      vertex 65.41005050633883 57.010050506338835 0.1999999999999993
      vertex 64.26526058647876 56.36195683570277 1.5999999999999996
      vertex 64.49733111502003 56.097331115020026 1.5999999999999996
    endloop
  endfacet
  facet normal 0.4852301863426566 0.5532989844297407 0.6770612232958614
    outer loop
      vertex 65.5477339993878 56.88930532359227 0.1999999999999993
      vertex 64.49733111502003 56.097331115020026 1.5999999999999996
      vertex 64.76195683570279 55.86526058647876 1.5999999999999996
    endloop
  endfacet
  facet normal 0.4088589652360707 0.611900683489732 0.6770612232958614
    outer loop
      vertex 65.7 56.787564434701785 0.1999999999999993
      vertex 64.76195683570279 55.86526058647876 1.5999999999999996
      vertex 65.05460992907803 55.66971604116442 1.5999999999999996
    endloop
  endfacet
  facet normal 0.6968711602706738 0.23655588323293802 0.6770612232958623
    outer loop
      vertex 65.1065686544842 57.464243194688876 0.1999999999999993
      vertex 63.800905968127154 57.30357485310712 1.5999999999999996
      vertex 63.914043300462545 56.97028301957933 1.5999999999999996
    endloop
  endfacet
  facet normal 0.7217860695756115 0.14357217584094495 0.6770612232958607
    outer loop
      vertex 65.04770384319531 57.637653336856474 0.1999999999999993
      vertex 63.73223985528211 57.64878271398378 1.5999999999999996
      vertex 63.800905968127154 57.30357485310712 1.5999999999999996
    endloop
  endfacet
  facet normal 0.7343510191132026 0.04813190871458729 0.6770612232958636
    outer loop
      vertex 65.01197719407668 57.817263330891926 0.1999999999999993
      vertex 63.70921985815603 58 1.5999999999999996
      vertex 63.73223985528211 57.64878271398378 1.5999999999999996
    endloop
  endfacet
  facet normal 0.7343510191132053 -0.04813190871458764 0.6770612232958607
    outer loop
      vertex 65 58 0.1999999999999993
      vertex 63.73223985528211 58.35121728601622 1.5999999999999996
      vertex 63.70921985815603 58 1.5999999999999996
    endloop
  endfacet
  facet normal 0.7217860695756092 -0.14357217584094448 0.6770612232958633
    outer loop
      vertex 65.01197719407668 58.182736669108074 0.1999999999999993
      vertex 63.800905968127154 58.69642514689288 1.5999999999999996
      vertex 63.73223985528211 58.35121728601622 1.5999999999999996
    endloop
  endfacet
  facet normal 0.6968711602706751 -0.23655588323293852 0.6770612232958607
    outer loop
      vertex 65.04770384319531 58.362346663143526 0.1999999999999993
      vertex 63.914043300462545 59.02971698042067 1.5999999999999996
      vertex 63.800905968127154 58.69642514689288 1.5999999999999996
    endloop
  endfacet
  facet normal 0.6119006834897562 0.40885896523603255 0.6770612232958625
    outer loop
      vertex 65.28930532359227 57.14773399938779 0.1999999999999993
      vertex 64.06971604116444 56.65460992907801 1.5999999999999996
      vertex 64.26526058647876 56.36195683570277 1.5999999999999996
    endloop
  endfacet
  facet normal 0.6600325922043111 0.32549205387715524 0.6770612232958616
    outer loop
      vertex 65.1875644347018 57.3 0.1999999999999993
      vertex 63.914043300462545 56.97028301957933 1.5999999999999996
      vertex 64.06971604116444 56.65460992907801 1.5999999999999996
    endloop
  endfacet
  facet normal 0.6600325922043108 -0.3254920538771551 0.677061223295862
    outer loop
      vertex 65.1065686544842 58.535756805311124 0.1999999999999993
      vertex 64.06971604116444 59.34539007092199 1.5999999999999996
      vertex 63.914043300462545 59.02971698042067 1.5999999999999996
    endloop
  endfacet
  facet normal 0.6119006834897565 -0.40885896523603255 0.6770612232958623
    outer loop
      vertex 65.1875644347018 58.7 0.1999999999999993
      vertex 64.26526058647876 59.63804316429723 1.5999999999999996
      vertex 64.06971604116444 59.34539007092199 1.5999999999999996
    endloop
  endfacet
  facet normal 0.553298984429719 -0.48523018634267867 0.6770612232958634
    outer loop
      vertex 65.28930532359227 58.85226600061221 0.1999999999999993
      vertex 64.49733111502003 59.902668884979974 1.5999999999999996
      vertex 64.26526058647876 59.63804316429723 1.5999999999999996
    endloop
  endfacet
  facet normal 0.4852301863426564 -0.5532989844297406 0.6770612232958617
    outer loop
      vertex 65.41005050633883 58.989949493661165 0.1999999999999993
      vertex 64.76195683570279 60.13473941352124 1.5999999999999996
      vertex 64.49733111502003 59.902668884979974 1.5999999999999996
    endloop
  endfacet
  facet normal 0.40885896523607096 -0.6119006834897319 0.6770612232958612
    outer loop
      vertex 65.5477339993878 59.11069467640773 0.1999999999999993
      vertex 65.05460992907803 60.33028395883558 1.5999999999999996
      vertex 64.76195683570279 60.13473941352124 1.5999999999999996
    endloop
  endfacet
  facet normal 0.32549205387713726 -0.6600325922043198 0.6770612232958619
    outer loop
      vertex 65.7 59.212435565298215 0.1999999999999993
      vertex 65.37028301957933 60.48595669953746 1.5999999999999996
      vertex 65.05460992907803 60.33028395883558 1.5999999999999996
    endloop
  endfacet
  facet normal 0.3254920538771369 0.6600325922043191 0.6770612232958628
    outer loop
      vertex 65.86424319468888 56.7065686544842 0.1999999999999993
      vertex 65.05460992907803 55.66971604116442 1.5999999999999996
      vertex 65.37028301957933 55.51404330046254 1.5999999999999996
    endloop
  endfacet
  facet normal 0.2365558832329473 0.6968711602706712 0.6770612232958617
    outer loop
      vertex 66.03765333685648 56.6477038431953 0.1999999999999993
      vertex 65.37028301957933 55.51404330046254 1.5999999999999996
      vertex 65.70357485310711 55.40090596812715 1.5999999999999996
    endloop
  endfacet
  facet normal 0.14357217584093884 0.7217860695756116 0.6770612232958618
    outer loop
      vertex 66.21726333089194 56.611977194076665 0.1999999999999993
      vertex 65.70357485310711 55.40090596812715 1.5999999999999996
      vertex 66.04878271398378 55.332239855282104 1.5999999999999996
    endloop
  endfacet
  facet normal 0.04813190871458736 0.7343510191132036 0.6770612232958628
    outer loop
      vertex 66.4 56.6 0.1999999999999993
      vertex 66.04878271398378 55.332239855282104 1.5999999999999996
      vertex 66.4 55.30921985815603 1.5999999999999996
    endloop
  endfacet
  facet normal -0.048131908714587585 0.7343510191132043 0.6770612232958618
    outer loop
      vertex 66.58273666910807 56.611977194076665 0.1999999999999993
      vertex 66.4 55.30921985815603 1.5999999999999996
      vertex 66.75121728601623 55.332239855282104 1.5999999999999996
    endloop
  endfacet
  facet normal -0.14357217584093893 0.7217860695756121 0.6770612232958613
    outer loop
      vertex 66.76234666314353 56.6477038431953 0.1999999999999993
      vertex 66.75121728601623 55.332239855282104 1.5999999999999996
      vertex 67.0964251468929 55.40090596812715 1.5999999999999996
    endloop
  endfacet
  facet normal -0.23655588323294677 0.6968711602706704 0.6770612232958626
    outer loop
      vertex 66.93575680531113 56.7065686544842 0.1999999999999993
      vertex 67.0964251468929 55.40090596812715 1.5999999999999996
      vertex 67.42971698042068 55.51404330046254 1.5999999999999996
    endloop
  endfacet
  facet normal -0.32549205387713726 0.6600325922043198 0.6770612232958619
    outer loop
      vertex 67.10000000000001 56.787564434701785 0.1999999999999993
      vertex 67.42971698042068 55.51404330046254 1.5999999999999996
      vertex 67.74539007092199 55.66971604116442 1.5999999999999996
    endloop
  endfacet
  facet normal -0.40885896523607096 0.6119006834897319 0.6770612232958612
    outer loop
      vertex 67.25226600061221 56.88930532359227 0.1999999999999993
      vertex 67.74539007092199 55.66971604116442 1.5999999999999996
      vertex 68.03804316429722 55.86526058647876 1.5999999999999996
    endloop
  endfacet
  facet normal -0.4852301863426564 0.5532989844297406 0.6770612232958617
    outer loop
      vertex 67.38994949366118 57.010050506338835 0.1999999999999993
      vertex 68.03804316429722 55.86526058647876 1.5999999999999996
      vertex 68.30266888497998 56.097331115020026 1.5999999999999996
    endloop
  endfacet
  facet normal -0.5532989844297261 0.48523018634267184 0.6770612232958623
    outer loop
      vertex 67.51069467640774 57.14773399938779 0.1999999999999993
      vertex 68.30266888497998 56.097331115020026 1.5999999999999996
      vertex 68.53473941352125 56.36195683570278 1.5999999999999996
    endloop
  endfacet
  facet normal 0.23655588323294677 -0.6968711602706704 0.6770612232958626
    outer loop
      vertex 65.86424319468888 59.2934313455158 0.1999999999999993
      vertex 65.70357485310711 60.59909403187285 1.5999999999999996
      vertex 65.37028301957933 60.48595669953746 1.5999999999999996
    endloop
  endfacet
  facet normal 0.14357217584093893 -0.7217860695756121 0.6770612232958613
    outer loop
      vertex 66.03765333685648 59.3522961568047 0.1999999999999993
      vertex 66.04878271398378 60.667760144717896 1.5999999999999996
      vertex 65.70357485310711 60.59909403187285 1.5999999999999996
    endloop
  endfacet
  facet normal 0.048131908714587585 -0.7343510191132043 0.6770612232958618
    outer loop
      vertex 66.21726333089194 59.388022805923335 0.1999999999999993
      vertex 66.4 60.69078014184397 1.5999999999999996
      vertex 66.04878271398378 60.667760144717896 1.5999999999999996
    endloop
  endfacet
  facet normal -0.04813190871458736 -0.7343510191132036 0.6770612232958628
    outer loop
      vertex 66.4 59.4 0.1999999999999993
      vertex 66.75121728601623 60.667760144717896 1.5999999999999996
      vertex 66.4 60.69078014184397 1.5999999999999996
    endloop
  endfacet
  facet normal -0.14357217584093884 -0.7217860695756116 0.6770612232958618
    outer loop
      vertex 66.58273666910807 59.388022805923335 0.1999999999999993
      vertex 67.0964251468929 60.59909403187285 1.5999999999999996
      vertex 66.75121728601623 60.667760144717896 1.5999999999999996
    endloop
  endfacet
  facet normal -0.2365558832329473 -0.6968711602706712 0.6770612232958617
    outer loop
      vertex 66.76234666314353 59.3522961568047 0.1999999999999993
      vertex 67.42971698042068 60.48595669953746 1.5999999999999996
      vertex 67.0964251468929 60.59909403187285 1.5999999999999996
    endloop
  endfacet
  facet normal -0.3254920538771369 -0.6600325922043191 0.6770612232958628
    outer loop
      vertex 66.93575680531113 59.2934313455158 0.1999999999999993
      vertex 67.74539007092199 60.33028395883558 1.5999999999999996
      vertex 67.42971698042068 60.48595669953746 1.5999999999999996
    endloop
  endfacet
  facet normal -0.6119006834897521 0.4088589652360396 0.677061223295862
    outer loop
      vertex 67.61243556529821 57.3 0.1999999999999993
      vertex 68.53473941352125 56.36195683570278 1.5999999999999996
      vertex 68.73028395883557 56.65460992907801 1.5999999999999996
    endloop
  endfacet
  facet normal -0.6600325922043038 0.32549205387716645 0.6770612232958635
    outer loop
      vertex 67.6934313455158 57.464243194688876 0.1999999999999993
      vertex 68.73028395883557 56.65460992907801 1.5999999999999996
      vertex 68.88595669953747 56.97028301957933 1.5999999999999996
    endloop
  endfacet
  facet normal -0.6968711602706793 0.23655588323292503 0.6770612232958613
    outer loop
      vertex 67.7522961568047 57.637653336856474 0.1999999999999993
      vertex 68.88595669953747 56.97028301957933 1.5999999999999996
      vertex 68.99909403187286 57.30357485310712 1.5999999999999996
    endloop
  endfacet
  facet normal -0.721786069575605 0.1435721758409585 0.6770612232958648
    outer loop
      vertex 67.78802280592333 57.817263330891926 0.1999999999999993
      vertex 68.99909403187286 57.30357485310712 1.5999999999999996
      vertex 69.06776014471791 57.64878271398378 1.5999999999999996
    endloop
  endfacet
  facet normal -0.7343510191132058 0.04813190871457275 0.6770612232958612
    outer loop
      vertex 67.80000000000001 58 0.1999999999999993
      vertex 69.06776014471791 57.64878271398378 1.5999999999999996
      vertex 69.09078014184398 58 1.5999999999999996
    endloop
  endfacet
  facet normal -0.7343510191132021 -0.04813190871457241 0.6770612232958653
    outer loop
      vertex 67.78802280592333 58.182736669108074 0.1999999999999993
      vertex 69.09078014184398 58 1.5999999999999996
      vertex 69.06776014471791 58.35121728601622 1.5999999999999996
    endloop
  endfacet
  facet normal -0.7217860695756051 -0.14357217584098833 0.677061223295858
    outer loop
      vertex 67.7522961568047 58.362346663143526 0.1999999999999993
      vertex 69.06776014471791 58.35121728601622 1.5999999999999996
      vertex 68.99909403187284 58.69642514689288 1.5999999999999996
    endloop
  endfacet
  facet normal -0.6968711602706881 -0.23655588323289314 0.6770612232958634
    outer loop
      vertex 67.6934313455158 58.535756805311124 0.1999999999999993
      vertex 68.99909403187284 58.69642514689288 1.5999999999999996
      vertex 68.88595669953747 59.02971698042068 1.5999999999999996
    endloop
  endfacet
  facet normal -0.5532989844297264 -0.4852301863426719 0.6770612232958622
    outer loop
      vertex 67.38994949366118 58.989949493661165 0.1999999999999993
      vertex 68.53473941352125 59.63804316429722 1.5999999999999996
      vertex 68.30266888497998 59.902668884979974 1.5999999999999996
    endloop
  endfacet
  facet normal -0.4852301863426566 -0.5532989844297407 0.6770612232958614
    outer loop
      vertex 67.25226600061221 59.11069467640773 0.1999999999999993
      vertex 68.30266888497998 59.902668884979974 1.5999999999999996
      vertex 68.03804316429722 60.13473941352124 1.5999999999999996
    endloop
  endfacet
  facet normal -0.6119006834897524 -0.4088589652360399 0.6770612232958617
    outer loop
      vertex 67.51069467640774 58.85226600061221 0.1999999999999993
      vertex 68.73028395883557 59.34539007092199 1.5999999999999996
      vertex 68.53473941352125 59.63804316429722 1.5999999999999996
    endloop
  endfacet
  facet normal -0.6600325922043018 -0.3254920538771729 0.6770612232958623
    outer loop
      vertex 67.61243556529821 58.7 0.1999999999999993
      vertex 68.88595669953747 59.02971698042068 1.5999999999999996
      vertex 68.73028395883557 59.34539007092199 1.5999999999999996
    endloop
  endfacet
  facet normal -0.4088589652360707 -0.611900683489732 0.6770612232958614
    outer loop
      vertex 67.10000000000001 59.212435565298215 0.1999999999999993
      vertex 68.03804316429722 60.13473941352124 1.5999999999999996
      vertex 67.74539007092199 60.33028395883558 1.5999999999999996
    endloop
  endfacet
  facet normal 0.6858497041000708 -0.7277432125316219 -3.2048111352915064e-17
    outer loop
      vertex 0.25 5.628042083199556 0
      vertex 1.5483495705504469 6.8516504294495535 0
      vertex 1.5483495705504469 6.8516504294495535 1.5999999999999996
    endloop
  endfacet
  facet normal 0.6593458151000692 -0.7518398074789773 -4.380573317337718e-19
    outer loop
      vertex 1.5483495705504469 6.8516504294495535 0
      vertex 1.9171446412172979 7.1750750260921325 0
      vertex 1.9171446412172979 7.1750750260921325 1.5999999999999996
    endloop
  endfacet
  facet normal 0.5555702330196005 -0.8314696123025463 5.98939800527547e-18
    outer loop
      vertex 1.9171446412172979 7.1750750260921325 0
      vertex 2.325 7.447595264191644 0
      vertex 2.325 7.447595264191644 1.5999999999999996
    endloop
  endfacet
  facet normal 0.44228869021900263 -0.8968727415326876 0
    outer loop
      vertex 2.7649371286309137 7.664548246917326 1.5999999999999996
      vertex 2.325 7.447595264191644 0
      vertex 2.7649371286309137 7.664548246917326 0
    endloop
  endfacet
  facet normal 0.321439465303162 -0.9469301294951056 -2.4373080649636393e-18
    outer loop
      vertex 2.7649371286309137 7.664548246917326 0
      vertex 3.229428580865547 7.8222218485840065 0
      vertex 3.229428580865547 7.8222218485840065 1.5999999999999996
    endloop
  endfacet
  facet normal 0.19509032201612814 -0.9807852804032304 0
    outer loop
      vertex 3.7105267791748067 7.917918230151789 1.5999999999999996
      vertex 3.229428580865547 7.8222218485840065 0
      vertex 3.7105267791748067 7.917918230151789 0
    endloop
  endfacet
  facet normal 0.06540312923014266 -0.9978589232386035 -5.97350545859257e-19
    outer loop
      vertex 3.7105267791748067 7.917918230151789 0
      vertex 4.2 7.95 0
      vertex 4.2 7.95 1.5999999999999996
    endloop
  endfacet
  facet normal -0.06540312923014271 -0.9978589232386035 0
    outer loop
      vertex 4.689473220825193 7.917918230151789 1.5999999999999996
      vertex 4.2 7.95 0
      vertex 4.689473220825193 7.917918230151789 0
    endloop
  endfacet
  facet normal -0.7277432125316219 0.6858497041000708 -3.2048111352915064e-17
    outer loop
      vertex 6.8516504294495535 1.5483495705504469 0
      vertex 5.628042083199556 0.25 0
      vertex 5.628042083199556 0.25 1.5999999999999996
    endloop
  endfacet
  facet normal -0.7518398074789773 0.6593458151000692 0
    outer loop
      vertex 6.8516504294495535 1.5483495705504469 1.5999999999999996
      vertex 7.1750750260921325 1.9171446412172979 0
      vertex 6.8516504294495535 1.5483495705504469 0
    endloop
  endfacet
  facet normal -0.8314696123025463 0.5555702330196005 0
    outer loop
      vertex 7.1750750260921325 1.9171446412172979 1.5999999999999996
      vertex 7.447595264191644 2.325 0
      vertex 7.1750750260921325 1.9171446412172979 0
    endloop
  endfacet
  facet normal -0.8968727415326876 0.44228869021900263 0
    outer loop
      vertex 7.447595264191644 2.325 1.5999999999999996
      vertex 7.664548246917326 2.7649371286309137 0
      vertex 7.447595264191644 2.325 0
    endloop
  endfacet
  facet normal -0.9469301294951056 0.321439465303162 0
    outer loop
      vertex 7.664548246917326 2.7649371286309137 1.5999999999999996
      vertex 7.8222218485840065 3.229428580865547 0
      vertex 7.664548246917326 2.7649371286309137 0
    endloop
  endfacet
  facet normal -0.9807852804032304 0.19509032201612814 0
    outer loop
      vertex 7.8222218485840065 3.229428580865547 1.5999999999999996
      vertex 7.917918230151789 3.7105267791748067 0
      vertex 7.8222218485840065 3.229428580865547 0
    endloop
  endfacet
  facet normal -0.9978589232386035 0.06540312923014266 0
    outer loop
      vertex 7.917918230151789 3.7105267791748067 1.5999999999999996
      vertex 7.95 4.2 0
      vertex 7.917918230151789 3.7105267791748067 0
    endloop
  endfacet
  facet normal -0.9978589232386035 -0.06540312923014271 0
    outer loop
      vertex 7.95 4.2 1.5999999999999996
      vertex 7.917918230151789 4.689473220825193 0
      vertex 7.95 4.2 0
    endloop
  endfacet
  facet normal -0.321439465303162 -0.9469301294951056 0
    outer loop
      vertex 5.635062871369087 7.664548246917326 1.5999999999999996
      vertex 5.170571419134453 7.8222218485840065 0
      vertex 5.635062871369087 7.664548246917326 0
    endloop
  endfacet
  facet normal -0.19509032201612797 -0.9807852804032304 0
    outer loop
      vertex 5.170571419134453 7.8222218485840065 1.5999999999999996
      vertex 4.689473220825193 7.917918230151789 0
      vertex 5.170571419134453 7.8222218485840065 0
    endloop
  endfacet
  facet normal -0.44228869021900263 -0.8968727415326876 0
    outer loop
      vertex 6.075 7.447595264191644 0
      vertex 6.075 7.447595264191644 1.5999999999999996
      vertex 5.635062871369087 7.664548246917326 0
    endloop
  endfacet
  facet normal -0.555570233019601 -0.8314696123025462 0
    outer loop
      vertex 6.482855358782702 7.1750750260921325 1.5999999999999996
      vertex 6.075 7.447595264191644 0
      vertex 6.482855358782702 7.1750750260921325 0
    endloop
  endfacet
  facet normal -0.6593458151000686 -0.7518398074789775 0
    outer loop
      vertex 6.8516504294495535 6.8516504294495535 1.5999999999999996
      vertex 6.482855358782702 7.1750750260921325 0
      vertex 6.8516504294495535 6.8516504294495535 0
    endloop
  endfacet
  facet normal -0.9469301294951056 -0.321439465303162 0
    outer loop
      vertex 7.8222218485840065 5.170571419134453 1.5999999999999996
      vertex 7.664548246917326 5.635062871369087 0
      vertex 7.8222218485840065 5.170571419134453 0
    endloop
  endfacet
  facet normal -0.7518398074789775 -0.6593458151000686 0
    outer loop
      vertex 7.1750750260921325 6.482855358782702 1.5999999999999996
      vertex 6.8516504294495535 6.8516504294495535 0
      vertex 7.1750750260921325 6.482855358782702 0
    endloop
  endfacet
  facet normal -0.8968727415326876 -0.44228869021900263 0
    outer loop
      vertex 7.664548246917326 5.635062871369087 1.5999999999999996
      vertex 7.447595264191644 6.075 0
      vertex 7.664548246917326 5.635062871369087 0
    endloop
  endfacet
  facet normal -0.8314696123025462 -0.555570233019601 6.753359694762077e-18
    outer loop
      vertex 7.1750750260921325 6.482855358782702 0
      vertex 7.447595264191644 6.075 0
      vertex 7.447595264191644 6.075 1.5999999999999996
    endloop
  endfacet
  facet normal -0.9807852804032304 -0.19509032201612797 0
    outer loop
      vertex 7.917918230151789 4.689473220825193 1.5999999999999996
      vertex 7.8222218485840065 5.170571419134453 0
      vertex 7.917918230151789 4.689473220825193 0
    endloop
  endfacet
  facet normal 0.6858497041000708 -0.7277432125316219 -3.2048111352915064e-17
    outer loop
      vertex 1.5483495705504469 6.8516504294495535 1.5999999999999996
      vertex 0.25 5.628042083199556 1.5999999999999996
      vertex 0.25 5.628042083199556 0
    endloop
  endfacet
  facet normal 0.6593458151000692 -0.7518398074789773 0
    outer loop
      vertex 1.5483495705504469 6.8516504294495535 0
      vertex 1.9171446412172979 7.1750750260921325 1.5999999999999996
      vertex 1.5483495705504469 6.8516504294495535 1.5999999999999996
    endloop
  endfacet
  facet normal 0.5555702330196005 -0.8314696123025463 0
    outer loop
      vertex 1.9171446412172979 7.1750750260921325 0
      vertex 2.325 7.447595264191644 1.5999999999999996
      vertex 1.9171446412172979 7.1750750260921325 1.5999999999999996
    endloop
  endfacet
  facet normal 0.44228869021900263 -0.8968727415326876 -8.0715421712524e-18
    outer loop
      vertex 2.7649371286309137 7.664548246917326 1.5999999999999996
      vertex 2.325 7.447595264191644 1.5999999999999996
      vertex 2.325 7.447595264191644 0
    endloop
  endfacet
  facet normal 0.321439465303162 -0.9469301294951056 0
    outer loop
      vertex 2.7649371286309137 7.664548246917326 1.5999999999999996
      vertex 2.7649371286309137 7.664548246917326 0
      vertex 3.229428580865547 7.8222218485840065 1.5999999999999996
    endloop
  endfacet
  facet normal 0.19509032201612814 -0.9807852804032304 -3.2793512646207672e-18
    outer loop
      vertex 3.7105267791748067 7.917918230151789 1.5999999999999996
      vertex 3.229428580865547 7.8222218485840065 1.5999999999999996
      vertex 3.229428580865547 7.8222218485840065 0
    endloop
  endfacet
  facet normal 0.06540312923014266 -0.9978589232386035 0
    outer loop
      vertex 3.7105267791748067 7.917918230151789 1.5999999999999996
      vertex 3.7105267791748067 7.917918230151789 0
      vertex 4.2 7.95 1.5999999999999996
    endloop
  endfacet
  facet normal -0.06540312923014271 -0.9978589232386035 1.0679957313636025e-18
    outer loop
      vertex 4.689473220825193 7.917918230151789 1.5999999999999996
      vertex 4.2 7.95 1.5999999999999996
      vertex 4.2 7.95 0
    endloop
  endfacet
  facet normal -0.7277432125316219 0.6858497041000708 -3.2048111352915064e-17
    outer loop
      vertex 5.628042083199556 0.25 1.5999999999999996
      vertex 6.8516504294495535 1.5483495705504469 1.5999999999999996
      vertex 6.8516504294495535 1.5483495705504469 0
    endloop
  endfacet
  facet normal -0.7518398074789773 0.6593458151000692 0
    outer loop
      vertex 7.1750750260921325 1.9171446412172979 1.5999999999999996
      vertex 7.1750750260921325 1.9171446412172979 0
      vertex 6.8516504294495535 1.5483495705504469 1.5999999999999996
    endloop
  endfacet
  facet normal -0.8314696123025463 0.5555702330196005 5.98939800527547e-18
    outer loop
      vertex 7.1750750260921325 1.9171446412172979 1.5999999999999996
      vertex 7.447595264191644 2.325 1.5999999999999996
      vertex 7.447595264191644 2.325 0
    endloop
  endfacet
  facet normal -0.8968727415326876 0.44228869021900263 -8.0715421712524e-18
    outer loop
      vertex 7.447595264191644 2.325 1.5999999999999996
      vertex 7.664548246917326 2.7649371286309137 1.5999999999999996
      vertex 7.664548246917326 2.7649371286309137 0
    endloop
  endfacet
  facet normal -0.9469301294951056 0.321439465303162 -2.4373080649636393e-18
    outer loop
      vertex 7.664548246917326 2.7649371286309137 1.5999999999999996
      vertex 7.8222218485840065 3.229428580865547 1.5999999999999996
      vertex 7.8222218485840065 3.229428580865547 0
    endloop
  endfacet
  facet normal -0.9807852804032304 0.19509032201612814 -3.2793512646207672e-18
    outer loop
      vertex 7.8222218485840065 3.229428580865547 1.5999999999999996
      vertex 7.917918230151789 3.7105267791748067 1.5999999999999996
      vertex 7.917918230151789 3.7105267791748067 0
    endloop
  endfacet
  facet normal -0.9978589232386035 0.06540312923014266 -5.97350545859257e-19
    outer loop
      vertex 7.917918230151789 3.7105267791748067 1.5999999999999996
      vertex 7.95 4.2 1.5999999999999996
      vertex 7.95 4.2 0
    endloop
  endfacet
  facet normal -0.9978589232386035 -0.06540312923014271 1.0679957313636025e-18
    outer loop
      vertex 7.95 4.2 1.5999999999999996
      vertex 7.917918230151789 4.689473220825193 1.5999999999999996
      vertex 7.917918230151789 4.689473220825193 0
    endloop
  endfacet
  facet normal -0.321439465303162 -0.9469301294951056 2.4373080649636393e-18
    outer loop
      vertex 5.635062871369087 7.664548246917326 1.5999999999999996
      vertex 5.170571419134453 7.8222218485840065 1.5999999999999996
      vertex 5.170571419134453 7.8222218485840065 0
    endloop
  endfacet
  facet normal -0.19509032201612797 -0.9807852804032304 2.1780188275265623e-18
    outer loop
      vertex 5.170571419134453 7.8222218485840065 1.5999999999999996
      vertex 4.689473220825193 7.917918230151789 1.5999999999999996
      vertex 4.689473220825193 7.917918230151789 0
    endloop
  endfacet
  facet normal -0.44228869021900263 -0.8968727415326876 8.0715421712524e-18
    outer loop
      vertex 6.075 7.447595264191644 1.5999999999999996
      vertex 5.635062871369087 7.664548246917326 1.5999999999999996
      vertex 5.635062871369087 7.664548246917326 0
    endloop
  endfacet
  facet normal -0.555570233019601 -0.8314696123025462 0
    outer loop
      vertex 6.075 7.447595264191644 1.5999999999999996
      vertex 6.075 7.447595264191644 0
      vertex 6.482855358782702 7.1750750260921325 1.5999999999999996
    endloop
  endfacet
  facet normal -0.6593458151000686 -0.7518398074789775 0
    outer loop
      vertex 6.482855358782702 7.1750750260921325 1.5999999999999996
      vertex 6.482855358782702 7.1750750260921325 0
      vertex 6.8516504294495535 6.8516504294495535 1.5999999999999996
    endloop
  endfacet
  facet normal -0.9469301294951056 -0.321439465303162 2.4373080649636393e-18
    outer loop
      vertex 7.8222218485840065 5.170571419134453 1.5999999999999996
      vertex 7.664548246917326 5.635062871369087 1.5999999999999996
      vertex 7.664548246917326 5.635062871369087 0
    endloop
  endfacet
  facet normal -0.7518398074789775 -0.6593458151000686 -5.743470917296871e-18
    outer loop
      vertex 7.1750750260921325 6.482855358782702 1.5999999999999996
      vertex 6.8516504294495535 6.8516504294495535 1.5999999999999996
      vertex 6.8516504294495535 6.8516504294495535 0
    endloop
  endfacet
  facet normal -0.8314696123025462 -0.555570233019601 6.753359694762077e-18
    outer loop
      vertex 7.447595264191644 6.075 1.5999999999999996
      vertex 7.1750750260921325 6.482855358782702 1.5999999999999996
      vertex 7.1750750260921325 6.482855358782702 0
    endloop
  endfacet
  facet normal -0.8968727415326876 -0.44228869021900263 8.0715421712524e-18
    outer loop
      vertex 7.664548246917326 5.635062871369087 1.5999999999999996
      vertex 7.447595264191644 6.075 1.5999999999999996
      vertex 7.447595264191644 6.075 0
    endloop
  endfacet
  facet normal -0.9807852804032304 -0.19509032201612797 2.1780188275265623e-18
    outer loop
      vertex 7.917918230151789 4.689473220825193 1.5999999999999996
      vertex 7.8222218485840065 5.170571419134453 1.5999999999999996
      vertex 7.8222218485840065 5.170571419134453 0
    endloop
  endfacet
  facet normal 0.831469612302548 0.555570233019598 0
    outer loop
      vertex 62.55240473580835 2.325 0
      vertex 62.55240473580835 2.325 1.5999999999999996
      vertex 62.82492497390786 1.9171446412172979 0
    endloop
  endfacet
  facet normal 0.7518398074789745 0.6593458151000722 3.821515702207927e-18
    outer loop
      vertex 63.148349570550444 1.5483495705504469 0
      vertex 62.82492497390786 1.9171446412172979 0
      vertex 62.82492497390786 1.9171446412172979 1.5999999999999996
    endloop
  endfacet
  facet normal 0.9807852804032301 0.1950903220161299 -1.8535700037930407e-18
    outer loop
      vertex 62.17777815141599 3.229428580865547 0
      vertex 62.08208176984821 3.7105267791748067 0
      vertex 62.08208176984821 3.7105267791748067 1.5999999999999996
    endloop
  endfacet
  facet normal 0.9978589232386034 0.06540312923014446 -7.515690653666998e-19
    outer loop
      vertex 62.08208176984821 3.7105267791748067 0
      vertex 62.05 4.2 0
      vertex 62.05 4.2 1.5999999999999996
    endloop
  endfacet
  facet normal 0.9978589232386034 -0.06540312923014452 2.809238798618529e-19
    outer loop
      vertex 62.05 4.2 0
      vertex 62.08208176984821 4.689473220825193 0
      vertex 62.08208176984821 4.689473220825193 1.5999999999999996
    endloop
  endfacet
  facet normal 0.8968727415326891 0.4422886902189998 -4.094768788927587e-18
    outer loop
      vertex 62.55240473580835 2.325 0
      vertex 62.33545175308267 2.7649371286309137 0
      vertex 62.33545175308267 2.7649371286309137 1.5999999999999996
    endloop
  endfacet
  facet normal 0.9469301294951061 0.3214394653031604 -2.3819697853249855e-18
    outer loop
      vertex 62.33545175308267 2.7649371286309137 0
      vertex 62.17777815141599 3.229428580865547 0
      vertex 62.17777815141599 3.229428580865547 1.5999999999999996
    endloop
  endfacet
  facet normal 0.7277432125316221 0.6858497041000705 0
    outer loop
      vertex 63.148349570550444 1.5483495705504469 1.5999999999999996
      vertex 64.37195791680044 0.25 0
      vertex 63.148349570550444 1.5483495705504469 0
    endloop
  endfacet
  facet normal 0.9807852804032302 -0.19509032201612975 2.9549024408877437e-18
    outer loop
      vertex 62.08208176984821 4.689473220825193 0
      vertex 62.17777815141599 5.170571419134453 0
      vertex 62.17777815141599 5.170571419134453 1.5999999999999996
    endloop
  endfacet
  facet normal 0.9469301294951061 -0.3214394653031604 2.3819697853249855e-18
    outer loop
      vertex 62.17777815141599 5.170571419134453 0
      vertex 62.33545175308267 5.635062871369087 0
      vertex 62.33545175308267 5.635062871369087 1.5999999999999996
    endloop
  endfacet
  facet normal 0.8968727415326891 -0.4422886902189998 4.094768788927587e-18
    outer loop
      vertex 62.33545175308267 5.635062871369087 0
      vertex 62.55240473580835 6.075 0
      vertex 62.55240473580835 6.075 1.5999999999999996
    endloop
  endfacet
  facet normal 0.8314696123025478 -0.5555702330195984 7.295532007437354e-18
    outer loop
      vertex 62.55240473580835 6.075 0
      vertex 62.82492497390786 6.482855358782702 0
      vertex 62.82492497390786 6.482855358782702 1.5999999999999996
    endloop
  endfacet
  facet normal 0.7518398074789747 -0.6593458151000717 0
    outer loop
      vertex 63.148349570550444 6.8516504294495535 0
      vertex 63.148349570550444 6.8516504294495535 1.5999999999999996
      vertex 62.82492497390786 6.482855358782702 0
    endloop
  endfacet
  facet normal 0.6593458151000714 -0.7518398074789753 0
    outer loop
      vertex 63.51714464121729 7.1750750260921325 0
      vertex 63.51714464121729 7.1750750260921325 1.5999999999999996
      vertex 63.148349570550444 6.8516504294495535 0
    endloop
  endfacet
  facet normal 0.5555702330195984 -0.8314696123025478 -1.0262927063585534e-18
    outer loop
      vertex 63.51714464121729 7.1750750260921325 0
      vertex 63.925 7.447595264191644 0
      vertex 63.925 7.447595264191644 1.5999999999999996
    endloop
  endfacet
  facet normal 0.44228869021900047 -0.8968727415326887 3.5099270262369814e-18
    outer loop
      vertex 63.925 7.447595264191644 0
      vertex 64.36493712863091 7.664548246917326 0
      vertex 64.36493712863091 7.664548246917326 1.5999999999999996
    endloop
  endfacet
  facet normal 0.3214394653031669 -0.9469301294951038 7.456146915153747e-19
    outer loop
      vertex 64.36493712863091 7.664548246917326 0
      vertex 64.82942858086554 7.8222218485840065 0
      vertex 64.82942858086554 7.8222218485840065 1.5999999999999996
    endloop
  endfacet
  facet normal 0.19509032201612453 -0.9807852804032312 0
    outer loop
      vertex 65.31052677917481 7.917918230151789 1.5999999999999996
      vertex 64.82942858086554 7.8222218485840065 0
      vertex 65.31052677917481 7.917918230151789 0
    endloop
  endfacet
  facet normal 0.0654031292301432 -0.9978589232386035 -4.1256476465951144e-19
    outer loop
      vertex 65.31052677917481 7.917918230151789 0
      vertex 65.8 7.95 0
      vertex 65.8 7.95 1.5999999999999996
    endloop
  endfacet
  facet normal -0.0654031292301432 -0.9978589232386035 0
    outer loop
      vertex 66.28947322082519 7.917918230151789 1.5999999999999996
      vertex 65.8 7.95 0
      vertex 66.28947322082519 7.917918230151789 0
    endloop
  endfacet
  facet normal -0.3214394653031669 -0.9469301294951038 -7.456146915153747e-19
    outer loop
      vertex 66.77057141913446 7.8222218485840065 0
      vertex 67.23506287136908 7.664548246917326 0
      vertex 67.23506287136908 7.664548246917326 1.5999999999999996
    endloop
  endfacet
  facet normal -0.44228869021900047 -0.8968727415326887 0
    outer loop
      vertex 67.675 7.447595264191644 1.5999999999999996
      vertex 67.23506287136908 7.664548246917326 0
      vertex 67.675 7.447595264191644 0
    endloop
  endfacet
  facet normal -0.19509032201612453 -0.9807852804032312 0
    outer loop
      vertex 66.77057141913446 7.8222218485840065 1.5999999999999996
      vertex 66.28947322082519 7.917918230151789 0
      vertex 66.77057141913446 7.8222218485840065 0
    endloop
  endfacet
  facet normal -0.6858497041000715 -0.7277432125316212 0
    outer loop
      vertex 69.75 5.628042083199558 1.5999999999999996
      vertex 68.45165042944956 6.8516504294495535 0
      vertex 69.75 5.628042083199558 0
    endloop
  endfacet
  facet normal -0.5555702330196051 -0.8314696123025433 0
    outer loop
      vertex 68.0828553587827 7.1750750260921325 1.5999999999999996
      vertex 67.675 7.447595264191644 0
      vertex 68.0828553587827 7.1750750260921325 0
    endloop
  endfacet
  facet normal -0.659345815100057 -0.7518398074789878 0
    outer loop
      vertex 68.45165042944956 6.8516504294495535 1.5999999999999996
      vertex 68.0828553587827 7.1750750260921325 0
      vertex 68.45165042944956 6.8516504294495535 0
    endloop
  endfacet
  facet normal 0.7518398074789745 0.6593458151000722 3.821515702207927e-18
    outer loop
      vertex 62.82492497390786 1.9171446412172979 1.5999999999999996
      vertex 63.148349570550444 1.5483495705504469 1.5999999999999996
      vertex 63.148349570550444 1.5483495705504469 0
    endloop
  endfacet
  facet normal 0.831469612302548 0.555570233019598 0
    outer loop
      vertex 62.82492497390786 1.9171446412172979 0
      vertex 62.55240473580835 2.325 1.5999999999999996
      vertex 62.82492497390786 1.9171446412172979 1.5999999999999996
    endloop
  endfacet
  facet normal 0.9807852804032301 0.1950903220161299 0
    outer loop
      vertex 62.17777815141599 3.229428580865547 0
      vertex 62.08208176984821 3.7105267791748067 1.5999999999999996
      vertex 62.17777815141599 3.229428580865547 1.5999999999999996
    endloop
  endfacet
  facet normal 0.9978589232386034 0.06540312923014446 0
    outer loop
      vertex 62.08208176984821 3.7105267791748067 0
      vertex 62.05 4.2 1.5999999999999996
      vertex 62.08208176984821 3.7105267791748067 1.5999999999999996
    endloop
  endfacet
  facet normal 0.9978589232386034 -0.06540312923014452 0
    outer loop
      vertex 62.05 4.2 0
      vertex 62.08208176984821 4.689473220825193 1.5999999999999996
      vertex 62.05 4.2 1.5999999999999996
    endloop
  endfacet
  facet normal 0.9469301294951061 0.3214394653031604 0
    outer loop
      vertex 62.33545175308267 2.7649371286309137 0
      vertex 62.17777815141599 3.229428580865547 1.5999999999999996
      vertex 62.33545175308267 2.7649371286309137 1.5999999999999996
    endloop
  endfacet
  facet normal 0.8968727415326891 0.4422886902189998 0
    outer loop
      vertex 62.55240473580835 2.325 0
      vertex 62.33545175308267 2.7649371286309137 1.5999999999999996
      vertex 62.55240473580835 2.325 1.5999999999999996
    endloop
  endfacet
  facet normal 0.7277432125316221 0.6858497041000705 -3.069497967676367e-17
    outer loop
      vertex 63.148349570550444 1.5483495705504469 1.5999999999999996
      vertex 64.37195791680044 0.25 1.5999999999999996
      vertex 64.37195791680044 0.25 0
    endloop
  endfacet
  facet normal 0.9807852804032302 -0.19509032201612975 0
    outer loop
      vertex 62.08208176984821 4.689473220825193 0
      vertex 62.17777815141599 5.170571419134453 1.5999999999999996
      vertex 62.08208176984821 4.689473220825193 1.5999999999999996
    endloop
  endfacet
  facet normal 0.9469301294951061 -0.3214394653031604 0
    outer loop
      vertex 62.17777815141599 5.170571419134453 0
      vertex 62.33545175308267 5.635062871369087 1.5999999999999996
      vertex 62.17777815141599 5.170571419134453 1.5999999999999996
    endloop
  endfacet
  facet normal 0.8968727415326891 -0.4422886902189998 0
    outer loop
      vertex 62.33545175308267 5.635062871369087 0
      vertex 62.55240473580835 6.075 1.5999999999999996
      vertex 62.33545175308267 5.635062871369087 1.5999999999999996
    endloop
  endfacet
  facet normal 0.8314696123025478 -0.5555702330195984 0
    outer loop
      vertex 62.55240473580835 6.075 0
      vertex 62.82492497390786 6.482855358782702 1.5999999999999996
      vertex 62.55240473580835 6.075 1.5999999999999996
    endloop
  endfacet
  facet normal 0.7518398074789747 -0.6593458151000717 0
    outer loop
      vertex 62.82492497390786 6.482855358782702 0
      vertex 63.148349570550444 6.8516504294495535 1.5999999999999996
      vertex 62.82492497390786 6.482855358782702 1.5999999999999996
    endloop
  endfacet
  facet normal 0.6593458151000714 -0.7518398074789753 0
    outer loop
      vertex 63.148349570550444 6.8516504294495535 0
      vertex 63.51714464121729 7.1750750260921325 1.5999999999999996
      vertex 63.148349570550444 6.8516504294495535 1.5999999999999996
    endloop
  endfacet
  facet normal 0.5555702330195984 -0.8314696123025478 0
    outer loop
      vertex 63.51714464121729 7.1750750260921325 0
      vertex 63.925 7.447595264191644 1.5999999999999996
      vertex 63.51714464121729 7.1750750260921325 1.5999999999999996
    endloop
  endfacet
  facet normal 0.44228869021900047 -0.8968727415326887 0
    outer loop
      vertex 63.925 7.447595264191644 0
      vertex 64.36493712863091 7.664548246917326 1.5999999999999996
      vertex 63.925 7.447595264191644 1.5999999999999996
    endloop
  endfacet
  facet normal 0.3214394653031669 -0.9469301294951038 0
    outer loop
      vertex 64.36493712863091 7.664548246917326 0
      vertex 64.82942858086554 7.8222218485840065 1.5999999999999996
      vertex 64.36493712863091 7.664548246917326 1.5999999999999996
    endloop
  endfacet
  facet normal 0.19509032201612453 -0.9807852804032312 2.1662601114020596e-18
    outer loop
      vertex 65.31052677917481 7.917918230151789 1.5999999999999996
      vertex 64.82942858086554 7.8222218485840065 1.5999999999999996
      vertex 64.82942858086554 7.8222218485840065 0
    endloop
  endfacet
  facet normal 0.0654031292301432 -0.9978589232386035 0
    outer loop
      vertex 65.31052677917481 7.917918230151789 1.5999999999999996
      vertex 65.31052677917481 7.917918230151789 0
      vertex 65.8 7.95 1.5999999999999996
    endloop
  endfacet
  facet normal -0.0654031292301432 -0.9978589232386035 4.1256476465951144e-19
    outer loop
      vertex 66.28947322082519 7.917918230151789 1.5999999999999996
      vertex 65.8 7.95 1.5999999999999996
      vertex 65.8 7.95 0
    endloop
  endfacet
  facet normal -0.19509032201612453 -0.9807852804032312 0
    outer loop
      vertex 66.28947322082519 7.917918230151789 1.5999999999999996
      vertex 66.28947322082519 7.917918230151789 0
      vertex 66.77057141913446 7.8222218485840065 1.5999999999999996
    endloop
  endfacet
  facet normal -0.3214394653031669 -0.9469301294951038 0
    outer loop
      vertex 66.77057141913446 7.8222218485840065 1.5999999999999996
      vertex 66.77057141913446 7.8222218485840065 0
      vertex 67.23506287136908 7.664548246917326 1.5999999999999996
    endloop
  endfacet
  facet normal -0.44228869021900047 -0.8968727415326887 -3.5099270262369814e-18
    outer loop
      vertex 67.675 7.447595264191644 1.5999999999999996
      vertex 67.23506287136908 7.664548246917326 1.5999999999999996
      vertex 67.23506287136908 7.664548246917326 0
    endloop
  endfacet
  facet normal -0.6858497041000715 -0.7277432125316212 2.107731073644615e-17
    outer loop
      vertex 69.75 5.628042083199558 1.5999999999999996
      vertex 68.45165042944956 6.8516504294495535 1.5999999999999996
      vertex 68.45165042944956 6.8516504294495535 0
    endloop
  endfacet
  facet normal -0.5555702330196051 -0.8314696123025433 -7.278021728506043e-18
    outer loop
      vertex 68.0828553587827 7.1750750260921325 1.5999999999999996
      vertex 67.675 7.447595264191644 1.5999999999999996
      vertex 67.675 7.447595264191644 0
    endloop
  endfacet
  facet normal -0.659345815100057 -0.7518398074789878 0
    outer loop
      vertex 68.0828553587827 7.1750750260921325 1.5999999999999996
      vertex 68.0828553587827 7.1750750260921325 0
      vertex 68.45165042944956 6.8516504294495535 1.5999999999999996
    endloop
  endfacet
  facet normal 0 1 0
    outer loop
      vertex 13 14.5 1.5999999999999996
      vertex 25.86 14.5 0
      vertex 13 14.5 0
    endloop
  endfacet
  facet normal 1 0 0
    outer loop
      vertex 13 19.5 1.5999999999999996
      vertex 13 14.5 1.5999999999999996
      vertex 13 14.5 0
    endloop
  endfacet
  facet normal 1 0 0
    outer loop
      vertex 13 19.5 1.5999999999999996
      vertex 13 14.5 0
      vertex 13 19.5 0
    endloop
  endfacet
  facet normal 0 -1 0
    outer loop
      vertex 25.86 19.5 1.5999999999999996
      vertex 13 19.5 1.5999999999999996
      vertex 13 19.5 0
    endloop
  endfacet
  facet normal -1 0 0
    outer loop
      vertex 25.86 14.5 0
      vertex 25.86 14.5 1.5999999999999996
      vertex 25.86 19.5 0
    endloop
  endfacet
  facet normal 0 1 0
    outer loop
      vertex 13 14.5 1.5999999999999996
      vertex 25.86 14.5 1.5999999999999996
      vertex 25.86 14.5 0
    endloop
  endfacet
  facet normal 0 -1 0
    outer loop
      vertex 13 19.5 0
      vertex 25.86 19.5 0
      vertex 25.86 19.5 1.5999999999999996
    endloop
  endfacet
  facet normal -1 0 0
    outer loop
      vertex 25.86 19.5 0
      vertex 25.86 14.5 1.5999999999999996
      vertex 25.86 19.5 1.5999999999999996
    endloop
  endfacet
  facet normal 0 1 0
    outer loop
      vertex 13 24.5 1.5999999999999996
      vertex 25.86 24.5 0
      vertex 13 24.5 0
    endloop
  endfacet
  facet normal 1 0 0
    outer loop
      vertex 13 29.5 1.5999999999999996
      vertex 13 24.5 0
      vertex 13 29.5 0
    endloop
  endfacet
  facet normal 1 0 0
    outer loop
      vertex 13 29.5 1.5999999999999996
      vertex 13 24.5 1.5999999999999996
      vertex 13 24.5 0
    endloop
  endfacet
  facet normal 0 -1 0
    outer loop
      vertex 13 29.5 1.5999999999999996
      vertex 13 29.5 0
      vertex 25.86 29.5 1.5999999999999996
    endloop
  endfacet
  facet normal -1 0 0
    outer loop
      vertex 25.86 24.5 1.5999999999999996
      vertex 25.86 29.5 0
      vertex 25.86 24.5 0
    endloop
  endfacet
  facet normal 0 -1 0
    outer loop
      vertex 25.86 29.5 1.5999999999999996
      vertex 13 29.5 0
      vertex 25.86 29.5 0
    endloop
  endfacet
  facet normal 0 1 0
    outer loop
      vertex 13 24.5 1.5999999999999996
      vertex 25.86 24.5 1.5999999999999996
      vertex 25.86 24.5 0
    endloop
  endfacet
  facet normal -1 0 0
    outer loop
      vertex 25.86 24.5 1.5999999999999996
      vertex 25.86 29.5 1.5999999999999996
      vertex 25.86 29.5 0
    endloop
  endfacet
  facet normal 0 1 0
    outer loop
      vertex 13 34.5 1.5999999999999996
      vertex 25.86 34.5 0
      vertex 13 34.5 0
    endloop
  endfacet
  facet normal 0 1 0
    outer loop
      vertex 25.86 34.5 1.5999999999999996
      vertex 25.86 34.5 0
      vertex 13 34.5 1.5999999999999996
    endloop
  endfacet
  facet normal 1 0 0
    outer loop
      vertex 13 39.5 1.5999999999999996
      vertex 13 34.5 0
      vertex 13 39.5 0
    endloop
  endfacet
  facet normal 1 0 0
    outer loop
      vertex 13 39.5 1.5999999999999996
      vertex 13 34.5 1.5999999999999996
      vertex 13 34.5 0
    endloop
  endfacet
  facet normal 0 -1 0
    outer loop
      vertex 13 39.5 1.5999999999999996
      vertex 13 39.5 0
      vertex 25.86 39.5 1.5999999999999996
    endloop
  endfacet
  facet normal 0 -1 0
    outer loop
      vertex 13 39.5 0
      vertex 25.86 39.5 0
      vertex 25.86 39.5 1.5999999999999996
    endloop
  endfacet
  facet normal -1 0 0
    outer loop
      vertex 25.86 34.5 0
      vertex 25.86 34.5 1.5999999999999996
      vertex 25.86 39.5 0
    endloop
  endfacet
  facet normal -1 0 0
    outer loop
      vertex 25.86 34.5 1.5999999999999996
      vertex 25.86 39.5 1.5999999999999996
      vertex 25.86 39.5 0
    endloop
  endfacet
  facet normal 1 0 0
    outer loop
      vertex 13 49.5 1.5999999999999996
      vertex 13 44.5 0
      vertex 13 49.5 0
    endloop
  endfacet
  facet normal 0 1 0
    outer loop
      vertex 13 44.5 1.5999999999999996
      vertex 25.86 44.5 0
      vertex 13 44.5 0
    endloop
  endfacet
  facet normal 1 0 0
    outer loop
      vertex 13 44.5 1.5999999999999996
      vertex 13 44.5 0
      vertex 13 49.5 1.5999999999999996
    endloop
  endfacet
  facet normal 0 -1 0
    outer loop
      vertex 25.86 49.5 1.5999999999999996
      vertex 13 49.5 1.5999999999999996
      vertex 13 49.5 0
    endloop
  endfacet
  facet normal 0 -1 0
    outer loop
      vertex 25.86 49.5 0
      vertex 25.86 49.5 1.5999999999999996
      vertex 13 49.5 0
    endloop
  endfacet
  facet normal -1 0 0
    outer loop
      vertex 25.86 49.5 0
      vertex 25.86 44.5 0
      vertex 25.86 44.5 1.5999999999999996
    endloop
  endfacet
  facet normal 0 1 0
    outer loop
      vertex 25.86 44.5 1.5999999999999996
      vertex 25.86 44.5 0
      vertex 13 44.5 1.5999999999999996
    endloop
  endfacet
  facet normal -1 0 0
    outer loop
      vertex 25.86 44.5 1.5999999999999996
      vertex 25.86 49.5 1.5999999999999996
      vertex 25.86 49.5 0
    endloop
  endfacet
  facet normal 1 0 0
    outer loop
      vertex 39.2 40.760000000000005 1.5999999999999996
      vertex 39.2 35.760000000000005 0
      vertex 39.2 40.760000000000005 0
    endloop
  endfacet
  facet normal 0 1 0
    outer loop
      vertex 39.2 35.760000000000005 1.5999999999999996
      vertex 62 35.760000000000005 0
      vertex 39.2 35.760000000000005 0
    endloop
  endfacet
  facet normal 1 0 0
    outer loop
      vertex 39.2 40.760000000000005 1.5999999999999996
      vertex 39.2 35.760000000000005 1.5999999999999996
      vertex 39.2 35.760000000000005 0
    endloop
  endfacet
  facet normal 0 -1 0
    outer loop
      vertex 62 40.760000000000005 1.5999999999999996
      vertex 39.2 40.760000000000005 1.5999999999999996
      vertex 39.2 40.760000000000005 0
    endloop
  endfacet
  facet normal 0 -1 0
    outer loop
      vertex 39.2 40.760000000000005 0
      vertex 62 40.760000000000005 0
      vertex 62 40.760000000000005 1.5999999999999996
    endloop
  endfacet
  facet normal -1 0 0
    outer loop
      vertex 62 35.760000000000005 0
      vertex 62 35.760000000000005 1.5999999999999996
      vertex 62 40.760000000000005 0
    endloop
  endfacet
  facet normal 0 1 0
    outer loop
      vertex 39.2 35.760000000000005 1.5999999999999996
      vertex 62 35.760000000000005 1.5999999999999996
      vertex 62 35.760000000000005 0
    endloop
  endfacet
  facet normal -1 0 0
    outer loop
      vertex 62 40.760000000000005 0
      vertex 62 35.760000000000005 1.5999999999999996
      vertex 62 40.760000000000005 1.5999999999999996
    endloop
  endfacet
  facet normal 1 0 0
    outer loop
      vertex 39.2 45.760000000000005 0
      vertex 39.2 50.760000000000005 0
      vertex 39.2 50.760000000000005 1.5999999999999996
    endloop
  endfacet
  facet normal 0 1 0
    outer loop
      vertex 39.2 45.760000000000005 0
      vertex 39.2 45.760000000000005 1.5999999999999996
      vertex 62 45.760000000000005 0
    endloop
  endfacet
  facet normal 1 0 0
    outer loop
      vertex 39.2 45.760000000000005 1.5999999999999996
      vertex 39.2 45.760000000000005 0
      vertex 39.2 50.760000000000005 1.5999999999999996
    endloop
  endfacet
  facet normal 0 -1 0
    outer loop
      vertex 62 50.760000000000005 1.5999999999999996
      vertex 39.2 50.760000000000005 1.5999999999999996
      vertex 39.2 50.760000000000005 0
    endloop
  endfacet
  facet normal 0 -1 0
    outer loop
      vertex 39.2 50.760000000000005 0
      vertex 62 50.760000000000005 0
      vertex 62 50.760000000000005 1.5999999999999996
    endloop
  endfacet
  facet normal -1 0 0
    outer loop
      vertex 62 45.760000000000005 0
      vertex 62 45.760000000000005 1.5999999999999996
      vertex 62 50.760000000000005 0
    endloop
  endfacet
  facet normal 0 1 0
    outer loop
      vertex 39.2 45.760000000000005 1.5999999999999996
      vertex 62 45.760000000000005 1.5999999999999996
      vertex 62 45.760000000000005 0
    endloop
  endfacet
  facet normal -1 0 0
    outer loop
      vertex 62 50.760000000000005 0
      vertex 62 45.760000000000005 1.5999999999999996
      vertex 62 50.760000000000005 1.5999999999999996
    endloop
  endfacet
  facet normal 1 0 0
    outer loop
      vertex 39.2 55.760000000000005 0
      vertex 39.2 60.760000000000005 0
      vertex 39.2 60.760000000000005 1.5999999999999996
    endloop
  endfacet
  facet normal 0 1 0
    outer loop
      vertex 39.2 55.760000000000005 0
      vertex 39.2 55.760000000000005 1.5999999999999996
      vertex 62 55.760000000000005 0
    endloop
  endfacet
  facet normal 1 0 0
    outer loop
      vertex 39.2 55.760000000000005 0
      vertex 39.2 60.760000000000005 1.5999999999999996
      vertex 39.2 55.760000000000005 1.5999999999999996
    endloop
  endfacet
  facet normal 0 -1 0
    outer loop
      vertex 39.2 60.760000000000005 0
      vertex 62 60.760000000000005 1.5999999999999996
      vertex 39.2 60.760000000000005 1.5999999999999996
    endloop
  endfacet
  facet normal 0 -1 0
    outer loop
      vertex 62 60.760000000000005 1.5999999999999996
      vertex 39.2 60.760000000000005 0
      vertex 62 60.760000000000005 0
    endloop
  endfacet
  facet normal -1 0 0
    outer loop
      vertex 62 58.111356487487754 1.5999999999999996
      vertex 62 60.760000000000005 0
      vertex 62 55.760000000000005 0
    endloop
  endfacet
  facet normal 0 1 0
    outer loop
      vertex 39.2 55.760000000000005 1.5999999999999996
      vertex 62 55.760000000000005 1.5999999999999996
      vertex 62 55.760000000000005 0
    endloop
  endfacet
  facet normal -1 0 0
    outer loop
      vertex 62 58.111356487487754 1.5999999999999996
      vertex 62 55.760000000000005 0
      vertex 62 55.760000000000005 1.5999999999999996
    endloop
  endfacet
  facet normal -1 0 0
    outer loop
      vertex 62 58.111356487487754 1.5999999999999996
      vertex 62 60.760000000000005 1.5999999999999996
      vertex 62 60.760000000000005 0
    endloop
  endfacet
  facet normal 1 0 0
    outer loop
      vertex 38.35 69.6 0
      vertex 38.35 69.6 1.5999999999999996
      vertex 38.35 66.4 0
    endloop
  endfacet
  facet normal 0 1 0
    outer loop
      vertex 48.35 66.4 0
      vertex 38.35 66.4 0
      vertex 38.35 66.4 1.5999999999999996
    endloop
  endfacet
  facet normal -1 0 0
    outer loop
      vertex 48.35 69.6 0
      vertex 48.35 66.4 0
      vertex 48.35 66.4 1.5999999999999996
    endloop
  endfacet
  facet normal 1 0 0
    outer loop
      vertex 38.35 69.6 1.5999999999999996
      vertex 38.35 66.4 1.5999999999999996
      vertex 38.35 66.4 0
    endloop
  endfacet
  facet normal 0 1 0
    outer loop
      vertex 48.35 66.4 0
      vertex 38.35 66.4 1.5999999999999996
      vertex 48.35 66.4 1.5999999999999996
    endloop
  endfacet
  facet normal -1 0 0
    outer loop
      vertex 48.35 69.6 1.5999999999999996
      vertex 48.35 69.6 0
      vertex 48.35 66.4 1.5999999999999996
    endloop
  endfacet
  facet normal 0 1 0
    outer loop
      vertex 0.25 40.65 0
      vertex 4.6 40.65 1.5999999999999996
      vertex 4.6 40.65 0
    endloop
  endfacet
  facet normal 0 -1 0
    outer loop
      vertex 0.25 51.349999999999994 0
      vertex 4.6 51.349999999999994 0
      vertex 4.6 51.349999999999994 1.5999999999999996
    endloop
  endfacet
  facet normal -1 0 0
    outer loop
      vertex 4.6 40.65 0
      vertex 4.6 40.65 1.5999999999999996
      vertex 4.6 51.349999999999994 0
    endloop
  endfacet
  facet normal 0 1 0
    outer loop
      vertex 0.25 40.65 0
      vertex 0.25 40.65 1.5999999999999996
      vertex 4.6 40.65 1.5999999999999996
    endloop
  endfacet
  facet normal 0 -1 0
    outer loop
      vertex 0.25 51.349999999999994 0
      vertex 4.6 51.349999999999994 1.5999999999999996
      vertex 0.25 51.349999999999994 1.5999999999999996
    endloop
  endfacet
  facet normal -1 0 0
    outer loop
      vertex 4.6 51.349999999999994 0
      vertex 4.6 40.65 1.5999999999999996
      vertex 4.6 51.349999999999994 1.5999999999999996
    endloop
  endfacet
  facet normal 0 1 0
    outer loop
      vertex 5 14 0
      vertex 0.25 14 0
      vertex 0.25 14 1.5999999999999996
    endloop
  endfacet
  facet normal 0 1 0
    outer loop
      vertex 0.25 14 1.5999999999999996
      vertex 5 14 1.5999999999999996
      vertex 5 14 0
    endloop
  endfacet
  facet normal -1 0 0
    outer loop
      vertex 5 14 1.5999999999999996
      vertex 5 30 0
      vertex 5 14 0
    endloop
  endfacet
  facet normal 0 -1 0
    outer loop
      vertex 0.25 30 0
      vertex 5 30 0
      vertex 5 30 1.5999999999999996
    endloop
  endfacet
  facet normal -1 0 0
    outer loop
      vertex 5 30 0
      vertex 5 14 1.5999999999999996
      vertex 5 30 1.5999999999999996
    endloop
  endfacet
  facet normal 0 -1 0
    outer loop
      vertex 0.25 30 0
      vertex 5 30 1.5999999999999996
      vertex 0.25 30 1.5999999999999996
    endloop
  endfacet
endsolid OpenSCAD_Model
