solid OpenSCAD_Model
  facet normal -0.44283079732145625 -0.38835218633922564 -0.8081357957108364
    outer loop
      vertex -1.3487006784950957 -1.0348944293148215 0.7999999999999972
      vertex -0.4760120041747413 -0.3652568574052317 0
      vertex -1.2020815280171284 -1.2020815280171284 0.7999999999999972
    endloop
  endfacet
  facet normal -0.3883521863392255 -0.4428307973214556 -0.8081357957108368
    outer loop
      vertex -1.034894429314825 -1.3487006784950992 0.8000000000000007
      vertex -1.2020815280171284 -1.2020815280171284 0.7999999999999972
      vertex -0.4242640687119277 -0.4242640687119277 0
    endloop
  endfacet
  facet normal -0.5776788132281127 -0.11490746032427057 -0.8081357957108357
    outer loop
      vertex -1.6420739046914115 -0.43999237667428304 0.7999999999999972
      vertex -1.6854562643354711 -0.2218945267740864 0.7999999999999972
      vertex -0.5948669168242873 -0.07831571533203174 0
    endloop
  endfacet
  facet normal -0.5877351241533367 -0.03852219525515645 -0.8081357957108357
    outer loop
      vertex -1.6854562643354711 -0.2218945267740864 0.7999999999999972
      vertex -1.6999999999999993 0 0.8000000000000007
      vertex -0.6000000000000014 0 0
    endloop
  endfacet
  facet normal -0.48973245058561266 -0.3272287617771768 -0.8081357957108359
    outer loop
      vertex -1.3487006784950957 -1.0348944293148215 0.7999999999999972
      vertex -1.4722431864335412 -0.8499999999999979 0.7999999999999972
      vertex -0.5196152422706639 -0.3000000000000007 0
    endloop
  endfacet
  facet normal -0.528254645840769 -0.2605063623761581 -0.8081357957108356
    outer loop
      vertex -1.570595205269182 -0.6505618350206497 0.7999999999999972
      vertex -0.5543277195067731 -0.22961005941905555 0
      vertex -1.4722431864335412 -0.8499999999999979 0.7999999999999972
    endloop
  endfacet
  facet normal -0.5577382576457269 -0.1893266268888835 -0.8081357957108359
    outer loop
      vertex -1.570595205269182 -0.6505618350206497 0.7999999999999972
      vertex -1.6420739046914115 -0.43999237667428304 0.7999999999999972
      vertex -0.579555495773441 -0.15529142706151333 0
    endloop
  endfacet
  facet normal -0.5577382576457315 -0.18932662688887303 -0.8081357957108354
    outer loop
      vertex -1.570595205269182 -0.6505618350206497 0.7999999999999972
      vertex -0.579555495773441 -0.15529142706151333 0
      vertex -0.5543277195067731 -0.22961005941905555 0
    endloop
  endfacet
  facet normal -0.5776788132281093 -0.114907460324282 -0.8081357957108364
    outer loop
      vertex -1.6420739046914115 -0.43999237667428304 0.7999999999999972
      vertex -0.5948669168242873 -0.07831571533203174 0
      vertex -0.579555495773441 -0.15529142706151333 0
    endloop
  endfacet
  facet normal -0.5877351241533367 -0.03852219525515665 -0.8081357957108356
    outer loop
      vertex -1.6854562643354711 -0.2218945267740864 0.7999999999999972
      vertex -0.6000000000000014 0 0
      vertex -0.5948669168242873 -0.07831571533203174 0
    endloop
  endfacet
  facet normal -0.32722876177717236 -0.48973245058561554 -0.8081357957108362
    outer loop
      vertex -1.034894429314825 -1.3487006784950992 0.8000000000000007
      vertex -0.3652568574052317 -0.4760120041747413 0
      vertex -0.8499999999999979 -1.4722431864335448 0.8000000000000007
    endloop
  endfacet
  facet normal -0.2605063623761692 -0.5282546458407631 -0.8081357957108358
    outer loop
      vertex -0.6505618350206532 -1.5705952052691892 0.8000000000000007
      vertex -0.8499999999999979 -1.4722431864335448 0.8000000000000007
      vertex -0.3000000000000007 -0.5196152422706639 0
    endloop
  endfacet
  facet normal -0.18932662688887222 -0.5577382576457308 -0.808135795710836
    outer loop
      vertex -0.6505618350206532 -1.5705952052691892 0.8000000000000007
      vertex -0.22961005941905555 -0.5543277195067731 0
      vertex -0.43999237667428304 -1.642073904691415 0.8000000000000007
    endloop
  endfacet
  facet normal -0.11490746032427952 -0.5776788132281104 -0.808135795710836
    outer loop
      vertex -0.43999237667428304 -1.642073904691415 0.8000000000000007
      vertex -0.15529142706151333 -0.579555495773441 0
      vertex -0.2218945267740864 -1.6854562643354782 0.8000000000000007
    endloop
  endfacet
  facet normal -0.03852219525515056 -0.5877351241533366 -0.808135795710836
    outer loop
      vertex -0.2218945267740864 -1.6854562643354782 0.8000000000000007
      vertex -0.07831571533203174 -0.5948669168242873 0
      vertex 0 -1.6999999999999993 0.8000000000000007
    endloop
  endfacet
  facet normal -0.2605063623761656 -0.5282546458407648 -0.8081357957108362
    outer loop
      vertex -0.6505618350206532 -1.5705952052691892 0.8000000000000007
      vertex -0.3000000000000007 -0.5196152422706639 0
      vertex -0.22961005941905555 -0.5543277195067731 0
    endloop
  endfacet
  facet normal -0.18932662688887253 -0.5577382576457308 -0.8081357957108359
    outer loop
      vertex -0.43999237667428304 -1.642073904691415 0.8000000000000007
      vertex -0.22961005941905555 -0.5543277195067731 0
      vertex -0.15529142706151333 -0.579555495773441 0
    endloop
  endfacet
  facet normal -0.11490746032428215 -0.57767881322811 -0.8081357957108359
    outer loop
      vertex -0.2218945267740864 -1.6854562643354782 0.8000000000000007
      vertex -0.15529142706151333 -0.579555495773441 0
      vertex -0.07831571533203174 -0.5948669168242873 0
    endloop
  endfacet
  facet normal -0.038522195255156225 -0.5877351241533367 -0.8081357957108356
    outer loop
      vertex -0.07831571533203174 -0.5948669168242873 0
      vertex 0 -0.6000000000000014 0
      vertex 0 -1.6999999999999993 0.8000000000000007
    endloop
  endfacet
  facet normal -0.442830797321447 -0.3883521863392344 -0.8081357957108373
    outer loop
      vertex -1.2020815280171284 -1.2020815280171284 0.7999999999999972
      vertex -0.4760120041747413 -0.3652568574052317 0
      vertex -0.4242640687119277 -0.4242640687119277 0
    endloop
  endfacet
  facet normal -0.48973245058560805 -0.32722876177718296 -0.8081357957108363
    outer loop
      vertex -1.3487006784950957 -1.0348944293148215 0.7999999999999972
      vertex -0.5196152422706639 -0.3000000000000007 0
      vertex -0.4760120041747413 -0.3652568574052317 0
    endloop
  endfacet
  facet normal -0.5282546458407644 -0.2605063623761656 -0.8081357957108364
    outer loop
      vertex -1.4722431864335412 -0.8499999999999979 0.7999999999999972
      vertex -0.5543277195067731 -0.22961005941905555 0
      vertex -0.5196152422706639 -0.3000000000000007 0
    endloop
  endfacet
  facet normal -0.3883521863392354 -0.44283079732144814 -0.808135795710836
    outer loop
      vertex -1.034894429314825 -1.3487006784950992 0.8000000000000007
      vertex -0.4242640687119277 -0.4242640687119277 0
      vertex -0.3652568574052317 -0.4760120041747413 0
    endloop
  endfacet
  facet normal -0.3272287617771839 -0.4897324505856093 -0.8081357957108353
    outer loop
      vertex -0.8499999999999979 -1.4722431864335448 0.8000000000000007
      vertex -0.3652568574052317 -0.4760120041747413 0
      vertex -0.3000000000000007 -0.5196152422706639 0
    endloop
  endfacet
  facet normal 0 0 -1
    outer loop
      vertex -0.579555495773441 -0.15529142706151333 0
      vertex -0.5948669168242873 -0.07831571533203174 0
      vertex -0.579555495773441 0.15529142706151333 0
    endloop
  endfacet
  facet normal 0 0 -1
    outer loop
      vertex -0.5543277195067731 -0.22961005941905555 0
      vertex -0.579555495773441 -0.15529142706151333 0
      vertex -0.5543277195067731 0.22961005941905555 0
    endloop
  endfacet
  facet normal 0 0 -1
    outer loop
      vertex -0.4760120041747413 -0.3652568574052317 0
      vertex -0.4242640687119277 0.4242640687119277 0
      vertex -0.4242640687119277 -0.4242640687119277 0
    endloop
  endfacet
  facet normal 0 0 -1
    outer loop
      vertex -0.5543277195067731 -0.22961005941905555 0
      vertex -0.5196152422706639 0.3000000000000007 0
      vertex -0.5196152422706639 -0.3000000000000007 0
    endloop
  endfacet
  facet normal 0 0 -1
    outer loop
      vertex -0.4760120041747413 -0.3652568574052317 0
      vertex -0.5196152422706639 -0.3000000000000007 0
      vertex -0.4760120041747413 0.3652568574052317 0
    endloop
  endfacet
  facet normal 0 0 -1
    outer loop
      vertex -0.3652568574052317 -0.4760120041747413 0
      vertex -0.4242640687119277 -0.4242640687119277 0
      vertex -0.3652568574052317 0.4760120041747413 0
    endloop
  endfacet
  facet normal 0 0 -1
    outer loop
      vertex -0.3652568574052317 -0.4760120041747413 0
      vertex -0.3000000000000007 0.5196152422706639 0
      vertex -0.3000000000000007 -0.5196152422706639 0
    endloop
  endfacet
  facet normal 0 0 -1
    outer loop
      vertex -0.22961005941905555 -0.5543277195067731 0
      vertex -0.3000000000000007 -0.5196152422706639 0
      vertex -0.22961005941905555 0.5543277195067731 0
    endloop
  endfacet
  facet normal 0 0 -1
    outer loop
      vertex -0.22961005941905555 -0.5543277195067731 0
      vertex -0.15529142706151333 0.579555495773441 0
      vertex -0.15529142706151333 -0.579555495773441 0
    endloop
  endfacet
  facet normal 0 0 -1
    outer loop
      vertex -0.15529142706151333 -0.579555495773441 0
      vertex -0.07831571533203174 0.5948669168242873 0
      vertex -0.07831571533203174 -0.5948669168242873 0
    endloop
  endfacet
  facet normal 0 0 -1
    outer loop
      vertex -0.07831571533203174 -0.5948669168242873 0
      vertex 0 0.6000000000000014 0
      vertex 0 -0.6000000000000014 0
    endloop
  endfacet
  facet normal -0.5877351241533368 0.038522195255150576 -0.8081357957108358
    outer loop
      vertex -1.6999999999999993 0 0.8000000000000007
      vertex -1.6854562643354782 0.2218945267740864 0.8000000000000007
      vertex -0.6000000000000014 0 0
    endloop
  endfacet
  facet normal -0.5776788132281109 0.11490746032427773 -0.808135795710836
    outer loop
      vertex -1.6854562643354782 0.2218945267740864 0.8000000000000007
      vertex -1.642073904691415 0.4399923766742866 0.8000000000000007
      vertex -0.5948669168242873 0.07831571533203174 0
    endloop
  endfacet
  facet normal -0.557738257645727 0.18932662688888352 -0.8081357957108359
    outer loop
      vertex -1.642073904691415 0.4399923766742866 0.8000000000000007
      vertex -1.5705952052691856 0.6505618350206532 0.8000000000000007
      vertex -0.579555495773441 0.15529142706151333 0
    endloop
  endfacet
  facet normal -0.587735124153336 0.03852219525515598 -0.8081357957108362
    outer loop
      vertex -1.6854562643354782 0.2218945267740864 0.8000000000000007
      vertex -0.5948669168242873 0.07831571533203174 0
      vertex -0.6000000000000014 0 0
    endloop
  endfacet
  facet normal -0.5776788132281095 0.11490746032428212 -0.8081357957108363
    outer loop
      vertex -1.642073904691415 0.4399923766742866 0.8000000000000007
      vertex -0.579555495773441 0.15529142706151333 0
      vertex -0.5948669168242873 0.07831571533203174 0
    endloop
  endfacet
  facet normal -0.5577382576457318 0.1893266268888733 -0.8081357957108352
    outer loop
      vertex -1.5705952052691856 0.6505618350206532 0.8000000000000007
      vertex -0.5543277195067731 0.22961005941905555 0
      vertex -0.579555495773441 0.15529142706151333 0
    endloop
  endfacet
  facet normal -0.5282546458407691 0.2605063623761581 -0.8081357957108357
    outer loop
      vertex -1.5705952052691856 0.6505618350206532 0.8000000000000007
      vertex -1.4722431864335448 0.8500000000000014 0.8000000000000007
      vertex -0.5543277195067731 0.22961005941905555 0
    endloop
  endfacet
  facet normal -0.4897324505856127 0.32722876177717675 -0.8081357957108359
    outer loop
      vertex -1.4722431864335448 0.8500000000000014 0.8000000000000007
      vertex -1.3487006784950992 1.034894429314825 0.8000000000000007
      vertex -0.5196152422706639 0.3000000000000007 0
    endloop
  endfacet
  facet normal -0.44283079732145625 0.3883521863392255 -0.8081357957108364
    outer loop
      vertex -1.3487006784950992 1.034894429314825 0.8000000000000007
      vertex -1.202081528017132 1.202081528017132 0.8000000000000007
      vertex -0.4760120041747413 0.3652568574052317 0
    endloop
  endfacet
  facet normal -0.3883521863392252 0.44283079732145586 -0.8081357957108368
    outer loop
      vertex -1.202081528017132 1.202081528017132 0.8000000000000007
      vertex -1.034894429314825 1.3487006784950992 0.8000000000000007
      vertex -0.4242640687119277 0.4242640687119277 0
    endloop
  endfacet
  facet normal 0 0 -1
    outer loop
      vertex -0.5948669168242873 -0.07831571533203174 0
      vertex -0.6000000000000014 0 0
      vertex -0.5948669168242873 0.07831571533203174 0
    endloop
  endfacet
  facet normal 0 0 -1
    outer loop
      vertex -0.5948669168242873 -0.07831571533203174 0
      vertex -0.5948669168242873 0.07831571533203174 0
      vertex -0.579555495773441 0.15529142706151333 0
    endloop
  endfacet
  facet normal 0 0 -1
    outer loop
      vertex -0.579555495773441 -0.15529142706151333 0
      vertex -0.579555495773441 0.15529142706151333 0
      vertex -0.5543277195067731 0.22961005941905555 0
    endloop
  endfacet
  facet normal 0 0 -1
    outer loop
      vertex -0.5543277195067731 -0.22961005941905555 0
      vertex -0.5543277195067731 0.22961005941905555 0
      vertex -0.5196152422706639 0.3000000000000007 0
    endloop
  endfacet
  facet normal 0 0 -1
    outer loop
      vertex -0.5196152422706639 -0.3000000000000007 0
      vertex -0.5196152422706639 0.3000000000000007 0
      vertex -0.4760120041747413 0.3652568574052317 0
    endloop
  endfacet
  facet normal 0 0 -1
    outer loop
      vertex -0.4760120041747413 -0.3652568574052317 0
      vertex -0.4760120041747413 0.3652568574052317 0
      vertex -0.4242640687119277 0.4242640687119277 0
    endloop
  endfacet
  facet normal -0.5282546458407644 0.260506362376165 -0.8081357957108364
    outer loop
      vertex -1.4722431864335448 0.8500000000000014 0.8000000000000007
      vertex -0.5196152422706639 0.3000000000000007 0
      vertex -0.5543277195067731 0.22961005941905555 0
    endloop
  endfacet
  facet normal -0.48973245058560794 0.3272287617771825 -0.8081357957108366
    outer loop
      vertex -1.3487006784950992 1.034894429314825 0.8000000000000007
      vertex -0.4760120041747413 0.3652568574052317 0
      vertex -0.5196152422706639 0.3000000000000007 0
    endloop
  endfacet
  facet normal -0.44283079732144776 0.38835218633923396 -0.8081357957108372
    outer loop
      vertex -1.202081528017132 1.202081528017132 0.8000000000000007
      vertex -0.4242640687119277 0.4242640687119277 0
      vertex -0.4760120041747413 0.3652568574052317 0
    endloop
  endfacet
  facet normal -0.3883521863392357 0.4428307973214481 -0.808135795710836
    outer loop
      vertex -1.034894429314825 1.3487006784950992 0.8000000000000007
      vertex -0.3652568574052317 0.4760120041747413 0
      vertex -0.4242640687119277 0.4242640687119277 0
    endloop
  endfacet
  facet normal -0.32722876177718313 0.4897324505856088 -0.8081357957108358
    outer loop
      vertex -0.3652568574052317 0.4760120041747413 0
      vertex -0.8500000000000014 1.4722431864335448 0.8000000000000007
      vertex -0.3000000000000007 0.5196152422706639 0
    endloop
  endfacet
  facet normal 0 0 -1
    outer loop
      vertex -0.4242640687119277 -0.4242640687119277 0
      vertex -0.4242640687119277 0.4242640687119277 0
      vertex -0.3652568574052317 0.4760120041747413 0
    endloop
  endfacet
  facet normal 0 0 -1
    outer loop
      vertex -0.3652568574052317 -0.4760120041747413 0
      vertex -0.3652568574052317 0.4760120041747413 0
      vertex -0.3000000000000007 0.5196152422706639 0
    endloop
  endfacet
  facet normal 0 0 -1
    outer loop
      vertex -0.3000000000000007 -0.5196152422706639 0
      vertex -0.3000000000000007 0.5196152422706639 0
      vertex -0.22961005941905555 0.5543277195067731 0
    endloop
  endfacet
  facet normal 0 0 -1
    outer loop
      vertex -0.22961005941905555 -0.5543277195067731 0
      vertex -0.22961005941905555 0.5543277195067731 0
      vertex -0.15529142706151333 0.579555495773441 0
    endloop
  endfacet
  facet normal 0 0 -1
    outer loop
      vertex -0.15529142706151333 -0.579555495773441 0
      vertex -0.15529142706151333 0.579555495773441 0
      vertex -0.07831571533203174 0.5948669168242873 0
    endloop
  endfacet
  facet normal 0 0 -1
    outer loop
      vertex -0.07831571533203174 -0.5948669168242873 0
      vertex -0.07831571533203174 0.5948669168242873 0
      vertex 0 0.6000000000000014 0
    endloop
  endfacet
  facet normal -0.3272287617771766 0.48973245058561243 -0.8081357957108362
    outer loop
      vertex -1.034894429314825 1.3487006784950992 0.8000000000000007
      vertex -0.8500000000000014 1.4722431864335448 0.8000000000000007
      vertex -0.3652568574052317 0.4760120041747413 0
    endloop
  endfacet
  facet normal -0.2605063623761581 0.5282546458407686 -0.8081357957108358
    outer loop
      vertex -0.3000000000000007 0.5196152422706639 0
      vertex -0.8500000000000014 1.4722431864335448 0.8000000000000007
      vertex -0.6505618350206532 1.5705952052691856 0.8000000000000007
    endloop
  endfacet
  facet normal -0.18932662688889212 0.5577382576457244 -0.8081357957108358
    outer loop
      vertex -0.22961005941905555 0.5543277195067731 0
      vertex -0.6505618350206532 1.5705952052691856 0.8000000000000007
      vertex -0.4399923766742866 1.6420739046914186 0.8000000000000007
    endloop
  endfacet
  facet normal -0.2605063623761658 0.5282546458407656 -0.8081357957108354
    outer loop
      vertex -0.3000000000000007 0.5196152422706639 0
      vertex -0.6505618350206532 1.5705952052691856 0.8000000000000007
      vertex -0.22961005941905555 0.5543277195067731 0
    endloop
  endfacet
  facet normal -0.1893266268888722 0.5577382576457292 -0.8081357957108373
    outer loop
      vertex -0.22961005941905555 0.5543277195067731 0
      vertex -0.4399923766742866 1.6420739046914186 0.8000000000000007
      vertex -0.15529142706151333 0.579555495773441 0
    endloop
  endfacet
  facet normal -0.11490746032428173 0.5776788132281089 -0.8081357957108368
    outer loop
      vertex -0.15529142706151333 0.579555495773441 0
      vertex -0.2218945267740864 1.6854562643354818 0.8000000000000007
      vertex -0.07831571533203174 0.5948669168242873 0
    endloop
  endfacet
  facet normal -0.038522195255156114 0.587735124153335 -0.8081357957108369
    outer loop
      vertex -0.07831571533203174 0.5948669168242873 0
      vertex 0 1.6999999999999993 0.7999999999999972
      vertex 0 0.6000000000000014 0
    endloop
  endfacet
  facet normal -0.11490746032427736 0.5776788132281094 -0.808135795710837
    outer loop
      vertex -0.15529142706151333 0.579555495773441 0
      vertex -0.4399923766742866 1.6420739046914186 0.8000000000000007
      vertex -0.2218945267740864 1.6854562643354818 0.8000000000000007
    endloop
  endfacet
  facet normal -0.0385221952551538 0.5877351241533348 -0.808135795710837
    outer loop
      vertex -0.07831571533203174 0.5948669168242873 0
      vertex -0.2218945267740864 1.6854562643354818 0.8000000000000007
      vertex 0 1.6999999999999993 0.7999999999999972
    endloop
  endfacet
  facet normal 0.03852219525514994 -0.5877351241533365 -0.808135795710836
    outer loop
      vertex 0 -1.6999999999999993 0.8000000000000007
      vertex 0.07831571533203174 -0.5948669168242873 0
      vertex 0.22189452677408994 -1.6854562643354782 0.8000000000000007
    endloop
  endfacet
  facet normal 0.11490746032427948 -0.5776788132281102 -0.8081357957108363
    outer loop
      vertex 0.22189452677408994 -1.6854562643354782 0.8000000000000007
      vertex 0.15529142706151333 -0.579555495773441 0
      vertex 0.4399923766742866 -1.642073904691415 0.8000000000000007
    endloop
  endfacet
  facet normal 0.03852219525515573 -0.5877351241533367 -0.8081357957108356
    outer loop
      vertex 0 -1.6999999999999993 0.8000000000000007
      vertex 0 -0.6000000000000014 0
      vertex 0.07831571533203174 -0.5948669168242873 0
    endloop
  endfacet
  facet normal 0.11490746032428227 -0.57767881322811 -0.808135795710836
    outer loop
      vertex 0.22189452677408994 -1.6854562643354782 0.8000000000000007
      vertex 0.07831571533203174 -0.5948669168242873 0
      vertex 0.15529142706151333 -0.579555495773441 0
    endloop
  endfacet
  facet normal 0.18932662688887242 -0.5577382576457304 -0.8081357957108364
    outer loop
      vertex 0.4399923766742866 -1.642073904691415 0.8000000000000007
      vertex 0.15529142706151333 -0.579555495773441 0
      vertex 0.22961005941905555 -0.5543277195067731 0
    endloop
  endfacet
  facet normal 0.2605063623761661 -0.5282546458407655 -0.8081357957108353
    outer loop
      vertex 0.6505618350206532 -1.5705952052691856 0.8000000000000007
      vertex 0.22961005941905555 -0.5543277195067731 0
      vertex 0.3000000000000007 -0.5196152422706639 0
    endloop
  endfacet
  facet normal 0.18932662688888374 -0.5577382576457276 -0.8081357957108356
    outer loop
      vertex 0.4399923766742866 -1.642073904691415 0.8000000000000007
      vertex 0.22961005941905555 -0.5543277195067731 0
      vertex 0.6505618350206532 -1.5705952052691856 0.8000000000000007
    endloop
  endfacet
  facet normal 0.26050636237615793 -0.5282546458407686 -0.8081357957108359
    outer loop
      vertex 0.6505618350206532 -1.5705952052691856 0.8000000000000007
      vertex 0.3000000000000007 -0.5196152422706639 0
      vertex 0.8500000000000014 -1.4722431864335448 0.8000000000000007
    endloop
  endfacet
  facet normal 0.32722876177717664 -0.4897324505856124 -0.8081357957108363
    outer loop
      vertex 0.3652568574052317 -0.4760120041747413 0
      vertex 1.034894429314825 -1.3487006784950992 0.8000000000000007
      vertex 0.8500000000000014 -1.4722431864335448 0.8000000000000007
    endloop
  endfacet
  facet normal 0 0 -1
    outer loop
      vertex 0 -0.6000000000000014 0
      vertex 0.07831571533203174 0.5948669168242873 0
      vertex 0.07831571533203174 -0.5948669168242873 0
    endloop
  endfacet
  facet normal 0 0 -1
    outer loop
      vertex 0.07831571533203174 -0.5948669168242873 0
      vertex 0.15529142706151333 0.579555495773441 0
      vertex 0.15529142706151333 -0.579555495773441 0
    endloop
  endfacet
  facet normal 0 0 -1
    outer loop
      vertex 0.15529142706151333 -0.579555495773441 0
      vertex 0.22961005941905555 0.5543277195067731 0
      vertex 0.22961005941905555 -0.5543277195067731 0
    endloop
  endfacet
  facet normal 0 0 -1
    outer loop
      vertex 0.22961005941905555 -0.5543277195067731 0
      vertex 0.3000000000000007 0.5196152422706639 0
      vertex 0.3000000000000007 -0.5196152422706639 0
    endloop
  endfacet
  facet normal 0 0 -1
    outer loop
      vertex 0.3000000000000007 -0.5196152422706639 0
      vertex 0.3652568574052317 0.4760120041747413 0
      vertex 0.3652568574052317 -0.4760120041747413 0
    endloop
  endfacet
  facet normal 0 0 -1
    outer loop
      vertex 0.3652568574052317 -0.4760120041747413 0
      vertex 0.4242640687119277 0.4242640687119277 0
      vertex 0.4242640687119277 -0.4242640687119277 0
    endloop
  endfacet
  facet normal 0.32722876177718313 -0.4897324505856089 -0.8081357957108357
    outer loop
      vertex 0.3000000000000007 -0.5196152422706639 0
      vertex 0.3652568574052317 -0.4760120041747413 0
      vertex 0.8500000000000014 -1.4722431864335448 0.8000000000000007
    endloop
  endfacet
  facet normal 0.38835218633923535 -0.4428307973214484 -0.8081357957108359
    outer loop
      vertex 0.3652568574052317 -0.4760120041747413 0
      vertex 0.4242640687119277 -0.4242640687119277 0
      vertex 1.034894429314825 -1.3487006784950992 0.8000000000000007
    endloop
  endfacet
  facet normal 0.44283079732144776 -0.38835218633923474 -0.8081357957108366
    outer loop
      vertex 0.4242640687119277 -0.4242640687119277 0
      vertex 0.4760120041747413 -0.3652568574052317 0
      vertex 1.202081528017132 -1.2020815280171213 0.7999999999999972
    endloop
  endfacet
  facet normal 0.4897324505856084 -0.32722876177718285 -0.8081357957108363
    outer loop
      vertex 0.4760120041747413 -0.3652568574052317 0
      vertex 0.5196152422706639 -0.3000000000000007 0
      vertex 1.3487006784950992 -1.0348944293148143 0.7999999999999972
    endloop
  endfacet
  facet normal 0.5282546458407651 -0.2605063623761655 -0.8081357957108357
    outer loop
      vertex 0.5196152422706639 -0.3000000000000007 0
      vertex 0.5543277195067731 -0.22961005941905555 0
      vertex 1.4722431864335448 -0.8499999999999872 0.7999999999999972
    endloop
  endfacet
  facet normal 0 0 -1
    outer loop
      vertex 0.4242640687119277 -0.4242640687119277 0
      vertex 0.4760120041747413 0.3652568574052317 0
      vertex 0.4760120041747413 -0.3652568574052317 0
    endloop
  endfacet
  facet normal 0 0 -1
    outer loop
      vertex 0.4760120041747413 -0.3652568574052317 0
      vertex 0.5196152422706639 0.3000000000000007 0
      vertex 0.5196152422706639 -0.3000000000000007 0
    endloop
  endfacet
  facet normal 0 0 -1
    outer loop
      vertex 0.5196152422706639 -0.3000000000000007 0
      vertex 0.5543277195067731 0.22961005941905555 0
      vertex 0.5543277195067731 -0.22961005941905555 0
    endloop
  endfacet
  facet normal 0 0 -1
    outer loop
      vertex 0.5543277195067731 -0.22961005941905555 0
      vertex 0.579555495773441 0.15529142706151333 0
      vertex 0.579555495773441 -0.15529142706151333 0
    endloop
  endfacet
  facet normal 0 0 -1
    outer loop
      vertex 0.579555495773441 -0.15529142706151333 0
      vertex 0.5948669168242873 0.07831571533203174 0
      vertex 0.5948669168242873 -0.07831571533203174 0
    endloop
  endfacet
  facet normal 0.3883521863392319 -0.4428307973214508 -0.8081357957108364
    outer loop
      vertex 0.4242640687119277 -0.4242640687119277 0
      vertex 1.202081528017132 -1.2020815280171213 0.7999999999999972
      vertex 1.034894429314825 -1.3487006784950992 0.8000000000000007
    endloop
  endfacet
  facet normal 0.4428307973214569 -0.38835218633922597 -0.8081357957108359
    outer loop
      vertex 0.4760120041747413 -0.3652568574052317 0
      vertex 1.3487006784950992 -1.0348944293148143 0.7999999999999972
      vertex 1.202081528017132 -1.2020815280171213 0.7999999999999972
    endloop
  endfacet
  facet normal 0.48973245058561626 -0.3272287617771729 -0.8081357957108353
    outer loop
      vertex 0.5196152422706639 -0.3000000000000007 0
      vertex 1.4722431864335448 -0.8499999999999872 0.7999999999999972
      vertex 1.3487006784950992 -1.0348944293148143 0.7999999999999972
    endloop
  endfacet
  facet normal 0.5282546458407676 -0.2605063623761615 -0.8081357957108355
    outer loop
      vertex 0.5543277195067731 -0.22961005941905555 0
      vertex 1.5705952052691856 -0.6505618350206532 0.8000000000000007
      vertex 1.4722431864335448 -0.8499999999999872 0.7999999999999972
    endloop
  endfacet
  facet normal 0.5577382576457317 -0.18932662688887306 -0.8081357957108353
    outer loop
      vertex 0.5543277195067731 -0.22961005941905555 0
      vertex 0.579555495773441 -0.15529142706151333 0
      vertex 1.5705952052691856 -0.6505618350206532 0.8000000000000007
    endloop
  endfacet
  facet normal 0.5776788132281095 -0.11490746032428187 -0.8081357957108363
    outer loop
      vertex 0.579555495773441 -0.15529142706151333 0
      vertex 0.5948669168242873 -0.07831571533203174 0
      vertex 1.642073904691415 -0.4399923766742866 0.8000000000000007
    endloop
  endfacet
  facet normal 0.587735124153336 -0.03852219525515617 -0.8081357957108363
    outer loop
      vertex 0.5948669168242873 -0.07831571533203174 0
      vertex 0.6000000000000014 0 0
      vertex 1.6854562643354782 -0.22189452677408994 0.8000000000000007
    endloop
  endfacet
  facet normal 0.5577382576457272 -0.1893266268888836 -0.8081357957108359
    outer loop
      vertex 0.579555495773441 -0.15529142706151333 0
      vertex 1.642073904691415 -0.4399923766742866 0.8000000000000007
      vertex 1.5705952052691856 -0.6505618350206532 0.8000000000000007
    endloop
  endfacet
  facet normal 0.5776788132281103 -0.11490746032427943 -0.8081357957108362
    outer loop
      vertex 0.5948669168242873 -0.07831571533203174 0
      vertex 1.6854562643354782 -0.22189452677408994 0.8000000000000007
      vertex 1.642073904691415 -0.4399923766742866 0.8000000000000007
    endloop
  endfacet
  facet normal 0.5877351241533368 -0.03852219525514996 -0.8081357957108358
    outer loop
      vertex 1.6854562643354782 -0.22189452677408994 0.8000000000000007
      vertex 0.6000000000000014 0 0
      vertex 1.6999999999999993 0 0.8000000000000007
    endloop
  endfacet
  facet normal 0 0 -1
    outer loop
      vertex 0 -0.6000000000000014 0
      vertex 0 0.6000000000000014 0
      vertex 0.07831571533203174 0.5948669168242873 0
    endloop
  endfacet
  facet normal 0 0 -1
    outer loop
      vertex 0.07831571533203174 -0.5948669168242873 0
      vertex 0.07831571533203174 0.5948669168242873 0
      vertex 0.15529142706151333 0.579555495773441 0
    endloop
  endfacet
  facet normal 0 0 -1
    outer loop
      vertex 0.15529142706151333 -0.579555495773441 0
      vertex 0.15529142706151333 0.579555495773441 0
      vertex 0.22961005941905555 0.5543277195067731 0
    endloop
  endfacet
  facet normal 0 0 -1
    outer loop
      vertex 0.22961005941905555 -0.5543277195067731 0
      vertex 0.22961005941905555 0.5543277195067731 0
      vertex 0.3000000000000007 0.5196152422706639 0
    endloop
  endfacet
  facet normal 0 0 -1
    outer loop
      vertex 0.3000000000000007 -0.5196152422706639 0
      vertex 0.3000000000000007 0.5196152422706639 0
      vertex 0.3652568574052317 0.4760120041747413 0
    endloop
  endfacet
  facet normal 0 0 -1
    outer loop
      vertex 0.3652568574052317 -0.4760120041747413 0
      vertex 0.3652568574052317 0.4760120041747413 0
      vertex 0.4242640687119277 0.4242640687119277 0
    endloop
  endfacet
  facet normal 0 0 -1
    outer loop
      vertex 0.4760120041747413 -0.3652568574052317 0
      vertex 0.4760120041747413 0.3652568574052317 0
      vertex 0.5196152422706639 0.3000000000000007 0
    endloop
  endfacet
  facet normal 0 0 -1
    outer loop
      vertex 0.5196152422706639 -0.3000000000000007 0
      vertex 0.5196152422706639 0.3000000000000007 0
      vertex 0.5543277195067731 0.22961005941905555 0
    endloop
  endfacet
  facet normal 0 0 -1
    outer loop
      vertex 0.4242640687119277 -0.4242640687119277 0
      vertex 0.4242640687119277 0.4242640687119277 0
      vertex 0.4760120041747413 0.3652568574052317 0
    endloop
  endfacet
  facet normal 0 0 -1
    outer loop
      vertex 0.5543277195067731 -0.22961005941905555 0
      vertex 0.5543277195067731 0.22961005941905555 0
      vertex 0.579555495773441 0.15529142706151333 0
    endloop
  endfacet
  facet normal 0 0 -1
    outer loop
      vertex 0.5948669168242873 -0.07831571533203174 0
      vertex 0.5948669168242873 0.07831571533203174 0
      vertex 0.6000000000000014 0 0
    endloop
  endfacet
  facet normal 0 0 -1
    outer loop
      vertex 0.579555495773441 -0.15529142706151333 0
      vertex 0.579555495773441 0.15529142706151333 0
      vertex 0.5948669168242873 0.07831571533203174 0
    endloop
  endfacet
  facet normal 0.3272287617771832 0.4897324505856089 -0.8081357957108357
    outer loop
      vertex 0.3000000000000007 0.5196152422706639 0
      vertex 0.8499999999999979 1.4722431864335412 0.7999999999999972
      vertex 0.3652568574052317 0.4760120041747413 0
    endloop
  endfacet
  facet normal 0.3883521863392354 0.4428307973214485 -0.808135795710836
    outer loop
      vertex 0.4242640687119277 0.4242640687119277 0
      vertex 0.3652568574052317 0.4760120041747413 0
      vertex 1.0348944293148215 1.3487006784950957 0.7999999999999972
    endloop
  endfacet
  facet normal 0.5282546458407648 0.2605063623761653 -0.8081357957108363
    outer loop
      vertex 0.5196152422706639 0.3000000000000007 0
      vertex 1.4722431864335448 0.8500000000000014 0.8000000000000007
      vertex 0.5543277195067731 0.22961005941905555 0
    endloop
  endfacet
  facet normal 0.48973245058560805 0.32722876177718263 -0.8081357957108365
    outer loop
      vertex 0.5196152422706639 0.3000000000000007 0
      vertex 0.4760120041747413 0.3652568574052317 0
      vertex 1.3487006784950992 1.034894429314825 0.8000000000000007
    endloop
  endfacet
  facet normal 0.44283079732144714 0.38835218633923424 -0.8081357957108372
    outer loop
      vertex 0.4242640687119277 0.4242640687119277 0
      vertex 1.2020815280171284 1.2020815280171284 0.7999999999999972
      vertex 0.4760120041747413 0.3652568574052317 0
    endloop
  endfacet
  facet normal 0.03852219525515615 0.5877351241533355 -0.8081357957108365
    outer loop
      vertex 0 0.6000000000000014 0
      vertex 0.2218945267740864 1.6854562643354747 0.7999999999999972
      vertex 0.07831571533203174 0.5948669168242873 0
    endloop
  endfacet
  facet normal 0.1149074603242819 0.5776788132281097 -0.8081357957108362
    outer loop
      vertex 0.07831571533203174 0.5948669168242873 0
      vertex 0.2218945267740864 1.6854562643354747 0.7999999999999972
      vertex 0.15529142706151333 0.579555495773441 0
    endloop
  endfacet
  facet normal 0.18932662688887253 0.5577382576457303 -0.8081357957108365
    outer loop
      vertex 0.15529142706151333 0.579555495773441 0
      vertex 0.43999237667428304 1.6420739046914115 0.7999999999999972
      vertex 0.22961005941905555 0.5543277195067731 0
    endloop
  endfacet
  facet normal 0.2605063623761658 0.5282546458407656 -0.8081357957108354
    outer loop
      vertex 0.3000000000000007 0.5196152422706639 0
      vertex 0.22961005941905555 0.5543277195067731 0
      vertex 0.6505618350206497 1.570595205269182 0.7999999999999972
    endloop
  endfacet
  facet normal 0.03852219525515986 0.5877351241533348 -0.8081357957108367
    outer loop
      vertex 0 0.6000000000000014 0
      vertex 0 1.6999999999999993 0.7999999999999972
      vertex 0.2218945267740864 1.6854562643354747 0.7999999999999972
    endloop
  endfacet
  facet normal 0.11490746032427951 0.57767881322811 -0.8081357957108365
    outer loop
      vertex 0.15529142706151333 0.579555495773441 0
      vertex 0.2218945267740864 1.6854562643354747 0.7999999999999972
      vertex 0.43999237667428304 1.6420739046914115 0.7999999999999972
    endloop
  endfacet
  facet normal 0.18932662688888355 0.5577382576457275 -0.8081357957108357
    outer loop
      vertex 0.22961005941905555 0.5543277195067731 0
      vertex 0.43999237667428304 1.6420739046914115 0.7999999999999972
      vertex 0.6505618350206497 1.570595205269182 0.7999999999999972
    endloop
  endfacet
  facet normal 0.26050636237615804 0.5282546458407688 -0.8081357957108358
    outer loop
      vertex 0.3000000000000007 0.5196152422706639 0
      vertex 0.6505618350206497 1.570595205269182 0.7999999999999972
      vertex 0.8499999999999979 1.4722431864335412 0.7999999999999972
    endloop
  endfacet
  facet normal 0.3272287617771765 0.4897324505856124 -0.8081357957108364
    outer loop
      vertex 0.3652568574052317 0.4760120041747413 0
      vertex 0.8499999999999979 1.4722431864335412 0.7999999999999972
      vertex 1.0348944293148215 1.3487006784950957 0.7999999999999972
    endloop
  endfacet
  facet normal 0.5877351241533361 0.03852219525515618 -0.8081357957108363
    outer loop
      vertex 0.6000000000000014 0 0
      vertex 0.5948669168242873 0.07831571533203174 0
      vertex 1.6854562643354782 0.2218945267740864 0.8000000000000007
    endloop
  endfacet
  facet normal 0.5776788132281095 0.11490746032428187 -0.8081357957108363
    outer loop
      vertex 0.5948669168242873 0.07831571533203174 0
      vertex 0.579555495773441 0.15529142706151333 0
      vertex 1.642073904691415 0.4399923766742866 0.8000000000000007
    endloop
  endfacet
  facet normal 0.5577382576457317 0.18932662688887306 -0.8081357957108353
    outer loop
      vertex 0.579555495773441 0.15529142706151333 0
      vertex 0.5543277195067731 0.22961005941905555 0
      vertex 1.5705952052691856 0.6505618350206532 0.8000000000000007
    endloop
  endfacet
  facet normal 0.5577382576457272 0.1893266268888837 -0.8081357957108359
    outer loop
      vertex 0.579555495773441 0.15529142706151333 0
      vertex 1.5705952052691856 0.6505618350206532 0.8000000000000007
      vertex 1.642073904691415 0.4399923766742866 0.8000000000000007
    endloop
  endfacet
  facet normal 0.5282546458407691 0.2605063623761582 -0.8081357957108355
    outer loop
      vertex 0.5543277195067731 0.22961005941905555 0
      vertex 1.4722431864335448 0.8500000000000014 0.8000000000000007
      vertex 1.5705952052691856 0.6505618350206532 0.8000000000000007
    endloop
  endfacet
  facet normal 0.4897324505856127 0.3272287617771766 -0.8081357957108362
    outer loop
      vertex 0.5196152422706639 0.3000000000000007 0
      vertex 1.3487006784950992 1.034894429314825 0.8000000000000007
      vertex 1.4722431864335448 0.8500000000000014 0.8000000000000007
    endloop
  endfacet
  facet normal 0.5877351241533368 0.0385221952551507 -0.8081357957108358
    outer loop
      vertex 0.6000000000000014 0 0
      vertex 1.6854562643354782 0.2218945267740864 0.8000000000000007
      vertex 1.6999999999999993 0 0.8000000000000007
    endloop
  endfacet
  facet normal 0.5776788132281109 0.11490746032427784 -0.8081357957108359
    outer loop
      vertex 0.5948669168242873 0.07831571533203174 0
      vertex 1.642073904691415 0.4399923766742866 0.8000000000000007
      vertex 1.6854562643354782 0.2218945267740864 0.8000000000000007
    endloop
  endfacet
  facet normal 0.3883521863392253 0.4428307973214559 -0.8081357957108368
    outer loop
      vertex 0.4242640687119277 0.4242640687119277 0
      vertex 1.0348944293148215 1.3487006784950957 0.7999999999999972
      vertex 1.2020815280171284 1.2020815280171284 0.7999999999999972
    endloop
  endfacet
  facet normal 0.44283079732145597 0.3883521863392261 -0.8081357957108364
    outer loop
      vertex 0.4760120041747413 0.3652568574052317 0
      vertex 1.2020815280171284 1.2020815280171284 0.7999999999999972
      vertex 1.3487006784950992 1.034894429314825 0.8000000000000007
    endloop
  endfacet
  facet normal -0.7518398074789837 -0.6593458151000616 -3.581098903330834e-15
    outer loop
      vertex -1.3487006784950957 -1.0348944293148215 0.7999999999999972
      vertex -1.2020815280171284 -1.2020815280171284 0.7999999999999972
      vertex -1.3487006784950992 -1.034894429314825 2.1999999999999993
    endloop
  endfacet
  facet normal -0.8314696123025439 -0.5555702330196042 -3.5198253082266568e-15
    outer loop
      vertex -1.3487006784950957 -1.0348944293148215 0.7999999999999972
      vertex -1.3487006784950992 -1.034894429314825 2.1999999999999993
      vertex -1.4722431864335448 -0.8500000000000014 2.1999999999999993
    endloop
  endfacet
  facet normal -0.8314696123025439 -0.5555702330196042 -3.5174614703598487e-15
    outer loop
      vertex -1.3487006784950957 -1.0348944293148215 0.7999999999999972
      vertex -1.4722431864335448 -0.8500000000000014 2.1999999999999993
      vertex -1.4722431864335412 -0.8499999999999979 0.7999999999999972
    endloop
  endfacet
  facet normal -0.6593458151000786 -0.7518398074789688 0
    outer loop
      vertex -1.034894429314825 -1.3487006784950992 0.8000000000000007
      vertex -1.034894429314825 -1.3487006784950992 2.1999999999999993
      vertex -1.2020815280171284 -1.2020815280171284 0.7999999999999972
    endloop
  endfacet
  facet normal -0.5555702330196043 -0.8314696123025438 0
    outer loop
      vertex -1.034894429314825 -1.3487006784950992 0.8000000000000007
      vertex -0.8500000000000014 -1.4722431864335448 2.1999999999999993
      vertex -1.034894429314825 -1.3487006784950992 2.1999999999999993
    endloop
  endfacet
  facet normal -0.5555702330195968 -0.8314696123025487 -1.4131364953029429e-15
    outer loop
      vertex -1.034894429314825 -1.3487006784950992 0.8000000000000007
      vertex -0.8499999999999979 -1.4722431864335448 0.8000000000000007
      vertex -0.8500000000000014 -1.4722431864335448 2.1999999999999993
    endloop
  endfacet
  facet normal -0.7518398074789836 -0.6593458151000616 -3.581098903330834e-15
    outer loop
      vertex -1.2020815280171284 -1.2020815280171284 0.7999999999999972
      vertex -1.202081528017132 -1.202081528017132 2.1999999999999993
      vertex -1.3487006784950992 -1.034894429314825 2.1999999999999993
    endloop
  endfacet
  facet normal -0.6593458151000616 -0.7518398074789836 -3.581098903330834e-15
    outer loop
      vertex -1.2020815280171284 -1.2020815280171284 0.7999999999999972
      vertex -1.034894429314825 -1.3487006784950992 2.1999999999999993
      vertex -1.202081528017132 -1.202081528017132 2.1999999999999993
    endloop
  endfacet
  facet normal 0 0 1
    outer loop
      vertex -1.034894429314825 -1.3487006784950992 2.1999999999999993
      vertex -0.8500000000000014 -1.4722431864335448 2.1999999999999993
      vertex -0.9700735091368529 -0.40181760398334276 2.1999999999999993
    endloop
  endfacet
  facet normal 0 0 1
    outer loop
      vertex -0.8500000000000014 -1.4722431864335448 2.1999999999999993
      vertex -0.8330210073057955 -0.6391995004591564 2.1999999999999993
      vertex -0.9093266739736592 -0.5249999999999986 2.1999999999999993
    endloop
  endfacet
  facet normal -0.8968727415326908 -0.4422886902189963 -3.3983265262187676e-15
    outer loop
      vertex -1.4722431864335412 -0.8499999999999979 0.7999999999999972
      vertex -1.4722431864335448 -0.8500000000000014 2.1999999999999993
      vertex -1.5705952052691856 -0.6505618350206532 2.1999999999999993
    endloop
  endfacet
  facet normal -0.8968727415326908 -0.4422886902189964 -3.3983265262187684e-15
    outer loop
      vertex -1.570595205269182 -0.6505618350206497 0.7999999999999972
      vertex -1.4722431864335412 -0.8499999999999979 0.7999999999999972
      vertex -1.5705952052691856 -0.6505618350206532 2.1999999999999993
    endloop
  endfacet
  facet normal -0.9469301294951044 -0.3214394653031657 -3.2186814351531824e-15
    outer loop
      vertex -1.570595205269182 -0.6505618350206497 0.7999999999999972
      vertex -1.5705952052691856 -0.6505618350206532 2.1999999999999993
      vertex -1.642073904691415 -0.4399923766742866 2.1999999999999993
    endloop
  endfacet
  facet normal -0.9469301294951044 -0.32143946530316575 -3.217293042903446e-15
    outer loop
      vertex -1.570595205269182 -0.6505618350206497 0.7999999999999972
      vertex -1.642073904691415 -0.4399923766742866 2.1999999999999993
      vertex -1.6420739046914115 -0.43999237667428304 0.7999999999999972
    endloop
  endfacet
  facet normal -0.9807852804032295 -0.195090322016133 -2.9839638123450296e-15
    outer loop
      vertex -1.6420739046914115 -0.43999237667428304 0.7999999999999972
      vertex -1.642073904691415 -0.4399923766742866 2.1999999999999993
      vertex -1.6854562643354782 -0.2218945267740864 2.1999999999999993
    endloop
  endfacet
  facet normal -0.980785280403232 -0.1950903220161207 -4.979424656659441e-15
    outer loop
      vertex -1.6420739046914115 -0.43999237667428304 0.7999999999999972
      vertex -1.6854562643354782 -0.2218945267740864 2.1999999999999993
      vertex -1.6854562643354711 -0.2218945267740864 0.7999999999999972
    endloop
  endfacet
  facet normal -0.9978589232386038 -0.06540312923013786 -5.064438637289888e-15
    outer loop
      vertex -1.6854562643354711 -0.2218945267740864 0.7999999999999972
      vertex -1.6854562643354782 -0.2218945267740864 2.1999999999999993
      vertex -1.6999999999999993 0 2.1999999999999993
    endloop
  endfacet
  facet normal -0.9978589232386017 -0.06540312923016967 -1.9397858225794787e-19
    outer loop
      vertex -1.6854562643354711 -0.2218945267740864 0.7999999999999972
      vertex -1.6999999999999993 0 2.1999999999999993
      vertex -1.6999999999999993 0 0.8000000000000007
    endloop
  endfacet
  facet normal 0 0 1
    outer loop
      vertex -1.5705952052691856 -0.6505618350206532 2.1999999999999993
      vertex -1.642073904691415 0.4399923766742866 2.1999999999999993
      vertex -1.642073904691415 -0.4399923766742866 2.1999999999999993
    endloop
  endfacet
  facet normal 0 0 1
    outer loop
      vertex -1.5705952052691856 -0.6505618350206532 2.1999999999999993
      vertex -1.4722431864335448 -0.8500000000000014 2.1999999999999993
      vertex -1.5705952052691856 0.6505618350206532 2.1999999999999993
    endloop
  endfacet
  facet normal 0 0 1
    outer loop
      vertex -1.642073904691415 -0.4399923766742866 2.1999999999999993
      vertex -1.6854562643354782 0.2218945267740864 2.1999999999999993
      vertex -1.6854562643354782 -0.2218945267740864 2.1999999999999993
    endloop
  endfacet
  facet normal 0 0 1
    outer loop
      vertex -1.3487006784950992 -1.034894429314825 2.1999999999999993
      vertex -1.4722431864335448 0.8500000000000014 2.1999999999999993
      vertex -1.4722431864335448 -0.8500000000000014 2.1999999999999993
    endloop
  endfacet
  facet normal 0 0 1
    outer loop
      vertex -1.3487006784950992 -1.034894429314825 2.1999999999999993
      vertex -1.202081528017132 -1.202081528017132 2.1999999999999993
      vertex -1.3487006784950992 1.034894429314825 2.1999999999999993
    endloop
  endfacet
  facet normal 0 0 1
    outer loop
      vertex -1.034894429314825 -1.3487006784950992 2.1999999999999993
      vertex -1.202081528017132 1.202081528017132 2.1999999999999993
      vertex -1.202081528017132 -1.202081528017132 2.1999999999999993
    endloop
  endfacet
  facet normal 0 0 1
    outer loop
      vertex -1.034894429314825 -1.3487006784950992 2.1999999999999993
      vertex -0.9700735091368529 -0.40181760398334276 2.1999999999999993
      vertex -1.0142221176035235 -0.27175999735764833 2.1999999999999993
    endloop
  endfacet
  facet normal 0 0 1
    outer loop
      vertex -0.8500000000000014 -1.4722431864335448 2.1999999999999993
      vertex -0.9093266739736592 -0.5249999999999986 2.1999999999999993
      vertex -0.9700735091368529 -0.40181760398334276 2.1999999999999993
    endloop
  endfacet
  facet normal 0 0 1
    outer loop
      vertex -1.034894429314825 -1.3487006784950992 2.1999999999999993
      vertex -1.0142221176035235 -0.27175999735764833 2.1999999999999993
      vertex -1.0410171044425027 -0.13705250183105377 2.1999999999999993
    endloop
  endfacet
  facet normal 0 0 1
    outer loop
      vertex -1.034894429314825 -1.3487006784950992 2.1999999999999993
      vertex -1.0410171044425027 -0.13705250183105377 2.1999999999999993
      vertex -1.202081528017132 1.202081528017132 2.1999999999999993
    endloop
  endfacet
  facet normal -0.44228869021899636 -0.8968727415326907 -1.122375056942705e-15
    outer loop
      vertex -0.8499999999999979 -1.4722431864335448 0.8000000000000007
      vertex -0.6505618350206532 -1.5705952052691856 2.1999999999999993
      vertex -0.8500000000000014 -1.4722431864335448 2.1999999999999993
    endloop
  endfacet
  facet normal -0.44228869021901557 -0.8968727415326813 2.2759514692760473e-15
    outer loop
      vertex -0.6505618350206532 -1.5705952052691892 0.8000000000000007
      vertex -0.6505618350206532 -1.5705952052691856 2.1999999999999993
      vertex -0.8499999999999979 -1.4722431864335448 0.8000000000000007
    endloop
  endfacet
  facet normal -0.32143946530316575 -0.9469301294951044 2.402979731375422e-15
    outer loop
      vertex -0.6505618350206532 -1.5705952052691892 0.8000000000000007
      vertex -0.4399923766742866 -1.642073904691415 2.1999999999999993
      vertex -0.6505618350206532 -1.5705952052691856 2.1999999999999993
    endloop
  endfacet
  facet normal -0.3214394653031465 -0.9469301294951108 -8.151052609814772e-16
    outer loop
      vertex -0.6505618350206532 -1.5705952052691892 0.8000000000000007
      vertex -0.43999237667428304 -1.642073904691415 0.8000000000000007
      vertex -0.4399923766742866 -1.642073904691415 2.1999999999999993
    endloop
  endfacet
  facet normal 0 0 1
    outer loop
      vertex -0.6505618350206532 -1.5705952052691856 2.1999999999999993
      vertex -0.4399923766742866 -1.642073904691415 2.1999999999999993
      vertex -0.5249999999999986 -0.9093266739736592 2.1999999999999993
    endloop
  endfacet
  facet normal 0 0 1
    outer loop
      vertex -0.6505618350206532 -1.5705952052691856 2.1999999999999993
      vertex -0.7424621202458752 -0.7424621202458752 2.1999999999999993
      vertex -0.8500000000000014 -1.4722431864335448 2.1999999999999993
    endloop
  endfacet
  facet normal 0 0 1
    outer loop
      vertex -0.8500000000000014 -1.4722431864335448 2.1999999999999993
      vertex -0.7424621202458752 -0.7424621202458752 2.1999999999999993
      vertex -0.8330210073057955 -0.6391995004591564 2.1999999999999993
    endloop
  endfacet
  facet normal 0 0 1
    outer loop
      vertex -0.6505618350206532 -1.5705952052691856 2.1999999999999993
      vertex -0.6391995004591564 -0.8330210073057955 2.1999999999999993
      vertex -0.7424621202458752 -0.7424621202458752 2.1999999999999993
    endloop
  endfacet
  facet normal 0 0 1
    outer loop
      vertex -0.6505618350206532 -1.5705952052691856 2.1999999999999993
      vertex -0.5249999999999986 -0.9093266739736592 2.1999999999999993
      vertex -0.6391995004591564 -0.8330210073057955 2.1999999999999993
    endloop
  endfacet
  facet normal 0 0 1
    outer loop
      vertex -0.4399923766742866 -1.642073904691415 2.1999999999999993
      vertex -0.40181760398334276 -0.9700735091368529 2.1999999999999993
      vertex -0.5249999999999986 -0.9093266739736592 2.1999999999999993
    endloop
  endfacet
  facet normal -0.19509032201613297 -0.9807852804032294 -4.950714683059363e-16
    outer loop
      vertex -0.43999237667428304 -1.642073904691415 0.8000000000000007
      vertex -0.2218945267740864 -1.6854562643354782 2.1999999999999993
      vertex -0.4399923766742866 -1.642073904691415 2.1999999999999993
    endloop
  endfacet
  facet normal -0.19509032201613608 -0.980785280403229 2.300724388297092e-19
    outer loop
      vertex -0.43999237667428304 -1.642073904691415 0.8000000000000007
      vertex -0.2218945267740864 -1.6854562643354782 0.8000000000000007
      vertex -0.2218945267740864 -1.6854562643354782 2.1999999999999993
    endloop
  endfacet
  facet normal -0.06540312923013786 -0.9978589232386038 0
    outer loop
      vertex -0.2218945267740864 -1.6854562643354782 0.8000000000000007
      vertex 0 -1.6999999999999993 2.1999999999999993
      vertex -0.2218945267740864 -1.6854562643354782 2.1999999999999993
    endloop
  endfacet
  facet normal -0.06540312923013786 -0.9978589232386038 5.3030205769429e-19
    outer loop
      vertex -0.2218945267740864 -1.6854562643354782 0.8000000000000007
      vertex 0 -1.6999999999999993 0.8000000000000007
      vertex 0 -1.6999999999999993 2.1999999999999993
    endloop
  endfacet
  facet normal 0 0 1
    outer loop
      vertex -0.4399923766742866 -1.642073904691415 2.1999999999999993
      vertex -0.2218945267740864 -1.6854562643354782 2.1999999999999993
      vertex -0.27175999735764833 -1.0142221176035235 2.1999999999999993
    endloop
  endfacet
  facet normal 0 0 1
    outer loop
      vertex -0.2218945267740864 -1.6854562643354782 2.1999999999999993
      vertex 0 -1.6999999999999993 2.1999999999999993
      vertex -0.13705250183105377 -1.0410171044425027 2.1999999999999993
    endloop
  endfacet
  facet normal 0 0 1
    outer loop
      vertex -0.4399923766742866 -1.642073904691415 2.1999999999999993
      vertex -0.27175999735764833 -1.0142221176035235 2.1999999999999993
      vertex -0.40181760398334276 -0.9700735091368529 2.1999999999999993
    endloop
  endfacet
  facet normal 0 0 1
    outer loop
      vertex -0.2218945267740864 -1.6854562643354782 2.1999999999999993
      vertex -0.13705250183105377 -1.0410171044425027 2.1999999999999993
      vertex -0.27175999735764833 -1.0142221176035235 2.1999999999999993
    endloop
  endfacet
  facet normal 0 0 1
    outer loop
      vertex 0 -1.6999999999999993 2.1999999999999993
      vertex 0 -1.0500000000000007 2.1999999999999993
      vertex -0.13705250183105377 -1.0410171044425027 2.1999999999999993
    endloop
  endfacet
  facet normal -0.9978589232386038 0.06540312923013786 0
    outer loop
      vertex -1.6999999999999993 0 0.8000000000000007
      vertex -1.6999999999999993 0 2.1999999999999993
      vertex -1.6854562643354782 0.2218945267740864 2.1999999999999993
    endloop
  endfacet
  facet normal -0.9978589232386038 0.06540312923013786 -5.3030205769429e-19
    outer loop
      vertex -1.6999999999999993 0 0.8000000000000007
      vertex -1.6854562643354782 0.2218945267740864 2.1999999999999993
      vertex -1.6854562643354782 0.2218945267740864 0.8000000000000007
    endloop
  endfacet
  facet normal -0.9807852804032297 0.19509032201613305 0
    outer loop
      vertex -1.6854562643354782 0.2218945267740864 0.8000000000000007
      vertex -1.6854562643354782 0.2218945267740864 2.1999999999999993
      vertex -1.642073904691415 0.4399923766742866 2.1999999999999993
    endloop
  endfacet
  facet normal -0.9807852804032297 0.19509032201613305 -1.0822110014894394e-18
    outer loop
      vertex -1.6854562643354782 0.2218945267740864 0.8000000000000007
      vertex -1.642073904691415 0.4399923766742866 2.1999999999999993
      vertex -1.642073904691415 0.4399923766742866 0.8000000000000007
    endloop
  endfacet
  facet normal 0 0 1
    outer loop
      vertex -1.6854562643354782 -0.2218945267740864 2.1999999999999993
      vertex -1.6854562643354782 0.2218945267740864 2.1999999999999993
      vertex -1.6999999999999993 0 2.1999999999999993
    endloop
  endfacet
  facet normal 0 0 1
    outer loop
      vertex -1.642073904691415 -0.4399923766742866 2.1999999999999993
      vertex -1.642073904691415 0.4399923766742866 2.1999999999999993
      vertex -1.6854562643354782 0.2218945267740864 2.1999999999999993
    endloop
  endfacet
  facet normal 0 0 1
    outer loop
      vertex -1.5705952052691856 -0.6505618350206532 2.1999999999999993
      vertex -1.5705952052691856 0.6505618350206532 2.1999999999999993
      vertex -1.642073904691415 0.4399923766742866 2.1999999999999993
    endloop
  endfacet
  facet normal 0 0 1
    outer loop
      vertex -1.4722431864335448 -0.8500000000000014 2.1999999999999993
      vertex -1.4722431864335448 0.8500000000000014 2.1999999999999993
      vertex -1.5705952052691856 0.6505618350206532 2.1999999999999993
    endloop
  endfacet
  facet normal 0 0 1
    outer loop
      vertex -1.3487006784950992 -1.034894429314825 2.1999999999999993
      vertex -1.3487006784950992 1.034894429314825 2.1999999999999993
      vertex -1.4722431864335448 0.8500000000000014 2.1999999999999993
    endloop
  endfacet
  facet normal -0.9469301294951044 0.32143946530316575 0
    outer loop
      vertex -1.642073904691415 0.4399923766742866 0.8000000000000007
      vertex -1.642073904691415 0.4399923766742866 2.1999999999999993
      vertex -1.5705952052691856 0.6505618350206532 2.1999999999999993
    endloop
  endfacet
  facet normal -0.9469301294951044 0.32143946530316575 7.75709249199699e-19
    outer loop
      vertex -1.642073904691415 0.4399923766742866 0.8000000000000007
      vertex -1.5705952052691856 0.6505618350206532 2.1999999999999993
      vertex -1.5705952052691856 0.6505618350206532 0.8000000000000007
    endloop
  endfacet
  facet normal -0.8968727415326907 0.44228869021899636 0
    outer loop
      vertex -1.5705952052691856 0.6505618350206532 0.8000000000000007
      vertex -1.5705952052691856 0.6505618350206532 2.1999999999999993
      vertex -1.4722431864335448 0.8500000000000014 2.1999999999999993
    endloop
  endfacet
  facet normal -0.8968727415326907 0.44228869021899636 -3.0355698128956878e-18
    outer loop
      vertex -1.5705952052691856 0.6505618350206532 0.8000000000000007
      vertex -1.4722431864335448 0.8500000000000014 2.1999999999999993
      vertex -1.4722431864335448 0.8500000000000014 0.8000000000000007
    endloop
  endfacet
  facet normal 0 0 1
    outer loop
      vertex -1.202081528017132 -1.202081528017132 2.1999999999999993
      vertex -1.202081528017132 1.202081528017132 2.1999999999999993
      vertex -1.3487006784950992 1.034894429314825 2.1999999999999993
    endloop
  endfacet
  facet normal 0 0 1
    outer loop
      vertex -1.202081528017132 1.202081528017132 2.1999999999999993
      vertex -1.0410171044425027 -0.13705250183105377 2.1999999999999993
      vertex -1.0500000000000007 0 2.1999999999999993
    endloop
  endfacet
  facet normal 0 0 1
    outer loop
      vertex -1.202081528017132 1.202081528017132 2.1999999999999993
      vertex -1.0500000000000007 0 2.1999999999999993
      vertex -1.0410171044425027 0.13705250183105377 2.1999999999999993
    endloop
  endfacet
  facet normal 0 0 1
    outer loop
      vertex -1.202081528017132 1.202081528017132 2.1999999999999993
      vertex -1.0410171044425027 0.13705250183105377 2.1999999999999993
      vertex -1.0142221176035235 0.27175999735764833 2.1999999999999993
    endloop
  endfacet
  facet normal 0 0 1
    outer loop
      vertex -1.034894429314825 1.3487006784950992 2.1999999999999993
      vertex -1.0142221176035235 0.27175999735764833 2.1999999999999993
      vertex -0.9700735091368529 0.40181760398334276 2.1999999999999993
    endloop
  endfacet
  facet normal 0 0 1
    outer loop
      vertex -1.034894429314825 1.3487006784950992 2.1999999999999993
      vertex -0.9700735091368529 0.40181760398334276 2.1999999999999993
      vertex -0.9093266739736592 0.5249999999999986 2.1999999999999993
    endloop
  endfacet
  facet normal 0 0 1
    outer loop
      vertex -1.034894429314825 1.3487006784950992 2.1999999999999993
      vertex -0.9093266739736592 0.5249999999999986 2.1999999999999993
      vertex -0.8330210073057955 0.6391995004591564 2.1999999999999993
    endloop
  endfacet
  facet normal -0.8314696123025438 0.5555702330196043 0
    outer loop
      vertex -1.4722431864335448 0.8500000000000014 0.8000000000000007
      vertex -1.4722431864335448 0.8500000000000014 2.1999999999999993
      vertex -1.3487006784950992 1.034894429314825 2.1999999999999993
    endloop
  endfacet
  facet normal -0.8314696123025438 0.5555702330196043 3.2922336007248545e-18
    outer loop
      vertex -1.4722431864335448 0.8500000000000014 0.8000000000000007
      vertex -1.3487006784950992 1.034894429314825 2.1999999999999993
      vertex -1.3487006784950992 1.034894429314825 0.8000000000000007
    endloop
  endfacet
  facet normal -0.7518398074789837 0.6593458151000617 0
    outer loop
      vertex -1.3487006784950992 1.034894429314825 0.8000000000000007
      vertex -1.3487006784950992 1.034894429314825 2.1999999999999993
      vertex -1.202081528017132 1.202081528017132 2.1999999999999993
    endloop
  endfacet
  facet normal -0.7518398074789837 0.6593458151000617 3.3953307855787068e-19
    outer loop
      vertex -1.3487006784950992 1.034894429314825 0.8000000000000007
      vertex -1.202081528017132 1.202081528017132 2.1999999999999993
      vertex -1.202081528017132 1.202081528017132 0.8000000000000007
    endloop
  endfacet
  facet normal -0.6593458151000617 0.7518398074789837 0
    outer loop
      vertex -1.202081528017132 1.202081528017132 0.8000000000000007
      vertex -1.202081528017132 1.202081528017132 2.1999999999999993
      vertex -1.034894429314825 1.3487006784950992 0.8000000000000007
    endloop
  endfacet
  facet normal 0 0 1
    outer loop
      vertex -1.202081528017132 1.202081528017132 2.1999999999999993
      vertex -1.0142221176035235 0.27175999735764833 2.1999999999999993
      vertex -1.034894429314825 1.3487006784950992 2.1999999999999993
    endloop
  endfacet
  facet normal 0 0 1
    outer loop
      vertex -1.034894429314825 1.3487006784950992 2.1999999999999993
      vertex -0.8330210073057955 0.6391995004591564 2.1999999999999993
      vertex -0.8500000000000014 1.4722431864335448 2.1999999999999993
    endloop
  endfacet
  facet normal -0.6593458151000617 0.7518398074789837 0
    outer loop
      vertex -1.034894429314825 1.3487006784950992 0.8000000000000007
      vertex -1.202081528017132 1.202081528017132 2.1999999999999993
      vertex -1.034894429314825 1.3487006784950992 2.1999999999999993
    endloop
  endfacet
  facet normal -0.5555702330196043 0.8314696123025438 0
    outer loop
      vertex -1.034894429314825 1.3487006784950992 0.8000000000000007
      vertex -1.034894429314825 1.3487006784950992 2.1999999999999993
      vertex -0.8500000000000014 1.4722431864335448 0.8000000000000007
    endloop
  endfacet
  facet normal -0.5555702330196043 0.8314696123025438 0
    outer loop
      vertex -0.8500000000000014 1.4722431864335448 0.8000000000000007
      vertex -1.034894429314825 1.3487006784950992 2.1999999999999993
      vertex -0.8500000000000014 1.4722431864335448 2.1999999999999993
    endloop
  endfacet
  facet normal 0 0 1
    outer loop
      vertex -0.8500000000000014 1.4722431864335448 2.1999999999999993
      vertex -0.8330210073057955 0.6391995004591564 2.1999999999999993
      vertex -0.7424621202458752 0.7424621202458752 2.1999999999999993
    endloop
  endfacet
  facet normal 0 0 1
    outer loop
      vertex -0.8500000000000014 1.4722431864335448 2.1999999999999993
      vertex -0.7424621202458752 0.7424621202458752 2.1999999999999993
      vertex -0.6391995004591564 0.8330210073057955 2.1999999999999993
    endloop
  endfacet
  facet normal 0 0 1
    outer loop
      vertex -0.6505618350206532 1.5705952052691856 2.1999999999999993
      vertex -0.6391995004591564 0.8330210073057955 2.1999999999999993
      vertex -0.5249999999999986 0.9093266739736592 2.1999999999999993
    endloop
  endfacet
  facet normal 0 0 1
    outer loop
      vertex -0.6505618350206532 1.5705952052691856 2.1999999999999993
      vertex -0.5249999999999986 0.9093266739736592 2.1999999999999993
      vertex -0.40181760398334276 0.9700735091368529 2.1999999999999993
    endloop
  endfacet
  facet normal -0.44228869021899636 0.8968727415326907 0
    outer loop
      vertex -0.8500000000000014 1.4722431864335448 0.8000000000000007
      vertex -0.8500000000000014 1.4722431864335448 2.1999999999999993
      vertex -0.6505618350206532 1.5705952052691856 0.8000000000000007
    endloop
  endfacet
  facet normal -0.44228869021899636 0.8968727415326907 0
    outer loop
      vertex -0.6505618350206532 1.5705952052691856 0.8000000000000007
      vertex -0.8500000000000014 1.4722431864335448 2.1999999999999993
      vertex -0.6505618350206532 1.5705952052691856 2.1999999999999993
    endloop
  endfacet
  facet normal -0.32143946530318007 0.9469301294950995 0
    outer loop
      vertex -0.6505618350206532 1.5705952052691856 0.8000000000000007
      vertex -0.6505618350206532 1.5705952052691856 2.1999999999999993
      vertex -0.4399923766742866 1.6420739046914186 0.8000000000000007
    endloop
  endfacet
  facet normal -0.32143946530318007 0.9469301294950995 0
    outer loop
      vertex -0.4399923766742866 1.6420739046914186 0.8000000000000007
      vertex -0.6505618350206532 1.5705952052691856 2.1999999999999993
      vertex -0.4399923766742866 1.6420739046914186 2.1999999999999993
    endloop
  endfacet
  facet normal 0 0 1
    outer loop
      vertex -0.8500000000000014 1.4722431864335448 2.1999999999999993
      vertex -0.6391995004591564 0.8330210073057955 2.1999999999999993
      vertex -0.6505618350206532 1.5705952052691856 2.1999999999999993
    endloop
  endfacet
  facet normal 0 0 1
    outer loop
      vertex -0.6505618350206532 1.5705952052691856 2.1999999999999993
      vertex -0.40181760398334276 0.9700735091368529 2.1999999999999993
      vertex -0.4399923766742866 1.6420739046914186 2.1999999999999993
    endloop
  endfacet
  facet normal 0 0 1
    outer loop
      vertex -0.4399923766742866 1.6420739046914186 2.1999999999999993
      vertex -0.40181760398334276 0.9700735091368529 2.1999999999999993
      vertex -0.27175999735764833 1.0142221176035235 2.1999999999999993
    endloop
  endfacet
  facet normal 0 0 1
    outer loop
      vertex -0.4399923766742866 1.6420739046914186 2.1999999999999993
      vertex -0.27175999735764833 1.0142221176035235 2.1999999999999993
      vertex -0.13705250183105377 1.0410171044425027 2.1999999999999993
    endloop
  endfacet
  facet normal 0 0 1
    outer loop
      vertex -0.2218945267740864 1.6854562643354818 2.1999999999999993
      vertex -0.13705250183105377 1.0410171044425027 2.1999999999999993
      vertex 0 1.0500000000000007 2.1999999999999993
    endloop
  endfacet
  facet normal -0.19509032201613305 0.9807852804032297 0
    outer loop
      vertex -0.4399923766742866 1.6420739046914186 0.8000000000000007
      vertex -0.4399923766742866 1.6420739046914186 2.1999999999999993
      vertex -0.2218945267740864 1.6854562643354818 0.8000000000000007
    endloop
  endfacet
  facet normal -0.19509032201613305 0.9807852804032297 0
    outer loop
      vertex -0.2218945267740864 1.6854562643354818 0.8000000000000007
      vertex -0.4399923766742866 1.6420739046914186 2.1999999999999993
      vertex -0.2218945267740864 1.6854562643354818 2.1999999999999993
    endloop
  endfacet
  facet normal -0.06540312923012195 0.9978589232386049 0
    outer loop
      vertex -0.2218945267740864 1.6854562643354818 0.8000000000000007
      vertex -0.2218945267740864 1.6854562643354818 2.1999999999999993
      vertex 0 1.6999999999999993 0.7999999999999972
    endloop
  endfacet
  facet normal -0.06540312923012195 0.9978589232386049 -1.9592045791113123e-19
    outer loop
      vertex -0.2218945267740864 1.6854562643354818 2.1999999999999993
      vertex 0 1.6999999999999993 2.1999999999999993
      vertex 0 1.6999999999999993 0.7999999999999972
    endloop
  endfacet
  facet normal 0 0 1
    outer loop
      vertex -0.4399923766742866 1.6420739046914186 2.1999999999999993
      vertex -0.13705250183105377 1.0410171044425027 2.1999999999999993
      vertex -0.2218945267740864 1.6854562643354818 2.1999999999999993
    endloop
  endfacet
  facet normal 0 0 1
    outer loop
      vertex -0.2218945267740864 1.6854562643354818 2.1999999999999993
      vertex 0 1.0500000000000007 2.1999999999999993
      vertex 0 1.6999999999999993 2.1999999999999993
    endloop
  endfacet
  facet normal 0.06540312923013786 -0.9978589232386038 0
    outer loop
      vertex 0 -1.6999999999999993 0.8000000000000007
      vertex 0.2218945267740864 -1.6854562643354782 2.1999999999999993
      vertex 0 -1.6999999999999993 2.1999999999999993
    endloop
  endfacet
  facet normal 0.0654031292301368 -0.9978589232386038 1.6544012069392296e-16
    outer loop
      vertex 0 -1.6999999999999993 0.8000000000000007
      vertex 0.22189452677408994 -1.6854562643354782 0.8000000000000007
      vertex 0.2218945267740864 -1.6854562643354782 2.1999999999999993
    endloop
  endfacet
  facet normal 0.19509032201613297 -0.9807852804032294 4.950714683059363e-16
    outer loop
      vertex 0.22189452677408994 -1.6854562643354782 0.8000000000000007
      vertex 0.4399923766742866 -1.642073904691415 2.1999999999999993
      vertex 0.2218945267740864 -1.6854562643354782 2.1999999999999993
    endloop
  endfacet
  facet normal 0.19509032201613608 -0.980785280403229 -2.300724388297092e-19
    outer loop
      vertex 0.22189452677408994 -1.6854562643354782 0.8000000000000007
      vertex 0.4399923766742866 -1.642073904691415 0.8000000000000007
      vertex 0.4399923766742866 -1.642073904691415 2.1999999999999993
    endloop
  endfacet
  facet normal 0 0 1
    outer loop
      vertex 0 -1.6999999999999993 2.1999999999999993
      vertex 0.2218945267740864 -1.6854562643354782 2.1999999999999993
      vertex 0 -1.0500000000000007 2.1999999999999993
    endloop
  endfacet
  facet normal 0 0 1
    outer loop
      vertex 0.2218945267740864 -1.6854562643354782 2.1999999999999993
      vertex 0.4399923766742866 -1.642073904691415 2.1999999999999993
      vertex 0.13705250183105377 -1.0410171044425027 2.1999999999999993
    endloop
  endfacet
  facet normal 0 0 1
    outer loop
      vertex 0.2218945267740864 -1.6854562643354782 2.1999999999999993
      vertex 0.13705250183105377 -1.0410171044425027 2.1999999999999993
      vertex 0 -1.0500000000000007 2.1999999999999993
    endloop
  endfacet
  facet normal 0 0 1
    outer loop
      vertex 0.4399923766742866 -1.642073904691415 2.1999999999999993
      vertex 0.27175999735764833 -1.0142221176035235 2.1999999999999993
      vertex 0.13705250183105377 -1.0410171044425027 2.1999999999999993
    endloop
  endfacet
  facet normal 0 0 1
    outer loop
      vertex 0.4399923766742866 -1.642073904691415 2.1999999999999993
      vertex 0.40181760398334276 -0.9700735091368529 2.1999999999999993
      vertex 0.27175999735764833 -1.0142221176035235 2.1999999999999993
    endloop
  endfacet
  facet normal 0.32143946530316575 -0.9469301294951044 0
    outer loop
      vertex 0.4399923766742866 -1.642073904691415 0.8000000000000007
      vertex 0.6505618350206532 -1.5705952052691856 2.1999999999999993
      vertex 0.4399923766742866 -1.642073904691415 2.1999999999999993
    endloop
  endfacet
  facet normal 0.32143946530316575 -0.9469301294951044 7.75709249199699e-19
    outer loop
      vertex 0.4399923766742866 -1.642073904691415 0.8000000000000007
      vertex 0.6505618350206532 -1.5705952052691856 0.8000000000000007
      vertex 0.6505618350206532 -1.5705952052691856 2.1999999999999993
    endloop
  endfacet
  facet normal 0.44228869021899636 -0.8968727415326907 0
    outer loop
      vertex 0.6505618350206532 -1.5705952052691856 0.8000000000000007
      vertex 0.8500000000000014 -1.4722431864335448 2.1999999999999993
      vertex 0.6505618350206532 -1.5705952052691856 2.1999999999999993
    endloop
  endfacet
  facet normal 0.44228869021899636 -0.8968727415326907 -3.0355698128956878e-18
    outer loop
      vertex 0.6505618350206532 -1.5705952052691856 0.8000000000000007
      vertex 0.8500000000000014 -1.4722431864335448 0.8000000000000007
      vertex 0.8500000000000014 -1.4722431864335448 2.1999999999999993
    endloop
  endfacet
  facet normal 0 0 1
    outer loop
      vertex 0.4399923766742866 -1.642073904691415 2.1999999999999993
      vertex 0.6505618350206532 -1.5705952052691856 2.1999999999999993
      vertex 0.40181760398334276 -0.9700735091368529 2.1999999999999993
    endloop
  endfacet
  facet normal 0 0 1
    outer loop
      vertex 0.6505618350206532 -1.5705952052691856 2.1999999999999993
      vertex 0.8500000000000014 -1.4722431864335448 2.1999999999999993
      vertex 0.6391995004591564 -0.8330210073057955 2.1999999999999993
    endloop
  endfacet
  facet normal 0 0 1
    outer loop
      vertex 0.6505618350206532 -1.5705952052691856 2.1999999999999993
      vertex 0.5249999999999986 -0.9093266739736592 2.1999999999999993
      vertex 0.40181760398334276 -0.9700735091368529 2.1999999999999993
    endloop
  endfacet
  facet normal 0 0 1
    outer loop
      vertex 0.6505618350206532 -1.5705952052691856 2.1999999999999993
      vertex 0.6391995004591564 -0.8330210073057955 2.1999999999999993
      vertex 0.5249999999999986 -0.9093266739736592 2.1999999999999993
    endloop
  endfacet
  facet normal 0 0 1
    outer loop
      vertex 0.8500000000000014 -1.4722431864335448 2.1999999999999993
      vertex 0.7424621202458752 -0.7424621202458752 2.1999999999999993
      vertex 0.6391995004591564 -0.8330210073057955 2.1999999999999993
    endloop
  endfacet
  facet normal 0 0 1
    outer loop
      vertex 0.8500000000000014 -1.4722431864335448 2.1999999999999993
      vertex 0.8330210073057955 -0.6391995004591564 2.1999999999999993
      vertex 0.7424621202458752 -0.7424621202458752 2.1999999999999993
    endloop
  endfacet
  facet normal 0.5555702330196043 -0.8314696123025438 0
    outer loop
      vertex 0.8500000000000014 -1.4722431864335448 0.8000000000000007
      vertex 1.034894429314825 -1.3487006784950992 2.1999999999999993
      vertex 0.8500000000000014 -1.4722431864335448 2.1999999999999993
    endloop
  endfacet
  facet normal 0.5555702330196043 -0.8314696123025438 3.2922336007248545e-18
    outer loop
      vertex 0.8500000000000014 -1.4722431864335448 0.8000000000000007
      vertex 1.034894429314825 -1.3487006784950992 0.8000000000000007
      vertex 1.034894429314825 -1.3487006784950992 2.1999999999999993
    endloop
  endfacet
  facet normal 0.6593458151000617 -0.7518398074789837 0
    outer loop
      vertex 1.034894429314825 -1.3487006784950992 0.8000000000000007
      vertex 1.202081528017132 -1.202081528017132 2.1999999999999993
      vertex 1.034894429314825 -1.3487006784950992 2.1999999999999993
    endloop
  endfacet
  facet normal 0.6593458151000888 -0.7518398074789601 -5.727856735021516e-15
    outer loop
      vertex 1.034894429314825 -1.3487006784950992 0.8000000000000007
      vertex 1.202081528017132 -1.2020815280171213 0.7999999999999972
      vertex 1.202081528017132 -1.202081528017132 2.1999999999999993
    endloop
  endfacet
  facet normal 0.7518398074789837 -0.6593458151000616 -5.019571920783967e-15
    outer loop
      vertex 1.202081528017132 -1.2020815280171213 0.7999999999999972
      vertex 1.3487006784950992 -1.0348944293148143 0.7999999999999972
      vertex 1.202081528017132 -1.202081528017132 2.1999999999999993
    endloop
  endfacet
  facet normal 0 0 1
    outer loop
      vertex 0.8500000000000014 -1.4722431864335448 2.1999999999999993
      vertex 1.034894429314825 -1.3487006784950992 2.1999999999999993
      vertex 0.8330210073057955 -0.6391995004591564 2.1999999999999993
    endloop
  endfacet
  facet normal 0 0 1
    outer loop
      vertex 1.034894429314825 -1.3487006784950992 2.1999999999999993
      vertex 1.202081528017132 -1.202081528017132 2.1999999999999993
      vertex 1.0142221176035235 -0.27175999735764833 2.1999999999999993
    endloop
  endfacet
  facet normal 0.7518398074789836 -0.6593458151000616 -5.019571920783967e-15
    outer loop
      vertex 1.3487006784950992 -1.0348944293148143 0.7999999999999972
      vertex 1.3487006784950992 -1.034894429314825 2.1999999999999993
      vertex 1.202081528017132 -1.202081528017132 2.1999999999999993
    endloop
  endfacet
  facet normal 0.8314696123025488 -0.5555702330195967 -4.229532785106644e-15
    outer loop
      vertex 1.3487006784950992 -1.0348944293148143 0.7999999999999972
      vertex 1.4722431864335448 -0.8499999999999872 0.7999999999999972
      vertex 1.3487006784950992 -1.034894429314825 2.1999999999999993
    endloop
  endfacet
  facet normal 0.8314696123025439 -0.5555702330196042 -5.639377046808933e-15
    outer loop
      vertex 1.4722431864335448 -0.8499999999999872 0.7999999999999972
      vertex 1.4722431864335448 -0.8500000000000014 2.1999999999999993
      vertex 1.3487006784950992 -1.034894429314825 2.1999999999999993
    endloop
  endfacet
  facet normal 0 0 1
    outer loop
      vertex 1.034894429314825 -1.3487006784950992 2.1999999999999993
      vertex 0.9093266739736592 -0.5249999999999986 2.1999999999999993
      vertex 0.8330210073057955 -0.6391995004591564 2.1999999999999993
    endloop
  endfacet
  facet normal 0 0 1
    outer loop
      vertex 1.034894429314825 -1.3487006784950992 2.1999999999999993
      vertex 0.9700735091368529 -0.40181760398334276 2.1999999999999993
      vertex 0.9093266739736592 -0.5249999999999986 2.1999999999999993
    endloop
  endfacet
  facet normal 0 0 1
    outer loop
      vertex 1.034894429314825 -1.3487006784950992 2.1999999999999993
      vertex 1.0142221176035235 -0.27175999735764833 2.1999999999999993
      vertex 0.9700735091368529 -0.40181760398334276 2.1999999999999993
    endloop
  endfacet
  facet normal 0 0 1
    outer loop
      vertex 1.202081528017132 -1.202081528017132 2.1999999999999993
      vertex 1.0410171044425027 -0.13705250183105377 2.1999999999999993
      vertex 1.0142221176035235 -0.27175999735764833 2.1999999999999993
    endloop
  endfacet
  facet normal 0 0 1
    outer loop
      vertex 1.202081528017132 -1.202081528017132 2.1999999999999993
      vertex 1.0500000000000007 0 2.1999999999999993
      vertex 1.0410171044425027 -0.13705250183105377 2.1999999999999993
    endloop
  endfacet
  facet normal 0 0 1
    outer loop
      vertex 1.202081528017132 -1.202081528017132 2.1999999999999993
      vertex 1.0410171044425027 0.13705250183105377 2.1999999999999993
      vertex 1.0500000000000007 0 2.1999999999999993
    endloop
  endfacet
  facet normal 0 0 1
    outer loop
      vertex 1.202081528017132 -1.202081528017132 2.1999999999999993
      vertex 1.3487006784950992 -1.034894429314825 2.1999999999999993
      vertex 1.202081528017132 1.202081528017132 2.1999999999999993
    endloop
  endfacet
  facet normal 0.8968727415326783 -0.44228869021902173 -4.489500227771067e-15
    outer loop
      vertex 1.4722431864335448 -0.8499999999999872 0.7999999999999972
      vertex 1.5705952052691856 -0.6505618350206532 0.8000000000000007
      vertex 1.4722431864335448 -0.8500000000000014 2.1999999999999993
    endloop
  endfacet
  facet normal 0.8968727415326907 -0.44228869021899636 0
    outer loop
      vertex 1.5705952052691856 -0.6505618350206532 0.8000000000000007
      vertex 1.5705952052691856 -0.6505618350206532 2.1999999999999993
      vertex 1.4722431864335448 -0.8500000000000014 2.1999999999999993
    endloop
  endfacet
  facet normal 0.9469301294951044 -0.32143946530316575 0
    outer loop
      vertex 1.5705952052691856 -0.6505618350206532 0.8000000000000007
      vertex 1.642073904691415 -0.4399923766742866 0.8000000000000007
      vertex 1.5705952052691856 -0.6505618350206532 2.1999999999999993
    endloop
  endfacet
  facet normal 0.9469301294951044 -0.32143946530316575 0
    outer loop
      vertex 1.642073904691415 -0.4399923766742866 0.8000000000000007
      vertex 1.642073904691415 -0.4399923766742866 2.1999999999999993
      vertex 1.5705952052691856 -0.6505618350206532 2.1999999999999993
    endloop
  endfacet
  facet normal 0.980785280403229 -0.19509032201613608 0
    outer loop
      vertex 1.642073904691415 -0.4399923766742866 0.8000000000000007
      vertex 1.6854562643354782 -0.22189452677408994 0.8000000000000007
      vertex 1.642073904691415 -0.4399923766742866 2.1999999999999993
    endloop
  endfacet
  facet normal 0.9807852804032294 -0.19509032201613297 4.950714683059363e-16
    outer loop
      vertex 1.6854562643354782 -0.22189452677408994 0.8000000000000007
      vertex 1.6854562643354782 -0.2218945267740864 2.1999999999999993
      vertex 1.642073904691415 -0.4399923766742866 2.1999999999999993
    endloop
  endfacet
  facet normal 0.9978589232386038 -0.0654031292301368 1.6597042275161725e-16
    outer loop
      vertex 1.6854562643354782 -0.22189452677408994 0.8000000000000007
      vertex 1.6999999999999993 0 0.8000000000000007
      vertex 1.6854562643354782 -0.2218945267740864 2.1999999999999993
    endloop
  endfacet
  facet normal 0.9978589232386038 -0.06540312923013786 -5.3030205769429e-19
    outer loop
      vertex 1.6854562643354782 -0.2218945267740864 2.1999999999999993
      vertex 1.6999999999999993 0 0.8000000000000007
      vertex 1.6999999999999993 0 2.1999999999999993
    endloop
  endfacet
  facet normal 0 0 1
    outer loop
      vertex 1.3487006784950992 -1.034894429314825 2.1999999999999993
      vertex 1.4722431864335448 -0.8500000000000014 2.1999999999999993
      vertex 1.3487006784950992 1.034894429314825 2.1999999999999993
    endloop
  endfacet
  facet normal 0 0 1
    outer loop
      vertex 1.4722431864335448 -0.8500000000000014 2.1999999999999993
      vertex 1.5705952052691856 -0.6505618350206532 2.1999999999999993
      vertex 1.4722431864335448 0.8500000000000014 2.1999999999999993
    endloop
  endfacet
  facet normal 0 0 1
    outer loop
      vertex 1.5705952052691856 -0.6505618350206532 2.1999999999999993
      vertex 1.642073904691415 -0.4399923766742866 2.1999999999999993
      vertex 1.5705952052691856 0.6505618350206532 2.1999999999999993
    endloop
  endfacet
  facet normal 0 0 1
    outer loop
      vertex 1.642073904691415 -0.4399923766742866 2.1999999999999993
      vertex 1.6854562643354782 -0.2218945267740864 2.1999999999999993
      vertex 1.642073904691415 0.4399923766742866 2.1999999999999993
    endloop
  endfacet
  facet normal 0 0 1
    outer loop
      vertex 0 1.6999999999999993 2.1999999999999993
      vertex 0 1.0500000000000007 2.1999999999999993
      vertex 0.13705250183105377 1.0410171044425027 2.1999999999999993
    endloop
  endfacet
  facet normal 0 0 1
    outer loop
      vertex 0.2218945267740864 1.6854562643354818 2.1999999999999993
      vertex 0.13705250183105377 1.0410171044425027 2.1999999999999993
      vertex 0.27175999735764833 1.0142221176035235 2.1999999999999993
    endloop
  endfacet
  facet normal 0 0 1
    outer loop
      vertex 0.4399923766742866 1.6420739046914186 2.1999999999999993
      vertex 0.27175999735764833 1.0142221176035235 2.1999999999999993
      vertex 0.40181760398334276 0.9700735091368529 2.1999999999999993
    endloop
  endfacet
  facet normal 0.06540312923015378 0.9978589232386028 0
    outer loop
      vertex 0 1.6999999999999993 0.7999999999999972
      vertex 0 1.6999999999999993 2.1999999999999993
      vertex 0.2218945267740864 1.6854562643354747 0.7999999999999972
    endloop
  endfacet
  facet normal 0.06540312923012195 0.9978589232386049 -5.064438637289894e-15
    outer loop
      vertex 0.2218945267740864 1.6854562643354747 0.7999999999999972
      vertex 0 1.6999999999999993 2.1999999999999993
      vertex 0.2218945267740864 1.6854562643354818 2.1999999999999993
    endloop
  endfacet
  facet normal 0.19509032201613605 0.9807852804032289 -4.977784688078186e-15
    outer loop
      vertex 0.2218945267740864 1.6854562643354747 0.7999999999999972
      vertex 0.2218945267740864 1.6854562643354818 2.1999999999999993
      vertex 0.43999237667428304 1.6420739046914115 0.7999999999999972
    endloop
  endfacet
  facet normal 0.195090322016133 0.9807852804032295 -5.4728561563841245e-15
    outer loop
      vertex 0.43999237667428304 1.6420739046914115 0.7999999999999972
      vertex 0.2218945267740864 1.6854562643354818 2.1999999999999993
      vertex 0.4399923766742866 1.6420739046914186 2.1999999999999993
    endloop
  endfacet
  facet normal 0 0 1
    outer loop
      vertex 0 1.6999999999999993 2.1999999999999993
      vertex 0.13705250183105377 1.0410171044425027 2.1999999999999993
      vertex 0.2218945267740864 1.6854562643354818 2.1999999999999993
    endloop
  endfacet
  facet normal 0 0 1
    outer loop
      vertex 0.2218945267740864 1.6854562643354818 2.1999999999999993
      vertex 0.27175999735764833 1.0142221176035235 2.1999999999999993
      vertex 0.4399923766742866 1.6420739046914186 2.1999999999999993
    endloop
  endfacet
  facet normal 0 0 1
    outer loop
      vertex 0.4399923766742866 1.6420739046914186 2.1999999999999993
      vertex 0.40181760398334276 0.9700735091368529 2.1999999999999993
      vertex 0.5249999999999986 0.9093266739736592 2.1999999999999993
    endloop
  endfacet
  facet normal 0 0 1
    outer loop
      vertex 0.6505618350206532 1.5705952052691856 2.1999999999999993
      vertex 0.5249999999999986 0.9093266739736592 2.1999999999999993
      vertex 0.6391995004591564 0.8330210073057955 2.1999999999999993
    endloop
  endfacet
  facet normal 0 0 1
    outer loop
      vertex 0.6505618350206532 1.5705952052691856 2.1999999999999993
      vertex 0.6391995004591564 0.8330210073057955 2.1999999999999993
      vertex 0.7424621202458752 0.7424621202458752 2.1999999999999993
    endloop
  endfacet
  facet normal 0 0 1
    outer loop
      vertex 0.8500000000000014 1.4722431864335448 2.1999999999999993
      vertex 0.7424621202458752 0.7424621202458752 2.1999999999999993
      vertex 0.8330210073057955 0.6391995004591564 2.1999999999999993
    endloop
  endfacet
  facet normal 0 0 1
    outer loop
      vertex 0.6505618350206532 1.5705952052691856 2.1999999999999993
      vertex 0.7424621202458752 0.7424621202458752 2.1999999999999993
      vertex 0.8500000000000014 1.4722431864335448 2.1999999999999993
    endloop
  endfacet
  facet normal 0.32143946530316575 0.9469301294951044 -5.621661166528599e-15
    outer loop
      vertex 0.43999237667428304 1.6420739046914115 0.7999999999999972
      vertex 0.4399923766742866 1.6420739046914186 2.1999999999999993
      vertex 0.6505618350206497 1.570595205269182 0.7999999999999972
    endloop
  endfacet
  facet normal 0.32143946530318 0.9469301294950995 -3.2186814351532065e-15
    outer loop
      vertex 0.6505618350206497 1.570595205269182 0.7999999999999972
      vertex 0.4399923766742866 1.6420739046914186 2.1999999999999993
      vertex 0.6505618350206532 1.5705952052691856 2.1999999999999993
    endloop
  endfacet
  facet normal 0.4422886902189964 0.8968727415326908 -3.3984953217941517e-15
    outer loop
      vertex 0.8499999999999979 1.4722431864335412 0.7999999999999972
      vertex 0.6505618350206497 1.570595205269182 0.7999999999999972
      vertex 0.6505618350206532 1.5705952052691856 2.1999999999999993
    endloop
  endfacet
  facet normal 0.4422886902189963 0.8968727415326908 -3.3983265262187676e-15
    outer loop
      vertex 0.8499999999999979 1.4722431864335412 0.7999999999999972
      vertex 0.6505618350206532 1.5705952052691856 2.1999999999999993
      vertex 0.8500000000000014 1.4722431864335448 2.1999999999999993
    endloop
  endfacet
  facet normal 0 0 1
    outer loop
      vertex 0.4399923766742866 1.6420739046914186 2.1999999999999993
      vertex 0.5249999999999986 0.9093266739736592 2.1999999999999993
      vertex 0.6505618350206532 1.5705952052691856 2.1999999999999993
    endloop
  endfacet
  facet normal 0 0 1
    outer loop
      vertex 1.202081528017132 -1.202081528017132 2.1999999999999993
      vertex 1.034894429314825 1.3487006784950992 2.1999999999999993
      vertex 1.0410171044425027 0.13705250183105377 2.1999999999999993
    endloop
  endfacet
  facet normal 0 0 1
    outer loop
      vertex 1.034894429314825 1.3487006784950992 2.1999999999999993
      vertex 1.0142221176035235 0.27175999735764833 2.1999999999999993
      vertex 1.0410171044425027 0.13705250183105377 2.1999999999999993
    endloop
  endfacet
  facet normal 0 0 1
    outer loop
      vertex 0.8500000000000014 1.4722431864335448 2.1999999999999993
      vertex 0.9093266739736592 0.5249999999999986 2.1999999999999993
      vertex 0.9700735091368529 0.40181760398334276 2.1999999999999993
    endloop
  endfacet
  facet normal 0 0 1
    outer loop
      vertex 1.034894429314825 1.3487006784950992 2.1999999999999993
      vertex 0.9700735091368529 0.40181760398334276 2.1999999999999993
      vertex 1.0142221176035235 0.27175999735764833 2.1999999999999993
    endloop
  endfacet
  facet normal 0 0 1
    outer loop
      vertex 1.202081528017132 -1.202081528017132 2.1999999999999993
      vertex 1.202081528017132 1.202081528017132 2.1999999999999993
      vertex 1.034894429314825 1.3487006784950992 2.1999999999999993
    endloop
  endfacet
  facet normal 0.9978589232386038 0.06540312923013786 0
    outer loop
      vertex 1.6999999999999993 0 0.8000000000000007
      vertex 1.6854562643354782 0.2218945267740864 0.8000000000000007
      vertex 1.6999999999999993 0 2.1999999999999993
    endloop
  endfacet
  facet normal 0.9978589232386038 0.06540312923013786 0
    outer loop
      vertex 1.6854562643354782 0.2218945267740864 0.8000000000000007
      vertex 1.6854562643354782 0.2218945267740864 2.1999999999999993
      vertex 1.6999999999999993 0 2.1999999999999993
    endloop
  endfacet
  facet normal 0.9807852804032297 0.19509032201613305 0
    outer loop
      vertex 1.6854562643354782 0.2218945267740864 0.8000000000000007
      vertex 1.642073904691415 0.4399923766742866 0.8000000000000007
      vertex 1.6854562643354782 0.2218945267740864 2.1999999999999993
    endloop
  endfacet
  facet normal 0.9807852804032297 0.19509032201613305 0
    outer loop
      vertex 1.642073904691415 0.4399923766742866 0.8000000000000007
      vertex 1.642073904691415 0.4399923766742866 2.1999999999999993
      vertex 1.6854562643354782 0.2218945267740864 2.1999999999999993
    endloop
  endfacet
  facet normal 0 0 1
    outer loop
      vertex 1.3487006784950992 -1.034894429314825 2.1999999999999993
      vertex 1.3487006784950992 1.034894429314825 2.1999999999999993
      vertex 1.202081528017132 1.202081528017132 2.1999999999999993
    endloop
  endfacet
  facet normal 0 0 1
    outer loop
      vertex 1.4722431864335448 -0.8500000000000014 2.1999999999999993
      vertex 1.4722431864335448 0.8500000000000014 2.1999999999999993
      vertex 1.3487006784950992 1.034894429314825 2.1999999999999993
    endloop
  endfacet
  facet normal 0 0 1
    outer loop
      vertex 1.6854562643354782 -0.2218945267740864 2.1999999999999993
      vertex 1.6999999999999993 0 2.1999999999999993
      vertex 1.6854562643354782 0.2218945267740864 2.1999999999999993
    endloop
  endfacet
  facet normal 0 0 1
    outer loop
      vertex 1.6854562643354782 -0.2218945267740864 2.1999999999999993
      vertex 1.6854562643354782 0.2218945267740864 2.1999999999999993
      vertex 1.642073904691415 0.4399923766742866 2.1999999999999993
    endloop
  endfacet
  facet normal 0 0 1
    outer loop
      vertex 1.5705952052691856 -0.6505618350206532 2.1999999999999993
      vertex 1.5705952052691856 0.6505618350206532 2.1999999999999993
      vertex 1.4722431864335448 0.8500000000000014 2.1999999999999993
    endloop
  endfacet
  facet normal 0 0 1
    outer loop
      vertex 1.642073904691415 -0.4399923766742866 2.1999999999999993
      vertex 1.642073904691415 0.4399923766742866 2.1999999999999993
      vertex 1.5705952052691856 0.6505618350206532 2.1999999999999993
    endloop
  endfacet
  facet normal 0.9469301294951044 0.32143946530316575 0
    outer loop
      vertex 1.642073904691415 0.4399923766742866 0.8000000000000007
      vertex 1.5705952052691856 0.6505618350206532 0.8000000000000007
      vertex 1.642073904691415 0.4399923766742866 2.1999999999999993
    endloop
  endfacet
  facet normal 0.9469301294951044 0.32143946530316575 0
    outer loop
      vertex 1.5705952052691856 0.6505618350206532 0.8000000000000007
      vertex 1.5705952052691856 0.6505618350206532 2.1999999999999993
      vertex 1.642073904691415 0.4399923766742866 2.1999999999999993
    endloop
  endfacet
  facet normal 0.8968727415326907 0.44228869021899636 0
    outer loop
      vertex 1.5705952052691856 0.6505618350206532 0.8000000000000007
      vertex 1.4722431864335448 0.8500000000000014 0.8000000000000007
      vertex 1.5705952052691856 0.6505618350206532 2.1999999999999993
    endloop
  endfacet
  facet normal 0.8968727415326907 0.44228869021899636 0
    outer loop
      vertex 1.4722431864335448 0.8500000000000014 0.8000000000000007
      vertex 1.4722431864335448 0.8500000000000014 2.1999999999999993
      vertex 1.5705952052691856 0.6505618350206532 2.1999999999999993
    endloop
  endfacet
  facet normal 0.6593458151000616 0.7518398074789836 -3.581098903330834e-15
    outer loop
      vertex 1.2020815280171284 1.2020815280171284 0.7999999999999972
      vertex 1.034894429314825 1.3487006784950992 2.1999999999999993
      vertex 1.202081528017132 1.202081528017132 2.1999999999999993
    endloop
  endfacet
  facet normal 0.7518398074789836 0.6593458151000616 -3.581098903330834e-15
    outer loop
      vertex 1.2020815280171284 1.2020815280171284 0.7999999999999972
      vertex 1.202081528017132 1.202081528017132 2.1999999999999993
      vertex 1.3487006784950992 1.034894429314825 2.1999999999999993
    endloop
  endfacet
  facet normal 0 0 1
    outer loop
      vertex 0.8500000000000014 1.4722431864335448 2.1999999999999993
      vertex 0.8330210073057955 0.6391995004591564 2.1999999999999993
      vertex 0.9093266739736592 0.5249999999999986 2.1999999999999993
    endloop
  endfacet
  facet normal 0 0 1
    outer loop
      vertex 0.8500000000000014 1.4722431864335448 2.1999999999999993
      vertex 0.9700735091368529 0.40181760398334276 2.1999999999999993
      vertex 1.034894429314825 1.3487006784950992 2.1999999999999993
    endloop
  endfacet
  facet normal 0.5555702330196042 0.8314696123025439 -3.5198253082266568e-15
    outer loop
      vertex 0.8499999999999979 1.4722431864335412 0.7999999999999972
      vertex 0.8500000000000014 1.4722431864335448 2.1999999999999993
      vertex 1.0348944293148215 1.3487006784950957 0.7999999999999972
    endloop
  endfacet
  facet normal 0.5555702330196042 0.8314696123025439 -3.5198253082266568e-15
    outer loop
      vertex 1.0348944293148215 1.3487006784950957 0.7999999999999972
      vertex 0.8500000000000014 1.4722431864335448 2.1999999999999993
      vertex 1.034894429314825 1.3487006784950992 2.1999999999999993
    endloop
  endfacet
  facet normal 0.6593458151000616 0.7518398074789837 -3.5799004035703225e-15
    outer loop
      vertex 1.2020815280171284 1.2020815280171284 0.7999999999999972
      vertex 1.0348944293148215 1.3487006784950957 0.7999999999999972
      vertex 1.034894429314825 1.3487006784950992 2.1999999999999993
    endloop
  endfacet
  facet normal 0.8314696123025438 0.5555702330196043 -3.2922336007248545e-18
    outer loop
      vertex 1.3487006784950992 1.034894429314825 0.8000000000000007
      vertex 1.4722431864335448 0.8500000000000014 2.1999999999999993
      vertex 1.4722431864335448 0.8500000000000014 0.8000000000000007
    endloop
  endfacet
  facet normal 0.8314696123025438 0.5555702330196043 0
    outer loop
      vertex 1.3487006784950992 1.034894429314825 0.8000000000000007
      vertex 1.3487006784950992 1.034894429314825 2.1999999999999993
      vertex 1.4722431864335448 0.8500000000000014 2.1999999999999993
    endloop
  endfacet
  facet normal 0.7518398074789688 0.6593458151000786 -1.0257908475914194e-18
    outer loop
      vertex 1.2020815280171284 1.2020815280171284 0.7999999999999972
      vertex 1.3487006784950992 1.034894429314825 2.1999999999999993
      vertex 1.3487006784950992 1.034894429314825 0.8000000000000007
    endloop
  endfacet
  facet normal -0.8314696123025479 -0.5555702330195983 0
    outer loop
      vertex -0.8330210073057955 -0.6391995004591564 15.400000000000006
      vertex -0.9093266739736592 -0.5249999999999986 2.1999999999999993
      vertex -0.8330210073057955 -0.6391995004591564 2.1999999999999993
    endloop
  endfacet
  facet normal -0.8968727415326793 -0.4422886902190196 0
    outer loop
      vertex -0.9093266739736592 -0.5249999999999986 15.400000000000006
      vertex -0.9700735091368529 -0.40181760398334276 2.1999999999999993
      vertex -0.9093266739736592 -0.5249999999999986 2.1999999999999993
    endloop
  endfacet
  facet normal -0.9469301294951032 -0.3214394653031688 0
    outer loop
      vertex -0.9700735091368529 -0.40181760398334276 15.400000000000006
      vertex -1.0142221176035235 -0.27175999735764833 2.1999999999999993
      vertex -0.9700735091368529 -0.40181760398334276 2.1999999999999993
    endloop
  endfacet
  facet normal -0.980785280403231 -0.19509032201612525 0
    outer loop
      vertex -1.0142221176035235 -0.27175999735764833 15.400000000000006
      vertex -1.0410171044425027 -0.13705250183105377 2.1999999999999993
      vertex -1.0142221176035235 -0.27175999735764833 2.1999999999999993
    endloop
  endfacet
  facet normal -0.997858923238604 -0.06540312923013539 0
    outer loop
      vertex -1.0410171044425027 -0.13705250183105377 15.400000000000006
      vertex -1.0500000000000007 0 2.1999999999999993
      vertex -1.0410171044425027 -0.13705250183105377 2.1999999999999993
    endloop
  endfacet
  facet normal -0.5555702330195983 -0.8314696123025479 0
    outer loop
      vertex -0.5249999999999986 -0.9093266739736592 15.400000000000006
      vertex -0.6391995004591564 -0.8330210073057955 2.1999999999999993
      vertex -0.5249999999999986 -0.9093266739736592 2.1999999999999993
    endloop
  endfacet
  facet normal -0.4422886902190196 -0.8968727415326793 0
    outer loop
      vertex -0.40181760398334276 -0.9700735091368529 15.400000000000006
      vertex -0.5249999999999986 -0.9093266739736592 2.1999999999999993
      vertex -0.40181760398334276 -0.9700735091368529 2.1999999999999993
    endloop
  endfacet
  facet normal -0.3214394653031688 -0.9469301294951032 0
    outer loop
      vertex -0.27175999735764833 -1.0142221176035235 15.400000000000006
      vertex -0.40181760398334276 -0.9700735091368529 2.1999999999999993
      vertex -0.27175999735764833 -1.0142221176035235 2.1999999999999993
    endloop
  endfacet
  facet normal -0.19509032201612525 -0.980785280403231 0
    outer loop
      vertex -0.13705250183105377 -1.0410171044425027 15.400000000000006
      vertex -0.27175999735764833 -1.0142221176035235 2.1999999999999993
      vertex -0.13705250183105377 -1.0410171044425027 2.1999999999999993
    endloop
  endfacet
  facet normal -0.06540312923013539 -0.997858923238604 0
    outer loop
      vertex 0 -1.0500000000000007 15.400000000000006
      vertex -0.13705250183105377 -1.0410171044425027 2.1999999999999993
      vertex 0 -1.0500000000000007 2.1999999999999993
    endloop
  endfacet
  facet normal -0.7518398074789854 -0.6593458151000597 0
    outer loop
      vertex -0.7424621202458752 -0.7424621202458752 15.400000000000006
      vertex -0.8330210073057955 -0.6391995004591564 2.1999999999999993
      vertex -0.7424621202458752 -0.7424621202458752 2.1999999999999993
    endloop
  endfacet
  facet normal -0.6593458151000597 -0.7518398074789854 0
    outer loop
      vertex -0.6391995004591564 -0.8330210073057955 15.400000000000006
      vertex -0.7424621202458752 -0.7424621202458752 2.1999999999999993
      vertex -0.6391995004591564 -0.8330210073057955 2.1999999999999993
    endloop
  endfacet
  facet normal -0.8314696123025479 -0.5555702330195983 -1.1816528501281676e-19
    outer loop
      vertex -0.8330210073057955 -0.6391995004591564 15.400000000000006
      vertex -0.9093266739736592 -0.5249999999999986 15.400000000000006
      vertex -0.9093266739736592 -0.5249999999999986 2.1999999999999993
    endloop
  endfacet
  facet normal -0.8968727415326793 -0.4422886902190196 0
    outer loop
      vertex -0.9700735091368529 -0.40181760398334276 15.400000000000006
      vertex -0.9700735091368529 -0.40181760398334276 2.1999999999999993
      vertex -0.9093266739736592 -0.5249999999999986 15.400000000000006
    endloop
  endfacet
  facet normal -0.9469301294951032 -0.3214394653031688 -1.0827291672845647e-19
    outer loop
      vertex -0.9700735091368529 -0.40181760398334276 15.400000000000006
      vertex -1.0142221176035235 -0.27175999735764833 15.400000000000006
      vertex -1.0142221176035235 -0.27175999735764833 2.1999999999999993
    endloop
  endfacet
  facet normal -0.980785280403231 -0.19509032201612525 -8.458631960421825e-20
    outer loop
      vertex -1.0142221176035235 -0.27175999735764833 15.400000000000006
      vertex -1.0410171044425027 -0.13705250183105377 15.400000000000006
      vertex -1.0410171044425027 -0.13705250183105377 2.1999999999999993
    endloop
  endfacet
  facet normal -0.997858923238604 -0.06540312923013539 -1.9077739046210242e-20
    outer loop
      vertex -1.0410171044425027 -0.13705250183105377 15.400000000000006
      vertex -1.0500000000000007 0 15.400000000000006
      vertex -1.0500000000000007 0 2.1999999999999993
    endloop
  endfacet
  facet normal 0 0 1
    outer loop
      vertex -0.8330210073057955 -0.6391995004591564 15.400000000000006
      vertex -0.9093266739736592 0.5249999999999986 15.400000000000006
      vertex -0.9093266739736592 -0.5249999999999986 15.400000000000006
    endloop
  endfacet
  facet normal 0 0 1
    outer loop
      vertex -0.9700735091368529 -0.40181760398334276 15.400000000000006
      vertex -1.0142221176035235 0.27175999735764833 15.400000000000006
      vertex -1.0142221176035235 -0.27175999735764833 15.400000000000006
    endloop
  endfacet
  facet normal 0 0 1
    outer loop
      vertex -1.0142221176035235 -0.27175999735764833 15.400000000000006
      vertex -1.0410171044425027 0.13705250183105377 15.400000000000006
      vertex -1.0410171044425027 -0.13705250183105377 15.400000000000006
    endloop
  endfacet
  facet normal 0 0 1
    outer loop
      vertex -0.9700735091368529 -0.40181760398334276 15.400000000000006
      vertex -0.9093266739736592 -0.5249999999999986 15.400000000000006
      vertex -0.9700735091368529 0.40181760398334276 15.400000000000006
    endloop
  endfacet
  facet normal -0.5555702330195983 -0.8314696123025479 0
    outer loop
      vertex -0.6391995004591564 -0.8330210073057955 15.400000000000006
      vertex -0.6391995004591564 -0.8330210073057955 2.1999999999999993
      vertex -0.5249999999999986 -0.9093266739736592 15.400000000000006
    endloop
  endfacet
  facet normal -0.4422886902190196 -0.8968727415326793 -8.093249593945158e-20
    outer loop
      vertex -0.40181760398334276 -0.9700735091368529 15.400000000000006
      vertex -0.5249999999999986 -0.9093266739736592 15.400000000000006
      vertex -0.5249999999999986 -0.9093266739736592 2.1999999999999993
    endloop
  endfacet
  facet normal -0.3214394653031688 -0.9469301294951032 0
    outer loop
      vertex -0.40181760398334276 -0.9700735091368529 15.400000000000006
      vertex -0.40181760398334276 -0.9700735091368529 2.1999999999999993
      vertex -0.27175999735764833 -1.0142221176035235 15.400000000000006
    endloop
  endfacet
  facet normal -0.19509032201612525 -0.980785280403231 0
    outer loop
      vertex -0.27175999735764833 -1.0142221176035235 15.400000000000006
      vertex -0.27175999735764833 -1.0142221176035235 2.1999999999999993
      vertex -0.13705250183105377 -1.0410171044425027 15.400000000000006
    endloop
  endfacet
  facet normal -0.06540312923013539 -0.997858923238604 0
    outer loop
      vertex -0.13705250183105377 -1.0410171044425027 15.400000000000006
      vertex -0.13705250183105377 -1.0410171044425027 2.1999999999999993
      vertex 0 -1.0500000000000007 15.400000000000006
    endloop
  endfacet
  facet normal -0.7518398074789854 -0.6593458151000597 0
    outer loop
      vertex -0.8330210073057955 -0.6391995004591564 15.400000000000006
      vertex -0.8330210073057955 -0.6391995004591564 2.1999999999999993
      vertex -0.7424621202458752 -0.7424621202458752 15.400000000000006
    endloop
  endfacet
  facet normal -0.6593458151000597 -0.7518398074789854 1.895611894962661e-19
    outer loop
      vertex -0.6391995004591564 -0.8330210073057955 15.400000000000006
      vertex -0.7424621202458752 -0.7424621202458752 15.400000000000006
      vertex -0.7424621202458752 -0.7424621202458752 2.1999999999999993
    endloop
  endfacet
  facet normal 0 0 1
    outer loop
      vertex -0.8330210073057955 -0.6391995004591564 15.400000000000006
      vertex -0.7424621202458752 -0.7424621202458752 15.400000000000006
      vertex -0.8330210073057955 0.6391995004591564 15.400000000000006
    endloop
  endfacet
  facet normal 0 0 1
    outer loop
      vertex -0.6391995004591564 -0.8330210073057955 15.400000000000006
      vertex -0.7424621202458752 0.7424621202458752 15.400000000000006
      vertex -0.7424621202458752 -0.7424621202458752 15.400000000000006
    endloop
  endfacet
  facet normal 0 0 1
    outer loop
      vertex -0.6391995004591564 -0.8330210073057955 15.400000000000006
      vertex -0.5249999999999986 -0.9093266739736592 15.400000000000006
      vertex -0.6391995004591564 0.8330210073057955 15.400000000000006
    endloop
  endfacet
  facet normal 0 0 1
    outer loop
      vertex -0.40181760398334276 -0.9700735091368529 15.400000000000006
      vertex -0.5249999999999986 0.9093266739736592 15.400000000000006
      vertex -0.5249999999999986 -0.9093266739736592 15.400000000000006
    endloop
  endfacet
  facet normal 0 0 1
    outer loop
      vertex -0.40181760398334276 -0.9700735091368529 15.400000000000006
      vertex -0.27175999735764833 -1.0142221176035235 15.400000000000006
      vertex -0.40181760398334276 0.9700735091368529 15.400000000000006
    endloop
  endfacet
  facet normal 0 0 1
    outer loop
      vertex -0.27175999735764833 -1.0142221176035235 15.400000000000006
      vertex -0.13705250183105377 -1.0410171044425027 15.400000000000006
      vertex -0.27175999735764833 1.0142221176035235 15.400000000000006
    endloop
  endfacet
  facet normal 0 0 1
    outer loop
      vertex -0.13705250183105377 -1.0410171044425027 15.400000000000006
      vertex 0 -1.0500000000000007 15.400000000000006
      vertex -0.13705250183105377 1.0410171044425027 15.400000000000006
    endloop
  endfacet
  facet normal -0.997858923238604 0.06540312923013539 0
    outer loop
      vertex -1.0500000000000007 0 15.400000000000006
      vertex -1.0410171044425027 0.13705250183105377 2.1999999999999993
      vertex -1.0500000000000007 0 2.1999999999999993
    endloop
  endfacet
  facet normal -0.980785280403231 0.19509032201612525 0
    outer loop
      vertex -1.0410171044425027 0.13705250183105377 15.400000000000006
      vertex -1.0142221176035235 0.27175999735764833 2.1999999999999993
      vertex -1.0410171044425027 0.13705250183105377 2.1999999999999993
    endloop
  endfacet
  facet normal -0.9469301294951032 0.3214394653031688 0
    outer loop
      vertex -1.0142221176035235 0.27175999735764833 15.400000000000006
      vertex -0.9700735091368529 0.40181760398334276 2.1999999999999993
      vertex -1.0142221176035235 0.27175999735764833 2.1999999999999993
    endloop
  endfacet
  facet normal -0.8968727415326793 0.4422886902190196 0
    outer loop
      vertex -0.9700735091368529 0.40181760398334276 15.400000000000006
      vertex -0.9093266739736592 0.5249999999999986 2.1999999999999993
      vertex -0.9700735091368529 0.40181760398334276 2.1999999999999993
    endloop
  endfacet
  facet normal -0.8314696123025479 0.5555702330195983 0
    outer loop
      vertex -0.9093266739736592 0.5249999999999986 15.400000000000006
      vertex -0.8330210073057955 0.6391995004591564 2.1999999999999993
      vertex -0.9093266739736592 0.5249999999999986 2.1999999999999993
    endloop
  endfacet
  facet normal -0.7518398074789854 0.6593458151000597 0
    outer loop
      vertex -0.8330210073057955 0.6391995004591564 15.400000000000006
      vertex -0.7424621202458752 0.7424621202458752 2.1999999999999993
      vertex -0.8330210073057955 0.6391995004591564 2.1999999999999993
    endloop
  endfacet
  facet normal -0.6593458151000597 0.7518398074789854 0
    outer loop
      vertex -0.7424621202458752 0.7424621202458752 15.400000000000006
      vertex -0.6391995004591564 0.8330210073057955 2.1999999999999993
      vertex -0.7424621202458752 0.7424621202458752 2.1999999999999993
    endloop
  endfacet
  facet normal -0.5555702330195983 0.8314696123025479 0
    outer loop
      vertex -0.6391995004591564 0.8330210073057955 15.400000000000006
      vertex -0.5249999999999986 0.9093266739736592 2.1999999999999993
      vertex -0.6391995004591564 0.8330210073057955 2.1999999999999993
    endloop
  endfacet
  facet normal -0.4422886902190196 0.8968727415326793 0
    outer loop
      vertex -0.5249999999999986 0.9093266739736592 15.400000000000006
      vertex -0.40181760398334276 0.9700735091368529 2.1999999999999993
      vertex -0.5249999999999986 0.9093266739736592 2.1999999999999993
    endloop
  endfacet
  facet normal -0.3214394653031688 0.9469301294951032 0
    outer loop
      vertex -0.40181760398334276 0.9700735091368529 15.400000000000006
      vertex -0.27175999735764833 1.0142221176035235 2.1999999999999993
      vertex -0.40181760398334276 0.9700735091368529 2.1999999999999993
    endloop
  endfacet
  facet normal -0.19509032201612525 0.980785280403231 0
    outer loop
      vertex -0.27175999735764833 1.0142221176035235 15.400000000000006
      vertex -0.13705250183105377 1.0410171044425027 2.1999999999999993
      vertex -0.27175999735764833 1.0142221176035235 2.1999999999999993
    endloop
  endfacet
  facet normal -0.06540312923013539 0.997858923238604 0
    outer loop
      vertex -0.13705250183105377 1.0410171044425027 15.400000000000006
      vertex 0 1.0500000000000007 2.1999999999999993
      vertex -0.13705250183105377 1.0410171044425027 2.1999999999999993
    endloop
  endfacet
  facet normal -0.997858923238604 0.06540312923013539 1.9077739046210242e-20
    outer loop
      vertex -1.0500000000000007 0 15.400000000000006
      vertex -1.0410171044425027 0.13705250183105377 15.400000000000006
      vertex -1.0410171044425027 0.13705250183105377 2.1999999999999993
    endloop
  endfacet
  facet normal -0.980785280403231 0.19509032201612525 8.458631960421825e-20
    outer loop
      vertex -1.0410171044425027 0.13705250183105377 15.400000000000006
      vertex -1.0142221176035235 0.27175999735764833 15.400000000000006
      vertex -1.0142221176035235 0.27175999735764833 2.1999999999999993
    endloop
  endfacet
  facet normal -0.9469301294951032 0.3214394653031688 1.0827291672845647e-19
    outer loop
      vertex -1.0142221176035235 0.27175999735764833 15.400000000000006
      vertex -0.9700735091368529 0.40181760398334276 15.400000000000006
      vertex -0.9700735091368529 0.40181760398334276 2.1999999999999993
    endloop
  endfacet
  facet normal -0.8968727415326793 0.4422886902190196 8.093249593945158e-20
    outer loop
      vertex -0.9700735091368529 0.40181760398334276 15.400000000000006
      vertex -0.9093266739736592 0.5249999999999986 15.400000000000006
      vertex -0.9093266739736592 0.5249999999999986 2.1999999999999993
    endloop
  endfacet
  facet normal -0.8314696123025479 0.5555702330195983 1.1816528501281676e-19
    outer loop
      vertex -0.9093266739736592 0.5249999999999986 15.400000000000006
      vertex -0.8330210073057955 0.6391995004591564 15.400000000000006
      vertex -0.8330210073057955 0.6391995004591564 2.1999999999999993
    endloop
  endfacet
  facet normal 0 0 1
    outer loop
      vertex -1.0410171044425027 -0.13705250183105377 15.400000000000006
      vertex -1.0410171044425027 0.13705250183105377 15.400000000000006
      vertex -1.0500000000000007 0 15.400000000000006
    endloop
  endfacet
  facet normal 0 0 1
    outer loop
      vertex -1.0142221176035235 -0.27175999735764833 15.400000000000006
      vertex -1.0142221176035235 0.27175999735764833 15.400000000000006
      vertex -1.0410171044425027 0.13705250183105377 15.400000000000006
    endloop
  endfacet
  facet normal 0 0 1
    outer loop
      vertex -0.9700735091368529 -0.40181760398334276 15.400000000000006
      vertex -0.9700735091368529 0.40181760398334276 15.400000000000006
      vertex -1.0142221176035235 0.27175999735764833 15.400000000000006
    endloop
  endfacet
  facet normal 0 0 1
    outer loop
      vertex -0.9093266739736592 -0.5249999999999986 15.400000000000006
      vertex -0.9093266739736592 0.5249999999999986 15.400000000000006
      vertex -0.9700735091368529 0.40181760398334276 15.400000000000006
    endloop
  endfacet
  facet normal 0 0 1
    outer loop
      vertex -0.8330210073057955 -0.6391995004591564 15.400000000000006
      vertex -0.8330210073057955 0.6391995004591564 15.400000000000006
      vertex -0.9093266739736592 0.5249999999999986 15.400000000000006
    endloop
  endfacet
  facet normal -0.7518398074789854 0.6593458151000597 -1.895611894962661e-19
    outer loop
      vertex -0.8330210073057955 0.6391995004591564 15.400000000000006
      vertex -0.7424621202458752 0.7424621202458752 15.400000000000006
      vertex -0.7424621202458752 0.7424621202458752 2.1999999999999993
    endloop
  endfacet
  facet normal -0.6593458151000597 0.7518398074789854 -1.895611894962661e-19
    outer loop
      vertex -0.7424621202458752 0.7424621202458752 15.400000000000006
      vertex -0.6391995004591564 0.8330210073057955 15.400000000000006
      vertex -0.6391995004591564 0.8330210073057955 2.1999999999999993
    endloop
  endfacet
  facet normal 0 0 1
    outer loop
      vertex -0.7424621202458752 -0.7424621202458752 15.400000000000006
      vertex -0.7424621202458752 0.7424621202458752 15.400000000000006
      vertex -0.8330210073057955 0.6391995004591564 15.400000000000006
    endloop
  endfacet
  facet normal 0 0 1
    outer loop
      vertex -0.6391995004591564 -0.8330210073057955 15.400000000000006
      vertex -0.6391995004591564 0.8330210073057955 15.400000000000006
      vertex -0.7424621202458752 0.7424621202458752 15.400000000000006
    endloop
  endfacet
  facet normal 0 0 1
    outer loop
      vertex -0.5249999999999986 -0.9093266739736592 15.400000000000006
      vertex -0.5249999999999986 0.9093266739736592 15.400000000000006
      vertex -0.6391995004591564 0.8330210073057955 15.400000000000006
    endloop
  endfacet
  facet normal 0 0 1
    outer loop
      vertex -0.40181760398334276 -0.9700735091368529 15.400000000000006
      vertex -0.40181760398334276 0.9700735091368529 15.400000000000006
      vertex -0.5249999999999986 0.9093266739736592 15.400000000000006
    endloop
  endfacet
  facet normal 0 0 1
    outer loop
      vertex -0.27175999735764833 -1.0142221176035235 15.400000000000006
      vertex -0.27175999735764833 1.0142221176035235 15.400000000000006
      vertex -0.40181760398334276 0.9700735091368529 15.400000000000006
    endloop
  endfacet
  facet normal 0 0 1
    outer loop
      vertex -0.13705250183105377 -1.0410171044425027 15.400000000000006
      vertex -0.13705250183105377 1.0410171044425027 15.400000000000006
      vertex -0.27175999735764833 1.0142221176035235 15.400000000000006
    endloop
  endfacet
  facet normal 0 0 1
    outer loop
      vertex -0.13705250183105377 1.0410171044425027 15.400000000000006
      vertex 0 -1.0500000000000007 15.400000000000006
      vertex 0 1.0500000000000007 15.400000000000006
    endloop
  endfacet
  facet normal -0.5555702330195983 0.8314696123025479 1.1816528501281676e-19
    outer loop
      vertex -0.6391995004591564 0.8330210073057955 15.400000000000006
      vertex -0.5249999999999986 0.9093266739736592 15.400000000000006
      vertex -0.5249999999999986 0.9093266739736592 2.1999999999999993
    endloop
  endfacet
  facet normal -0.4422886902190196 0.8968727415326793 8.093249593945158e-20
    outer loop
      vertex -0.5249999999999986 0.9093266739736592 15.400000000000006
      vertex -0.40181760398334276 0.9700735091368529 15.400000000000006
      vertex -0.40181760398334276 0.9700735091368529 2.1999999999999993
    endloop
  endfacet
  facet normal -0.3214394653031688 0.9469301294951032 1.0827291672845647e-19
    outer loop
      vertex -0.40181760398334276 0.9700735091368529 15.400000000000006
      vertex -0.27175999735764833 1.0142221176035235 15.400000000000006
      vertex -0.27175999735764833 1.0142221176035235 2.1999999999999993
    endloop
  endfacet
  facet normal -0.19509032201612525 0.980785280403231 8.458631960421825e-20
    outer loop
      vertex -0.27175999735764833 1.0142221176035235 15.400000000000006
      vertex -0.13705250183105377 1.0410171044425027 15.400000000000006
      vertex -0.13705250183105377 1.0410171044425027 2.1999999999999993
    endloop
  endfacet
  facet normal -0.06540312923013539 0.997858923238604 1.9077739046210242e-20
    outer loop
      vertex -0.13705250183105377 1.0410171044425027 15.400000000000006
      vertex 0 1.0500000000000007 15.400000000000006
      vertex 0 1.0500000000000007 2.1999999999999993
    endloop
  endfacet
  facet normal 0.06540312923013539 -0.997858923238604 0
    outer loop
      vertex 0.13705250183105377 -1.0410171044425027 15.400000000000006
      vertex 0 -1.0500000000000007 2.1999999999999993
      vertex 0.13705250183105377 -1.0410171044425027 2.1999999999999993
    endloop
  endfacet
  facet normal 0.19509032201612525 -0.980785280403231 0
    outer loop
      vertex 0.27175999735764833 -1.0142221176035235 15.400000000000006
      vertex 0.13705250183105377 -1.0410171044425027 2.1999999999999993
      vertex 0.27175999735764833 -1.0142221176035235 2.1999999999999993
    endloop
  endfacet
  facet normal 0.3214394653031688 -0.9469301294951032 0
    outer loop
      vertex 0.40181760398334276 -0.9700735091368529 15.400000000000006
      vertex 0.27175999735764833 -1.0142221176035235 2.1999999999999993
      vertex 0.40181760398334276 -0.9700735091368529 2.1999999999999993
    endloop
  endfacet
  facet normal 0.4422886902190196 -0.8968727415326793 0
    outer loop
      vertex 0.5249999999999986 -0.9093266739736592 15.400000000000006
      vertex 0.40181760398334276 -0.9700735091368529 2.1999999999999993
      vertex 0.5249999999999986 -0.9093266739736592 2.1999999999999993
    endloop
  endfacet
  facet normal 0.5555702330195983 -0.8314696123025479 0
    outer loop
      vertex 0.6391995004591564 -0.8330210073057955 15.400000000000006
      vertex 0.5249999999999986 -0.9093266739736592 2.1999999999999993
      vertex 0.6391995004591564 -0.8330210073057955 2.1999999999999993
    endloop
  endfacet
  facet normal 0.6593458151000597 -0.7518398074789854 0
    outer loop
      vertex 0.7424621202458752 -0.7424621202458752 15.400000000000006
      vertex 0.6391995004591564 -0.8330210073057955 2.1999999999999993
      vertex 0.7424621202458752 -0.7424621202458752 2.1999999999999993
    endloop
  endfacet
  facet normal 0.7518398074789854 -0.6593458151000597 0
    outer loop
      vertex 0.8330210073057955 -0.6391995004591564 15.400000000000006
      vertex 0.7424621202458752 -0.7424621202458752 2.1999999999999993
      vertex 0.8330210073057955 -0.6391995004591564 2.1999999999999993
    endloop
  endfacet
  facet normal 0.8314696123025479 -0.5555702330195983 0
    outer loop
      vertex 0.9093266739736592 -0.5249999999999986 15.400000000000006
      vertex 0.8330210073057955 -0.6391995004591564 2.1999999999999993
      vertex 0.9093266739736592 -0.5249999999999986 2.1999999999999993
    endloop
  endfacet
  facet normal 0.8968727415326793 -0.4422886902190196 0
    outer loop
      vertex 0.9700735091368529 -0.40181760398334276 15.400000000000006
      vertex 0.9093266739736592 -0.5249999999999986 2.1999999999999993
      vertex 0.9700735091368529 -0.40181760398334276 2.1999999999999993
    endloop
  endfacet
  facet normal 0.9469301294951032 -0.3214394653031688 0
    outer loop
      vertex 1.0142221176035235 -0.27175999735764833 15.400000000000006
      vertex 0.9700735091368529 -0.40181760398334276 2.1999999999999993
      vertex 1.0142221176035235 -0.27175999735764833 2.1999999999999993
    endloop
  endfacet
  facet normal 0.980785280403231 -0.19509032201612525 0
    outer loop
      vertex 1.0410171044425027 -0.13705250183105377 15.400000000000006
      vertex 1.0142221176035235 -0.27175999735764833 2.1999999999999993
      vertex 1.0410171044425027 -0.13705250183105377 2.1999999999999993
    endloop
  endfacet
  facet normal 0.997858923238604 -0.06540312923013539 0
    outer loop
      vertex 1.0500000000000007 0 15.400000000000006
      vertex 1.0410171044425027 -0.13705250183105377 2.1999999999999993
      vertex 1.0500000000000007 0 2.1999999999999993
    endloop
  endfacet
  facet normal 0.06540312923013539 -0.997858923238604 0
    outer loop
      vertex 0 -1.0500000000000007 15.400000000000006
      vertex 0 -1.0500000000000007 2.1999999999999993
      vertex 0.13705250183105377 -1.0410171044425027 15.400000000000006
    endloop
  endfacet
  facet normal 0.19509032201612525 -0.980785280403231 0
    outer loop
      vertex 0.13705250183105377 -1.0410171044425027 15.400000000000006
      vertex 0.13705250183105377 -1.0410171044425027 2.1999999999999993
      vertex 0.27175999735764833 -1.0142221176035235 15.400000000000006
    endloop
  endfacet
  facet normal 0.3214394653031688 -0.9469301294951032 0
    outer loop
      vertex 0.27175999735764833 -1.0142221176035235 15.400000000000006
      vertex 0.27175999735764833 -1.0142221176035235 2.1999999999999993
      vertex 0.40181760398334276 -0.9700735091368529 15.400000000000006
    endloop
  endfacet
  facet normal 0.4422886902190196 -0.8968727415326793 0
    outer loop
      vertex 0.40181760398334276 -0.9700735091368529 15.400000000000006
      vertex 0.40181760398334276 -0.9700735091368529 2.1999999999999993
      vertex 0.5249999999999986 -0.9093266739736592 15.400000000000006
    endloop
  endfacet
  facet normal 0.5555702330195983 -0.8314696123025479 0
    outer loop
      vertex 0.5249999999999986 -0.9093266739736592 15.400000000000006
      vertex 0.5249999999999986 -0.9093266739736592 2.1999999999999993
      vertex 0.6391995004591564 -0.8330210073057955 15.400000000000006
    endloop
  endfacet
  facet normal 0.6593458151000597 -0.7518398074789854 0
    outer loop
      vertex 0.6391995004591564 -0.8330210073057955 15.400000000000006
      vertex 0.6391995004591564 -0.8330210073057955 2.1999999999999993
      vertex 0.7424621202458752 -0.7424621202458752 15.400000000000006
    endloop
  endfacet
  facet normal 0.7518398074789854 -0.6593458151000597 0
    outer loop
      vertex 0.7424621202458752 -0.7424621202458752 15.400000000000006
      vertex 0.7424621202458752 -0.7424621202458752 2.1999999999999993
      vertex 0.8330210073057955 -0.6391995004591564 15.400000000000006
    endloop
  endfacet
  facet normal 0 0 1
    outer loop
      vertex 0 -1.0500000000000007 15.400000000000006
      vertex 0.13705250183105377 -1.0410171044425027 15.400000000000006
      vertex 0 1.0500000000000007 15.400000000000006
    endloop
  endfacet
  facet normal 0 0 1
    outer loop
      vertex 0.13705250183105377 -1.0410171044425027 15.400000000000006
      vertex 0.27175999735764833 -1.0142221176035235 15.400000000000006
      vertex 0.13705250183105377 1.0410171044425027 15.400000000000006
    endloop
  endfacet
  facet normal 0 0 1
    outer loop
      vertex 0.27175999735764833 -1.0142221176035235 15.400000000000006
      vertex 0.40181760398334276 -0.9700735091368529 15.400000000000006
      vertex 0.27175999735764833 1.0142221176035235 15.400000000000006
    endloop
  endfacet
  facet normal 0 0 1
    outer loop
      vertex 0.40181760398334276 -0.9700735091368529 15.400000000000006
      vertex 0.5249999999999986 -0.9093266739736592 15.400000000000006
      vertex 0.40181760398334276 0.9700735091368529 15.400000000000006
    endloop
  endfacet
  facet normal 0 0 1
    outer loop
      vertex 0.5249999999999986 -0.9093266739736592 15.400000000000006
      vertex 0.6391995004591564 -0.8330210073057955 15.400000000000006
      vertex 0.5249999999999986 0.9093266739736592 15.400000000000006
    endloop
  endfacet
  facet normal 0 0 1
    outer loop
      vertex 0.6391995004591564 -0.8330210073057955 15.400000000000006
      vertex 0.7424621202458752 -0.7424621202458752 15.400000000000006
      vertex 0.6391995004591564 0.8330210073057955 15.400000000000006
    endloop
  endfacet
  facet normal 0 0 1
    outer loop
      vertex 0.7424621202458752 -0.7424621202458752 15.400000000000006
      vertex 0.8330210073057955 -0.6391995004591564 15.400000000000006
      vertex 0.7424621202458752 0.7424621202458752 15.400000000000006
    endloop
  endfacet
  facet normal 0.8314696123025479 -0.5555702330195983 0
    outer loop
      vertex 0.8330210073057955 -0.6391995004591564 15.400000000000006
      vertex 0.8330210073057955 -0.6391995004591564 2.1999999999999993
      vertex 0.9093266739736592 -0.5249999999999986 15.400000000000006
    endloop
  endfacet
  facet normal 0.8968727415326793 -0.4422886902190196 0
    outer loop
      vertex 0.9093266739736592 -0.5249999999999986 15.400000000000006
      vertex 0.9093266739736592 -0.5249999999999986 2.1999999999999993
      vertex 0.9700735091368529 -0.40181760398334276 15.400000000000006
    endloop
  endfacet
  facet normal 0.9469301294951032 -0.3214394653031688 0
    outer loop
      vertex 0.9700735091368529 -0.40181760398334276 15.400000000000006
      vertex 0.9700735091368529 -0.40181760398334276 2.1999999999999993
      vertex 1.0142221176035235 -0.27175999735764833 15.400000000000006
    endloop
  endfacet
  facet normal 0.980785280403231 -0.19509032201612525 0
    outer loop
      vertex 1.0142221176035235 -0.27175999735764833 15.400000000000006
      vertex 1.0142221176035235 -0.27175999735764833 2.1999999999999993
      vertex 1.0410171044425027 -0.13705250183105377 15.400000000000006
    endloop
  endfacet
  facet normal 0.997858923238604 -0.06540312923013539 0
    outer loop
      vertex 1.0410171044425027 -0.13705250183105377 15.400000000000006
      vertex 1.0410171044425027 -0.13705250183105377 2.1999999999999993
      vertex 1.0500000000000007 0 15.400000000000006
    endloop
  endfacet
  facet normal 0 0 1
    outer loop
      vertex 0.8330210073057955 -0.6391995004591564 15.400000000000006
      vertex 0.9093266739736592 -0.5249999999999986 15.400000000000006
      vertex 0.8330210073057955 0.6391995004591564 15.400000000000006
    endloop
  endfacet
  facet normal 0 0 1
    outer loop
      vertex 0.9093266739736592 -0.5249999999999986 15.400000000000006
      vertex 0.9700735091368529 -0.40181760398334276 15.400000000000006
      vertex 0.9093266739736592 0.5249999999999986 15.400000000000006
    endloop
  endfacet
  facet normal 0 0 1
    outer loop
      vertex 0.9700735091368529 -0.40181760398334276 15.400000000000006
      vertex 1.0142221176035235 -0.27175999735764833 15.400000000000006
      vertex 0.9700735091368529 0.40181760398334276 15.400000000000006
    endloop
  endfacet
  facet normal 0 0 1
    outer loop
      vertex 1.0142221176035235 -0.27175999735764833 15.400000000000006
      vertex 1.0410171044425027 -0.13705250183105377 15.400000000000006
      vertex 1.0142221176035235 0.27175999735764833 15.400000000000006
    endloop
  endfacet
  facet normal 0.6593458151000597 0.7518398074789854 0
    outer loop
      vertex 0.6391995004591564 0.8330210073057955 15.400000000000006
      vertex 0.7424621202458752 0.7424621202458752 2.1999999999999993
      vertex 0.6391995004591564 0.8330210073057955 2.1999999999999993
    endloop
  endfacet
  facet normal 0.7518398074789854 0.6593458151000597 0
    outer loop
      vertex 0.7424621202458752 0.7424621202458752 15.400000000000006
      vertex 0.8330210073057955 0.6391995004591564 2.1999999999999993
      vertex 0.7424621202458752 0.7424621202458752 2.1999999999999993
    endloop
  endfacet
  facet normal 0.06540312923013539 0.997858923238604 0
    outer loop
      vertex 0 1.0500000000000007 15.400000000000006
      vertex 0.13705250183105377 1.0410171044425027 2.1999999999999993
      vertex 0 1.0500000000000007 2.1999999999999993
    endloop
  endfacet
  facet normal 0.19509032201612525 0.980785280403231 0
    outer loop
      vertex 0.13705250183105377 1.0410171044425027 15.400000000000006
      vertex 0.27175999735764833 1.0142221176035235 2.1999999999999993
      vertex 0.13705250183105377 1.0410171044425027 2.1999999999999993
    endloop
  endfacet
  facet normal 0.3214394653031688 0.9469301294951032 0
    outer loop
      vertex 0.27175999735764833 1.0142221176035235 15.400000000000006
      vertex 0.40181760398334276 0.9700735091368529 2.1999999999999993
      vertex 0.27175999735764833 1.0142221176035235 2.1999999999999993
    endloop
  endfacet
  facet normal 0.4422886902190196 0.8968727415326793 0
    outer loop
      vertex 0.40181760398334276 0.9700735091368529 15.400000000000006
      vertex 0.5249999999999986 0.9093266739736592 2.1999999999999993
      vertex 0.40181760398334276 0.9700735091368529 2.1999999999999993
    endloop
  endfacet
  facet normal 0.5555702330195983 0.8314696123025479 0
    outer loop
      vertex 0.5249999999999986 0.9093266739736592 15.400000000000006
      vertex 0.6391995004591564 0.8330210073057955 2.1999999999999993
      vertex 0.5249999999999986 0.9093266739736592 2.1999999999999993
    endloop
  endfacet
  facet normal 0.997858923238604 0.06540312923013539 0
    outer loop
      vertex 1.0410171044425027 0.13705250183105377 15.400000000000006
      vertex 1.0500000000000007 0 2.1999999999999993
      vertex 1.0410171044425027 0.13705250183105377 2.1999999999999993
    endloop
  endfacet
  facet normal 0.980785280403231 0.19509032201612525 0
    outer loop
      vertex 1.0142221176035235 0.27175999735764833 15.400000000000006
      vertex 1.0410171044425027 0.13705250183105377 2.1999999999999993
      vertex 1.0142221176035235 0.27175999735764833 2.1999999999999993
    endloop
  endfacet
  facet normal 0.9469301294951032 0.3214394653031688 0
    outer loop
      vertex 0.9700735091368529 0.40181760398334276 15.400000000000006
      vertex 1.0142221176035235 0.27175999735764833 2.1999999999999993
      vertex 0.9700735091368529 0.40181760398334276 2.1999999999999993
    endloop
  endfacet
  facet normal 0.8968727415326793 0.4422886902190196 0
    outer loop
      vertex 0.9093266739736592 0.5249999999999986 15.400000000000006
      vertex 0.9700735091368529 0.40181760398334276 2.1999999999999993
      vertex 0.9093266739736592 0.5249999999999986 2.1999999999999993
    endloop
  endfacet
  facet normal 0.8314696123025479 0.5555702330195983 0
    outer loop
      vertex 0.8330210073057955 0.6391995004591564 15.400000000000006
      vertex 0.9093266739736592 0.5249999999999986 2.1999999999999993
      vertex 0.8330210073057955 0.6391995004591564 2.1999999999999993
    endloop
  endfacet
  facet normal 0.6593458151000597 0.7518398074789854 0
    outer loop
      vertex 0.7424621202458752 0.7424621202458752 15.400000000000006
      vertex 0.7424621202458752 0.7424621202458752 2.1999999999999993
      vertex 0.6391995004591564 0.8330210073057955 15.400000000000006
    endloop
  endfacet
  facet normal 0.7518398074789854 0.6593458151000597 1.895611894962661e-19
    outer loop
      vertex 0.7424621202458752 0.7424621202458752 15.400000000000006
      vertex 0.8330210073057955 0.6391995004591564 15.400000000000006
      vertex 0.8330210073057955 0.6391995004591564 2.1999999999999993
    endloop
  endfacet
  facet normal 0 0 1
    outer loop
      vertex 0.13705250183105377 -1.0410171044425027 15.400000000000006
      vertex 0.13705250183105377 1.0410171044425027 15.400000000000006
      vertex 0 1.0500000000000007 15.400000000000006
    endloop
  endfacet
  facet normal 0 0 1
    outer loop
      vertex 0.27175999735764833 -1.0142221176035235 15.400000000000006
      vertex 0.27175999735764833 1.0142221176035235 15.400000000000006
      vertex 0.13705250183105377 1.0410171044425027 15.400000000000006
    endloop
  endfacet
  facet normal 0 0 1
    outer loop
      vertex 0.40181760398334276 -0.9700735091368529 15.400000000000006
      vertex 0.40181760398334276 0.9700735091368529 15.400000000000006
      vertex 0.27175999735764833 1.0142221176035235 15.400000000000006
    endloop
  endfacet
  facet normal 0 0 1
    outer loop
      vertex 0.5249999999999986 -0.9093266739736592 15.400000000000006
      vertex 0.5249999999999986 0.9093266739736592 15.400000000000006
      vertex 0.40181760398334276 0.9700735091368529 15.400000000000006
    endloop
  endfacet
  facet normal 0 0 1
    outer loop
      vertex 0.6391995004591564 -0.8330210073057955 15.400000000000006
      vertex 0.6391995004591564 0.8330210073057955 15.400000000000006
      vertex 0.5249999999999986 0.9093266739736592 15.400000000000006
    endloop
  endfacet
  facet normal 0 0 1
    outer loop
      vertex 0.7424621202458752 -0.7424621202458752 15.400000000000006
      vertex 0.7424621202458752 0.7424621202458752 15.400000000000006
      vertex 0.6391995004591564 0.8330210073057955 15.400000000000006
    endloop
  endfacet
  facet normal 0 0 1
    outer loop
      vertex 0.8330210073057955 -0.6391995004591564 15.400000000000006
      vertex 0.8330210073057955 0.6391995004591564 15.400000000000006
      vertex 0.7424621202458752 0.7424621202458752 15.400000000000006
    endloop
  endfacet
  facet normal 0.06540312923013539 0.997858923238604 -1.9077739046210242e-20
    outer loop
      vertex 0 1.0500000000000007 15.400000000000006
      vertex 0.13705250183105377 1.0410171044425027 15.400000000000006
      vertex 0.13705250183105377 1.0410171044425027 2.1999999999999993
    endloop
  endfacet
  facet normal 0.19509032201612525 0.980785280403231 -8.458631960421825e-20
    outer loop
      vertex 0.13705250183105377 1.0410171044425027 15.400000000000006
      vertex 0.27175999735764833 1.0142221176035235 15.400000000000006
      vertex 0.27175999735764833 1.0142221176035235 2.1999999999999993
    endloop
  endfacet
  facet normal 0.3214394653031688 0.9469301294951032 -1.0827291672845647e-19
    outer loop
      vertex 0.27175999735764833 1.0142221176035235 15.400000000000006
      vertex 0.40181760398334276 0.9700735091368529 15.400000000000006
      vertex 0.40181760398334276 0.9700735091368529 2.1999999999999993
    endloop
  endfacet
  facet normal 0.4422886902190196 0.8968727415326793 -8.093249593945158e-20
    outer loop
      vertex 0.40181760398334276 0.9700735091368529 15.400000000000006
      vertex 0.5249999999999986 0.9093266739736592 15.400000000000006
      vertex 0.5249999999999986 0.9093266739736592 2.1999999999999993
    endloop
  endfacet
  facet normal 0.5555702330195983 0.8314696123025479 -1.1816528501281676e-19
    outer loop
      vertex 0.5249999999999986 0.9093266739736592 15.400000000000006
      vertex 0.6391995004591564 0.8330210073057955 15.400000000000006
      vertex 0.6391995004591564 0.8330210073057955 2.1999999999999993
    endloop
  endfacet
  facet normal 0.997858923238604 0.06540312923013539 0
    outer loop
      vertex 1.0500000000000007 0 15.400000000000006
      vertex 1.0500000000000007 0 2.1999999999999993
      vertex 1.0410171044425027 0.13705250183105377 15.400000000000006
    endloop
  endfacet
  facet normal 0.980785280403231 0.19509032201612525 0
    outer loop
      vertex 1.0410171044425027 0.13705250183105377 15.400000000000006
      vertex 1.0410171044425027 0.13705250183105377 2.1999999999999993
      vertex 1.0142221176035235 0.27175999735764833 15.400000000000006
    endloop
  endfacet
  facet normal 0.9469301294951032 0.3214394653031688 0
    outer loop
      vertex 1.0142221176035235 0.27175999735764833 15.400000000000006
      vertex 1.0142221176035235 0.27175999735764833 2.1999999999999993
      vertex 0.9700735091368529 0.40181760398334276 15.400000000000006
    endloop
  endfacet
  facet normal 0.8968727415326793 0.4422886902190196 0
    outer loop
      vertex 0.9700735091368529 0.40181760398334276 15.400000000000006
      vertex 0.9700735091368529 0.40181760398334276 2.1999999999999993
      vertex 0.9093266739736592 0.5249999999999986 15.400000000000006
    endloop
  endfacet
  facet normal 0.8314696123025479 0.5555702330195983 -1.1816528501281676e-19
    outer loop
      vertex 0.8330210073057955 0.6391995004591564 15.400000000000006
      vertex 0.9093266739736592 0.5249999999999986 15.400000000000006
      vertex 0.9093266739736592 0.5249999999999986 2.1999999999999993
    endloop
  endfacet
  facet normal 0 0 1
    outer loop
      vertex 0.9700735091368529 -0.40181760398334276 15.400000000000006
      vertex 0.9700735091368529 0.40181760398334276 15.400000000000006
      vertex 0.9093266739736592 0.5249999999999986 15.400000000000006
    endloop
  endfacet
  facet normal 0 0 1
    outer loop
      vertex 1.0410171044425027 -0.13705250183105377 15.400000000000006
      vertex 1.0500000000000007 0 15.400000000000006
      vertex 1.0410171044425027 0.13705250183105377 15.400000000000006
    endloop
  endfacet
  facet normal 0 0 1
    outer loop
      vertex 1.0410171044425027 -0.13705250183105377 15.400000000000006
      vertex 1.0410171044425027 0.13705250183105377 15.400000000000006
      vertex 1.0142221176035235 0.27175999735764833 15.400000000000006
    endloop
  endfacet
  facet normal 0 0 1
    outer loop
      vertex 1.0142221176035235 -0.27175999735764833 15.400000000000006
      vertex 1.0142221176035235 0.27175999735764833 15.400000000000006
      vertex 0.9700735091368529 0.40181760398334276 15.400000000000006
    endloop
  endfacet
  facet normal 0 0 1
    outer loop
      vertex 0.9093266739736592 -0.5249999999999986 15.400000000000006
      vertex 0.9093266739736592 0.5249999999999986 15.400000000000006
      vertex 0.8330210073057955 0.6391995004591564 15.400000000000006
    endloop
  endfacet
endsolid OpenSCAD_Model
