solid OpenSCAD_Model
  facet normal -0.5383556541540004 -0.4721252374121269 -0.6980479566899119
    outer loop
      vertex 0.5303734274453635 2.384690446764565 1.129530593752861
      vertex 1.4058344311157747 3.0564553018040197 0
      vertex 2.1770511626298914 2.1770511626298914 0
    endloop
  endfacet
  facet normal -0.6369867064668293 -0.5586223488106851 -0.5312146526534963
    outer loop
      vertex 0.5303734274453635 2.384690446764565 1.129530593752861
      vertex 1.3967627578032582 1.3967627578032582 1.129530593752861
      vertex 1.1440341961826546 1.1440341961826546 1.6983487829566002
    endloop
  endfacet
  facet normal -0.5383556541540003 -0.4721252374121268 -0.6980479566899117
    outer loop
      vertex 0.5303734274453635 2.384690446764565 1.129530593752861
      vertex 2.1770511626298914 2.1770511626298914 0
      vertex 1.3967627578032582 1.3967627578032582 1.129530593752861
    endloop
  endfacet
  facet normal -0.7849934716932605 -0.5245158686915442 -0.32964883268368644
    outer loop
      vertex 0.2468192968906333 2.1671117098370116 1.6983487829566002
      vertex -0.7013326280774397 3.187608130276203 2.3324371948838234
      vertex -0.5091813923572008 3.2985466979444027 1.6983487829566002
    endloop
  endfacet
  facet normal -0.8262636599339732 -0.552091726856897 -0.11172774681646877
    outer loop
      vertex 0.07079233043725175 2.0320414678652643 2.3324371948838234
      vertex -0.7664718230744505 3.149999998509884 3
      vertex -0.7013326280774397 3.187608130276203 2.3324371948838234
    endloop
  endfacet
  facet normal -0.6552175549002482 -0.7471324289186325 -0.11172774681646795
    outer loop
      vertex 0.9871433691960414 0.9871433691960414 2.3324371948838234
      vertex 2.0320414678652643 0.07079233043725175 2.3324371948838234
      vertex 1.9862527077924383 0.011119256519407372 3
    endloop
  endfacet
  facet normal -0.704452044969246 -0.47069980788701515 -0.5312146526534962
    outer loop
      vertex 0.5303734274453635 2.384690446764565 1.129530593752861
      vertex 0.2468192968906333 2.1671117098370116 1.6983487829566002
      vertex -0.5091813923572008 3.2985466979444027 1.6983487829566002
    endloop
  endfacet
  facet normal -0.6369867064668294 -0.5586223488106851 -0.5312146526534961
    outer loop
      vertex 0.5303734274453635 2.384690446764565 1.129530593752861
      vertex 1.1440341961826546 1.1440341961826546 1.6983487829566002
      vertex 0.2468192968906333 2.1671117098370116 1.6983487829566002
    endloop
  endfacet
  facet normal -0.7849934716932605 -0.5245158686915445 -0.3296488326836858
    outer loop
      vertex 0.2468192968906333 2.1671117098370116 1.6983487829566002
      vertex 0.07079233043725175 2.0320414678652643 2.3324371948838234
      vertex -0.7013326280774397 3.187608130276203 2.3324371948838234
    endloop
  endfacet
  facet normal -0.7098146846229717 -0.6224907715009714 -0.32964883268368594
    outer loop
      vertex 0.2468192968906333 2.1671117098370116 1.6983487829566002
      vertex 0.9871433691960414 0.9871433691960414 2.3324371948838234
      vertex 0.07079233043725175 2.0320414678652643 2.3324371948838234
    endloop
  endfacet
  facet normal -0.5586223488106851 -0.6369867064668294 -0.5312146526534962
    outer loop
      vertex 1.3967627578032582 1.3967627578032582 1.129530593752861
      vertex 2.1671117098370116 0.2468192968906333 1.6983487829566002
      vertex 1.1440341961826546 1.1440341961826546 1.6983487829566002
    endloop
  endfacet
  facet normal -0.7098146846229708 -0.6224907715009717 -0.3296488326836872
    outer loop
      vertex 0.2468192968906333 2.1671117098370116 1.6983487829566002
      vertex 1.1440341961826546 1.1440341961826546 1.6983487829566002
      vertex 0.9871433691960414 0.9871433691960414 2.3324371948838234
    endloop
  endfacet
  facet normal -0.6224907715009717 -0.7098146846229708 -0.3296488326836873
    outer loop
      vertex 1.1440341961826546 1.1440341961826546 1.6983487829566002
      vertex 2.1671117098370116 0.2468192968906333 1.6983487829566002
      vertex 0.9871433691960414 0.9871433691960414 2.3324371948838234
    endloop
  endfacet
  facet normal -0.7471324289186323 -0.6552175549002485 -0.11172774681646715
    outer loop
      vertex 0.9871433691960414 0.9871433691960414 2.3324371948838234
      vertex 0.9339574391965986 0.9339574391965986 3
      vertex 0.011119256519407372 1.9862527077924383 3
    endloop
  endfacet
  facet normal -0.826263659933973 -0.5520917268568976 -0.11172774681646785
    outer loop
      vertex 0.07079233043725175 2.0320414678652643 2.3324371948838234
      vertex 0.011119256519407372 1.9862527077924383 3
      vertex -0.7664718230744505 3.149999998509884 3
    endloop
  endfacet
  facet normal -0.7471324289186325 -0.6552175549002482 -0.11172774681646792
    outer loop
      vertex 0.07079233043725175 2.0320414678652643 2.3324371948838234
      vertex 0.9871433691960414 0.9871433691960414 2.3324371948838234
      vertex 0.011119256519407372 1.9862527077924383 3
    endloop
  endfacet
  facet normal -0.6552175549002485 -0.7471324289186323 -0.11172774681646715
    outer loop
      vertex 0.9871433691960414 0.9871433691960414 2.3324371948838234
      vertex 1.9862527077924383 0.011119256519407372 3
      vertex 0.9339574391965986 0.9339574391965986 3
    endloop
  endfacet
  facet normal -0.7598640136712326 -0.37472346274775714 -0.5312146526534967
    outer loop
      vertex -0.7808267113848704 4.655755706109896 1.129530593752861
      vertex -0.19965338265819277 3.4772527776658535 1.129530593752861
      vertex -0.5091813923572008 3.2985466979444027 1.6983487829566002
    endloop
  endfacet
  facet normal -0.6780502764436614 -0.23016705406229024 -0.6980479566899116
    outer loop
      vertex -0.7808267113848704 4.655755706109896 1.129530593752861
      vertex -1.2032025219484659 5.900034720248275 1.129530593752861
      vertex 0.23866922028407345 5.078044747791367 0
    endloop
  endfacet
  facet normal -0.8022744984251997 -0.27233549526791284 -0.5312146526534963
    outer loop
      vertex -0.7808267113848704 4.655755706109896 1.129530593752861
      vertex -1.5484361573841117 5.807529646433234 1.6983487829566002
      vertex -1.2032025219484659 5.900034720248275 1.129530593752861
    endloop
  endfacet
  facet normal -0.6780502764436614 -0.23016705406228982 -0.698047956689912
    outer loop
      vertex -1.2032025219484659 5.900034720248275 1.129530593752861
      vertex -0.13730873867684856 6.185640098693259 0
      vertex 0.23866922028407345 5.078044747791367 0
    endloop
  endfacet
  facet normal -0.7022922914744171 -0.1396946222896616 -0.6980479566899119
    outer loop
      vertex -0.36549995040461347 7.332834789168299 0
      vertex -0.13730873867684856 6.185640098693259 0
      vertex -1.2032025219484659 5.900034720248275 1.129530593752861
    endloop
  endfacet
  facet normal 0 0 -1
    outer loop
      vertex -0.36549995040461347 7.332834789168299 0
      vertex -0.44200000000000017 8.5 0
      vertex -0.13730873867684856 6.185640098693259 0
    endloop
  endfacet
  facet normal -0.8309578440785979 -0.16528779195837007 -0.5312146526534968
    outer loop
      vertex -1.4595538471255374 7.188799861169766 1.129530593752861
      vertex -1.2032025219484659 5.900034720248275 1.129530593752861
      vertex -1.8139082959977202 7.142148212944538 1.6983487829566002
    endloop
  endfacet
  facet normal -0.8454232706347717 -0.05541196870198788 -0.5312146526534968
    outer loop
      vertex -1.4595538471255374 7.188799861169766 1.129530593752861
      vertex -1.8139082959977202 7.142148212944538 1.6983487829566002
      vertex -1.545494444668293 8.5 1.129530593752861
    endloop
  endfacet
  facet normal -0.7022922914744177 -0.13969462228966076 -0.6980479566899115
    outer loop
      vertex -0.36549995040461347 7.332834789168299 0
      vertex -1.2032025219484659 5.900034720248275 1.129530593752861
      vertex -1.4595538471255374 7.188799861169766 1.129530593752861
    endloop
  endfacet
  facet normal -0.7145178906858374 -0.046831976798990205 -0.6980479566899114
    outer loop
      vertex -0.36549995040461347 7.332834789168299 0
      vertex -1.4595538471255374 7.188799861169766 1.129530593752861
      vertex -1.545494444668293 8.5 1.129530593752861
    endloop
  endfacet
  facet normal -0.595374656392913 -0.3978166269602865 -0.6980479566899119
    outer loop
      vertex 0.7560008393595501 4.029 0
      vertex 1.4058344311157747 3.0564553018040197 0
      vertex -0.19965338265819277 3.4772527776658535 1.129530593752861
    endloop
  endfacet
  facet normal -0.6422066331919021 -0.3167012637255506 -0.6980479566899118
    outer loop
      vertex 0.23866922028407345 5.078044747791367 0
      vertex 0.7560008393595501 4.029 0
      vertex -0.19965338265819277 3.4772527776658535 1.129530593752861
    endloop
  endfacet
  facet normal 0 0 -1
    outer loop
      vertex 0.23866922028407345 5.078044747791367 0
      vertex -0.13730873867684856 6.185640098693259 0
      vertex 0.7560008393595501 4.029 0
    endloop
  endfacet
  facet normal 0 0 -1
    outer loop
      vertex 0.7560008393595501 4.029 0
      vertex -0.44200000000000017 8.5 0
      vertex 1.4058344311157747 3.0564553018040197 0
    endloop
  endfacet
  facet normal -0.5953746563929129 -0.3978166269602866 -0.6980479566899117
    outer loop
      vertex 0.5303734274453635 2.384690446764565 1.129530593752861
      vertex -0.19965338265819277 3.4772527776658535 1.129530593752861
      vertex 1.4058344311157747 3.0564553018040197 0
    endloop
  endfacet
  facet normal -0.704452044969246 -0.4706998078870147 -0.5312146526534967
    outer loop
      vertex 0.5303734274453635 2.384690446764565 1.129530593752861
      vertex -0.5091813923572008 3.2985466979444027 1.6983487829566002
      vertex -0.19965338265819277 3.4772527776658535 1.129530593752861
    endloop
  endfacet
  facet normal -0.6422066331919022 -0.3167012637255505 -0.6980479566899117
    outer loop
      vertex -0.7808267113848704 4.655755706109896 1.129530593752861
      vertex 0.23866922028407345 5.078044747791367 0
      vertex -0.19965338265819277 3.4772527776658535 1.129530593752861
    endloop
  endfacet
  facet normal 0 0 -1
    outer loop
      vertex 0.7560008393595501 4.029 0
      vertex -0.13730873867684856 6.185640098693259 0
      vertex -0.44200000000000017 8.5 0
    endloop
  endfacet
  facet normal -0.8940001640527012 -0.3034721631122467 -0.329648832683687
    outer loop
      vertex -1.1110324901648276 4.518979994165267 1.6983487829566002
      vertex -1.3160202342343634 4.434071290451401 2.3324371948838234
      vertex -1.5484361573841117 5.807529646433234 1.6983487829566002
    endloop
  endfacet
  facet normal -0.8940001640527014 -0.3034721631122465 -0.32964883268368655
    outer loop
      vertex -1.3160202342343634 4.434071290451401 2.3324371948838234
      vertex -1.7627530126685738 5.750103618135384 2.3324371948838234
      vertex -1.5484361573841117 5.807529646433234 1.6983487829566002
    endloop
  endfacet
  facet normal -0.7598640136712334 -0.3747234627477569 -0.5312146526534957
    outer loop
      vertex -0.7808267113848704 4.655755706109896 1.129530593752861
      vertex -0.5091813923572008 3.2985466979444027 1.6983487829566002
      vertex -1.1110324901648276 4.518979994165267 1.6983487829566002
    endloop
  endfacet
  facet normal -0.8467408028215705 -0.41756635394553165 -0.3296488326836869
    outer loop
      vertex -0.5091813923572008 3.2985466979444027 1.6983487829566002
      vertex -1.3160202342343634 4.434071290451401 2.3324371948838234
      vertex -1.1110324901648276 4.518979994165267 1.6983487829566002
    endloop
  endfacet
  facet normal -0.8467408028215705 -0.41756635394553193 -0.32964883268368633
    outer loop
      vertex -0.5091813923572008 3.2985466979444027 1.6983487829566002
      vertex -0.7013326280774397 3.187608130276203 2.3324371948838234
      vertex -1.3160202342343634 4.434071290451401 2.3324371948838234
    endloop
  endfacet
  facet normal -0.8022744984251999 -0.27233549526791334 -0.5312146526534957
    outer loop
      vertex -0.7808267113848704 4.655755706109896 1.129530593752861
      vertex -1.1110324901648276 4.518979994165267 1.6983487829566002
      vertex -1.5484361573841117 5.807529646433234 1.6983487829566002
    endloop
  endfacet
  facet normal -0.9410012620084565 -0.3194268859845823 -0.11172774681646837
    outer loop
      vertex -1.3160202342343634 4.434071290451401 2.3324371948838234
      vertex -1.3855110006241436 4.405287272553053 3
      vertex -1.7627530126685738 5.750103618135384 2.3324371948838234
    endloop
  endfacet
  facet normal -0.9410012620084567 -0.31942688598458213 -0.11172774681646781
    outer loop
      vertex -1.7627530126685738 5.750103618135384 2.3324371948838234
      vertex -1.3855110006241436 4.405287272553053 3
      vertex -1.835406344171714 5.730636216631687 3
    endloop
  endfacet
  facet normal -0.8912572906442788 -0.4395194562982788 -0.11172774681646878
    outer loop
      vertex -1.3160202342343634 4.434071290451401 2.3324371948838234
      vertex -0.7013326280774397 3.187608130276203 2.3324371948838234
      vertex -0.7664718230744505 3.149999998509884 3
    endloop
  endfacet
  facet normal -0.8912572906442789 -0.43951945629827865 -0.11172774681646841
    outer loop
      vertex -1.3160202342343634 4.434071290451401 2.3324371948838234
      vertex -0.7664718230744505 3.149999998509884 3
      vertex -1.3855110006241436 4.405287272553053 3
    endloop
  endfacet
  facet normal -0.830957844078598 -0.16528779195837032 -0.5312146526534964
    outer loop
      vertex -1.2032025219484659 5.900034720248275 1.129530593752861
      vertex -1.5484361573841117 5.807529646433234 1.6983487829566002
      vertex -1.8139082959977202 7.142148212944538 1.6983487829566002
    endloop
  endfacet
  facet normal -0.9259629346132179 -0.18418547942973024 -0.32964883268368744
    outer loop
      vertex -1.5484361573841117 5.807529646433234 1.6983487829566002
      vertex -2.0338872416833347 7.113187435328385 2.3324371948838234
      vertex -1.8139082959977202 7.142148212944538 1.6983487829566002
    endloop
  endfacet
  facet normal -0.9259629346132183 -0.18418547942973082 -0.3296488326836865
    outer loop
      vertex -1.5484361573841117 5.807529646433234 1.6983487829566002
      vertex -1.7627530126685738 5.750103618135384 2.3324371948838234
      vertex -2.0338872416833347 7.113187435328385 2.3324371948838234
    endloop
  endfacet
  facet normal -0.8454232706347726 -0.05541196870198729 -0.5312146526534957
    outer loop
      vertex -1.8139082959977202 7.142148212944538 1.6983487829566002
      vertex -1.9029066041111946 8.5 1.6983487829566002
      vertex -1.545494444668293 8.5 1.129530593752861
    endloop
  endfacet
  facet normal -0.9420822226370759 -0.06174733112831015 -0.32964883268368744
    outer loop
      vertex -1.8139082959977202 7.142148212944538 1.6983487829566002
      vertex -2.0338872416833347 7.113187435328385 2.3324371948838234
      vertex -1.9029066041111946 8.5 1.6983487829566002
    endloop
  endfacet
  facet normal -0.942082222637076 -0.06174733112831006 -0.3296488326836872
    outer loop
      vertex -2.0338872416833347 7.113187435328385 2.3324371948838234
      vertex -2.1247837394475937 8.5 2.3324371948838234
      vertex -1.9029066041111946 8.5 1.6983487829566002
    endloop
  endfacet
  facet normal -0.974644440884831 -0.19386883308982497 -0.1117277468164679
    outer loop
      vertex -1.7627530126685738 5.750103618135384 2.3324371948838234
      vertex -1.835406344171714 5.730636216631687 3
      vertex -2.0338872416833347 7.113187435328385 2.3324371948838234
    endloop
  endfacet
  facet normal -0.9746444408848314 -0.19386883308982422 -0.11172774681646623
    outer loop
      vertex -2.0338872416833347 7.113187435328385 2.3324371948838234
      vertex -1.835406344171714 5.730636216631687 3
      vertex -2.1084600196545065 7.10336974285645 3
    endloop
  endfacet
  facet normal -0.9916111831551758 -0.06499363071030553 -0.1117277468164678
    outer loop
      vertex -2.0338872416833347 7.113187435328385 2.3324371948838234
      vertex -2.2000000029802322 8.5 3
      vertex -2.1247837394475937 8.5 2.3324371948838234
    endloop
  endfacet
  facet normal -0.991611183155176 -0.06499363071030631 -0.11172774681646629
    outer loop
      vertex -2.0338872416833347 7.113187435328385 2.3324371948838234
      vertex -2.1084600196545065 7.10336974285645 3
      vertex -2.2000000029802322 8.5 3
    endloop
  endfacet
  facet normal -0.47069980788701465 -0.7044520449692458 -0.5312146526534965
    outer loop
      vertex 3.4772527776658535 -0.19965338265819277 1.129530593752861
      vertex 3.2985466979444027 -0.5091813923572008 1.6983487829566002
      vertex 2.384690446764565 0.5303734274453635 1.129530593752861
    endloop
  endfacet
  facet normal -0.4721252374121269 -0.5383556541540004 -0.6980479566899119
    outer loop
      vertex 2.1770511626298914 2.1770511626298914 0
      vertex 3.0564553018040197 1.4058344311157747 0
      vertex 2.384690446764565 0.5303734274453635 1.129530593752861
    endloop
  endfacet
  facet normal 0 0 -1
    outer loop
      vertex 1.4058344311157747 3.0564553018040197 0
      vertex 3.0564553018040197 1.4058344311157747 0
      vertex 2.1770511626298914 2.1770511626298914 0
    endloop
  endfacet
  facet normal 0 0 -1
    outer loop
      vertex 1.4058344311157747 3.0564553018040197 0
      vertex 5.078044747791367 0.23866922028407345 0
      vertex 3.0564553018040197 1.4058344311157747 0
    endloop
  endfacet
  facet normal -0.39781662696028647 -0.595374656392913 -0.6980479566899118
    outer loop
      vertex 3.4772527776658535 -0.19965338265819277 1.129530593752861
      vertex 3.0564553018040197 1.4058344311157747 0
      vertex 4.029 0.7560008393595501 0
    endloop
  endfacet
  facet normal -0.4721252374121268 -0.5383556541540003 -0.6980479566899117
    outer loop
      vertex 1.3967627578032582 1.3967627578032582 1.129530593752861
      vertex 2.1770511626298914 2.1770511626298914 0
      vertex 2.384690446764565 0.5303734274453635 1.129530593752861
    endloop
  endfacet
  facet normal -0.5586223488106852 -0.6369867064668294 -0.5312146526534961
    outer loop
      vertex 1.3967627578032582 1.3967627578032582 1.129530593752861
      vertex 2.384690446764565 0.5303734274453635 1.129530593752861
      vertex 2.1671117098370116 0.2468192968906333 1.6983487829566002
    endloop
  endfacet
  facet normal -0.3978166269602866 -0.5953746563929129 -0.6980479566899118
    outer loop
      vertex 3.4772527776658535 -0.19965338265819277 1.129530593752861
      vertex 2.384690446764565 0.5303734274453635 1.129530593752861
      vertex 3.0564553018040197 1.4058344311157747 0
    endloop
  endfacet
  facet normal -0.3167012637255506 -0.6422066331919021 -0.6980479566899119
    outer loop
      vertex 3.4772527776658535 -0.19965338265819277 1.129530593752861
      vertex 4.029 0.7560008393595501 0
      vertex 5.078044747791367 0.23866922028407345 0
    endloop
  endfacet
  facet normal -0.3167012637255505 -0.6422066331919022 -0.6980479566899117
    outer loop
      vertex 3.4772527776658535 -0.19965338265819277 1.129530593752861
      vertex 5.078044747791367 0.23866922028407345 0
      vertex 4.655755706109896 -0.7808267113848704 1.129530593752861
    endloop
  endfacet
  facet normal -0.37472346274775714 -0.7598640136712326 -0.5312146526534968
    outer loop
      vertex 3.4772527776658535 -0.19965338265819277 1.129530593752861
      vertex 4.655755706109896 -0.7808267113848704 1.129530593752861
      vertex 3.2985466979444027 -0.5091813923572008 1.6983487829566002
    endloop
  endfacet
  facet normal -0.27233549526791284 -0.8022744984251997 -0.5312146526534963
    outer loop
      vertex 4.655755706109896 -0.7808267113848704 1.129530593752861
      vertex 5.900034720248275 -1.2032025219484659 1.129530593752861
      vertex 5.807529646433234 -1.5484361573841117 1.6983487829566002
    endloop
  endfacet
  facet normal -0.23016705406229018 -0.6780502764436614 -0.6980479566899117
    outer loop
      vertex 5.078044747791367 0.23866922028407345 0
      vertex 5.900034720248275 -1.2032025219484659 1.129530593752861
      vertex 4.655755706109896 -0.7808267113848704 1.129530593752861
    endloop
  endfacet
  facet normal 0 0 -1
    outer loop
      vertex 3.0564553018040197 1.4058344311157747 0
      vertex 5.078044747791367 0.23866922028407345 0
      vertex 4.029 0.7560008393595501 0
    endloop
  endfacet
  facet normal 0 0 -1
    outer loop
      vertex 1.4058344311157747 3.0564553018040197 0
      vertex 8.5 -0.44200000000000017 0
      vertex 5.078044747791367 0.23866922028407345 0
    endloop
  endfacet
  facet normal -0.47069980788701515 -0.704452044969246 -0.5312146526534962
    outer loop
      vertex 2.384690446764565 0.5303734274453635 1.129530593752861
      vertex 3.2985466979444027 -0.5091813923572008 1.6983487829566002
      vertex 2.1671117098370116 0.2468192968906333 1.6983487829566002
    endloop
  endfacet
  facet normal -0.5245158686915445 -0.7849934716932605 -0.3296488326836858
    outer loop
      vertex 2.1671117098370116 0.2468192968906333 1.6983487829566002
      vertex 3.187608130276203 -0.7013326280774397 2.3324371948838234
      vertex 2.0320414678652643 0.07079233043725175 2.3324371948838234
    endloop
  endfacet
  facet normal -0.5245158686915442 -0.7849934716932605 -0.32964883268368644
    outer loop
      vertex 2.1671117098370116 0.2468192968906333 1.6983487829566002
      vertex 3.2985466979444027 -0.5091813923572008 1.6983487829566002
      vertex 3.187608130276203 -0.7013326280774397 2.3324371948838234
    endloop
  endfacet
  facet normal -0.41756635394553193 -0.8467408028215705 -0.32964883268368633
    outer loop
      vertex 3.2985466979444027 -0.5091813923572008 1.6983487829566002
      vertex 4.434071290451401 -1.3160202342343634 2.3324371948838234
      vertex 3.187608130276203 -0.7013326280774397 2.3324371948838234
    endloop
  endfacet
  facet normal -0.5520917268568976 -0.826263659933973 -0.11172774681646785
    outer loop
      vertex 2.0320414678652643 0.07079233043725175 2.3324371948838234
      vertex 3.149999998509884 -0.7664718230744505 3
      vertex 1.9862527077924383 0.011119256519407372 3
    endloop
  endfacet
  facet normal -0.4395194562982788 -0.8912572906442788 -0.11172774681646883
    outer loop
      vertex 3.187608130276203 -0.7013326280774397 2.3324371948838234
      vertex 4.434071290451401 -1.3160202342343634 2.3324371948838234
      vertex 3.149999998509884 -0.7664718230744505 3
    endloop
  endfacet
  facet normal -0.552091726856897 -0.8262636599339732 -0.11172774681646877
    outer loop
      vertex 2.0320414678652643 0.07079233043725175 2.3324371948838234
      vertex 3.187608130276203 -0.7013326280774397 2.3324371948838234
      vertex 3.149999998509884 -0.7664718230744505 3
    endloop
  endfacet
  facet normal -0.6224907715009714 -0.7098146846229717 -0.32964883268368594
    outer loop
      vertex 0.9871433691960414 0.9871433691960414 2.3324371948838234
      vertex 2.1671117098370116 0.2468192968906333 1.6983487829566002
      vertex 2.0320414678652643 0.07079233043725175 2.3324371948838234
    endloop
  endfacet
  facet normal -0.41756635394553165 -0.8467408028215705 -0.3296488326836869
    outer loop
      vertex 3.2985466979444027 -0.5091813923572008 1.6983487829566002
      vertex 4.518979994165267 -1.1110324901648276 1.6983487829566002
      vertex 4.434071290451401 -1.3160202342343634 2.3324371948838234
    endloop
  endfacet
  facet normal -0.3747234627477569 -0.7598640136712334 -0.5312146526534957
    outer loop
      vertex 4.655755706109896 -0.7808267113848704 1.129530593752861
      vertex 4.518979994165267 -1.1110324901648276 1.6983487829566002
      vertex 3.2985466979444027 -0.5091813923572008 1.6983487829566002
    endloop
  endfacet
  facet normal -0.27233549526791334 -0.8022744984251999 -0.5312146526534957
    outer loop
      vertex 4.655755706109896 -0.7808267113848704 1.129530593752861
      vertex 5.807529646433234 -1.5484361573841117 1.6983487829566002
      vertex 4.518979994165267 -1.1110324901648276 1.6983487829566002
    endloop
  endfacet
  facet normal -0.3034721631122467 -0.8940001640527012 -0.329648832683687
    outer loop
      vertex 4.518979994165267 -1.1110324901648276 1.6983487829566002
      vertex 5.807529646433234 -1.5484361573841117 1.6983487829566002
      vertex 4.434071290451401 -1.3160202342343634 2.3324371948838234
    endloop
  endfacet
  facet normal -0.3034721631122465 -0.8940001640527014 -0.32964883268368655
    outer loop
      vertex 4.434071290451401 -1.3160202342343634 2.3324371948838234
      vertex 5.807529646433234 -1.5484361573841117 1.6983487829566002
      vertex 5.750103618135384 -1.7627530126685738 2.3324371948838234
    endloop
  endfacet
  facet normal -0.43951945629827865 -0.8912572906442789 -0.11172774681646841
    outer loop
      vertex 4.434071290451401 -1.3160202342343634 2.3324371948838234
      vertex 4.405287272553053 -1.3855110006241436 3
      vertex 3.149999998509884 -0.7664718230744505 3
    endloop
  endfacet
  facet normal -0.3194268859845823 -0.9410012620084565 -0.11172774681646837
    outer loop
      vertex 4.434071290451401 -1.3160202342343634 2.3324371948838234
      vertex 5.750103618135384 -1.7627530126685738 2.3324371948838234
      vertex 4.405287272553053 -1.3855110006241436 3
    endloop
  endfacet
  facet normal -0.3194268859845821 -0.9410012620084567 -0.11172774681646784
    outer loop
      vertex 4.405287272553053 -1.3855110006241436 3
      vertex 5.750103618135384 -1.7627530126685738 2.3324371948838234
      vertex 5.730636216631687 -1.835406344171714 3
    endloop
  endfacet
  facet normal -0.7145178906858369 -0.04683197679898925 -0.6980479566899119
    outer loop
      vertex -0.36549995040461347 7.332834789168299 0
      vertex -1.545494444668293 8.5 1.129530593752861
      vertex -0.44200000000000017 8.5 0
    endloop
  endfacet
  facet normal 0 0 -1
    outer loop
      vertex 5.078044747791367 0.23866922028407345 0
      vertex 7.332834789168299 -0.36549995040461347 0
      vertex 6.185640098693259 -0.13730873867684856 0
    endloop
  endfacet
  facet normal -0.23016705406228988 -0.6780502764436614 -0.698047956689912
    outer loop
      vertex 5.078044747791367 0.23866922028407345 0
      vertex 6.185640098693259 -0.13730873867684856 0
      vertex 5.900034720248275 -1.2032025219484659 1.129530593752861
    endloop
  endfacet
  facet normal -0.1396946222896616 -0.7022922914744171 -0.6980479566899119
    outer loop
      vertex 6.185640098693259 -0.13730873867684856 0
      vertex 7.332834789168299 -0.36549995040461347 0
      vertex 5.900034720248275 -1.2032025219484659 1.129530593752861
    endloop
  endfacet
  facet normal 0 0 -1
    outer loop
      vertex 5.078044747791367 0.23866922028407345 0
      vertex 8.5 -0.44200000000000017 0
      vertex 7.332834789168299 -0.36549995040461347 0
    endloop
  endfacet
  facet normal -0.13969462228966076 -0.7022922914744177 -0.6980479566899115
    outer loop
      vertex 7.332834789168299 -0.36549995040461347 0
      vertex 7.188799861169766 -1.4595538471255374 1.129530593752861
      vertex 5.900034720248275 -1.2032025219484659 1.129530593752861
    endloop
  endfacet
  facet normal -0.16528779195837007 -0.8309578440785979 -0.5312146526534968
    outer loop
      vertex 5.900034720248275 -1.2032025219484659 1.129530593752861
      vertex 7.188799861169766 -1.4595538471255374 1.129530593752861
      vertex 7.142148212944538 -1.8139082959977202 1.6983487829566002
    endloop
  endfacet
  facet normal -0.04683197679898925 -0.7145178906858369 -0.6980479566899119
    outer loop
      vertex 7.332834789168299 -0.36549995040461347 0
      vertex 8.5 -0.44200000000000017 0
      vertex 8.5 -1.545494444668293 1.129530593752861
    endloop
  endfacet
  facet normal -0.046831976798990205 -0.7145178906858374 -0.6980479566899114
    outer loop
      vertex 7.332834789168299 -0.36549995040461347 0
      vertex 8.5 -1.545494444668293 1.129530593752861
      vertex 7.188799861169766 -1.4595538471255374 1.129530593752861
    endloop
  endfacet
  facet normal -0.05541196870198788 -0.8454232706347717 -0.5312146526534968
    outer loop
      vertex 7.188799861169766 -1.4595538471255374 1.129530593752861
      vertex 8.5 -1.545494444668293 1.129530593752861
      vertex 7.142148212944538 -1.8139082959977202 1.6983487829566002
    endloop
  endfacet
  facet normal -0.16528779195837032 -0.830957844078598 -0.5312146526534964
    outer loop
      vertex 5.900034720248275 -1.2032025219484659 1.129530593752861
      vertex 7.142148212944538 -1.8139082959977202 1.6983487829566002
      vertex 5.807529646433234 -1.5484361573841117 1.6983487829566002
    endloop
  endfacet
  facet normal -0.18418547942973082 -0.9259629346132183 -0.3296488326836865
    outer loop
      vertex 5.807529646433234 -1.5484361573841117 1.6983487829566002
      vertex 7.113187435328385 -2.0338872416833347 2.3324371948838234
      vertex 5.750103618135384 -1.7627530126685738 2.3324371948838234
    endloop
  endfacet
  facet normal -0.18418547942973024 -0.9259629346132179 -0.32964883268368744
    outer loop
      vertex 5.807529646433234 -1.5484361573841117 1.6983487829566002
      vertex 7.142148212944538 -1.8139082959977202 1.6983487829566002
      vertex 7.113187435328385 -2.0338872416833347 2.3324371948838234
    endloop
  endfacet
  facet normal -0.19386883308982497 -0.974644440884831 -0.1117277468164679
    outer loop
      vertex 5.750103618135384 -1.7627530126685738 2.3324371948838234
      vertex 7.113187435328385 -2.0338872416833347 2.3324371948838234
      vertex 5.730636216631687 -1.835406344171714 3
    endloop
  endfacet
  facet normal -0.19386883308982422 -0.9746444408848314 -0.11172774681646623
    outer loop
      vertex 7.113187435328385 -2.0338872416833347 2.3324371948838234
      vertex 7.10336974285645 -2.1084600196545065 3
      vertex 5.730636216631687 -1.835406344171714 3
    endloop
  endfacet
  facet normal -0.055411968701987294 -0.8454232706347726 -0.5312146526534957
    outer loop
      vertex 8.5 -1.545494444668293 1.129530593752861
      vertex 8.5 -1.9029066041111946 1.6983487829566002
      vertex 7.142148212944538 -1.8139082959977202 1.6983487829566002
    endloop
  endfacet
  facet normal -0.06174733112831015 -0.9420822226370759 -0.32964883268368744
    outer loop
      vertex 7.142148212944538 -1.8139082959977202 1.6983487829566002
      vertex 8.5 -1.9029066041111946 1.6983487829566002
      vertex 7.113187435328385 -2.0338872416833347 2.3324371948838234
    endloop
  endfacet
  facet normal -0.06174733112831006 -0.942082222637076 -0.3296488326836872
    outer loop
      vertex 7.113187435328385 -2.0338872416833347 2.3324371948838234
      vertex 8.5 -1.9029066041111946 1.6983487829566002
      vertex 8.5 -2.1247837394475937 2.3324371948838234
    endloop
  endfacet
  facet normal -0.06499363071030631 -0.991611183155176 -0.11172774681646629
    outer loop
      vertex 7.113187435328385 -2.0338872416833347 2.3324371948838234
      vertex 8.5 -2.2000000029802322 3
      vertex 7.10336974285645 -2.1084600196545065 3
    endloop
  endfacet
  facet normal -0.06499363071030553 -0.9916111831551758 -0.1117277468164678
    outer loop
      vertex 7.113187435328385 -2.0338872416833347 2.3324371948838234
      vertex 8.5 -2.1247837394475937 2.3324371948838234
      vertex 8.5 -2.2000000029802322 3
    endloop
  endfacet
  facet normal -0.6593458151000683 -0.7518398074789779 -2.699904349606001e-18
    outer loop
      vertex 0.9339574391965986 0.9339574391965986 3
      vertex 1.9862527077924383 0.011119256519407372 3
      vertex 1.986252707792438 0.011119256519407704 22.799999999999994
    endloop
  endfacet
  facet normal -0.7518398074789779 -0.6593458151000683 4.183164727691951e-18
    outer loop
      vertex 0.011119256519407372 1.9862527077924383 3
      vertex 0.9339574391965986 0.9339574391965986 3
      vertex 0.011119256519407093 1.9862527077924388 22.799999999999994
    endloop
  endfacet
  facet normal -0.831469612302545 -0.5555702330196026 7.323837867807314e-19
    outer loop
      vertex 0.011119256519407372 1.9862527077924383 3
      vertex 0.011119256519407093 1.9862527077924388 22.799999999999994
      vertex -0.7664718230744505 3.149999998509884 3
    endloop
  endfacet
  facet normal -0.9469301294951057 -0.3214394653031617 3.799740900346765e-18
    outer loop
      vertex -1.3855110006241436 4.405287272553053 3
      vertex -1.3855110006241438 4.405287272553054 22.799999999999994
      vertex -1.835406344171714 5.730636216631687 3
    endloop
  endfacet
  facet normal -0.8968727415326883 -0.44228869021900113 9.782096786277537e-18
    outer loop
      vertex -1.3855110006241436 4.405287272553053 3
      vertex -0.7664718230744505 3.149999998509884 3
      vertex -1.3855110006241438 4.405287272553054 22.799999999999994
    endloop
  endfacet
  facet normal -0.9807852804032305 -0.19509032201612758 8.75126332864004e-18
    outer loop
      vertex -1.835406344171714 5.730636216631687 3
      vertex -1.835406344171714 5.730636216631688 22.799999999999994
      vertex -2.1084600196545065 7.10336974285645 3
    endloop
  endfacet
  facet normal -0.9978589232386036 -0.0654031292301437 2.933820604195562e-18
    outer loop
      vertex -2.1084600196545065 7.10336974285645 3
      vertex -2.1084600196545065 7.103369742856451 22.799999999999994
      vertex -2.2000000029802322 8.5 3
    endloop
  endfacet
  facet normal -0.5555702330196026 -0.831469612302545 1.4530250859807223e-18
    outer loop
      vertex 1.9862527077924383 0.011119256519407372 3
      vertex 3.149999998509884 -0.7664718230744505 3
      vertex 1.986252707792438 0.011119256519407704 22.799999999999994
    endloop
  endfacet
  facet normal -0.44228869021900113 -0.8968727415326883 -9.254624860711639e-18
    outer loop
      vertex 3.149999998509884 -0.7664718230744505 3
      vertex 4.405287272553053 -1.3855110006241436 3
      vertex 4.4052872725530525 -1.3855110006241433 22.799999999999994
    endloop
  endfacet
  facet normal -0.3214394653031617 -0.9469301294951057 -3.799740900346765e-18
    outer loop
      vertex 4.405287272553053 -1.3855110006241436 3
      vertex 5.730636216631687 -1.835406344171714 3
      vertex 4.4052872725530525 -1.3855110006241433 22.799999999999994
    endloop
  endfacet
  facet normal -0.19509032201612758 -0.9807852804032305 0
    outer loop
      vertex 5.730636216631687 -1.835406344171714 3
      vertex 7.10336974285645 -2.1084600196545065 3
      vertex 5.730636216631687 -1.835406344171714 22.799999999999994
    endloop
  endfacet
  facet normal -0.0654031292301437 -0.9978589232386036 0
    outer loop
      vertex 7.10336974285645 -2.1084600196545065 3
      vertex 8.5 -2.2000000029802322 3
      vertex 7.10336974285645 -2.1084600196545065 22.799999999999994
    endloop
  endfacet
  facet normal 0 -1 0
    outer loop
      vertex 8.5 -2.2000000029802322 3
      vertex 14.227605699002744 -2.2000000029802322 12.865396080911161
      vertex 14.147328844666482 -2.2000000029802322 12.914589798450471
    endloop
  endfacet
  facet normal 0 -1 0
    outer loop
      vertex 8.5 -2.2000000029802322 3
      vertex 14.314589804410936 -2.2000000029802322 12.829366086423398
      vertex 14.227605699002744 -2.2000000029802322 12.865396080911161
    endloop
  endfacet
  facet normal 0 -1 0
    outer loop
      vertex 8.5 -2.2000000029802322 3
      vertex 14.406139320135118 -2.2000000029802322 12.807386992871763
      vertex 14.314589804410936 -2.2000000029802322 12.829366086423398
    endloop
  endfacet
  facet normal 0 -1 0
    outer loop
      vertex 8.5 -2.2000000029802322 3
      vertex 14.014589799940588 -2.2000000029802322 13.047328843176366
      vertex 13.965396082401277 -2.2000000029802322 13.127605697512628
    endloop
  endfacet
  facet normal 0 -1 0
    outer loop
      vertex 8.5 -2.2000000029802322 3
      vertex 13.965396082401277 -2.2000000029802322 13.127605697512628
      vertex 13.929366087913515 -2.2000000029802322 13.21458980292082
    endloop
  endfacet
  facet normal 0 -1 0
    outer loop
      vertex 8.5 -2.2000000029802322 3
      vertex 14.147328844666482 -2.2000000029802322 12.914589798450471
      vertex 14.075735932588579 -2.2000000029802322 12.975735931098463
    endloop
  endfacet
  facet normal 0 -1 0
    outer loop
      vertex 8.5 -2.2000000029802322 3
      vertex 14.075735932588579 -2.2000000029802322 12.975735931098463
      vertex 14.014589799940588 -2.2000000029802322 13.047328843176366
    endloop
  endfacet
  facet normal 0 -1 0
    outer loop
      vertex 8.5 -2.2000000029802322 3
      vertex 13.929366087913515 -2.2000000029802322 13.21458980292082
      vertex 13.907386994361879 -2.2000000029802322 13.306139318645002
    endloop
  endfacet
  facet normal 0 -1 0
    outer loop
      vertex 8.5 -2.2000000029802322 3
      vertex 14.499999998509885 -2.2000000029802322 12.799999995529653
      vertex 14.406139320135118 -2.2000000029802322 12.807386992871763
    endloop
  endfacet
  facet normal 0 -1 0
    outer loop
      vertex 8.5 -2.2000000029802322 3
      vertex 13.907386994361879 -2.2000000029802322 13.306139318645002
      vertex 13.657085649967193 -2.2000000029802322 16.3558441773057
    endloop
  endfacet
  facet normal 0 0 -1
    outer loop
      vertex 1.4058344311157747 3.0564553018040197 0
      vertex -0.44200000000000017 8.5 0
      vertex 0.23866922028407345 72.82195525220864 0
    endloop
  endfacet
  facet normal -0.7153027344154628 0 -0.6988147094457601
    outer loop
      vertex -0.44200000000000017 8.5 0
      vertex -1.545494444668293 8.5 1.129530593752861
      vertex -0.44200000000000017 69.4 0
    endloop
  endfacet
  facet normal -0.8467241975358666 0 -0.5320320792088038
    outer loop
      vertex -1.545494444668293 8.5 1.129530593752861
      vertex -1.9029066041111946 8.5 1.6983487829566002
      vertex -1.9029066041111946 69.4 1.6983487829566002
    endloop
  endfacet
  facet normal -0.9438833285715732 0 -0.3302790669186404
    outer loop
      vertex -1.9029066041111946 8.5 1.6983487829566002
      vertex -2.1247837394475937 8.5 2.3324371948838234
      vertex -2.1247837394475937 69.4 2.3324371948838234
    endloop
  endfacet
  facet normal -0.993712209940902 0 -0.11196447568031877
    outer loop
      vertex -2.1247837394475937 8.5 2.3324371948838234
      vertex -2.2000000029802322 8.5 3
      vertex -2.1247837394475937 69.4 2.3324371948838234
    endloop
  endfacet
  facet normal -1 0 0
    outer loop
      vertex -2.2000000029802322 8.5 3
      vertex -2.2000000029802322 8.500000000000021 22.799999999999994
      vertex -2.2000000029802322 69.4 3
    endloop
  endfacet
  facet normal -1.0718321298775124e-18 -0.7153027344154627 -0.6988147094457601
    outer loop
      vertex 8.5 -0.44200000000000017 0
      vertex 49.5 -1.545494444668293 1.129530593752861
      vertex 8.5 -1.545494444668293 1.129530593752861
    endloop
  endfacet
  facet normal 0 -0.8467241975358666 -0.5320320792088037
    outer loop
      vertex 8.5 -1.545494444668293 1.129530593752861
      vertex 49.5 -1.545494444668293 1.129530593752861
      vertex 8.5 -1.9029066041111946 1.6983487829566002
    endloop
  endfacet
  facet normal 0 0 -1
    outer loop
      vertex 1.4058344311157747 3.0564553018040197 0
      vertex 56.59416556888422 3.0564553018040197 0
      vertex 8.5 -0.44200000000000017 0
    endloop
  endfacet
  facet normal 0 -0.9438833285715732 -0.3302790669186404
    outer loop
      vertex 8.5 -1.9029066041111946 1.6983487829566002
      vertex 49.5 -2.1247837394475937 2.3324371948838234
      vertex 8.5 -2.1247837394475937 2.3324371948838234
    endloop
  endfacet
  facet normal 0 -0.993712209940902 -0.11196447568031877
    outer loop
      vertex 8.5 -2.1247837394475937 2.3324371948838234
      vertex 49.5 -2.2000000029802322 3
      vertex 8.5 -2.2000000029802322 3
    endloop
  endfacet
  facet normal 0 -1 0
    outer loop
      vertex 8.5 -2.2000000029802322 3
      vertex 49.5 -2.2000000029802322 3
      vertex 14.499999998509885 -2.2000000029802322 12.799999995529653
    endloop
  endfacet
  facet normal -0.8314696123025451 -0.5555702330196026 0
    outer loop
      vertex -0.7664718230744505 3.149999998509884 3
      vertex 0.011119256519407093 1.9862527077924388 22.799999999999994
      vertex -0.7664718230744505 3.149999998509884 22.799999999999994
    endloop
  endfacet
  facet normal -0.7518398074789779 -0.6593458151000683 0
    outer loop
      vertex 0.9339574391965986 0.9339574391965986 3
      vertex 0.9339574391965986 0.9339574391965986 22.799999999999994
      vertex 0.011119256519407093 1.9862527077924388 22.799999999999994
    endloop
  endfacet
  facet normal -0.6593458151000683 -0.7518398074789778 0
    outer loop
      vertex 0.9339574391965986 0.9339574391965986 3
      vertex 1.986252707792438 0.011119256519407704 22.799999999999994
      vertex 0.9339574391965986 0.9339574391965986 22.799999999999994
    endloop
  endfacet
  facet normal -0.9469301294951057 -0.32143946530316153 1.4418969511222997e-17
    outer loop
      vertex -1.835406344171714 5.730636216631687 3
      vertex -1.3855110006241438 4.405287272553054 22.799999999999994
      vertex -1.835406344171714 5.730636216631688 22.799999999999994
    endloop
  endfacet
  facet normal -0.8968727415326885 -0.4422886902190011 0
    outer loop
      vertex -0.7664718230744505 3.149999998509884 3
      vertex -0.7664718230744505 3.149999998509884 22.799999999999994
      vertex -1.3855110006241438 4.405287272553054 22.799999999999994
    endloop
  endfacet
  facet normal -0.9807852804032305 -0.19509032201612758 8.75126332864004e-18
    outer loop
      vertex -2.1084600196545065 7.10336974285645 3
      vertex -1.835406344171714 5.730636216631688 22.799999999999994
      vertex -2.1084600196545065 7.103369742856451 22.799999999999994
    endloop
  endfacet
  facet normal -0.9978589232386036 -0.06540312923014274 7.041169450069246e-17
    outer loop
      vertex -2.2000000029802322 8.5 3
      vertex -2.1084600196545065 7.103369742856451 22.799999999999994
      vertex -2.2000000029802322 8.500000000000021 22.799999999999994
    endloop
  endfacet
  facet normal -0.44228869021900136 -0.8968727415326884 0
    outer loop
      vertex 3.149999998509884 -0.7664718230744505 3
      vertex 4.4052872725530525 -1.3855110006241433 22.799999999999994
      vertex 3.149999998509884 -0.7664718230744505 22.799999999999994
    endloop
  endfacet
  facet normal -0.5555702330196026 -0.831469612302545 0
    outer loop
      vertex 3.149999998509884 -0.7664718230744505 3
      vertex 3.149999998509884 -0.7664718230744505 22.799999999999994
      vertex 1.986252707792438 0.011119256519407704 22.799999999999994
    endloop
  endfacet
  facet normal -0.32143946530316164 -0.9469301294951056 0
    outer loop
      vertex 5.730636216631687 -1.835406344171714 3
      vertex 5.730636216631687 -1.835406344171714 22.799999999999994
      vertex 4.4052872725530525 -1.3855110006241433 22.799999999999994
    endloop
  endfacet
  facet normal 0 -1 0
    outer loop
      vertex 8.5 -2.2000000029802322 3
      vertex 13.657085649967193 -2.2000000029802322 16.3558441773057
      vertex 13.629999995529651 -2.2000000029802322 16.700000002980232
    endloop
  endfacet
  facet normal 0 -1 0
    outer loop
      vertex 8.5 -2.2000000029802322 3
      vertex 13.629999995529651 -2.2000000029802322 16.700000002980232
      vertex 8.5 -2.2000000029802322 22.799999999999994
    endloop
  endfacet
  facet normal -0.19509032201612758 -0.9807852804032305 0
    outer loop
      vertex 7.10336974285645 -2.1084600196545065 3
      vertex 7.10336974285645 -2.1084600196545065 22.799999999999994
      vertex 5.730636216631687 -1.835406344171714 22.799999999999994
    endloop
  endfacet
  facet normal -0.0654031292301437 -0.9978589232386036 0
    outer loop
      vertex 8.5 -2.2000000029802322 3
      vertex 8.5 -2.2000000029802322 22.799999999999994
      vertex 7.10336974285645 -2.1084600196545065 22.799999999999994
    endloop
  endfacet
  facet normal 0 -1 0
    outer loop
      vertex 8.5 -2.2000000029802322 22.799999999999994
      vertex 13.629999995529651 -2.2000000029802322 16.700000002980232
      vertex 13.629999999992682 -2.2000000029802322 22.799999999999994
    endloop
  endfacet
  facet normal -0.8467241975358666 0 -0.5320320792088038
    outer loop
      vertex -1.545494444668293 8.5 1.129530593752861
      vertex -1.9029066041111946 69.4 1.6983487829566002
      vertex -1.545494444668293 69.4 1.129530593752861
    endloop
  endfacet
  facet normal -0.7153027344154628 0 -0.6988147094457601
    outer loop
      vertex -1.545494444668293 8.5 1.129530593752861
      vertex -1.545494444668293 69.4 1.129530593752861
      vertex -0.44200000000000017 69.4 0
    endloop
  endfacet
  facet normal -0.9438833285715732 0 -0.3302790669186404
    outer loop
      vertex -1.9029066041111946 8.5 1.6983487829566002
      vertex -2.1247837394475937 69.4 2.3324371948838234
      vertex -1.9029066041111946 69.4 1.6983487829566002
    endloop
  endfacet
  facet normal -0.993712209940902 0 -0.11196447568031877
    outer loop
      vertex -2.2000000029802322 8.5 3
      vertex -2.2000000029802322 69.4 3
      vertex -2.1247837394475937 69.4 2.3324371948838234
    endloop
  endfacet
  facet normal 0 0 -1
    outer loop
      vertex -0.44200000000000017 8.5 0
      vertex -0.44200000000000017 69.4 0
      vertex 0.23866922028407345 72.82195525220864 0
    endloop
  endfacet
  facet normal -0.714517890685837 0.04683197679898939 -0.6980479566899119
    outer loop
      vertex -0.44200000000000017 69.4 0
      vertex -1.545494444668293 69.4 1.129530593752861
      vertex -0.36549995040461347 70.5671652108317 0
    endloop
  endfacet
  facet normal -0.7022922914744173 0.13969462228966076 -0.6980479566899119
    outer loop
      vertex -0.36549995040461347 70.5671652108317 0
      vertex -1.2032025219484659 71.99996527975173 1.129530593752861
      vertex -0.13730873867684856 71.71435990130675 0
    endloop
  endfacet
  facet normal -0.6780502764436611 0.23016705406229052 -0.6980479566899118
    outer loop
      vertex -1.2032025219484659 71.99996527975173 1.129530593752861
      vertex 0.23866922028407345 72.82195525220864 0
      vertex -0.13730873867684856 71.71435990130675 0
    endloop
  endfacet
  facet normal -0.8454232706347714 0.055411968701988015 -0.5312146526534973
    outer loop
      vertex -1.545494444668293 69.4 1.129530593752861
      vertex -1.8139082959977202 70.75785178705547 1.6983487829566002
      vertex -1.4595538471255374 70.71120013883024 1.129530593752861
    endloop
  endfacet
  facet normal -0.830957844078597 0.16528779195836898 -0.5312146526534984
    outer loop
      vertex -1.4595538471255374 70.71120013883024 1.129530593752861
      vertex -1.8139082959977202 70.75785178705547 1.6983487829566002
      vertex -1.2032025219484659 71.99996527975173 1.129530593752861
    endloop
  endfacet
  facet normal -0.7145178906858375 0.04683197679899031 -0.6980479566899114
    outer loop
      vertex -1.545494444668293 69.4 1.129530593752861
      vertex -1.4595538471255374 70.71120013883024 1.129530593752861
      vertex -0.36549995040461347 70.5671652108317 0
    endloop
  endfacet
  facet normal -0.7022922914744179 0.13969462228965998 -0.6980479566899115
    outer loop
      vertex -0.36549995040461347 70.5671652108317 0
      vertex -1.4595538471255374 70.71120013883024 1.129530593752861
      vertex -1.2032025219484659 71.99996527975173 1.129530593752861
    endloop
  endfacet
  facet normal -0.6780502764436613 0.23016705406229174 -0.6980479566899113
    outer loop
      vertex -1.2032025219484659 71.99996527975173 1.129530593752861
      vertex -0.7808267113848704 73.2442442938901 1.129530593752861
      vertex 0.23866922028407345 72.82195525220864 0
    endloop
  endfacet
  facet normal -0.802274498425198 0.272335495267914 -0.5312146526534985
    outer loop
      vertex -1.2032025219484659 71.99996527975173 1.129530593752861
      vertex -1.1110324901648276 73.38102000583474 1.6983487829566002
      vertex -0.7808267113848704 73.2442442938901 1.129530593752861
    endloop
  endfacet
  facet normal -0.7598640136712315 0.37472346274775525 -0.5312146526534994
    outer loop
      vertex -0.7808267113848704 73.2442442938901 1.129530593752861
      vertex -1.1110324901648276 73.38102000583474 1.6983487829566002
      vertex -0.19965338265819277 74.42274722233415 1.129530593752861
    endloop
  endfacet
  facet normal 0 0 -1
    outer loop
      vertex -0.44200000000000017 69.4 0
      vertex -0.36549995040461347 70.5671652108317 0
      vertex 0.23866922028407345 72.82195525220864 0
    endloop
  endfacet
  facet normal 0 0 -1
    outer loop
      vertex -0.36549995040461347 70.5671652108317 0
      vertex -0.13730873867684856 71.71435990130675 0
      vertex 0.23866922028407345 72.82195525220864 0
    endloop
  endfacet
  facet normal -0.6422066331919031 0.3167012637255501 -0.6980479566899112
    outer loop
      vertex -0.7808267113848704 73.2442442938901 1.129530593752861
      vertex 0.7560008393595501 73.87100000000001 0
      vertex 0.23866922028407345 72.82195525220864 0
    endloop
  endfacet
  facet normal 0 0 -1
    outer loop
      vertex 0.23866922028407345 72.82195525220864 0
      vertex 0.7560008393595501 73.87100000000001 0
      vertex 1.4058344311157747 74.84354469819598 0
    endloop
  endfacet
  facet normal 0 0 -1
    outer loop
      vertex 0.23866922028407345 72.82195525220864 0
      vertex 1.4058344311157747 74.84354469819598 0
      vertex 3.0564553018040197 76.49416556888423 0
    endloop
  endfacet
  facet normal -0.5953746563929118 0.3978166269602879 -0.698047956689912
    outer loop
      vertex 0.7560008393595501 73.87100000000001 0
      vertex 0.5303734274453635 75.51530955323544 1.129530593752861
      vertex 1.4058344311157747 74.84354469819598 0
    endloop
  endfacet
  facet normal -0.6422066331919031 0.31670126372554974 -0.6980479566899114
    outer loop
      vertex -0.7808267113848704 73.2442442938901 1.129530593752861
      vertex -0.19965338265819277 74.42274722233415 1.129530593752861
      vertex 0.7560008393595501 73.87100000000001 0
    endloop
  endfacet
  facet normal -0.5953746563929133 0.3978166269602872 -0.6980479566899113
    outer loop
      vertex 0.7560008393595501 73.87100000000001 0
      vertex -0.19965338265819277 74.42274722233415 1.129530593752861
      vertex 0.5303734274453635 75.51530955323544 1.129530593752861
    endloop
  endfacet
  facet normal -0.8454232706347725 0.055411968701987106 -0.5312146526534958
    outer loop
      vertex -1.545494444668293 69.4 1.129530593752861
      vertex -1.9029066041111946 69.4 1.6983487829566002
      vertex -1.8139082959977202 70.75785178705547 1.6983487829566002
    endloop
  endfacet
  facet normal -0.9420822226370761 0.061747331128309955 -0.32964883268368705
    outer loop
      vertex -1.9029066041111946 69.4 1.6983487829566002
      vertex -2.0338872416833347 70.78681256467162 2.3324371948838234
      vertex -1.8139082959977202 70.75785178705547 1.6983487829566002
    endloop
  endfacet
  facet normal -0.942082222637076 0.06174733112831006 -0.3296488326836872
    outer loop
      vertex -1.9029066041111946 69.4 1.6983487829566002
      vertex -2.1247837394475937 69.4 2.3324371948838234
      vertex -2.0338872416833347 70.78681256467162 2.3324371948838234
    endloop
  endfacet
  facet normal -0.8309578440785989 0.16528779195837154 -0.5312146526534948
    outer loop
      vertex -1.2032025219484659 71.99996527975173 1.129530593752861
      vertex -1.8139082959977202 70.75785178705547 1.6983487829566002
      vertex -1.5484361573841117 72.09247035356677 1.6983487829566002
    endloop
  endfacet
  facet normal -0.9259629346132183 0.1841854794297308 -0.3296488326836863
    outer loop
      vertex -1.8139082959977202 70.75785178705547 1.6983487829566002
      vertex -2.0338872416833347 70.78681256467162 2.3324371948838234
      vertex -1.7627530126685738 72.14989638186462 2.3324371948838234
    endloop
  endfacet
  facet normal -0.9259629346132177 0.1841854794297314 -0.32964883268368766
    outer loop
      vertex -1.8139082959977202 70.75785178705547 1.6983487829566002
      vertex -1.7627530126685738 72.14989638186462 2.3324371948838234
      vertex -1.5484361573841117 72.09247035356677 1.6983487829566002
    endloop
  endfacet
  facet normal -0.9916111831551758 0.06499363071030553 -0.11172774681646781
    outer loop
      vertex -2.1247837394475937 69.4 2.3324371948838234
      vertex -2.2000000029802322 69.4 3
      vertex -2.0338872416833347 70.78681256467162 2.3324371948838234
    endloop
  endfacet
  facet normal -0.991611183155176 0.064993630710306 -0.11172774681646688
    outer loop
      vertex -2.2000000029802322 69.4 3
      vertex -2.1084600196545065 70.79663025714356 3
      vertex -2.0338872416833347 70.78681256467162 2.3324371948838234
    endloop
  endfacet
  facet normal -0.974644440884831 0.19386883308982497 -0.111727746816468
    outer loop
      vertex -2.0338872416833347 70.78681256467162 2.3324371948838234
      vertex -2.1084600196545065 70.79663025714356 3
      vertex -1.7627530126685738 72.14989638186462 2.3324371948838234
    endloop
  endfacet
  facet normal -0.974644440884831 0.19386883308982605 -0.11172774681646587
    outer loop
      vertex -1.7627530126685738 72.14989638186462 2.3324371948838234
      vertex -2.1084600196545065 70.79663025714356 3
      vertex -1.835406344171714 72.16936378336831 3
    endloop
  endfacet
  facet normal -0.8022744984252017 0.2723354952679123 -0.5312146526534937
    outer loop
      vertex -1.2032025219484659 71.99996527975173 1.129530593752861
      vertex -1.5484361573841117 72.09247035356677 1.6983487829566002
      vertex -1.1110324901648276 73.38102000583474 1.6983487829566002
    endloop
  endfacet
  facet normal -0.894000164052702 0.30347216311224506 -0.32964883268368617
    outer loop
      vertex -1.5484361573841117 72.09247035356677 1.6983487829566002
      vertex -1.3160202342343634 73.4659287095486 2.3324371948838234
      vertex -1.1110324901648276 73.38102000583474 1.6983487829566002
    endloop
  endfacet
  facet normal -0.8940001640527008 0.3034721631122459 -0.32964883268368844
    outer loop
      vertex -1.5484361573841117 72.09247035356677 1.6983487829566002
      vertex -1.7627530126685738 72.14989638186462 2.3324371948838234
      vertex -1.3160202342343634 73.4659287095486 2.3324371948838234
    endloop
  endfacet
  facet normal -0.7598640136712324 0.37472346274775753 -0.5312146526534967
    outer loop
      vertex -0.19965338265819277 74.42274722233415 1.129530593752861
      vertex -1.1110324901648276 73.38102000583474 1.6983487829566002
      vertex -0.5091813923572008 74.6014533020556 1.6983487829566002
    endloop
  endfacet
  facet normal -0.8467408028215703 0.4175663539455328 -0.3296488326836858
    outer loop
      vertex -1.1110324901648276 73.38102000583474 1.6983487829566002
      vertex -1.3160202342343634 73.4659287095486 2.3324371948838234
      vertex -0.5091813923572008 74.6014533020556 1.6983487829566002
    endloop
  endfacet
  facet normal -0.8467408028215703 0.4175663539455324 -0.3296488326836864
    outer loop
      vertex -0.5091813923572008 74.6014533020556 1.6983487829566002
      vertex -1.3160202342343634 73.4659287095486 2.3324371948838234
      vertex -0.7013326280774397 74.7123918697238 2.3324371948838234
    endloop
  endfacet
  facet normal -0.9410012620084576 0.31942688598458063 -0.11172774681646445
    outer loop
      vertex -1.7627530126685738 72.14989638186462 2.3324371948838234
      vertex -1.835406344171714 72.16936378336831 3
      vertex -1.3855110006241436 73.49471272744695 3
    endloop
  endfacet
  facet normal -0.9410012620084568 0.31942688598458197 -0.11172774681646751
    outer loop
      vertex -1.7627530126685738 72.14989638186462 2.3324371948838234
      vertex -1.3855110006241436 73.49471272744695 3
      vertex -1.3160202342343634 73.4659287095486 2.3324371948838234
    endloop
  endfacet
  facet normal -0.8912572906442787 0.4395194562982794 -0.11172774681646726
    outer loop
      vertex -1.3160202342343634 73.4659287095486 2.3324371948838234
      vertex -1.3855110006241436 73.49471272744695 3
      vertex -0.7013326280774397 74.7123918697238 2.3324371948838234
    endloop
  endfacet
  facet normal -0.8912572906442789 0.43951945629827865 -0.11172774681646884
    outer loop
      vertex -0.7013326280774397 74.7123918697238 2.3324371948838234
      vertex -1.3855110006241436 73.49471272744695 3
      vertex -0.7664718230744505 74.75000000149012 3
    endloop
  endfacet
  facet normal -0.7044520449692449 0.4706998078870163 -0.5312146526534967
    outer loop
      vertex -0.19965338265819277 74.42274722233415 1.129530593752861
      vertex -0.5091813923572008 74.6014533020556 1.6983487829566002
      vertex 0.2468192968906333 75.73288829016299 1.6983487829566002
    endloop
  endfacet
  facet normal -0.5383556541540001 0.4721252374121271 -0.698047956689912
    outer loop
      vertex 1.4058344311157747 74.84354469819598 0
      vertex 0.5303734274453635 75.51530955323544 1.129530593752861
      vertex 2.1770511626298914 75.72294883737011 0
    endloop
  endfacet
  facet normal -0.7044520449692471 0.47069980788701593 -0.531214652653494
    outer loop
      vertex -0.19965338265819277 74.42274722233415 1.129530593752861
      vertex 0.2468192968906333 75.73288829016299 1.6983487829566002
      vertex 0.5303734274453635 75.51530955323544 1.129530593752861
    endloop
  endfacet
  facet normal -0.6369867064668305 0.5586223488106862 -0.5312146526534935
    outer loop
      vertex 0.5303734274453635 75.51530955323544 1.129530593752861
      vertex 0.2468192968906333 75.73288829016299 1.6983487829566002
      vertex 1.3967627578032582 76.50323724219675 1.129530593752861
    endloop
  endfacet
  facet normal -0.5383556541540002 0.47212523741212675 -0.6980479566899124
    outer loop
      vertex 0.5303734274453635 75.51530955323544 1.129530593752861
      vertex 1.3967627578032582 76.50323724219675 1.129530593752861
      vertex 2.1770511626298914 75.72294883737011 0
    endloop
  endfacet
  facet normal -0.7849934716932595 0.5245158686915455 -0.3296488326836864
    outer loop
      vertex -0.5091813923572008 74.6014533020556 1.6983487829566002
      vertex -0.7013326280774397 74.7123918697238 2.3324371948838234
      vertex 0.2468192968906333 75.73288829016299 1.6983487829566002
    endloop
  endfacet
  facet normal -0.8262636599339744 0.552091726856895 -0.11172774681646876
    outer loop
      vertex -0.7013326280774397 74.7123918697238 2.3324371948838234
      vertex -0.7664718230744505 74.75000000149012 3
      vertex 0.011119256519407372 75.91374729220757 3
    endloop
  endfacet
  facet normal -0.7849934716932595 0.5245158686915463 -0.3296488326836852
    outer loop
      vertex -0.7013326280774397 74.7123918697238 2.3324371948838234
      vertex 0.07079233043725175 75.86795853213474 2.3324371948838234
      vertex 0.2468192968906333 75.73288829016299 1.6983487829566002
    endloop
  endfacet
  facet normal -0.7098146846229715 0.6224907715009719 -0.32964883268368517
    outer loop
      vertex 0.2468192968906333 75.73288829016299 1.6983487829566002
      vertex 0.07079233043725175 75.86795853213474 2.3324371948838234
      vertex 0.9871433691960414 76.91285663080396 2.3324371948838234
    endloop
  endfacet
  facet normal -0.6369867064668305 0.5586223488106861 -0.5312146526534938
    outer loop
      vertex 1.3967627578032582 76.50323724219675 1.129530593752861
      vertex 0.2468192968906333 75.73288829016299 1.6983487829566002
      vertex 1.1440341961826546 76.75596580381735 1.6983487829566002
    endloop
  endfacet
  facet normal -0.5586223488106871 0.63698670646683 -0.5312146526534934
    outer loop
      vertex 1.3967627578032582 76.50323724219675 1.129530593752861
      vertex 1.1440341961826546 76.75596580381735 1.6983487829566002
      vertex 2.1671117098370116 77.65318070310937 1.6983487829566002
    endloop
  endfacet
  facet normal -0.7098146846229711 0.622490771500972 -0.32964883268368567
    outer loop
      vertex 0.2468192968906333 75.73288829016299 1.6983487829566002
      vertex 0.9871433691960414 76.91285663080396 2.3324371948838234
      vertex 1.1440341961826546 76.75596580381735 1.6983487829566002
    endloop
  endfacet
  facet normal -0.6224907715009731 0.7098146846229704 -0.32964883268368556
    outer loop
      vertex 1.1440341961826546 76.75596580381735 1.6983487829566002
      vertex 0.9871433691960414 76.91285663080396 2.3324371948838234
      vertex 2.1671117098370116 77.65318070310937 1.6983487829566002
    endloop
  endfacet
  facet normal -0.8262636599339711 0.5520917268568982 -0.11172774681647797
    outer loop
      vertex -0.7013326280774397 74.7123918697238 2.3324371948838234
      vertex 0.011119256519407372 75.91374729220757 3
      vertex 0.07079233043725175 75.86795853213474 2.3324371948838234
    endloop
  endfacet
  facet normal -0.7471324289186313 0.6552175549002477 -0.11172774681647998
    outer loop
      vertex 0.07079233043725175 75.86795853213474 2.3324371948838234
      vertex 0.011119256519407372 75.91374729220757 3
      vertex 0.9871433691960414 76.91285663080396 2.3324371948838234
    endloop
  endfacet
  facet normal -0.7471324289186285 0.6552175549002529 -0.11172774681646805
    outer loop
      vertex 0.9871433691960414 76.91285663080396 2.3324371948838234
      vertex 0.011119256519407372 75.91374729220757 3
      vertex 0.9339574391965986 76.9660425608034 3
    endloop
  endfacet
  facet normal -0.6552175549002486 0.7471324289186322 -0.11172774681646813
    outer loop
      vertex 0.9871433691960414 76.91285663080396 2.3324371948838234
      vertex 0.9339574391965986 76.9660425608034 3
      vertex 2.0320414678652643 77.82920766956275 2.3324371948838234
    endloop
  endfacet
  facet normal -0.6552175549002501 0.74713242891863 -0.1117277468164738
    outer loop
      vertex 2.0320414678652643 77.82920766956275 2.3324371948838234
      vertex 0.9339574391965986 76.9660425608034 3
      vertex 1.9862527077924383 77.8888807434806 3
    endloop
  endfacet
  facet normal 0 0 -1
    outer loop
      vertex 1.4058344311157747 74.84354469819598 0
      vertex 2.1770511626298914 75.72294883737011 0
      vertex 3.0564553018040197 76.49416556888423 0
    endloop
  endfacet
  facet normal -0.47212523741212636 0.5383556541540003 -0.6980479566899124
    outer loop
      vertex 1.3967627578032582 76.50323724219675 1.129530593752861
      vertex 3.0564553018040197 76.49416556888423 0
      vertex 2.1770511626298914 75.72294883737011 0
    endloop
  endfacet
  facet normal -0.39781662696029085 0.5953746563929105 -0.6980479566899114
    outer loop
      vertex 3.0564553018040197 76.49416556888423 0
      vertex 3.4772527776658535 78.0996533826582 1.129530593752861
      vertex 4.029 77.14399916064046 0
    endloop
  endfacet
  facet normal -0.4721252374121257 0.5383556541540019 -0.6980479566899115
    outer loop
      vertex 1.3967627578032582 76.50323724219675 1.129530593752861
      vertex 2.384690446764565 77.36962657255464 1.129530593752861
      vertex 3.0564553018040197 76.49416556888423 0
    endloop
  endfacet
  facet normal -0.5586223488106824 0.6369867064668295 -0.531214652653499
    outer loop
      vertex 1.3967627578032582 76.50323724219675 1.129530593752861
      vertex 2.1671117098370116 77.65318070310937 1.6983487829566002
      vertex 2.384690446764565 77.36962657255464 1.129530593752861
    endloop
  endfacet
  facet normal -0.3978166269602907 0.5953746563929105 -0.6980479566899115
    outer loop
      vertex 3.0564553018040197 76.49416556888423 0
      vertex 2.384690446764565 77.36962657255464 1.129530593752861
      vertex 3.4772527776658535 78.0996533826582 1.129530593752861
    endloop
  endfacet
  facet normal -0.4706998078870195 0.7044520449692429 -0.5312146526534965
    outer loop
      vertex 2.384690446764565 77.36962657255464 1.129530593752861
      vertex 3.2985466979444027 78.40918139235721 1.6983487829566002
      vertex 3.4772527776658535 78.0996533826582 1.129530593752861
    endloop
  endfacet
  facet normal 0 0 -1
    outer loop
      vertex 0.23866922028407345 72.82195525220864 0
      vertex 3.0564553018040197 76.49416556888423 0
      vertex 8.5 78.34200000000001 0
    endloop
  endfacet
  facet normal 0 0 -1
    outer loop
      vertex 3.0564553018040197 76.49416556888423 0
      vertex 4.029 77.14399916064046 0
      vertex 5.078044747791367 77.66133077971594 0
    endloop
  endfacet
  facet normal 0 0 -1
    outer loop
      vertex 3.0564553018040197 76.49416556888423 0
      vertex 5.078044747791367 77.66133077971594 0
      vertex 8.5 78.34200000000001 0
    endloop
  endfacet
  facet normal -0.31670126372555113 0.6422066331919021 -0.6980479566899116
    outer loop
      vertex 3.4772527776658535 78.0996533826582 1.129530593752861
      vertex 5.078044747791367 77.66133077971594 0
      vertex 4.029 77.14399916064046 0
    endloop
  endfacet
  facet normal -0.2301670540622872 0.6780502764436632 -0.698047956689911
    outer loop
      vertex 5.078044747791367 77.66133077971594 0
      vertex 4.655755706109896 78.68082671138488 1.129530593752861
      vertex 6.185640098693259 78.03730873867686 0
    endloop
  endfacet
  facet normal -0.3167012637255507 0.6422066331919026 -0.6980479566899113
    outer loop
      vertex 3.4772527776658535 78.0996533826582 1.129530593752861
      vertex 4.655755706109896 78.68082671138488 1.129530593752861
      vertex 5.078044747791367 77.66133077971594 0
    endloop
  endfacet
  facet normal -0.3747234627477579 0.759864013671234 -0.531214652653494
    outer loop
      vertex 3.4772527776658535 78.0996533826582 1.129530593752861
      vertex 4.518979994165267 79.01103249016484 1.6983487829566002
      vertex 4.655755706109896 78.68082671138488 1.129530593752861
    endloop
  endfacet
  facet normal -0.23016705406228918 0.6780502764436611 -0.6980479566899126
    outer loop
      vertex 4.655755706109896 78.68082671138488 1.129530593752861
      vertex 5.900034720248275 79.10320252194848 1.129530593752861
      vertex 6.185640098693259 78.03730873867686 0
    endloop
  endfacet
  facet normal -0.27233549526791145 0.8022744984251989 -0.5312146526534982
    outer loop
      vertex 4.655755706109896 78.68082671138488 1.129530593752861
      vertex 5.807529646433234 79.44843615738412 1.6983487829566002
      vertex 5.900034720248275 79.10320252194848 1.129530593752861
    endloop
  endfacet
  facet normal -0.6224907715009725 0.7098146846229723 -0.3296488326836824
    outer loop
      vertex 0.9871433691960414 76.91285663080396 2.3324371948838234
      vertex 2.0320414678652643 77.82920766956275 2.3324371948838234
      vertex 2.1671117098370116 77.65318070310937 1.6983487829566002
    endloop
  endfacet
  facet normal -0.47069980788701704 0.7044520449692422 -0.5312146526534994
    outer loop
      vertex 2.384690446764565 77.36962657255464 1.129530593752861
      vertex 2.1671117098370116 77.65318070310937 1.6983487829566002
      vertex 3.2985466979444027 78.40918139235721 1.6983487829566002
    endloop
  endfacet
  facet normal -0.5245158686915484 0.7849934716932595 -0.32964883268368206
    outer loop
      vertex 2.1671117098370116 77.65318070310937 1.6983487829566002
      vertex 2.0320414678652643 77.82920766956275 2.3324371948838234
      vertex 3.2985466979444027 78.40918139235721 1.6983487829566002
    endloop
  endfacet
  facet normal -0.5245158686915476 0.7849934716932615 -0.3296488326836786
    outer loop
      vertex 3.2985466979444027 78.40918139235721 1.6983487829566002
      vertex 2.0320414678652643 77.82920766956275 2.3324371948838234
      vertex 3.187608130276203 78.60133262807744 2.3324371948838234
    endloop
  endfacet
  facet normal -0.5520917268568988 0.8262636599339713 -0.11172774681647436
    outer loop
      vertex 2.0320414678652643 77.82920766956275 2.3324371948838234
      vertex 1.9862527077924383 77.8888807434806 3
      vertex 3.149999998509884 78.66647182307446 3
    endloop
  endfacet
  facet normal -0.5520917268568983 0.8262636599339714 -0.11172774681647527
    outer loop
      vertex 2.0320414678652643 77.82920766956275 2.3324371948838234
      vertex 3.149999998509884 78.66647182307446 3
      vertex 3.187608130276203 78.60133262807744 2.3324371948838234
    endloop
  endfacet
  facet normal -0.43951945629827927 0.8912572906442777 -0.11172774681647586
    outer loop
      vertex 3.187608130276203 78.60133262807744 2.3324371948838234
      vertex 3.149999998509884 78.66647182307446 3
      vertex 4.405287272553053 79.28551100062415 3
    endloop
  endfacet
  facet normal -0.3747234627477558 0.7598640136712332 -0.5312146526534967
    outer loop
      vertex 3.4772527776658535 78.0996533826582 1.129530593752861
      vertex 3.2985466979444027 78.40918139235721 1.6983487829566002
      vertex 4.518979994165267 79.01103249016484 1.6983487829566002
    endloop
  endfacet
  facet normal -0.417566353945532 0.8467408028215737 -0.3296488326836779
    outer loop
      vertex 3.2985466979444027 78.40918139235721 1.6983487829566002
      vertex 3.187608130276203 78.60133262807744 2.3324371948838234
      vertex 4.518979994165267 79.01103249016484 1.6983487829566002
    endloop
  endfacet
  facet normal -0.41756635394553154 0.8467408028215746 -0.3296488326836763
    outer loop
      vertex 3.187608130276203 78.60133262807744 2.3324371948838234
      vertex 4.434071290451401 79.21602023423436 2.3324371948838234
      vertex 4.518979994165267 79.01103249016484 1.6983487829566002
    endloop
  endfacet
  facet normal -0.2723354952679147 0.8022744984252007 -0.5312146526534939
    outer loop
      vertex 4.655755706109896 78.68082671138488 1.129530593752861
      vertex 4.518979994165267 79.01103249016484 1.6983487829566002
      vertex 5.807529646433234 79.44843615738412 1.6983487829566002
    endloop
  endfacet
  facet normal -0.303472163112249 0.8940001640527044 -0.32964883268367584
    outer loop
      vertex 4.518979994165267 79.01103249016484 1.6983487829566002
      vertex 4.434071290451401 79.21602023423436 2.3324371948838234
      vertex 5.807529646433234 79.44843615738412 1.6983487829566002
    endloop
  endfacet
  facet normal -0.303472163112248 0.8940001640527058 -0.3296488326836732
    outer loop
      vertex 4.434071290451401 79.21602023423436 2.3324371948838234
      vertex 5.750103618135384 79.66275301266857 2.3324371948838234
      vertex 5.807529646433234 79.44843615738412 1.6983487829566002
    endloop
  endfacet
  facet normal -0.43951945629827605 0.8912572906442785 -0.1117277468164825
    outer loop
      vertex 3.187608130276203 78.60133262807744 2.3324371948838234
      vertex 4.405287272553053 79.28551100062415 3
      vertex 4.434071290451401 79.21602023423436 2.3324371948838234
    endloop
  endfacet
  facet normal -0.31942688598457925 0.9410012620084558 -0.1117277468164832
    outer loop
      vertex 4.434071290451401 79.21602023423436 2.3324371948838234
      vertex 4.405287272553053 79.28551100062415 3
      vertex 5.730636216631687 79.73540634417172 3
    endloop
  endfacet
  facet normal -0.31942688598458197 0.9410012620084555 -0.11172774681647774
    outer loop
      vertex 4.434071290451401 79.21602023423436 2.3324371948838234
      vertex 5.730636216631687 79.73540634417172 3
      vertex 5.750103618135384 79.66275301266857 2.3324371948838234
    endloop
  endfacet
  facet normal -0.1396946222896594 0.702292291474417 -0.6980479566899125
    outer loop
      vertex 6.185640098693259 78.03730873867686 0
      vertex 5.900034720248275 79.10320252194848 1.129530593752861
      vertex 7.332834789168299 78.26549995040462 0
    endloop
  endfacet
  facet normal 0 0 -1
    outer loop
      vertex 5.078044747791367 77.66133077971594 0
      vertex 6.185640098693259 78.03730873867686 0
      vertex 8.5 78.34200000000001 0
    endloop
  endfacet
  facet normal 0 0 -1
    outer loop
      vertex 6.185640098693259 78.03730873867686 0
      vertex 7.332834789168299 78.26549995040462 0
      vertex 8.5 78.34200000000001 0
    endloop
  endfacet
  facet normal -0.13969462228965712 0.702292291474419 -0.698047956689911
    outer loop
      vertex 7.332834789168299 78.26549995040462 0
      vertex 5.900034720248275 79.10320252194848 1.129530593752861
      vertex 7.188799861169766 79.35955384712554 1.129530593752861
    endloop
  endfacet
  facet normal -0.16528779195836518 0.8309578440785963 -0.5312146526535007
    outer loop
      vertex 5.900034720248275 79.10320252194848 1.129530593752861
      vertex 7.142148212944538 79.71390829599773 1.6983487829566002
      vertex 7.188799861169766 79.35955384712554 1.129530593752861
    endloop
  endfacet
  facet normal -0.046831976798994715 0.7145178906858375 -0.698047956689911
    outer loop
      vertex 7.332834789168299 78.26549995040462 0
      vertex 7.188799861169766 79.35955384712554 1.129530593752861
      vertex 8.5 78.34200000000001 0
    endloop
  endfacet
  facet normal -0.046831976798992224 0.7145178906858392 -0.6980479566899095
    outer loop
      vertex 7.188799861169766 79.35955384712554 1.129530593752861
      vertex 8.5 79.4454944446683 1.129530593752861
      vertex 8.5 78.34200000000001 0
    endloop
  endfacet
  facet normal -0.05541196870199022 0.8454232706347725 -0.5312146526534957
    outer loop
      vertex 7.188799861169766 79.35955384712554 1.129530593752861
      vertex 8.5 79.8029066041112 1.6983487829566002
      vertex 8.5 79.4454944446683 1.129530593752861
    endloop
  endfacet
  facet normal -0.16528779195836688 0.8309578440785976 -0.5312146526534982
    outer loop
      vertex 5.900034720248275 79.10320252194848 1.129530593752861
      vertex 5.807529646433234 79.44843615738412 1.6983487829566002
      vertex 7.142148212944538 79.71390829599773 1.6983487829566002
    endloop
  endfacet
  facet normal -0.1841854794297329 0.9259629346132229 -0.3296488326836726
    outer loop
      vertex 5.807529646433234 79.44843615738412 1.6983487829566002
      vertex 5.750103618135384 79.66275301266857 2.3324371948838234
      vertex 7.113187435328385 79.93388724168334 2.3324371948838234
    endloop
  endfacet
  facet normal -0.18418547942972702 0.9259629346132203 -0.32964883268368284
    outer loop
      vertex 5.807529646433234 79.44843615738412 1.6983487829566002
      vertex 7.113187435328385 79.93388724168334 2.3324371948838234
      vertex 7.142148212944538 79.71390829599773 1.6983487829566002
    endloop
  endfacet
  facet normal -0.19386883308982597 0.9746444408848297 -0.11172774681647815
    outer loop
      vertex 5.750103618135384 79.66275301266857 2.3324371948838234
      vertex 5.730636216631687 79.73540634417172 3
      vertex 7.113187435328385 79.93388724168334 2.3324371948838234
    endloop
  endfacet
  facet normal -0.1938688330898194 0.9746444408848326 -0.11172774681646369
    outer loop
      vertex 7.113187435328385 79.93388724168334 2.3324371948838234
      vertex 5.730636216631687 79.73540634417172 3
      vertex 7.10336974285645 80.0084600196545 3
    endloop
  endfacet
  facet normal -0.05541196870198708 0.8454232706347695 -0.5312146526535005
    outer loop
      vertex 7.188799861169766 79.35955384712554 1.129530593752861
      vertex 7.142148212944538 79.71390829599773 1.6983487829566002
      vertex 8.5 79.8029066041112 1.6983487829566002
    endloop
  endfacet
  facet normal -0.061747331128312564 0.9420822226370774 -0.3296488326836827
    outer loop
      vertex 7.142148212944538 79.71390829599773 1.6983487829566002
      vertex 7.113187435328385 79.93388724168334 2.3324371948838234
      vertex 8.5 80.0247837394476 2.3324371948838234
    endloop
  endfacet
  facet normal -0.06174733112831016 0.942082222637076 -0.3296488326836873
    outer loop
      vertex 7.142148212944538 79.71390829599773 1.6983487829566002
      vertex 8.5 80.0247837394476 2.3324371948838234
      vertex 8.5 79.8029066041112 1.6983487829566002
    endloop
  endfacet
  facet normal -0.06499363071031009 0.991611183155176 -0.11172774681646369
    outer loop
      vertex 7.113187435328385 79.93388724168334 2.3324371948838234
      vertex 7.10336974285645 80.0084600196545 3
      vertex 8.5 80.10000000298024 3
    endloop
  endfacet
  facet normal -0.06499363071030806 0.9916111831551756 -0.11172774681646777
    outer loop
      vertex 7.113187435328385 79.93388724168334 2.3324371948838234
      vertex 8.5 80.10000000298024 3
      vertex 8.5 80.0247837394476 2.3324371948838234
    endloop
  endfacet
  facet normal -1 0 0
    outer loop
      vertex -2.2000000029802322 69.4 3
      vertex -2.2000000029802322 56.783301188031345 14.579081546579456
      vertex -2.2000000029802322 57.16192328197997 14.37670382104691
    endloop
  endfacet
  facet normal -1 0 0
    outer loop
      vertex -2.2000000029802322 69.4 3
      vertex -2.2000000029802322 57.16192328197997 14.37670382104691
      vertex -2.2000000029802322 57.57275219420327 14.252080232993958
    endloop
  endfacet
  facet normal -1 0 0
    outer loop
      vertex -2.2000000029802322 69.4 3
      vertex -2.2000000029802322 57.57275219420327 14.252080232993958
      vertex -2.2000000029802322 58 14.209999997019768
    endloop
  endfacet
  facet normal -1 0 0
    outer loop
      vertex -2.2000000029802322 69.4 3
      vertex -2.2000000029802322 58 14.209999997019768
      vertex -2.2000000029802322 58.42724780579673 14.252080232993958
    endloop
  endfacet
  facet normal -1 0 0
    outer loop
      vertex -2.2000000029802322 69.4 3
      vertex -2.2000000029802322 56.45143614709412 14.85143614709412
      vertex -2.2000000029802322 56.783301188031345 14.579081546579456
    endloop
  endfacet
  facet normal -1 0 0
    outer loop
      vertex -2.2000000029802322 69.4 3
      vertex -2.2000000029802322 58.42724780579673 14.252080232993958
      vertex -2.2000000029802322 58.83807671802003 14.37670382104691
    endloop
  endfacet
  facet normal -1 0 0
    outer loop
      vertex -2.2000000029802322 69.4 3
      vertex -2.2000000029802322 58.83807671802003 14.37670382104691
      vertex -2.2000000029802322 59.216698811968655 14.579081546579456
    endloop
  endfacet
  facet normal -1 0 0
    outer loop
      vertex -2.2000000029802322 69.4 3
      vertex -2.2000000029802322 59.216698811968655 14.579081546579456
      vertex -2.2000000029802322 59.54856385290588 14.85143614709412
    endloop
  endfacet
  facet normal -1 0 0
    outer loop
      vertex -2.2000000029802322 69.4 3
      vertex -2.2000000029802322 59.54856385290588 14.85143614709412
      vertex -2.2000000029802322 59.820918453420546 15.183301188031344
    endloop
  endfacet
  facet normal -0.9978589232386036 0.06540312923014342 0
    outer loop
      vertex -2.2000000029802322 69.4 3
      vertex -2.2000000029802322 69.4 22.799999999999994
      vertex -2.1084600196545065 70.79663025714356 3
    endloop
  endfacet
  facet normal -0.9807852804032303 0.1950903220161294 7.248541485823762e-19
    outer loop
      vertex -2.1084600196545065 70.79663025714356 3
      vertex -1.835406344171714 72.16936378336831 22.799999999999994
      vertex -1.835406344171714 72.16936378336831 3
    endloop
  endfacet
  facet normal -0.9469301294951061 0.3214394653031601 1.0776949983843289e-17
    outer loop
      vertex -1.835406344171714 72.16936378336831 3
      vertex -1.3855110006241433 73.49471272744695 22.799999999999994
      vertex -1.3855110006241436 73.49471272744695 3
    endloop
  endfacet
  facet normal -0.8968727415326883 0.44228869021900113 1.0057866341497756e-17
    outer loop
      vertex -1.3855110006241436 73.49471272744695 3
      vertex -1.3855110006241433 73.49471272744695 22.799999999999994
      vertex -0.7664718230744505 74.75000000149012 3
    endloop
  endfacet
  facet normal -0.8314696123025466 0.5555702330196002 6.138118135839044e-19
    outer loop
      vertex -0.7664718230744505 74.75000000149012 3
      vertex 0.011119256519407372 75.91374729220757 22.799999999999994
      vertex 0.011119256519407372 75.91374729220757 3
    endloop
  endfacet
  facet normal -0.7518398074789739 0.6593458151000726 1.8946953842138416e-18
    outer loop
      vertex 0.011119256519407372 75.91374729220757 3
      vertex 0.9339574391965986 76.9660425608034 22.799999999999994
      vertex 0.9339574391965986 76.9660425608034 3
    endloop
  endfacet
  facet normal -0.6593458151000704 0.751839807478976 1.6154375677437876e-17
    outer loop
      vertex 0.9339574391965986 76.9660425608034 3
      vertex 1.9862527077924388 77.8888807434806 22.799999999999994
      vertex 1.9862527077924383 77.8888807434806 3
    endloop
  endfacet
  facet normal -0.5555702330196044 0.8314696123025439 1.2460744737267239e-17
    outer loop
      vertex 1.9862527077924383 77.8888807434806 3
      vertex 1.9862527077924388 77.8888807434806 22.799999999999994
      vertex 3.149999998509884 78.66647182307446 3
    endloop
  endfacet
  facet normal -0.4422886902190022 0.8968727415326878 -3.7960382638860373e-19
    outer loop
      vertex 3.149999998509884 78.66647182307446 3
      vertex 4.405287272553053 79.28551100062415 22.799999999999994
      vertex 4.405287272553053 79.28551100062415 3
    endloop
  endfacet
  facet normal -0.3214394653031594 0.9469301294951064 -6.614193307898069e-19
    outer loop
      vertex 4.405287272553053 79.28551100062415 3
      vertex 5.730636216631687 79.73540634417172 22.799999999999994
      vertex 5.730636216631687 79.73540634417172 3
    endloop
  endfacet
  facet normal -0.19509032201612267 0.9807852804032315 9.121550175579285e-18
    outer loop
      vertex 5.730636216631687 79.73540634417172 3
      vertex 7.103369742856451 80.0084600196545 22.799999999999994
      vertex 7.10336974285645 80.0084600196545 3
    endloop
  endfacet
  facet normal -0.06540312923014749 0.9978589232386031 2.9338206041957314e-18
    outer loop
      vertex 7.10336974285645 80.0084600196545 3
      vertex 7.103369742856451 80.0084600196545 22.799999999999994
      vertex 8.5 80.10000000298024 3
    endloop
  endfacet
  facet normal 0 0 -1
    outer loop
      vertex 1.4058344311157747 3.0564553018040197 0
      vertex 0.23866922028407345 72.82195525220864 0
      vertex 56.59416556888422 74.84354469819598 0
    endloop
  endfacet
  facet normal 0 0 -1
    outer loop
      vertex 0.23866922028407345 72.82195525220864 0
      vertex 8.5 78.34200000000001 0
      vertex 56.59416556888422 74.84354469819598 0
    endloop
  endfacet
  facet normal 5.74606672770439e-19 0.7153027344154651 -0.6988147094457579
    outer loop
      vertex 8.5 78.34200000000001 0
      vertex 8.5 79.4454944446683 1.129530593752861
      vertex 49.5 79.4454944446683 1.129530593752861
    endloop
  endfacet
  facet normal 0 0.8467241975358666 -0.5320320792088037
    outer loop
      vertex 8.5 79.4454944446683 1.129530593752861
      vertex 8.5 79.8029066041112 1.6983487829566002
      vertex 49.5 79.4454944446683 1.129530593752861
    endloop
  endfacet
  facet normal 0 0.9438833285715732 -0.3302790669186404
    outer loop
      vertex 8.5 79.8029066041112 1.6983487829566002
      vertex 8.5 80.0247837394476 2.3324371948838234
      vertex 49.5 80.0247837394476 2.3324371948838234
    endloop
  endfacet
  facet normal 0 0.993712209940902 -0.11196447568031877
    outer loop
      vertex 8.5 80.0247837394476 2.3324371948838234
      vertex 8.5 80.10000000298024 3
      vertex 49.5 80.0247837394476 2.3324371948838234
    endloop
  endfacet
  facet normal -1 0 0
    outer loop
      vertex -2.2000000029802322 8.500000000000021 22.799999999999994
      vertex -2.2000000029802322 56.45143614709412 14.85143614709412
      vertex -2.2000000029802322 69.4 3
    endloop
  endfacet
  facet normal -1 0 0
    outer loop
      vertex -2.2000000029802322 8.500000000000021 22.799999999999994
      vertex -2.2000000029802322 56.179081546579454 15.183301188031344
      vertex -2.2000000029802322 56.45143614709412 14.85143614709412
    endloop
  endfacet
  facet normal -1 0 0
    outer loop
      vertex -2.2000000029802322 8.500000000000021 22.799999999999994
      vertex -2.2000000029802322 55.976703821046904 15.561923281979968
      vertex -2.2000000029802322 56.179081546579454 15.183301188031344
    endloop
  endfacet
  facet normal -1 0 0
    outer loop
      vertex -2.2000000029802322 8.500000000000021 22.799999999999994
      vertex -2.2000000029802322 55.852080232993956 15.972752194203267
      vertex -2.2000000029802322 55.976703821046904 15.561923281979968
    endloop
  endfacet
  facet normal -1 0 0
    outer loop
      vertex -2.2000000029802322 8.500000000000021 22.799999999999994
      vertex -2.2000000029802322 55.809999997019766 16.400000000000002
      vertex -2.2000000029802322 55.852080232993956 15.972752194203267
    endloop
  endfacet
  facet normal -1 0 0
    outer loop
      vertex -2.2000000029802322 8.500000000000021 22.799999999999994
      vertex -2.2000000029802322 55.852080232993956 16.827247805796738
      vertex -2.2000000029802322 55.809999997019766 16.400000000000002
    endloop
  endfacet
  facet normal -1 0 0
    outer loop
      vertex -2.2000000029802322 8.500000000000021 22.799999999999994
      vertex -2.2000000029802322 55.976703821046904 17.238076718020032
      vertex -2.2000000029802322 55.852080232993956 16.827247805796738
    endloop
  endfacet
  facet normal -1 0 0
    outer loop
      vertex -2.2000000029802322 8.500000000000021 22.799999999999994
      vertex -2.2000000029802322 56.179081546579454 17.616698811968657
      vertex -2.2000000029802322 55.976703821046904 17.238076718020032
    endloop
  endfacet
  facet normal -1 0 0
    outer loop
      vertex -2.2000000029802322 8.500000000000021 22.799999999999994
      vertex -2.2000000029802322 56.45143614709412 17.948563852905885
      vertex -2.2000000029802322 56.179081546579454 17.616698811968657
    endloop
  endfacet
  facet normal -1 0 0
    outer loop
      vertex -2.2000000029802322 8.500000000000021 22.799999999999994
      vertex -2.2000000029802322 56.783301188031345 18.22091845342055
      vertex -2.2000000029802322 56.45143614709412 17.948563852905885
    endloop
  endfacet
  facet normal -1 0 0
    outer loop
      vertex -2.2000000029802322 8.500000000000021 22.799999999999994
      vertex -2.2000000029802322 57.16192328197997 18.423296178953095
      vertex -2.2000000029802322 56.783301188031345 18.22091845342055
    endloop
  endfacet
  facet normal -1 0 0
    outer loop
      vertex -2.2000000029802322 8.500000000000021 22.799999999999994
      vertex -2.2000000029802322 69.4 22.799999999999994
      vertex -2.2000000029802322 57.16192328197997 18.423296178953095
    endloop
  endfacet
  facet normal -1 0 0
    outer loop
      vertex -2.2000000029802322 69.4 3
      vertex -2.2000000029802322 59.820918453420546 15.183301188031344
      vertex -2.2000000029802322 69.4 22.799999999999994
    endloop
  endfacet
  facet normal -0.9978589232386036 0.06540312923014342 0
    outer loop
      vertex -2.1084600196545065 70.79663025714356 3
      vertex -2.2000000029802322 69.4 22.799999999999994
      vertex -2.1084600196545065 70.79663025714356 22.799999999999994
    endloop
  endfacet
  facet normal -0.9807852804032303 0.1950903220161294 0
    outer loop
      vertex -2.1084600196545065 70.79663025714356 3
      vertex -2.1084600196545065 70.79663025714356 22.799999999999994
      vertex -1.835406344171714 72.16936378336831 22.799999999999994
    endloop
  endfacet
  facet normal -0.9469301294951061 0.3214394653031603 0
    outer loop
      vertex -1.835406344171714 72.16936378336831 3
      vertex -1.835406344171714 72.16936378336831 22.799999999999994
      vertex -1.3855110006241433 73.49471272744695 22.799999999999994
    endloop
  endfacet
  facet normal -0.8968727415326884 0.442288690219001 0
    outer loop
      vertex -0.7664718230744505 74.75000000149012 3
      vertex -1.3855110006241433 73.49471272744695 22.799999999999994
      vertex -0.7664718230744505 74.75000000149012 22.799999999999994
    endloop
  endfacet
  facet normal -0.8314696123025466 0.5555702330196002 0
    outer loop
      vertex -0.7664718230744505 74.75000000149012 3
      vertex -0.7664718230744505 74.75000000149012 22.799999999999994
      vertex 0.011119256519407372 75.91374729220757 22.799999999999994
    endloop
  endfacet
  facet normal -0.7518398074789739 0.6593458151000726 0
    outer loop
      vertex 0.011119256519407372 75.91374729220757 3
      vertex 0.011119256519407372 75.91374729220757 22.799999999999994
      vertex 0.9339574391965986 76.9660425608034 22.799999999999994
    endloop
  endfacet
  facet normal -0.6593458151000703 0.7518398074789762 0
    outer loop
      vertex 0.9339574391965986 76.9660425608034 3
      vertex 0.9339574391965986 76.9660425608034 22.799999999999994
      vertex 1.9862527077924388 77.8888807434806 22.799999999999994
    endloop
  endfacet
  facet normal -0.5555702330196045 0.8314696123025437 0
    outer loop
      vertex 3.149999998509884 78.66647182307446 3
      vertex 1.9862527077924388 77.8888807434806 22.799999999999994
      vertex 3.149999998509884 78.66647182307446 22.799999999999994
    endloop
  endfacet
  facet normal -0.4422886902190022 0.8968727415326878 0
    outer loop
      vertex 3.149999998509884 78.66647182307446 3
      vertex 3.149999998509884 78.66647182307446 22.799999999999994
      vertex 4.405287272553053 79.28551100062415 22.799999999999994
    endloop
  endfacet
  facet normal -0.3214394653031594 0.9469301294951064 0
    outer loop
      vertex 4.405287272553053 79.28551100062415 3
      vertex 4.405287272553053 79.28551100062415 22.799999999999994
      vertex 5.730636216631687 79.73540634417172 22.799999999999994
    endloop
  endfacet
  facet normal -0.19509032201612256 0.9807852804032315 0
    outer loop
      vertex 5.730636216631687 79.73540634417172 3
      vertex 5.730636216631687 79.73540634417172 22.799999999999994
      vertex 7.103369742856451 80.0084600196545 22.799999999999994
    endloop
  endfacet
  facet normal -0.06540312923014753 0.9978589232386031 0
    outer loop
      vertex 8.5 80.10000000298024 3
      vertex 7.103369742856451 80.0084600196545 22.799999999999994
      vertex 8.5 80.10000000298024 22.799999999999994
    endloop
  endfacet
  facet normal 0 1 0
    outer loop
      vertex 8.5 80.10000000298024 3
      vertex 8.5 80.10000000298024 22.799999999999994
      vertex 16.31771412672674 80.10000000298024 20.339610442278733
    endloop
  endfacet
  facet normal -1 0 0
    outer loop
      vertex -2.2000000029802322 69.4 22.799999999999994
      vertex -2.2000000029802322 59.820918453420546 15.183301188031344
      vertex -2.2000000029802322 60.023296178953096 15.561923281979968
    endloop
  endfacet
  facet normal -1 0 0
    outer loop
      vertex -2.2000000029802322 69.4 22.799999999999994
      vertex -2.2000000029802322 60.023296178953096 15.561923281979968
      vertex -2.2000000029802322 60.147919767006044 15.972752194203267
    endloop
  endfacet
  facet normal -1 0 0
    outer loop
      vertex -2.2000000029802322 69.4 22.799999999999994
      vertex -2.2000000029802322 60.147919767006044 15.972752194203267
      vertex -2.2000000029802322 60.190000002980234 16.400000000000002
    endloop
  endfacet
  facet normal -1 0 0
    outer loop
      vertex -2.2000000029802322 69.4 22.799999999999994
      vertex -2.2000000029802322 57.57275219420327 18.547919767006043
      vertex -2.2000000029802322 57.16192328197997 18.423296178953095
    endloop
  endfacet
  facet normal -1 0 0
    outer loop
      vertex -2.2000000029802322 69.4 22.799999999999994
      vertex -2.2000000029802322 60.190000002980234 16.400000000000002
      vertex -2.2000000029802322 60.147919767006044 16.827247805796738
    endloop
  endfacet
  facet normal -1 0 0
    outer loop
      vertex -2.2000000029802322 69.4 22.799999999999994
      vertex -2.2000000029802322 60.147919767006044 16.827247805796738
      vertex -2.2000000029802322 60.023296178953096 17.238076718020032
    endloop
  endfacet
  facet normal -1 0 0
    outer loop
      vertex -2.2000000029802322 69.4 22.799999999999994
      vertex -2.2000000029802322 60.023296178953096 17.238076718020032
      vertex -2.2000000029802322 59.820918453420546 17.616698811968657
    endloop
  endfacet
  facet normal -1 0 0
    outer loop
      vertex -2.2000000029802322 69.4 22.799999999999994
      vertex -2.2000000029802322 59.820918453420546 17.616698811968657
      vertex -2.2000000029802322 59.54856385290588 17.948563852905885
    endloop
  endfacet
  facet normal -1 0 0
    outer loop
      vertex -2.2000000029802322 69.4 22.799999999999994
      vertex -2.2000000029802322 59.54856385290588 17.948563852905885
      vertex -2.2000000029802322 59.216698811968655 18.22091845342055
    endloop
  endfacet
  facet normal -1 0 0
    outer loop
      vertex -2.2000000029802322 69.4 22.799999999999994
      vertex -2.2000000029802322 58.83807671802003 18.423296178953095
      vertex -2.2000000029802322 58.42724780579673 18.547919767006043
    endloop
  endfacet
  facet normal -1 0 0
    outer loop
      vertex -2.2000000029802322 69.4 22.799999999999994
      vertex -2.2000000029802322 59.216698811968655 18.22091845342055
      vertex -2.2000000029802322 58.83807671802003 18.423296178953095
    endloop
  endfacet
  facet normal -1 0 0
    outer loop
      vertex -2.2000000029802322 69.4 22.799999999999994
      vertex -2.2000000029802322 58 18.590000002980233
      vertex -2.2000000029802322 57.57275219420327 18.547919767006043
    endloop
  endfacet
  facet normal -1 0 0
    outer loop
      vertex -2.2000000029802322 69.4 22.799999999999994
      vertex -2.2000000029802322 58.42724780579673 18.547919767006043
      vertex -2.2000000029802322 58 18.590000002980233
    endloop
  endfacet
  facet normal 0 1 0
    outer loop
      vertex 8.5 80.10000000298024 3
      vertex 17.86091270347399 80.10000000298024 17.310912703473992
      vertex 18.5171811123914 80.10000000298024 16.75040653093779
    endloop
  endfacet
  facet normal 0 1 0
    outer loop
      vertex 8.5 80.10000000298024 3
      vertex 17.30040653093779 80.10000000298024 17.9671811123914
      vertex 17.86091270347399 80.10000000298024 17.310912703473992
    endloop
  endfacet
  facet normal 0 1 0
    outer loop
      vertex 8.5 80.10000000298024 3
      vertex 19.253052251432493 80.10000000298024 16.29946411696398
      vertex 20.05040653093779 80.10000000298024 15.969189160376658
    endloop
  endfacet
  facet normal 0 1 0
    outer loop
      vertex 8.5 80.10000000298024 3
      vertex 18.5171811123914 80.10000000298024 16.75040653093779
      vertex 19.253052251432493 80.10000000298024 16.29946411696398
    endloop
  endfacet
  facet normal 0 1 0
    outer loop
      vertex 8.5 80.10000000298024 3
      vertex 20.05040653093779 80.10000000298024 15.969189160376658
      vertex 20.88961044227873 80.10000000298024 15.767714126726744
    endloop
  endfacet
  facet normal 0 1 0
    outer loop
      vertex 8.5 80.10000000298024 3
      vertex 20.88961044227873 80.10000000298024 15.767714126726744
      vertex 21.75 80.10000000298024 15.700000000000003
    endloop
  endfacet
  facet normal 0 1 0
    outer loop
      vertex 8.5 80.10000000298024 3
      vertex 16.849464116963976 80.10000000298024 18.703052251432496
      vertex 17.30040653093779 80.10000000298024 17.9671811123914
    endloop
  endfacet
  facet normal 0 1 0
    outer loop
      vertex 8.5 80.10000000298024 3
      vertex 16.519189160376655 80.10000000298024 19.50040653093779
      vertex 16.849464116963976 80.10000000298024 18.703052251432496
    endloop
  endfacet
  facet normal 0 1 0
    outer loop
      vertex 8.5 80.10000000298024 3
      vertex 21.75 80.10000000298024 15.700000000000003
      vertex 22.61038955772127 80.10000000298024 15.767714126726744
    endloop
  endfacet
  facet normal 0 1 0
    outer loop
      vertex 8.5 80.10000000298024 3
      vertex 22.61038955772127 80.10000000298024 15.767714126726744
      vertex 23.44959346906221 80.10000000298024 15.969189160376658
    endloop
  endfacet
  facet normal 0 1 0
    outer loop
      vertex 8.5 80.10000000298024 3
      vertex 16.31771412672674 80.10000000298024 20.339610442278733
      vertex 16.519189160376655 80.10000000298024 19.50040653093779
    endloop
  endfacet
  facet normal 0 1 0
    outer loop
      vertex 8.5 80.10000000298024 3
      vertex 23.44959346906221 80.10000000298024 15.969189160376658
      vertex 49.5 80.10000000298024 22.799999999999994
    endloop
  endfacet
  facet normal 0 1 0
    outer loop
      vertex 8.5 80.10000000298024 22.799999999999994
      vertex 16.25 80.10000000298024 21.200000000000003
      vertex 16.31771412672674 80.10000000298024 20.339610442278733
    endloop
  endfacet
  facet normal 0 1 0
    outer loop
      vertex 8.5 80.10000000298024 22.799999999999994
      vertex 16.31771412672674 80.10000000298024 22.060389557721273
      vertex 16.25 80.10000000298024 21.200000000000003
    endloop
  endfacet
  facet normal 0 1 0
    outer loop
      vertex 8.5 80.10000000298024 22.799999999999994
      vertex 16.495278883911713 80.10000000298024 22.799999999999994
      vertex 16.31771412672674 80.10000000298024 22.060389557721273
    endloop
  endfacet
  facet normal 0 0 -1
    outer loop
      vertex 8.5 -0.44200000000000017 0
      vertex 50.6671652108317 -0.36549995040461347 0
      vertex 49.5 -0.44200000000000017 0
    endloop
  endfacet
  facet normal 0 -0.7153027344154627 -0.6988147094457601
    outer loop
      vertex 8.5 -0.44200000000000017 0
      vertex 49.5 -0.44200000000000017 0
      vertex 49.5 -1.545494444668293 1.129530593752861
    endloop
  endfacet
  facet normal 0 -0.8467241975358666 -0.5320320792088037
    outer loop
      vertex 8.5 -1.9029066041111946 1.6983487829566002
      vertex 49.5 -1.545494444668293 1.129530593752861
      vertex 49.5 -1.9029066041111946 1.6983487829566002
    endloop
  endfacet
  facet normal 0 -0.9438833285715732 -0.3302790669186404
    outer loop
      vertex 8.5 -1.9029066041111946 1.6983487829566002
      vertex 49.5 -1.9029066041111946 1.6983487829566002
      vertex 49.5 -2.1247837394475937 2.3324371948838234
    endloop
  endfacet
  facet normal 0 -0.993712209940902 -0.11196447568031877
    outer loop
      vertex 8.5 -2.1247837394475937 2.3324371948838234
      vertex 49.5 -2.1247837394475937 2.3324371948838234
      vertex 49.5 -2.2000000029802322 3
    endloop
  endfacet
  facet normal 0 0 -1
    outer loop
      vertex 8.5 -0.44200000000000017 0
      vertex 56.59416556888422 3.0564553018040197 0
      vertex 50.6671652108317 -0.36549995040461347 0
    endloop
  endfacet
  facet normal 0 -1 0
    outer loop
      vertex 49.5 -2.2000000029802322 3
      vertex 25.700000001490118 -2.2000000029802322 12.799999995529653
      vertex 14.499999998509885 -2.2000000029802322 12.799999995529653
    endloop
  endfacet
  facet normal 0 -1 0
    outer loop
      vertex 49.5 -2.2000000029802322 3
      vertex 25.793860679864885 -2.2000000029802322 12.807386992871763
      vertex 25.700000001490118 -2.2000000029802322 12.799999995529653
    endloop
  endfacet
  facet normal 0 -1 0
    outer loop
      vertex 49.5 -2.2000000029802322 3
      vertex 25.885410195589067 -2.2000000029802322 12.829366086423398
      vertex 25.793860679864885 -2.2000000029802322 12.807386992871763
    endloop
  endfacet
  facet normal 0 -1 0
    outer loop
      vertex 49.5 -2.2000000029802322 3
      vertex 25.97239430099726 -2.2000000029802322 12.865396080911161
      vertex 25.885410195589067 -2.2000000029802322 12.829366086423398
    endloop
  endfacet
  facet normal 0 -1 0
    outer loop
      vertex 49.5 -2.2000000029802322 3
      vertex 26.05267115533352 -2.2000000029802322 12.914589798450471
      vertex 25.97239430099726 -2.2000000029802322 12.865396080911161
    endloop
  endfacet
  facet normal 0 -1 0
    outer loop
      vertex 49.5 -2.2000000029802322 3
      vertex 26.124264067411424 -2.2000000029802322 12.975735931098463
      vertex 26.05267115533352 -2.2000000029802322 12.914589798450471
    endloop
  endfacet
  facet normal 0 -1 0
    outer loop
      vertex 49.5 -2.2000000029802322 3
      vertex 26.185410200059415 -2.2000000029802322 13.047328843176366
      vertex 26.124264067411424 -2.2000000029802322 12.975735931098463
    endloop
  endfacet
  facet normal 0 -1 0
    outer loop
      vertex 49.5 -2.2000000029802322 3
      vertex 26.234603917598726 -2.2000000029802322 13.127605697512628
      vertex 26.185410200059415 -2.2000000029802322 13.047328843176366
    endloop
  endfacet
  facet normal 0 -1 0
    outer loop
      vertex 49.5 -2.2000000029802322 3
      vertex 26.27063391208649 -2.2000000029802322 13.21458980292082
      vertex 26.234603917598726 -2.2000000029802322 13.127605697512628
    endloop
  endfacet
  facet normal 0 -1 0
    outer loop
      vertex 49.5 -2.2000000029802322 3
      vertex 26.292613005638124 -2.2000000029802322 13.306139318645002
      vertex 26.27063391208649 -2.2000000029802322 13.21458980292082
    endloop
  endfacet
  facet normal 0 -1 0
    outer loop
      vertex 49.5 -2.2000000029802322 3
      vertex 26.300000002980234 -2.2000000029802322 13.39999999701977
      vertex 26.292613005638124 -2.2000000029802322 13.306139318645002
    endloop
  endfacet
  facet normal 0 -1 0
    outer loop
      vertex 49.5 -2.2000000029802322 3
      vertex 41.5 -2.2000000029802322 14.8
      vertex 26.300000002980234 -2.2000000029802322 13.39999999701977
    endloop
  endfacet
  facet normal 0 -1 0
    outer loop
      vertex 49.5 -2.2000000029802322 3
      vertex 41.994427190999915 -2.2000000029802322 14.878309573927755
      vertex 41.5 -2.2000000029802322 14.8
    endloop
  endfacet
  facet normal 0 0 -1
    outer loop
      vertex 1.4058344311157747 3.0564553018040197 0
      vertex 56.59416556888422 74.84354469819598 0
      vertex 56.59416556888422 3.0564553018040197 0
    endloop
  endfacet
  facet normal 0.04683197679898939 -0.714517890685837 -0.6980479566899119
    outer loop
      vertex 49.5 -0.44200000000000017 0
      vertex 50.6671652108317 -0.36549995040461347 0
      vertex 49.5 -1.545494444668293 1.129530593752861
    endloop
  endfacet
  facet normal 0.04683197679899031 -0.7145178906858375 -0.6980479566899114
    outer loop
      vertex 49.5 -1.545494444668293 1.129530593752861
      vertex 50.6671652108317 -0.36549995040461347 0
      vertex 50.81120013883023 -1.4595538471255374 1.129530593752861
    endloop
  endfacet
  facet normal 0.055411968701988036 -0.8454232706347717 -0.5312146526534969
    outer loop
      vertex 49.5 -1.545494444668293 1.129530593752861
      vertex 50.81120013883023 -1.4595538471255374 1.129530593752861
      vertex 50.85785178705546 -1.8139082959977202 1.6983487829566002
    endloop
  endfacet
  facet normal 0 0 -1
    outer loop
      vertex 50.6671652108317 -0.36549995040461347 0
      vertex 52.92195525220863 0.23866922028407345 0
      vertex 51.81435990130674 -0.13730873867684856 0
    endloop
  endfacet
  facet normal 0.1396946222896616 -0.7022922914744171 -0.6980479566899119
    outer loop
      vertex 50.6671652108317 -0.36549995040461347 0
      vertex 51.81435990130674 -0.13730873867684856 0
      vertex 52.09996527975172 -1.2032025219484659 1.129530593752861
    endloop
  endfacet
  facet normal 0.2301670540622892 -0.6780502764436617 -0.698047956689912
    outer loop
      vertex 51.81435990130674 -0.13730873867684856 0
      vertex 52.92195525220863 0.23866922028407345 0
      vertex 52.09996527975172 -1.2032025219484659 1.129530593752861
    endloop
  endfacet
  facet normal 0.13969462228966073 -0.7022922914744177 -0.6980479566899115
    outer loop
      vertex 50.6671652108317 -0.36549995040461347 0
      vertex 52.09996527975172 -1.2032025219484659 1.129530593752861
      vertex 50.81120013883023 -1.4595538471255374 1.129530593752861
    endloop
  endfacet
  facet normal 0.16528779195837007 -0.8309578440785977 -0.531214652653497
    outer loop
      vertex 50.81120013883023 -1.4595538471255374 1.129530593752861
      vertex 52.09996527975172 -1.2032025219484659 1.129530593752861
      vertex 50.85785178705546 -1.8139082959977202 1.6983487829566002
    endloop
  endfacet
  facet normal 0.0554119687019874 -0.8454232706347725 -0.5312146526534957
    outer loop
      vertex 49.5 -1.545494444668293 1.129530593752861
      vertex 50.85785178705546 -1.8139082959977202 1.6983487829566002
      vertex 49.5 -1.9029066041111946 1.6983487829566002
    endloop
  endfacet
  facet normal 0.06174733112831028 -0.942082222637076 -0.3296488326836872
    outer loop
      vertex 49.5 -1.9029066041111946 1.6983487829566002
      vertex 50.85785178705546 -1.8139082959977202 1.6983487829566002
      vertex 49.5 -2.1247837394475937 2.3324371948838234
    endloop
  endfacet
  facet normal 0.061747331128310046 -0.9420822226370759 -0.32964883268368766
    outer loop
      vertex 49.5 -2.1247837394475937 2.3324371948838234
      vertex 50.85785178705546 -1.8139082959977202 1.6983487829566002
      vertex 50.886812564671615 -2.0338872416833347 2.3324371948838234
    endloop
  endfacet
  facet normal 0.06499363071030553 -0.9916111831551758 -0.11172774681646781
    outer loop
      vertex 49.5 -2.1247837394475937 2.3324371948838234
      vertex 50.886812564671615 -2.0338872416833347 2.3324371948838234
      vertex 49.5 -2.2000000029802322 3
    endloop
  endfacet
  facet normal 0.06499363071030634 -0.9916111831551759 -0.11172774681646618
    outer loop
      vertex 50.886812564671615 -2.0338872416833347 2.3324371948838234
      vertex 50.89663025714355 -2.1084600196545065 3
      vertex 49.5 -2.2000000029802322 3
    endloop
  endfacet
  facet normal 0.1841854794297295 -0.9259629346132179 -0.3296488326836881
    outer loop
      vertex 50.85785178705546 -1.8139082959977202 1.6983487829566002
      vertex 52.19247035356677 -1.5484361573841117 1.6983487829566002
      vertex 50.886812564671615 -2.0338872416833347 2.3324371948838234
    endloop
  endfacet
  facet normal 0.1652877919583695 -0.8309578440785974 -0.5312146526534978
    outer loop
      vertex 52.09996527975172 -1.2032025219484659 1.129530593752861
      vertex 52.19247035356677 -1.5484361573841117 1.6983487829566002
      vertex 50.85785178705546 -1.8139082959977202 1.6983487829566002
    endloop
  endfacet
  facet normal 0.18418547942973088 -0.9259629346132185 -0.3296488326836858
    outer loop
      vertex 52.19247035356677 -1.5484361573841117 1.6983487829566002
      vertex 52.249896381864616 -1.7627530126685738 2.3324371948838234
      vertex 50.886812564671615 -2.0338872416833347 2.3324371948838234
    endloop
  endfacet
  facet normal 0.19386883308982408 -0.9746444408848314 -0.11172774681646597
    outer loop
      vertex 50.886812564671615 -2.0338872416833347 2.3324371948838234
      vertex 52.26936378336831 -1.835406344171714 3
      vertex 50.89663025714355 -2.1084600196545065 3
    endloop
  endfacet
  facet normal 0.19386883308982497 -0.974644440884831 -0.11172774681646788
    outer loop
      vertex 50.886812564671615 -2.0338872416833347 2.3324371948838234
      vertex 52.249896381864616 -1.7627530126685738 2.3324371948838234
      vertex 52.26936378336831 -1.835406344171714 3
    endloop
  endfacet
  facet normal 0.3167012637255496 -0.6422066331919022 -0.6980479566899122
    outer loop
      vertex 52.92195525220863 0.23866922028407345 0
      vertex 53.971000000000004 0.7560008393595501 0
      vertex 53.34424429389011 -0.7808267113848704 1.129530593752861
    endloop
  endfacet
  facet normal 0.2723354952679112 -0.8022744984251989 -0.5312146526534985
    outer loop
      vertex 52.09996527975172 -1.2032025219484659 1.129530593752861
      vertex 53.34424429389011 -0.7808267113848704 1.129530593752861
      vertex 52.19247035356677 -1.5484361573841117 1.6983487829566002
    endloop
  endfacet
  facet normal 0.23016705406228916 -0.6780502764436616 -0.6980479566899119
    outer loop
      vertex 52.09996527975172 -1.2032025219484659 1.129530593752861
      vertex 52.92195525220863 0.23866922028407345 0
      vertex 53.34424429389011 -0.7808267113848704 1.129530593752861
    endloop
  endfacet
  facet normal 0.31670126372555124 -0.6422066331919022 -0.6980479566899114
    outer loop
      vertex 53.34424429389011 -0.7808267113848704 1.129530593752861
      vertex 53.971000000000004 0.7560008393595501 0
      vertex 54.52274722233415 -0.19965338265819277 1.129530593752861
    endloop
  endfacet
  facet normal 0.37472346274775775 -0.7598640136712321 -0.5312146526534967
    outer loop
      vertex 53.34424429389011 -0.7808267113848704 1.129530593752861
      vertex 54.52274722233415 -0.19965338265819277 1.129530593752861
      vertex 54.7014533020556 -0.5091813923572008 1.6983487829566002
    endloop
  endfacet
  facet normal 0 0 -1
    outer loop
      vertex 50.6671652108317 -0.36549995040461347 0
      vertex 55.822948837370106 2.1770511626298914 0
      vertex 52.92195525220863 0.23866922028407345 0
    endloop
  endfacet
  facet normal 0 0 -1
    outer loop
      vertex 52.92195525220863 0.23866922028407345 0
      vertex 55.822948837370106 2.1770511626298914 0
      vertex 53.971000000000004 0.7560008393595501 0
    endloop
  endfacet
  facet normal 0.3978166269602872 -0.5953746563929133 -0.6980479566899113
    outer loop
      vertex 53.971000000000004 0.7560008393595501 0
      vertex 55.615309553235434 0.5303734274453635 1.129530593752861
      vertex 54.52274722233415 -0.19965338265819277 1.129530593752861
    endloop
  endfacet
  facet normal 0.47069980788701443 -0.7044520449692449 -0.5312146526534983
    outer loop
      vertex 54.52274722233415 -0.19965338265819277 1.129530593752861
      vertex 55.615309553235434 0.5303734274453635 1.129530593752861
      vertex 55.83288829016299 0.2468192968906333 1.6983487829566002
    endloop
  endfacet
  facet normal 0 0 -1
    outer loop
      vertex 50.6671652108317 -0.36549995040461347 0
      vertex 56.59416556888422 3.0564553018040197 0
      vertex 55.822948837370106 2.1770511626298914 0
    endloop
  endfacet
  facet normal 0 0 -1
    outer loop
      vertex 53.971000000000004 0.7560008393595501 0
      vertex 55.822948837370106 2.1770511626298914 0
      vertex 54.94354469819598 1.4058344311157747 0
    endloop
  endfacet
  facet normal 0.3978166269602879 -0.5953746563929118 -0.698047956689912
    outer loop
      vertex 53.971000000000004 0.7560008393595501 0
      vertex 54.94354469819598 1.4058344311157747 0
      vertex 55.615309553235434 0.5303734274453635 1.129530593752861
    endloop
  endfacet
  facet normal 0.4721252374121269 -0.5383556541539999 -0.6980479566899123
    outer loop
      vertex 54.94354469819598 1.4058344311157747 0
      vertex 55.822948837370106 2.1770511626298914 0
      vertex 56.60323724219674 1.3967627578032582 1.129530593752861
    endloop
  endfacet
  facet normal 0.4721252374121268 -0.5383556541540002 -0.698047956689912
    outer loop
      vertex 54.94354469819598 1.4058344311157747 0
      vertex 56.60323724219674 1.3967627578032582 1.129530593752861
      vertex 55.615309553235434 0.5303734274453635 1.129530593752861
    endloop
  endfacet
  facet normal 0.27233549526791495 -0.8022744984252008 -0.5312146526534935
    outer loop
      vertex 52.19247035356677 -1.5484361573841117 1.6983487829566002
      vertex 53.34424429389011 -0.7808267113848704 1.129530593752861
      vertex 53.48102000583473 -1.1110324901648276 1.6983487829566002
    endloop
  endfacet
  facet normal 0.3034721631122463 -0.8940001640527019 -0.3296488326836854
    outer loop
      vertex 52.19247035356677 -1.5484361573841117 1.6983487829566002
      vertex 53.5659287095486 -1.3160202342343634 2.3324371948838234
      vertex 52.249896381864616 -1.7627530126685738 2.3324371948838234
    endloop
  endfacet
  facet normal 0.30347216311224773 -0.8940001640527 -0.3296488326836893
    outer loop
      vertex 52.19247035356677 -1.5484361573841117 1.6983487829566002
      vertex 53.48102000583473 -1.1110324901648276 1.6983487829566002
      vertex 53.5659287095486 -1.3160202342343634 2.3324371948838234
    endloop
  endfacet
  facet normal 0.4175663539455302 -0.8467408028215699 -0.32964883268369
    outer loop
      vertex 53.48102000583473 -1.1110324901648276 1.6983487829566002
      vertex 54.7014533020556 -0.5091813923572008 1.6983487829566002
      vertex 53.5659287095486 -1.3160202342343634 2.3324371948838234
    endloop
  endfacet
  facet normal 0.3747234627477568 -0.7598640136712355 -0.5312146526534928
    outer loop
      vertex 53.34424429389011 -0.7808267113848704 1.129530593752861
      vertex 54.7014533020556 -0.5091813923572008 1.6983487829566002
      vertex 53.48102000583473 -1.1110324901648276 1.6983487829566002
    endloop
  endfacet
  facet normal 0.319426885984582 -0.9410012620084567 -0.1117277468164678
    outer loop
      vertex 52.249896381864616 -1.7627530126685738 2.3324371948838234
      vertex 53.59471272744695 -1.3855110006241436 3
      vertex 52.26936378336831 -1.835406344171714 3
    endloop
  endfacet
  facet normal 0.31942688598458197 -0.9410012620084568 -0.11172774681646751
    outer loop
      vertex 52.249896381864616 -1.7627530126685738 2.3324371948838234
      vertex 53.5659287095486 -1.3160202342343634 2.3324371948838234
      vertex 53.59471272744695 -1.3855110006241436 3
    endloop
  endfacet
  facet normal 0.4395194562982787 -0.891257290644279 -0.11172774681646726
    outer loop
      vertex 53.5659287095486 -1.3160202342343634 2.3324371948838234
      vertex 54.850000001490116 -0.7664718230744505 3
      vertex 53.59471272744695 -1.3855110006241436 3
    endloop
  endfacet
  facet normal 0.4706998078870142 -0.7044520449692462 -0.5312146526534967
    outer loop
      vertex 54.52274722233415 -0.19965338265819277 1.129530593752861
      vertex 55.83288829016299 0.2468192968906333 1.6983487829566002
      vertex 54.7014533020556 -0.5091813923572008 1.6983487829566002
    endloop
  endfacet
  facet normal 0.41756635394553243 -0.8467408028215703 -0.32964883268368633
    outer loop
      vertex 53.5659287095486 -1.3160202342343634 2.3324371948838234
      vertex 54.7014533020556 -0.5091813923572008 1.6983487829566002
      vertex 54.8123918697238 -0.7013326280774397 2.3324371948838234
    endloop
  endfacet
  facet normal 0.5245158686915439 -0.7849934716932606 -0.3296488326836865
    outer loop
      vertex 54.7014533020556 -0.5091813923572008 1.6983487829566002
      vertex 55.96795853213474 0.07079233043725175 2.3324371948838234
      vertex 54.8123918697238 -0.7013326280774397 2.3324371948838234
    endloop
  endfacet
  facet normal 0.5245158686915435 -0.7849934716932615 -0.3296488326836851
    outer loop
      vertex 54.7014533020556 -0.5091813923572008 1.6983487829566002
      vertex 55.83288829016299 0.2468192968906333 1.6983487829566002
      vertex 55.96795853213474 0.07079233043725175 2.3324371948838234
    endloop
  endfacet
  facet normal 0.4395194562982793 -0.8912572906442785 -0.11172774681646885
    outer loop
      vertex 53.5659287095486 -1.3160202342343634 2.3324371948838234
      vertex 54.8123918697238 -0.7013326280774397 2.3324371948838234
      vertex 54.850000001490116 -0.7664718230744505 3
    endloop
  endfacet
  facet normal 0.5520917268568964 -0.8262636599339735 -0.11172774681646876
    outer loop
      vertex 54.8123918697238 -0.7013326280774397 2.3324371948838234
      vertex 55.96795853213474 0.07079233043725175 2.3324371948838234
      vertex 54.850000001490116 -0.7664718230744505 3
    endloop
  endfacet
  facet normal 0.5520917268568976 -0.8262636599339731 -0.11172774681646637
    outer loop
      vertex 55.96795853213474 0.07079233043725175 2.3324371948838234
      vertex 56.01374729220756 0.011119256519407372 3
      vertex 54.850000001490116 -0.7664718230744505 3
    endloop
  endfacet
  facet normal 0.5586223488106841 -0.6369867064668282 -0.5312146526534985
    outer loop
      vertex 55.615309553235434 0.5303734274453635 1.129530593752861
      vertex 56.85596580381735 1.1440341961826546 1.6983487829566002
      vertex 55.83288829016299 0.2468192968906333 1.6983487829566002
    endloop
  endfacet
  facet normal 0.6224907715009722 -0.7098146846229714 -0.3296488326836851
    outer loop
      vertex 55.83288829016299 0.2468192968906333 1.6983487829566002
      vertex 56.85596580381735 1.1440341961826546 1.6983487829566002
      vertex 55.96795853213474 0.07079233043725175 2.3324371948838234
    endloop
  endfacet
  facet normal 0.5383556541539998 -0.47212523741212575 -0.6980479566899132
    outer loop
      vertex 55.822948837370106 2.1770511626298914 0
      vertex 56.59416556888422 3.0564553018040197 0
      vertex 57.46962657255464 2.384690446764565 1.129530593752861
    endloop
  endfacet
  facet normal 0.5586223488106841 -0.6369867064668281 -0.5312146526534989
    outer loop
      vertex 55.615309553235434 0.5303734274453635 1.129530593752861
      vertex 56.60323724219674 1.3967627578032582 1.129530593752861
      vertex 56.85596580381735 1.1440341961826546 1.6983487829566002
    endloop
  endfacet
  facet normal 0.6369867064668271 -0.5586223488106848 -0.5312146526534992
    outer loop
      vertex 56.60323724219674 1.3967627578032582 1.129530593752861
      vertex 57.46962657255464 2.384690446764565 1.129530593752861
      vertex 56.85596580381735 1.1440341961826546 1.6983487829566002
    endloop
  endfacet
  facet normal 0.5383556541539994 -0.4721252374121274 -0.6980479566899124
    outer loop
      vertex 55.822948837370106 2.1770511626298914 0
      vertex 57.46962657255464 2.384690446764565 1.129530593752861
      vertex 56.60323724219674 1.3967627578032582 1.129530593752861
    endloop
  endfacet
  facet normal 0.655217554900248 -0.747132428918633 -0.11172774681646622
    outer loop
      vertex 55.96795853213474 0.07079233043725175 2.3324371948838234
      vertex 57.0660425608034 0.9339574391965986 3
      vertex 56.01374729220756 0.011119256519407372 3
    endloop
  endfacet
  facet normal 0.6224907715009717 -0.7098146846229714 -0.3296488326836857
    outer loop
      vertex 55.96795853213474 0.07079233043725175 2.3324371948838234
      vertex 56.85596580381735 1.1440341961826546 1.6983487829566002
      vertex 57.01285663080396 0.9871433691960414 2.3324371948838234
    endloop
  endfacet
  facet normal 0.7098146846229715 -0.6224907715009719 -0.3296488326836855
    outer loop
      vertex 56.85596580381735 1.1440341961826546 1.6983487829566002
      vertex 57.92920766956275 2.0320414678652643 2.3324371948838234
      vertex 57.01285663080396 0.9871433691960414 2.3324371948838234
    endloop
  endfacet
  facet normal 0.6369867064668322 -0.5586223488106847 -0.5312146526534933
    outer loop
      vertex 57.46962657255464 2.384690446764565 1.129530593752861
      vertex 57.753180703109365 2.1671117098370116 1.6983487829566002
      vertex 56.85596580381735 1.1440341961826546 1.6983487829566002
    endloop
  endfacet
  facet normal 0.7044520449692475 -0.47069980788701615 -0.531214652653493
    outer loop
      vertex 57.46962657255464 2.384690446764565 1.129530593752861
      vertex 58.5091813923572 3.2985466979444027 1.6983487829566002
      vertex 57.753180703109365 2.1671117098370116 1.6983487829566002
    endloop
  endfacet
  facet normal 0.7098146846229717 -0.6224907715009693 -0.32964883268368955
    outer loop
      vertex 56.85596580381735 1.1440341961826546 1.6983487829566002
      vertex 57.753180703109365 2.1671117098370116 1.6983487829566002
      vertex 57.92920766956275 2.0320414678652643 2.3324371948838234
    endloop
  endfacet
  facet normal 0.7849934716932595 -0.5245158686915435 -0.3296488326836898
    outer loop
      vertex 57.753180703109365 2.1671117098370116 1.6983487829566002
      vertex 58.5091813923572 3.2985466979444027 1.6983487829566002
      vertex 57.92920766956275 2.0320414678652643 2.3324371948838234
    endloop
  endfacet
  facet normal 0.6552175549002485 -0.7471324289186323 -0.11172774681646806
    outer loop
      vertex 55.96795853213474 0.07079233043725175 2.3324371948838234
      vertex 57.01285663080396 0.9871433691960414 2.3324371948838234
      vertex 57.0660425608034 0.9339574391965986 3
    endloop
  endfacet
  facet normal 0.7471324289186322 -0.6552175549002486 -0.11172774681646813
    outer loop
      vertex 57.01285663080396 0.9871433691960414 2.3324371948838234
      vertex 57.92920766956275 2.0320414678652643 2.3324371948838234
      vertex 57.0660425608034 0.9339574391965986 3
    endloop
  endfacet
  facet normal 0.7471324289186332 -0.6552175549002479 -0.11172774681646598
    outer loop
      vertex 57.92920766956275 2.0320414678652643 2.3324371948838234
      vertex 57.98888074348059 1.9862527077924383 3
      vertex 57.0660425608034 0.9339574391965986 3
    endloop
  endfacet
  facet normal 0.8262636599339747 -0.5520917268568954 -0.11172774681646565
    outer loop
      vertex 57.92920766956275 2.0320414678652643 2.3324371948838234
      vertex 58.70133262807744 3.187608130276203 2.3324371948838234
      vertex 57.98888074348059 1.9862527077924383 3
    endloop
  endfacet
  facet normal 0.7849934716932614 -0.5245158686915427 -0.32964883268368655
    outer loop
      vertex 57.92920766956275 2.0320414678652643 2.3324371948838234
      vertex 58.5091813923572 3.2985466979444027 1.6983487829566002
      vertex 58.70133262807744 3.187608130276203 2.3324371948838234
    endloop
  endfacet
  facet normal 0.8262636599339712 -0.5520917268568987 -0.11172774681647525
    outer loop
      vertex 58.70133262807744 3.187608130276203 2.3324371948838234
      vertex 58.766471823074454 3.149999998509884 3
      vertex 57.98888074348059 1.9862527077924383 3
    endloop
  endfacet
  facet normal 0 0 -1
    outer loop
      vertex 56.59416556888422 3.0564553018040197 0
      vertex 57.76133077971593 5.078044747791367 0
      vertex 57.24399916064045 4.029 0
    endloop
  endfacet
  facet normal 0.5953746563929111 -0.3978166269602868 -0.6980479566899133
    outer loop
      vertex 57.46962657255464 2.384690446764565 1.129530593752861
      vertex 56.59416556888422 3.0564553018040197 0
      vertex 57.24399916064045 4.029 0
    endloop
  endfacet
  facet normal 0 0 -1
    outer loop
      vertex 56.59416556888422 3.0564553018040197 0
      vertex 58.13730873867685 6.185640098693259 0
      vertex 57.76133077971593 5.078044747791367 0
    endloop
  endfacet
  facet normal 0.6422066331919024 -0.3167012637255513 -0.6980479566899112
    outer loop
      vertex 57.24399916064045 4.029 0
      vertex 57.76133077971593 5.078044747791367 0
      vertex 58.78082671138487 4.655755706109896 1.129530593752861
    endloop
  endfacet
  facet normal 0.6780502764436618 -0.23016705406229107 -0.6980479566899113
    outer loop
      vertex 57.76133077971593 5.078044747791367 0
      vertex 58.13730873867685 6.185640098693259 0
      vertex 58.78082671138487 4.655755706109896 1.129530593752861
    endloop
  endfacet
  facet normal 0.595374656392914 -0.39781662696028536 -0.6980479566899118
    outer loop
      vertex 57.46962657255464 2.384690446764565 1.129530593752861
      vertex 57.24399916064045 4.029 0
      vertex 58.19965338265819 3.4772527776658535 1.129530593752861
    endloop
  endfacet
  facet normal 0.6422066331919024 -0.3167012637255506 -0.6980479566899116
    outer loop
      vertex 57.24399916064045 4.029 0
      vertex 58.78082671138487 4.655755706109896 1.129530593752861
      vertex 58.19965338265819 3.4772527776658535 1.129530593752861
    endloop
  endfacet
  facet normal 0.7044520449692468 -0.4706998078870131 -0.5312146526534967
    outer loop
      vertex 57.46962657255464 2.384690446764565 1.129530593752861
      vertex 58.19965338265819 3.4772527776658535 1.129530593752861
      vertex 58.5091813923572 3.2985466979444027 1.6983487829566002
    endloop
  endfacet
  facet normal 0 0 -1
    outer loop
      vertex 56.59416556888422 3.0564553018040197 0
      vertex 58.442 8.5 0
      vertex 58.13730873867685 6.185640098693259 0
    endloop
  endfacet
  facet normal 0.7598640136712302 -0.37472346274775603 -0.5312146526535009
    outer loop
      vertex 58.19965338265819 3.4772527776658535 1.129530593752861
      vertex 58.78082671138487 4.655755706109896 1.129530593752861
      vertex 59.11103249016483 4.518979994165267 1.6983487829566002
    endloop
  endfacet
  facet normal 0.8022744984251959 -0.27233549526791495 -0.5312146526535012
    outer loop
      vertex 58.78082671138487 4.655755706109896 1.129530593752861
      vertex 59.20320252194847 5.900034720248275 1.129530593752861
      vertex 59.11103249016483 4.518979994165267 1.6983487829566002
    endloop
  endfacet
  facet normal 0.702292291474417 -0.1396946222896594 -0.6980479566899125
    outer loop
      vertex 58.13730873867685 6.185640098693259 0
      vertex 58.36549995040461 7.332834789168299 0
      vertex 59.20320252194847 5.900034720248275 1.129530593752861
    endloop
  endfacet
  facet normal 0 0 -1
    outer loop
      vertex 58.13730873867685 6.185640098693259 0
      vertex 58.442 8.5 0
      vertex 58.36549995040461 7.332834789168299 0
    endloop
  endfacet
  facet normal 0.714517890685838 -0.04683197679899039 -0.6980479566899109
    outer loop
      vertex 58.36549995040461 7.332834789168299 0
      vertex 58.442 8.5 0
      vertex 59.459553847125534 7.188799861169766 1.129530593752861
    endloop
  endfacet
  facet normal 0.67805027644366 -0.2301670540622927 -0.6980479566899124
    outer loop
      vertex 58.13730873867685 6.185640098693259 0
      vertex 59.20320252194847 5.900034720248275 1.129530593752861
      vertex 58.78082671138487 4.655755706109896 1.129530593752861
    endloop
  endfacet
  facet normal 0.702292291474419 -0.13969462228965712 -0.698047956689911
    outer loop
      vertex 58.36549995040461 7.332834789168299 0
      vertex 59.459553847125534 7.188799861169766 1.129530593752861
      vertex 59.20320252194847 5.900034720248275 1.129530593752861
    endloop
  endfacet
  facet normal 0.7145178906858369 -0.046831976798992085 -0.6980479566899119
    outer loop
      vertex 59.459553847125534 7.188799861169766 1.129530593752861
      vertex 58.442 8.5 0
      vertex 59.54549444466829 8.5 1.129530593752861
    endloop
  endfacet
  facet normal 0.8309578440785963 -0.16528779195836518 -0.5312146526535007
    outer loop
      vertex 59.20320252194847 5.900034720248275 1.129530593752861
      vertex 59.459553847125534 7.188799861169766 1.129530593752861
      vertex 59.81390829599772 7.142148212944538 1.6983487829566002
    endloop
  endfacet
  facet normal 0.8454232706347692 -0.05541196870199001 -0.5312146526535005
    outer loop
      vertex 59.459553847125534 7.188799861169766 1.129530593752861
      vertex 59.54549444466829 8.5 1.129530593752861
      vertex 59.81390829599772 7.142148212944538 1.6983487829566002
    endloop
  endfacet
  facet normal 0.7598640136712315 -0.3747234627477593 -0.5312146526534969
    outer loop
      vertex 58.19965338265819 3.4772527776658535 1.129530593752861
      vertex 59.11103249016483 4.518979994165267 1.6983487829566002
      vertex 58.5091813923572 3.2985466979444027 1.6983487829566002
    endloop
  endfacet
  facet normal 0.8467408028215692 -0.41756635394553465 -0.32964883268368644
    outer loop
      vertex 58.5091813923572 3.2985466979444027 1.6983487829566002
      vertex 59.11103249016483 4.518979994165267 1.6983487829566002
      vertex 58.70133262807744 3.187608130276203 2.3324371948838234
    endloop
  endfacet
  facet normal 0.84674080282157 -0.4175663539455341 -0.3296488326836847
    outer loop
      vertex 59.11103249016483 4.518979994165267 1.6983487829566002
      vertex 59.316020234234365 4.434071290451401 2.3324371948838234
      vertex 58.70133262807744 3.187608130276203 2.3324371948838234
    endloop
  endfacet
  facet normal 0.8022744984252038 -0.27233549526791134 -0.5312146526534911
    outer loop
      vertex 59.20320252194847 5.900034720248275 1.129530593752861
      vertex 59.54843615738411 5.807529646433234 1.6983487829566002
      vertex 59.11103249016483 4.518979994165267 1.6983487829566002
    endloop
  endfacet
  facet normal 0.8940001640527009 -0.30347216311224284 -0.32964883268369116
    outer loop
      vertex 59.11103249016483 4.518979994165267 1.6983487829566002
      vertex 59.54843615738411 5.807529646433234 1.6983487829566002
      vertex 59.762753012668576 5.750103618135384 2.3324371948838234
    endloop
  endfacet
  facet normal 0.894000164052702 -0.3034721631122467 -0.32964883268368467
    outer loop
      vertex 59.11103249016483 4.518979994165267 1.6983487829566002
      vertex 59.762753012668576 5.750103618135384 2.3324371948838234
      vertex 59.316020234234365 4.434071290451401 2.3324371948838234
    endloop
  endfacet
  facet normal 0.8912572906442771 -0.4395194562982805 -0.11172774681647588
    outer loop
      vertex 58.70133262807744 3.187608130276203 2.3324371948838234
      vertex 59.316020234234365 4.434071290451401 2.3324371948838234
      vertex 58.766471823074454 3.149999998509884 3
    endloop
  endfacet
  facet normal 0.8912572906442809 -0.4395194562982759 -0.11172774681646376
    outer loop
      vertex 59.316020234234365 4.434071290451401 2.3324371948838234
      vertex 59.38551100062414 4.405287272553053 3
      vertex 58.766471823074454 3.149999998509884 3
    endloop
  endfacet
  facet normal 0.941001262008457 -0.31942688598458246 -0.11172774681646341
    outer loop
      vertex 59.316020234234365 4.434071290451401 2.3324371948838234
      vertex 59.762753012668576 5.750103618135384 2.3324371948838234
      vertex 59.38551100062414 4.405287272553053 3
    endloop
  endfacet
  facet normal 0.9410012620084559 -0.3194268859845843 -0.11172774681646777
    outer loop
      vertex 59.762753012668576 5.750103618135384 2.3324371948838234
      vertex 59.835406344171716 5.730636216631687 3
      vertex 59.38551100062414 4.405287272553053 3
    endloop
  endfacet
  facet normal 0.8309578440786012 -0.165287791958372 -0.5312146526534909
    outer loop
      vertex 59.20320252194847 5.900034720248275 1.129530593752861
      vertex 59.81390829599772 7.142148212944538 1.6983487829566002
      vertex 59.54843615738411 5.807529646433234 1.6983487829566002
    endloop
  endfacet
  facet normal 0.9259629346132164 -0.18418547942973118 -0.3296488326836911
    outer loop
      vertex 59.54843615738411 5.807529646433234 1.6983487829566002
      vertex 59.81390829599772 7.142148212944538 1.6983487829566002
      vertex 59.762753012668576 5.750103618135384 2.3324371948838234
    endloop
  endfacet
  facet normal 0.9259629346132202 -0.18418547942972757 -0.3296488326836829
    outer loop
      vertex 59.81390829599772 7.142148212944538 1.6983487829566002
      vertex 60.03388724168333 7.113187435328385 2.3324371948838234
      vertex 59.762753012668576 5.750103618135384 2.3324371948838234
    endloop
  endfacet
  facet normal 0.8454232706347726 -0.05541196870198729 -0.5312146526534957
    outer loop
      vertex 59.81390829599772 7.142148212944538 1.6983487829566002
      vertex 59.54549444466829 8.5 1.129530593752861
      vertex 59.902906604111195 8.5 1.6983487829566002
    endloop
  endfacet
  facet normal 0.942082222637076 -0.06174733112831016 -0.3296488326836873
    outer loop
      vertex 59.81390829599772 7.142148212944538 1.6983487829566002
      vertex 59.902906604111195 8.5 1.6983487829566002
      vertex 60.124783739447594 8.5 2.3324371948838234
    endloop
  endfacet
  facet normal 0.9420822226370774 -0.061747331128312564 -0.3296488326836827
    outer loop
      vertex 59.81390829599772 7.142148212944538 1.6983487829566002
      vertex 60.124783739447594 8.5 2.3324371948838234
      vertex 60.03388724168333 7.113187435328385 2.3324371948838234
    endloop
  endfacet
  facet normal 0.974644440884831 -0.19386883308982117 -0.11172774681647395
    outer loop
      vertex 59.762753012668576 5.750103618135384 2.3324371948838234
      vertex 60.03388724168333 7.113187435328385 2.3324371948838234
      vertex 60.10846001965451 7.10336974285645 3
    endloop
  endfacet
  facet normal 0.9746444408848312 -0.19386883308982417 -0.11172774681646787
    outer loop
      vertex 59.762753012668576 5.750103618135384 2.3324371948838234
      vertex 60.10846001965451 7.10336974285645 3
      vertex 59.835406344171716 5.730636216631687 3
    endloop
  endfacet
  facet normal 0.9916111831551749 -0.06499363071030802 -0.1117277468164741
    outer loop
      vertex 60.03388724168333 7.113187435328385 2.3324371948838234
      vertex 60.124783739447594 8.5 2.3324371948838234
      vertex 60.10846001965451 7.10336974285645 3
    endloop
  endfacet
  facet normal 0.9916111831551759 -0.06499363071030503 -0.11172774681646783
    outer loop
      vertex 60.10846001965451 7.10336974285645 3
      vertex 60.124783739447594 8.5 2.3324371948838234
      vertex 60.20000000298023 8.5 3
    endloop
  endfacet
  facet normal 0 -1 0
    outer loop
      vertex 49.5 -2.2000000029802322 3
      vertex 42.44045640366796 -2.2000000029802322 15.105572809000083
      vertex 41.994427190999915 -2.2000000029802322 14.878309573927755
    endloop
  endfacet
  facet normal 0 -1 0
    outer loop
      vertex 49.5 -2.2000000029802322 3
      vertex 42.79442719099992 -2.2000000029802322 15.459543596332043
      vertex 42.44045640366796 -2.2000000029802322 15.105572809000083
    endloop
  endfacet
  facet normal 0 -1 0
    outer loop
      vertex 49.5 -2.2000000029802322 3
      vertex 48.005572809000085 -2.2000000029802322 14.878309573927755
      vertex 42.79442719099992 -2.2000000029802322 15.459543596332043
    endloop
  endfacet
  facet normal 0.06540312923014374 -0.9978589232386036 2.2897551167077124e-19
    outer loop
      vertex 49.5 -2.2000000029802322 3
      vertex 50.89663025714355 -2.1084600196545065 3
      vertex 50.89663025714355 -2.1084600196545065 22.799999999999994
    endloop
  endfacet
  facet normal 0.19509032201612744 -0.9807852804032305 5.28031342010984e-19
    outer loop
      vertex 50.89663025714355 -2.1084600196545065 3
      vertex 52.26936378336831 -1.835406344171714 3
      vertex 52.26936378336831 -1.835406344171714 22.799999999999994
    endloop
  endfacet
  facet normal 0 -1 0
    outer loop
      vertex 49.5 -2.2000000029802322 3
      vertex 48.5 -2.2000000029802322 14.8
      vertex 48.005572809000085 -2.2000000029802322 14.878309573927755
    endloop
  endfacet
  facet normal 0 -1 0
    outer loop
      vertex 49.5 -2.2000000029802322 3
      vertex 48.994427190999915 -2.2000000029802322 14.878309573927755
      vertex 48.5 -2.2000000029802322 14.8
    endloop
  endfacet
  facet normal 0 -1 0
    outer loop
      vertex 49.5 -2.2000000029802322 3
      vertex 49.44045640366796 -2.2000000029802322 15.105572809000083
      vertex 48.994427190999915 -2.2000000029802322 14.878309573927755
    endloop
  endfacet
  facet normal 0 -1 0
    outer loop
      vertex 49.5 -2.2000000029802322 3
      vertex 49.5 -2.2000000029802322 15.165116405332125
      vertex 49.44045640366796 -2.2000000029802322 15.105572809000083
    endloop
  endfacet
  facet normal 0.0654031292301438 -0.9978589232386034 0
    outer loop
      vertex 49.5 -2.2000000029802322 3
      vertex 49.79442719099992 -2.180702225335134 15.459543596332043
      vertex 49.5 -2.2000000029802322 15.165116405332125
    endloop
  endfacet
  facet normal 0.3214394653031617 -0.9469301294951057 0
    outer loop
      vertex 52.26936378336831 -1.835406344171714 3
      vertex 53.59471272744695 -1.3855110006241436 3
      vertex 52.26936378336831 -1.835406344171714 22.799999999999994
    endloop
  endfacet
  facet normal 0.44228869021900113 -0.8968727415326883 -1.0776380291404369e-17
    outer loop
      vertex 53.59471272744695 -1.3855110006241436 3
      vertex 54.850000001490116 -0.7664718230744505 3
      vertex 54.850000001490116 -0.7664718230744507 22.799999999999994
    endloop
  endfacet
  facet normal 0.5555702330196026 -0.831469612302545 -1.2434669247204721e-17
    outer loop
      vertex 54.850000001490116 -0.7664718230744505 3
      vertex 56.01374729220756 0.011119256519407372 3
      vertex 56.01374729220756 0.011119256519407093 22.799999999999994
    endloop
  endfacet
  facet normal 0.6593458151000676 -0.7518398074789784 -1.0605136385729012e-17
    outer loop
      vertex 56.01374729220756 0.011119256519407372 3
      vertex 57.0660425608034 0.9339574391965986 3
      vertex 56.01374729220756 0.011119256519407093 22.799999999999994
    endloop
  endfacet
  facet normal 0.7518398074789785 -0.6593458151000675 -1.4811966429968783e-17
    outer loop
      vertex 57.0660425608034 0.9339574391965986 3
      vertex 57.98888074348059 1.9862527077924383 3
      vertex 57.98888074348059 1.986252707792438 22.799999999999994
    endloop
  endfacet
  facet normal 0.8314696123025439 -0.5555702330196044 -1.2460744737267239e-17
    outer loop
      vertex 57.98888074348059 1.9862527077924383 3
      vertex 58.766471823074454 3.149999998509884 3
      vertex 57.98888074348059 1.986252707792438 22.799999999999994
    endloop
  endfacet
  facet normal 0.8968727415326899 -0.44228869021899814 0
    outer loop
      vertex 58.766471823074454 3.149999998509884 3
      vertex 59.38551100062414 4.405287272553053 3
      vertex 58.766471823074454 3.149999998509884 22.799999999999994
    endloop
  endfacet
  facet normal 0.9469301294951048 -0.321439465303164 -1.5792160879945025e-17
    outer loop
      vertex 59.38551100062414 4.405287272553053 3
      vertex 59.835406344171716 5.730636216631687 3
      vertex 59.835406344171716 5.730636216631686 22.799999999999994
    endloop
  endfacet
  facet normal 0.9807852804032305 -0.19509032201612758 -8.962093254422693e-18
    outer loop
      vertex 59.835406344171716 5.730636216631687 3
      vertex 60.10846001965451 7.10336974285645 3
      vertex 60.10846001965451 7.103369742856449 22.799999999999994
    endloop
  endfacet
  facet normal 0.9978589232386036 -0.06540312923014244 -2.933820604195505e-18
    outer loop
      vertex 60.10846001965451 7.10336974285645 3
      vertex 60.20000000298023 8.5 3
      vertex 60.10846001965451 7.103369742856449 22.799999999999994
    endloop
  endfacet
  facet normal 1 0 0
    outer loop
      vertex 60.20000000298023 8.5 3
      vertex 60.20000000298023 11.161923281979968 14.37670382104691
      vertex 60.20000000298023 10.783301188031343 14.579081546579456
    endloop
  endfacet
  facet normal 1 0 0
    outer loop
      vertex 60.20000000298023 8.5 3
      vertex 60.20000000298023 11.572752194203265 14.252080232993961
      vertex 60.20000000298023 11.161923281979968 14.37670382104691
    endloop
  endfacet
  facet normal 1 0 0
    outer loop
      vertex 60.20000000298023 8.5 3
      vertex 60.20000000298023 10.783301188031343 14.579081546579456
      vertex 60.20000000298023 10.45143614709412 14.85143614709412
    endloop
  endfacet
  facet normal 1 0 0
    outer loop
      vertex 60.20000000298023 8.5 3
      vertex 60.20000000298023 10.45143614709412 14.85143614709412
      vertex 60.20000000298023 10.179081546579454 15.183301188031347
    endloop
  endfacet
  facet normal 1 0 0
    outer loop
      vertex 60.20000000298023 8.5 3
      vertex 60.20000000298023 10.179081546579454 15.183301188031347
      vertex 60.20000000298023 9.976703821046907 15.561923281979968
    endloop
  endfacet
  facet normal 1 0 0
    outer loop
      vertex 60.20000000298023 8.5 3
      vertex 60.20000000298023 12 14.209999997019768
      vertex 60.20000000298023 11.572752194203265 14.252080232993961
    endloop
  endfacet
  facet normal 1 0 0
    outer loop
      vertex 60.20000000298023 8.5 3
      vertex 60.20000000298023 12.427247805796735 14.252080232993961
      vertex 60.20000000298023 12 14.209999997019768
    endloop
  endfacet
  facet normal 1 0 0
    outer loop
      vertex 60.20000000298023 8.5 3
      vertex 60.20000000298023 12.838076718020032 14.37670382104691
      vertex 60.20000000298023 12.427247805796735 14.252080232993961
    endloop
  endfacet
  facet normal 1 0 0
    outer loop
      vertex 60.20000000298023 8.5 3
      vertex 60.20000000298023 13.216698811968657 14.579081546579456
      vertex 60.20000000298023 12.838076718020032 14.37670382104691
    endloop
  endfacet
  facet normal 1 0 0
    outer loop
      vertex 60.20000000298023 8.5 3
      vertex 60.20000000298023 13.54856385290588 14.85143614709412
      vertex 60.20000000298023 13.216698811968657 14.579081546579456
    endloop
  endfacet
  facet normal 1 0 0
    outer loop
      vertex 60.20000000298023 8.5 3
      vertex 60.20000000298023 13.820918453420546 15.183301188031347
      vertex 60.20000000298023 13.54856385290588 14.85143614709412
    endloop
  endfacet
  facet normal 0 0 -1
    outer loop
      vertex 56.59416556888422 3.0564553018040197 0
      vertex 56.59416556888422 74.84354469819598 0
      vertex 58.442 8.5 0
    endloop
  endfacet
  facet normal 0.7153027344154628 7.215947015595732e-19 -0.6988147094457601
    outer loop
      vertex 58.442 8.5 0
      vertex 59.54549444466829 69.4 1.129530593752861
      vertex 59.54549444466829 8.5 1.129530593752861
    endloop
  endfacet
  facet normal 0.8467241975358666 0 -0.5320320792088038
    outer loop
      vertex 59.54549444466829 8.5 1.129530593752861
      vertex 59.54549444466829 69.4 1.129530593752861
      vertex 59.902906604111195 8.5 1.6983487829566002
    endloop
  endfacet
  facet normal 0.9438833285715732 0 -0.3302790669186404
    outer loop
      vertex 59.902906604111195 8.5 1.6983487829566002
      vertex 60.124783739447594 69.4 2.3324371948838234
      vertex 60.124783739447594 8.5 2.3324371948838234
    endloop
  endfacet
  facet normal 0.993712209940902 0 -0.11196447568031877
    outer loop
      vertex 60.124783739447594 8.5 2.3324371948838234
      vertex 60.124783739447594 69.4 2.3324371948838234
      vertex 60.20000000298023 8.5 3
    endloop
  endfacet
  facet normal 1 0 0
    outer loop
      vertex 60.20000000298023 8.5 3
      vertex 60.20000000298023 69.4 3
      vertex 60.20000000298023 13.820918453420546 15.183301188031347
    endloop
  endfacet
  facet normal 1 0 0
    outer loop
      vertex 60.20000000298023 69.4 3
      vertex 60.20000000298023 14.023296178953093 15.561923281979968
      vertex 60.20000000298023 13.820918453420546 15.183301188031347
    endloop
  endfacet
  facet normal 0 -1 0
    outer loop
      vertex 26.300000002980234 -2.2000000029802322 13.39999999701977
      vertex 39.97830957392775 -2.2000000029802322 15.905572809000084
      vertex 26.300000002980234 -2.2000000029802322 14.800000002980234
    endloop
  endfacet
  facet normal 0 -1 0
    outer loop
      vertex 26.300000002980234 -2.2000000029802322 13.39999999701977
      vertex 40.55954359633204 -2.2000000029802322 15.105572809000083
      vertex 40.20557280900008 -2.2000000029802322 15.459543596332043
    endloop
  endfacet
  facet normal 0 -1 0
    outer loop
      vertex 26.300000002980234 -2.2000000029802322 13.39999999701977
      vertex 40.20557280900008 -2.2000000029802322 15.459543596332043
      vertex 39.97830957392775 -2.2000000029802322 15.905572809000084
    endloop
  endfacet
  facet normal 0 -1 0
    outer loop
      vertex 26.300000002980234 -2.2000000029802322 13.39999999701977
      vertex 41.5 -2.2000000029802322 14.8
      vertex 41.005572809000085 -2.2000000029802322 14.878309573927755
    endloop
  endfacet
  facet normal 0 -1 0
    outer loop
      vertex 26.300000002980234 -2.2000000029802322 13.39999999701977
      vertex 41.005572809000085 -2.2000000029802322 14.878309573927755
      vertex 40.55954359633204 -2.2000000029802322 15.105572809000083
    endloop
  endfacet
  facet normal 0 -1 0
    outer loop
      vertex 26.300000002980234 -2.2000000029802322 14.800000002980234
      vertex 39.97830957392775 -2.2000000029802322 15.905572809000084
      vertex 39.9 -2.2000000029802322 16.400000000000002
    endloop
  endfacet
  facet normal 0 -1 0
    outer loop
      vertex 26.300000002980234 -2.2000000029802322 14.800000002980234
      vertex 39.9 -2.2000000029802322 16.400000000000002
      vertex 39.97830957392775 -2.2000000029802322 16.894427190999917
    endloop
  endfacet
  facet normal 0 -1 0
    outer loop
      vertex 42.79442719099992 -2.2000000029802322 15.459543596332043
      vertex 46.97830957392775 -2.2000000029802322 15.905572809000084
      vertex 43.02169042607225 -2.2000000029802322 15.905572809000084
    endloop
  endfacet
  facet normal 0 -1 0
    outer loop
      vertex 43.02169042607225 -2.2000000029802322 15.905572809000084
      vertex 46.9 -2.2000000029802322 16.400000000000002
      vertex 43.1 -2.2000000029802322 16.400000000000002
    endloop
  endfacet
  facet normal 0 -1 0
    outer loop
      vertex 43.1 -2.2000000029802322 16.400000000000002
      vertex 46.97830957392775 -2.2000000029802322 16.894427190999917
      vertex 43.02169042607225 -2.2000000029802322 16.894427190999917
    endloop
  endfacet
  facet normal 0 -1 0
    outer loop
      vertex 26.2300873907653 -2.2000000029802322 22.799999999999994
      vertex 26.300000002980234 -2.2000000029802322 14.800000002980234
      vertex 39.97830957392775 -2.2000000029802322 16.894427190999917
    endloop
  endfacet
  facet normal 0 -1 0
    outer loop
      vertex 26.2300873907653 -2.2000000029802322 22.799999999999994
      vertex 39.97830957392775 -2.2000000029802322 16.894427190999917
      vertex 40.20557280900008 -2.2000000029802322 17.340456403667957
    endloop
  endfacet
  facet normal 0 -1 0
    outer loop
      vertex 26.2300873907653 -2.2000000029802322 22.799999999999994
      vertex 40.20557280900008 -2.2000000029802322 17.340456403667957
      vertex 41.49646446609407 -2.2000000029802322 18.666277233702885
    endloop
  endfacet
  facet normal 0 -1 0
    outer loop
      vertex 26.2300873907653 -2.2000000029802322 22.799999999999994
      vertex 41.49646446609407 -2.2000000029802322 18.666277233702885
      vertex 41.497061073738536 -2.2000000029802322 18.666786784768828
    endloop
  endfacet
  facet normal 0 -1 0
    outer loop
      vertex 26.2300873907653 -2.2000000029802322 22.799999999999994
      vertex 41.497061073738536 -2.2000000029802322 18.666786784768828
      vertex 41.4977300475013 -2.2000000029802322 18.667196732417896
    endloop
  endfacet
  facet normal 0 -1 0
    outer loop
      vertex 42.79442719099992 -2.2000000029802322 17.340456403667957
      vertex 43.02169042607225 -2.2000000029802322 16.894427190999917
      vertex 47.20557280900008 -2.2000000029802322 17.340456403667957
    endloop
  endfacet
  facet normal 0 -1 0
    outer loop
      vertex 42.79442719099992 -2.2000000029802322 17.340456403667957
      vertex 48.49646446609407 -2.2000000029802322 18.666277233702885
      vertex 41.50353553390593 -2.2000000029802322 18.666277233702885
    endloop
  endfacet
  facet normal 0 -1 0
    outer loop
      vertex 49.5 -2.2000000029802322 22.799999999999994
      vertex 26.2300873907653 -2.2000000029802322 22.799999999999994
      vertex 41.4977300475013 -2.2000000029802322 18.667196732417896
    endloop
  endfacet
  facet normal 0 -1 0
    outer loop
      vertex 49.5 -2.2000000029802322 22.799999999999994
      vertex 41.4977300475013 -2.2000000029802322 18.667196732417896
      vertex 41.49845491502813 -2.2000000029802322 18.667496982378427
    endloop
  endfacet
  facet normal 0 -1 0
    outer loop
      vertex 49.5 -2.2000000029802322 22.799999999999994
      vertex 41.49845491502813 -2.2000000029802322 18.667496982378427
      vertex 41.4992178276748 -2.2000000029802322 18.66768014149993
    endloop
  endfacet
  facet normal 0 -1 0
    outer loop
      vertex 49.5 -2.2000000029802322 22.799999999999994
      vertex 41.4992178276748 -2.2000000029802322 18.66768014149993
      vertex 41.5 -2.2000000029802322 18.667741699796952
    endloop
  endfacet
  facet normal 0 -1 0
    outer loop
      vertex 49.5 -2.2000000029802322 22.799999999999994
      vertex 41.5 -2.2000000029802322 18.667741699796952
      vertex 41.5007821723252 -2.2000000029802322 18.66768014149993
    endloop
  endfacet
  facet normal 0 -1 0
    outer loop
      vertex 49.5 -2.2000000029802322 22.799999999999994
      vertex 41.5007821723252 -2.2000000029802322 18.66768014149993
      vertex 41.50154508497187 -2.2000000029802322 18.667496982378427
    endloop
  endfacet
  facet normal 0 -1 0
    outer loop
      vertex 49.5 -2.2000000029802322 22.799999999999994
      vertex 41.50154508497187 -2.2000000029802322 18.667496982378427
      vertex 41.5022699524987 -2.2000000029802322 18.667196732417896
    endloop
  endfacet
  facet normal 0 -1 0
    outer loop
      vertex 49.5 -2.2000000029802322 22.799999999999994
      vertex 41.5022699524987 -2.2000000029802322 18.667196732417896
      vertex 41.502938926261464 -2.2000000029802322 18.666786784768828
    endloop
  endfacet
  facet normal 0 -1 0
    outer loop
      vertex 49.5 -2.2000000029802322 22.799999999999994
      vertex 41.502938926261464 -2.2000000029802322 18.666786784768828
      vertex 41.50353553390593 -2.2000000029802322 18.666277233702885
    endloop
  endfacet
  facet normal 0.0654031292301437 -0.9978589232386035 2.232526415020671e-18
    outer loop
      vertex 49.5 -2.2000000029802322 3
      vertex 50.02169042607225 -2.1658066059378998 15.905572809000084
      vertex 49.79442719099992 -2.180702225335134 15.459543596332043
    endloop
  endfacet
  facet normal 0.06540312923014534 -0.9978589232386034 -6.436739226755476e-17
    outer loop
      vertex 49.5 -2.2000000029802322 3
      vertex 50.1 -2.1606739252910887 16.400000000000002
      vertex 50.02169042607225 -2.1658066059378998 15.905572809000084
    endloop
  endfacet
  facet normal 0.06540312923014348 -0.9978589232386036 1.927800395125041e-17
    outer loop
      vertex 49.5 -2.2000000029802322 3
      vertex 50.89663025714355 -2.1084600196545065 22.799999999999994
      vertex 50.1 -2.1606739252910887 16.400000000000002
    endloop
  endfacet
  facet normal 0 -1 0
    outer loop
      vertex 42.79442719099992 -2.2000000029802322 15.459543596332043
      vertex 48.005572809000085 -2.2000000029802322 14.878309573927755
      vertex 47.55954359633204 -2.2000000029802322 15.105572809000083
    endloop
  endfacet
  facet normal 0 -1 0
    outer loop
      vertex 42.79442719099992 -2.2000000029802322 15.459543596332043
      vertex 47.55954359633204 -2.2000000029802322 15.105572809000083
      vertex 47.20557280900008 -2.2000000029802322 15.459543596332043
    endloop
  endfacet
  facet normal 0 -1 0
    outer loop
      vertex 42.79442719099992 -2.2000000029802322 15.459543596332043
      vertex 47.20557280900008 -2.2000000029802322 15.459543596332043
      vertex 46.97830957392775 -2.2000000029802322 15.905572809000084
    endloop
  endfacet
  facet normal 0 -1 0
    outer loop
      vertex 43.02169042607225 -2.2000000029802322 15.905572809000084
      vertex 46.97830957392775 -2.2000000029802322 15.905572809000084
      vertex 46.9 -2.2000000029802322 16.400000000000002
    endloop
  endfacet
  facet normal 0 -1 0
    outer loop
      vertex 43.1 -2.2000000029802322 16.400000000000002
      vertex 46.9 -2.2000000029802322 16.400000000000002
      vertex 46.97830957392775 -2.2000000029802322 16.894427190999917
    endloop
  endfacet
  facet normal 0 -1 0
    outer loop
      vertex 43.02169042607225 -2.2000000029802322 16.894427190999917
      vertex 46.97830957392775 -2.2000000029802322 16.894427190999917
      vertex 47.20557280900008 -2.2000000029802322 17.340456403667957
    endloop
  endfacet
  facet normal 0.19509032201612744 -0.9807852804032305 0
    outer loop
      vertex 50.89663025714355 -2.1084600196545065 3
      vertex 52.26936378336831 -1.835406344171714 22.799999999999994
      vertex 50.89663025714355 -2.1084600196545065 22.799999999999994
    endloop
  endfacet
  facet normal 0.3214394653031617 -0.9469301294951057 0
    outer loop
      vertex 53.59471272744695 -1.3855110006241436 3
      vertex 53.59471272744695 -1.3855110006241436 22.799999999999994
      vertex 52.26936378336831 -1.835406344171714 22.799999999999994
    endloop
  endfacet
  facet normal 0.442288690219001 -0.8968727415326884 0
    outer loop
      vertex 53.59471272744695 -1.3855110006241436 3
      vertex 54.850000001490116 -0.7664718230744507 22.799999999999994
      vertex 53.59471272744695 -1.3855110006241436 22.799999999999994
    endloop
  endfacet
  facet normal 0.5555702330196025 -0.831469612302545 -9.324411190448869e-18
    outer loop
      vertex 54.850000001490116 -0.7664718230744505 3
      vertex 56.01374729220756 0.011119256519407093 22.799999999999994
      vertex 54.850000001490116 -0.7664718230744507 22.799999999999994
    endloop
  endfacet
  facet normal 0.6593458151000677 -0.7518398074789784 0
    outer loop
      vertex 57.0660425608034 0.9339574391965986 3
      vertex 57.0660425608034 0.9339574391965986 22.799999999999994
      vertex 56.01374729220756 0.011119256519407093 22.799999999999994
    endloop
  endfacet
  facet normal 0.7518398074789784 -0.6593458151000677 0
    outer loop
      vertex 57.0660425608034 0.9339574391965986 3
      vertex 57.98888074348059 1.986252707792438 22.799999999999994
      vertex 57.0660425608034 0.9339574391965986 22.799999999999994
    endloop
  endfacet
  facet normal 0.8314696123025438 -0.5555702330196042 0
    outer loop
      vertex 58.766471823074454 3.149999998509884 3
      vertex 58.766471823074454 3.149999998509884 22.799999999999994
      vertex 57.98888074348059 1.986252707792438 22.799999999999994
    endloop
  endfacet
  facet normal 0.8968727415326899 -0.44228869021899814 0
    outer loop
      vertex 59.38551100062414 4.405287272553053 3
      vertex 59.38551100062414 4.405287272553053 22.799999999999994
      vertex 58.766471823074454 3.149999998509884 22.799999999999994
    endloop
  endfacet
  facet normal 0.9469301294951049 -0.3214394653031642 0
    outer loop
      vertex 59.38551100062414 4.405287272553053 3
      vertex 59.835406344171716 5.730636216631686 22.799999999999994
      vertex 59.38551100062414 4.405287272553053 22.799999999999994
    endloop
  endfacet
  facet normal 0.9807852804032305 -0.19509032201612758 -8.75126332864004e-18
    outer loop
      vertex 59.835406344171716 5.730636216631687 3
      vertex 60.10846001965451 7.103369742856449 22.799999999999994
      vertex 59.835406344171716 5.730636216631686 22.799999999999994
    endloop
  endfacet
  facet normal 0.9978589232386036 -0.0654031292301424 0
    outer loop
      vertex 60.20000000298023 8.5 3
      vertex 60.20000000298023 8.5 22.799999999999994
      vertex 60.10846001965451 7.103369742856449 22.799999999999994
    endloop
  endfacet
  facet normal 1 0 0
    outer loop
      vertex 60.20000000298023 8.5 3
      vertex 60.20000000298023 9.976703821046907 15.561923281979968
      vertex 60.20000000298023 9.852080232993957 15.972752194203267
    endloop
  endfacet
  facet normal 1 0 0
    outer loop
      vertex 60.20000000298023 8.5 3
      vertex 60.20000000298023 9.852080232993957 15.972752194203267
      vertex 60.20000000298023 8.5 22.799999999999994
    endloop
  endfacet
  facet normal 0 -1 0
    outer loop
      vertex 42.79442719099992 -2.2000000029802322 17.340456403667957
      vertex 47.20557280900008 -2.2000000029802322 17.340456403667957
      vertex 48.49646446609407 -2.2000000029802322 18.666277233702885
    endloop
  endfacet
  facet normal 0 -1 0
    outer loop
      vertex 41.50353553390593 -2.2000000029802322 18.666277233702885
      vertex 48.497061073738536 -2.2000000029802322 18.666786784768828
      vertex 48.4977300475013 -2.2000000029802322 18.667196732417896
    endloop
  endfacet
  facet normal 0 -1 0
    outer loop
      vertex 41.50353553390593 -2.2000000029802322 18.666277233702885
      vertex 48.49646446609407 -2.2000000029802322 18.666277233702885
      vertex 48.497061073738536 -2.2000000029802322 18.666786784768828
    endloop
  endfacet
  facet normal 0.0654031292301443 -0.9978589232386034 -9.350587398556992e-17
    outer loop
      vertex 50.89663025714355 -2.1084600196545065 22.799999999999994
      vertex 50.02169042607225 -2.1658066059378998 16.894427190999917
      vertex 50.1 -2.1606739252910887 16.400000000000002
    endloop
  endfacet
  facet normal 0.06540312923014369 -0.9978589232386034 8.188516626419852e-18
    outer loop
      vertex 50.89663025714355 -2.1084600196545065 22.799999999999994
      vertex 49.79442719099992 -2.180702225335134 17.340456403667957
      vertex 50.02169042607225 -2.1658066059378998 16.894427190999917
    endloop
  endfacet
  facet normal 0 -1 0
    outer loop
      vertex 49.5 -2.2000000029802322 22.799999999999994
      vertex 48.50353553390593 -2.2000000029802322 18.666277233702885
      vertex 49.5 -2.2000000029802322 17.64285025725837
    endloop
  endfacet
  facet normal 0.0654031292301438 -0.9978589232386035 -1.4382079207323736e-17
    outer loop
      vertex 50.89663025714355 -2.1084600196545065 22.799999999999994
      vertex 49.5 -2.2000000029802322 17.64285025725837
      vertex 49.79442719099992 -2.180702225335134 17.340456403667957
    endloop
  endfacet
  facet normal 0 -1 0
    outer loop
      vertex 49.5 -2.2000000029802322 22.799999999999994
      vertex 41.50353553390593 -2.2000000029802322 18.666277233702885
      vertex 48.4977300475013 -2.2000000029802322 18.667196732417896
    endloop
  endfacet
  facet normal 0 -1 0
    outer loop
      vertex 49.5 -2.2000000029802322 22.799999999999994
      vertex 48.502938926261464 -2.2000000029802322 18.666786784768828
      vertex 48.50353553390593 -2.2000000029802322 18.666277233702885
    endloop
  endfacet
  facet normal 0 -1 0
    outer loop
      vertex 49.5 -2.2000000029802322 22.799999999999994
      vertex 48.5022699524987 -2.2000000029802322 18.667196732417896
      vertex 48.502938926261464 -2.2000000029802322 18.666786784768828
    endloop
  endfacet
  facet normal 0 -1 0
    outer loop
      vertex 49.5 -2.2000000029802322 22.799999999999994
      vertex 48.50154508497187 -2.2000000029802322 18.667496982378427
      vertex 48.5022699524987 -2.2000000029802322 18.667196732417896
    endloop
  endfacet
  facet normal 0 -1 0
    outer loop
      vertex 49.5 -2.2000000029802322 22.799999999999994
      vertex 48.5007821723252 -2.2000000029802322 18.66768014149993
      vertex 48.50154508497187 -2.2000000029802322 18.667496982378427
    endloop
  endfacet
  facet normal 0 -1 0
    outer loop
      vertex 49.5 -2.2000000029802322 22.799999999999994
      vertex 48.5 -2.2000000029802322 18.667741699796952
      vertex 48.5007821723252 -2.2000000029802322 18.66768014149993
    endloop
  endfacet
  facet normal 0 -1 0
    outer loop
      vertex 49.5 -2.2000000029802322 22.799999999999994
      vertex 48.4992178276748 -2.2000000029802322 18.66768014149993
      vertex 48.5 -2.2000000029802322 18.667741699796952
    endloop
  endfacet
  facet normal 0 -1 0
    outer loop
      vertex 49.5 -2.2000000029802322 22.799999999999994
      vertex 48.49845491502813 -2.2000000029802322 18.667496982378427
      vertex 48.4992178276748 -2.2000000029802322 18.66768014149993
    endloop
  endfacet
  facet normal 0 -1 0
    outer loop
      vertex 49.5 -2.2000000029802322 22.799999999999994
      vertex 48.4977300475013 -2.2000000029802322 18.667196732417896
      vertex 48.49845491502813 -2.2000000029802322 18.667496982378427
    endloop
  endfacet
  facet normal 0.06540312923014374 -0.9978589232386034 0
    outer loop
      vertex 49.5 -2.2000000029802322 22.799999999999994
      vertex 49.5 -2.2000000029802322 17.64285025725837
      vertex 50.89663025714355 -2.1084600196545065 22.799999999999994
    endloop
  endfacet
  facet normal 1 0 0
    outer loop
      vertex 60.20000000298023 8.5 22.799999999999994
      vertex 60.20000000298023 9.852080232993957 15.972752194203267
      vertex 60.20000000298023 9.80999999701977 16.400000000000002
    endloop
  endfacet
  facet normal 1 0 0
    outer loop
      vertex 60.20000000298023 8.5 22.799999999999994
      vertex 60.20000000298023 9.80999999701977 16.400000000000002
      vertex 60.20000000298023 9.852080232993957 16.827247805796738
    endloop
  endfacet
  facet normal 1 0 0
    outer loop
      vertex 60.20000000298023 8.5 22.799999999999994
      vertex 60.20000000298023 9.852080232993957 16.827247805796738
      vertex 60.20000000298023 9.976703821046907 17.238076718020032
    endloop
  endfacet
  facet normal 1 0 0
    outer loop
      vertex 60.20000000298023 8.5 22.799999999999994
      vertex 60.20000000298023 9.976703821046907 17.238076718020032
      vertex 60.20000000298023 10.179081546579454 17.616698811968657
    endloop
  endfacet
  facet normal 1 0 0
    outer loop
      vertex 60.20000000298023 8.5 22.799999999999994
      vertex 60.20000000298023 10.179081546579454 17.616698811968657
      vertex 60.20000000298023 10.45143614709412 17.94856385290588
    endloop
  endfacet
  facet normal 1 0 0
    outer loop
      vertex 60.20000000298023 8.5 22.799999999999994
      vertex 60.20000000298023 10.45143614709412 17.94856385290588
      vertex 60.20000000298023 10.783301188031343 18.220918453420545
    endloop
  endfacet
  facet normal 1 0 0
    outer loop
      vertex 60.20000000298023 8.5 22.799999999999994
      vertex 60.20000000298023 10.783301188031343 18.220918453420545
      vertex 60.20000000298023 11.161923281979968 18.42329617895309
    endloop
  endfacet
  facet normal 1 0 0
    outer loop
      vertex 60.20000000298023 8.5 22.799999999999994
      vertex 60.20000000298023 11.161923281979968 18.42329617895309
      vertex 60.20000000298023 11.572752194203265 18.547919767006043
    endloop
  endfacet
  facet normal 1 0 0
    outer loop
      vertex 60.20000000298023 8.5 22.799999999999994
      vertex 60.20000000298023 12.427247805796735 18.547919767006043
      vertex 60.20000000298023 12.838076718020032 18.42329617895309
    endloop
  endfacet
  facet normal 1 0 0
    outer loop
      vertex 60.20000000298023 8.5 22.799999999999994
      vertex 60.20000000298023 13.216698811968657 18.220918453420545
      vertex 60.20000000298023 13.54856385290588 17.94856385290588
    endloop
  endfacet
  facet normal 1 0 0
    outer loop
      vertex 60.20000000298023 8.5 22.799999999999994
      vertex 60.20000000298023 12.838076718020032 18.42329617895309
      vertex 60.20000000298023 13.216698811968657 18.220918453420545
    endloop
  endfacet
  facet normal 1 0 0
    outer loop
      vertex 60.20000000298023 8.5 22.799999999999994
      vertex 60.20000000298023 11.572752194203265 18.547919767006043
      vertex 60.20000000298023 12 18.590000002980233
    endloop
  endfacet
  facet normal 1 0 0
    outer loop
      vertex 60.20000000298023 8.5 22.799999999999994
      vertex 60.20000000298023 12 18.590000002980233
      vertex 60.20000000298023 12.427247805796735 18.547919767006043
    endloop
  endfacet
  facet normal 1 0 0
    outer loop
      vertex 60.20000000298023 69.4 3
      vertex 60.20000000298023 14.147919767006043 15.972752194203267
      vertex 60.20000000298023 14.023296178953093 15.561923281979968
    endloop
  endfacet
  facet normal 1 0 0
    outer loop
      vertex 60.20000000298023 69.4 3
      vertex 60.20000000298023 14.19000000298023 16.400000000000002
      vertex 60.20000000298023 14.147919767006043 15.972752194203267
    endloop
  endfacet
  facet normal 1 0 0
    outer loop
      vertex 60.20000000298023 69.4 3
      vertex 60.20000000298023 14.147919767006043 16.827247805796738
      vertex 60.20000000298023 14.19000000298023 16.400000000000002
    endloop
  endfacet
  facet normal 1 0 0
    outer loop
      vertex 60.20000000298023 69.4 3
      vertex 60.20000000298023 13.820918453420546 17.616698811968657
      vertex 60.20000000298023 14.023296178953093 17.238076718020032
    endloop
  endfacet
  facet normal 1 0 0
    outer loop
      vertex 60.20000000298023 69.4 3
      vertex 60.20000000298023 14.023296178953093 17.238076718020032
      vertex 60.20000000298023 14.147919767006043 16.827247805796738
    endloop
  endfacet
  facet normal 1 0 0
    outer loop
      vertex 60.20000000298023 69.4 3
      vertex 60.20000000298023 13.54856385290588 17.94856385290588
      vertex 60.20000000298023 13.820918453420546 17.616698811968657
    endloop
  endfacet
  facet normal 1 0 0
    outer loop
      vertex 60.20000000298023 8.5 22.799999999999994
      vertex 60.20000000298023 13.54856385290588 17.94856385290588
      vertex 60.20000000298023 69.4 3
    endloop
  endfacet
  facet normal 1 0 0
    outer loop
      vertex 60.20000000298023 8.5 22.799999999999994
      vertex 60.20000000298023 42.6 15.500000000000004
      vertex 60.20000000298023 42.6 17.700000000000003
    endloop
  endfacet
  facet normal 1 0 0
    outer loop
      vertex 60.20000000298023 8.5 22.799999999999994
      vertex 60.20000000298023 42.6 17.700000000000003
      vertex 60.20000000298023 47.4 17.700000000000003
    endloop
  endfacet
  facet normal 1 0 0
    outer loop
      vertex 60.20000000298023 8.5 22.799999999999994
      vertex 60.20000000298023 47.4 17.700000000000003
      vertex 60.20000000298023 56.783301188031345 18.220918453420545
    endloop
  endfacet
  facet normal 0 0 -1
    outer loop
      vertex 8.5 78.34200000000001 0
      vertex 49.5 78.34200000000001 0
      vertex 50.6671652108317 78.26549995040462 0
    endloop
  endfacet
  facet normal 0 0.7153027344154651 -0.6988147094457579
    outer loop
      vertex 8.5 78.34200000000001 0
      vertex 49.5 79.4454944446683 1.129530593752861
      vertex 49.5 78.34200000000001 0
    endloop
  endfacet
  facet normal 0 0.8467241975358666 -0.5320320792088037
    outer loop
      vertex 8.5 79.8029066041112 1.6983487829566002
      vertex 49.5 79.8029066041112 1.6983487829566002
      vertex 49.5 79.4454944446683 1.129530593752861
    endloop
  endfacet
  facet normal 0 0.9438833285715732 -0.3302790669186404
    outer loop
      vertex 8.5 79.8029066041112 1.6983487829566002
      vertex 49.5 80.0247837394476 2.3324371948838234
      vertex 49.5 79.8029066041112 1.6983487829566002
    endloop
  endfacet
  facet normal 0 0.993712209940902 -0.11196447568031877
    outer loop
      vertex 8.5 80.10000000298024 3
      vertex 49.5 80.10000000298024 3
      vertex 49.5 80.0247837394476 2.3324371948838234
    endloop
  endfacet
  facet normal 0 0 -1
    outer loop
      vertex 8.5 78.34200000000001 0
      vertex 50.6671652108317 78.26549995040462 0
      vertex 56.59416556888422 74.84354469819598 0
    endloop
  endfacet
  facet normal 0 1 0
    outer loop
      vertex 8.5 80.10000000298024 3
      vertex 49.5 80.10000000298024 22.799999999999994
      vertex 49.5 80.10000000298024 3
    endloop
  endfacet
  facet normal 0.7153027344154628 0 -0.6988147094457601
    outer loop
      vertex 58.442 8.5 0
      vertex 58.442 69.4 0
      vertex 59.54549444466829 69.4 1.129530593752861
    endloop
  endfacet
  facet normal 0.8467241975358666 0 -0.5320320792088038
    outer loop
      vertex 59.902906604111195 8.5 1.6983487829566002
      vertex 59.54549444466829 69.4 1.129530593752861
      vertex 59.902906604111195 69.4 1.6983487829566002
    endloop
  endfacet
  facet normal 0.9438833285715732 0 -0.3302790669186404
    outer loop
      vertex 59.902906604111195 8.5 1.6983487829566002
      vertex 59.902906604111195 69.4 1.6983487829566002
      vertex 60.124783739447594 69.4 2.3324371948838234
    endloop
  endfacet
  facet normal 0.993712209940902 0 -0.11196447568031877
    outer loop
      vertex 60.20000000298023 8.5 3
      vertex 60.124783739447594 69.4 2.3324371948838234
      vertex 60.20000000298023 69.4 3
    endloop
  endfacet
  facet normal 0 0 -1
    outer loop
      vertex 58.442 8.5 0
      vertex 56.59416556888422 74.84354469819598 0
      vertex 58.442 69.4 0
    endloop
  endfacet
  facet normal 1 0 0
    outer loop
      vertex 60.20000000298023 69.4 3
      vertex 60.20000000298023 57.57275219420327 14.252080232993961
      vertex 60.20000000298023 42.6 15.500000000000004
    endloop
  endfacet
  facet normal 0.04683197679899486 0.7145178906858376 -0.698047956689911
    outer loop
      vertex 49.5 78.34200000000001 0
      vertex 50.81120013883023 79.35955384712554 1.129530593752861
      vertex 50.6671652108317 78.26549995040462 0
    endloop
  endfacet
  facet normal 0.046831976798992314 0.7145178906858392 -0.6980479566899095
    outer loop
      vertex 49.5 78.34200000000001 0
      vertex 49.5 79.4454944446683 1.129530593752861
      vertex 50.81120013883023 79.35955384712554 1.129530593752861
    endloop
  endfacet
  facet normal 0.055411968701990374 0.8454232706347725 -0.5312146526534957
    outer loop
      vertex 49.5 79.4454944446683 1.129530593752861
      vertex 49.5 79.8029066041112 1.6983487829566002
      vertex 50.81120013883023 79.35955384712554 1.129530593752861
    endloop
  endfacet
  facet normal 0 0 -1
    outer loop
      vertex 50.6671652108317 78.26549995040462 0
      vertex 51.81435990130674 78.03730873867686 0
      vertex 52.92195525220863 77.66133077971594 0
    endloop
  endfacet
  facet normal 0.1396946222896594 0.702292291474417 -0.6980479566899125
    outer loop
      vertex 50.6671652108317 78.26549995040462 0
      vertex 52.09996527975172 79.10320252194848 1.129530593752861
      vertex 51.81435990130674 78.03730873867686 0
    endloop
  endfacet
  facet normal 0.13969462228965715 0.702292291474419 -0.698047956689911
    outer loop
      vertex 50.6671652108317 78.26549995040462 0
      vertex 50.81120013883023 79.35955384712554 1.129530593752861
      vertex 52.09996527975172 79.10320252194848 1.129530593752861
    endloop
  endfacet
  facet normal 0.16528779195836518 0.8309578440785962 -0.5312146526535008
    outer loop
      vertex 50.81120013883023 79.35955384712554 1.129530593752861
      vertex 50.85785178705546 79.71390829599773 1.6983487829566002
      vertex 52.09996527975172 79.10320252194848 1.129530593752861
    endloop
  endfacet
  facet normal 0.05541196870198718 0.8454232706347695 -0.5312146526535007
    outer loop
      vertex 50.81120013883023 79.35955384712554 1.129530593752861
      vertex 49.5 79.8029066041112 1.6983487829566002
      vertex 50.85785178705546 79.71390829599773 1.6983487829566002
    endloop
  endfacet
  facet normal 0.06174733112831246 0.9420822226370759 -0.32964883268368717
    outer loop
      vertex 49.5 79.8029066041112 1.6983487829566002
      vertex 49.5 80.0247837394476 2.3324371948838234
      vertex 50.886812564671615 79.93388724168334 2.3324371948838234
    endloop
  endfacet
  facet normal 0.06174733112831038 0.9420822226370775 -0.32964883268368295
    outer loop
      vertex 49.5 79.8029066041112 1.6983487829566002
      vertex 50.886812564671615 79.93388724168334 2.3324371948838234
      vertex 50.85785178705546 79.71390829599773 1.6983487829566002
    endloop
  endfacet
  facet normal 0.06499363071030806 0.9916111831551756 -0.11172774681646779
    outer loop
      vertex 49.5 80.0247837394476 2.3324371948838234
      vertex 49.5 80.10000000298024 3
      vertex 50.886812564671615 79.93388724168334 2.3324371948838234
    endloop
  endfacet
  facet normal 0.06499363071031013 0.991611183155176 -0.11172774681646361
    outer loop
      vertex 50.886812564671615 79.93388724168334 2.3324371948838234
      vertex 49.5 80.10000000298024 3
      vertex 50.89663025714355 80.0084600196545 3
    endloop
  endfacet
  facet normal 0.18418547942972624 0.9259629346132202 -0.3296488326836836
    outer loop
      vertex 50.85785178705546 79.71390829599773 1.6983487829566002
      vertex 50.886812564671615 79.93388724168334 2.3324371948838234
      vertex 52.19247035356677 79.44843615738412 1.6983487829566002
    endloop
  endfacet
  facet normal 0.1652877919583661 0.8309578440785969 -0.5312146526534994
    outer loop
      vertex 52.09996527975172 79.10320252194848 1.129530593752861
      vertex 50.85785178705546 79.71390829599773 1.6983487829566002
      vertex 52.19247035356677 79.44843615738412 1.6983487829566002
    endloop
  endfacet
  facet normal 0.184185479429733 0.925962934613223 -0.329648832683672
    outer loop
      vertex 52.19247035356677 79.44843615738412 1.6983487829566002
      vertex 50.886812564671615 79.93388724168334 2.3324371948838234
      vertex 52.249896381864616 79.66275301266857 2.3324371948838234
    endloop
  endfacet
  facet normal 0.19386883308981934 0.9746444408848327 -0.11172774681646344
    outer loop
      vertex 50.886812564671615 79.93388724168334 2.3324371948838234
      vertex 50.89663025714355 80.0084600196545 3
      vertex 52.26936378336831 79.73540634417172 3
    endloop
  endfacet
  facet normal 0.19386883308982597 0.9746444408848297 -0.11172774681647815
    outer loop
      vertex 50.886812564671615 79.93388724168334 2.3324371948838234
      vertex 52.26936378336831 79.73540634417172 3
      vertex 52.249896381864616 79.66275301266857 2.3324371948838234
    endloop
  endfacet
  facet normal 0 0 -1
    outer loop
      vertex 50.6671652108317 78.26549995040462 0
      vertex 53.971000000000004 77.14399916064046 0
      vertex 56.59416556888422 74.84354469819598 0
    endloop
  endfacet
  facet normal 0 0 -1
    outer loop
      vertex 50.6671652108317 78.26549995040462 0
      vertex 52.92195525220863 77.66133077971594 0
      vertex 53.971000000000004 77.14399916064046 0
    endloop
  endfacet
  facet normal 0.23016705406228646 0.6780502764436632 -0.6980479566899114
    outer loop
      vertex 51.81435990130674 78.03730873867686 0
      vertex 53.34424429389011 78.68082671138488 1.129530593752861
      vertex 52.92195525220863 77.66133077971594 0
    endloop
  endfacet
  facet normal 0.31670126372555046 0.6422066331919029 -0.698047956689911
    outer loop
      vertex 53.971000000000004 77.14399916064046 0
      vertex 52.92195525220863 77.66133077971594 0
      vertex 54.52274722233415 78.0996533826582 1.129530593752861
    endloop
  endfacet
  facet normal 0.2301670540622881 0.6780502764436613 -0.6980479566899125
    outer loop
      vertex 51.81435990130674 78.03730873867686 0
      vertex 52.09996527975172 79.10320252194848 1.129530593752861
      vertex 53.34424429389011 78.68082671138488 1.129530593752861
    endloop
  endfacet
  facet normal 0.27233549526790984 0.8022744984251983 -0.5312146526535004
    outer loop
      vertex 52.09996527975172 79.10320252194848 1.129530593752861
      vertex 52.19247035356677 79.44843615738412 1.6983487829566002
      vertex 53.34424429389011 78.68082671138488 1.129530593752861
    endloop
  endfacet
  facet normal 0.31670126372555113 0.642206633191902 -0.6980479566899116
    outer loop
      vertex 52.92195525220863 77.66133077971594 0
      vertex 53.34424429389011 78.68082671138488 1.129530593752861
      vertex 54.52274722233415 78.0996533826582 1.129530593752861
    endloop
  endfacet
  facet normal 0.37472346274775775 0.7598640136712321 -0.5312146526534967
    outer loop
      vertex 53.34424429389011 78.68082671138488 1.129530593752861
      vertex 54.7014533020556 78.40918139235721 1.6983487829566002
      vertex 54.52274722233415 78.0996533826582 1.129530593752861
    endloop
  endfacet
  facet normal 0 0 -1
    outer loop
      vertex 53.971000000000004 77.14399916064046 0
      vertex 54.94354469819598 76.49416556888423 0
      vertex 55.822948837370106 75.72294883737011 0
    endloop
  endfacet
  facet normal 0.39781662696029274 0.5953746563929101 -0.6980479566899107
    outer loop
      vertex 53.971000000000004 77.14399916064046 0
      vertex 54.52274722233415 78.0996533826582 1.129530593752861
      vertex 54.94354469819598 76.49416556888423 0
    endloop
  endfacet
  facet normal 0 0 -1
    outer loop
      vertex 53.971000000000004 77.14399916064046 0
      vertex 55.822948837370106 75.72294883737011 0
      vertex 56.59416556888422 74.84354469819598 0
    endloop
  endfacet
  facet normal 0.4721252374121263 0.5383556541539999 -0.6980479566899127
    outer loop
      vertex 54.94354469819598 76.49416556888423 0
      vertex 56.60323724219674 76.50323724219675 1.129530593752861
      vertex 55.822948837370106 75.72294883737011 0
    endloop
  endfacet
  facet normal 0.3978166269602909 0.5953746563929102 -0.6980479566899116
    outer loop
      vertex 54.94354469819598 76.49416556888423 0
      vertex 54.52274722233415 78.0996533826582 1.129530593752861
      vertex 55.615309553235434 77.36962657255464 1.129530593752861
    endloop
  endfacet
  facet normal 0.4721252374121257 0.5383556541540018 -0.6980479566899118
    outer loop
      vertex 54.94354469819598 76.49416556888423 0
      vertex 55.615309553235434 77.36962657255464 1.129530593752861
      vertex 56.60323724219674 76.50323724219675 1.129530593752861
    endloop
  endfacet
  facet normal 0.4706998078870198 0.7044520449692426 -0.5312146526534964
    outer loop
      vertex 55.615309553235434 77.36962657255464 1.129530593752861
      vertex 54.52274722233415 78.0996533826582 1.129530593752861
      vertex 54.7014533020556 78.40918139235721 1.6983487829566002
    endloop
  endfacet
  facet normal 0.27233549526791634 0.8022744984252016 -0.5312146526534919
    outer loop
      vertex 52.19247035356677 79.44843615738412 1.6983487829566002
      vertex 53.48102000583473 79.01103249016484 1.6983487829566002
      vertex 53.34424429389011 78.68082671138488 1.129530593752861
    endloop
  endfacet
  facet normal 0.30347216311225067 0.8940001640527052 -0.32964883268367196
    outer loop
      vertex 52.19247035356677 79.44843615738412 1.6983487829566002
      vertex 52.249896381864616 79.66275301266857 2.3324371948838234
      vertex 53.48102000583473 79.01103249016484 1.6983487829566002
    endloop
  endfacet
  facet normal 0.3034721631122471 0.8940001640527043 -0.329648832683678
    outer loop
      vertex 52.249896381864616 79.66275301266857 2.3324371948838234
      vertex 53.5659287095486 79.21602023423436 2.3324371948838234
      vertex 53.48102000583473 79.01103249016484 1.6983487829566002
    endloop
  endfacet
  facet normal 0.3747234627477564 0.7598640136712368 -0.5312146526534911
    outer loop
      vertex 53.34424429389011 78.68082671138488 1.129530593752861
      vertex 53.48102000583473 79.01103249016484 1.6983487829566002
      vertex 54.7014533020556 78.40918139235721 1.6983487829566002
    endloop
  endfacet
  facet normal 0.41756635394553104 0.8467408028215743 -0.32964883268367784
    outer loop
      vertex 53.48102000583473 79.01103249016484 1.6983487829566002
      vertex 54.8123918697238 78.60133262807744 2.3324371948838234
      vertex 54.7014533020556 78.40918139235721 1.6983487829566002
    endloop
  endfacet
  facet normal 0.41756635394553154 0.8467408028215734 -0.32964883268367945
    outer loop
      vertex 53.48102000583473 79.01103249016484 1.6983487829566002
      vertex 53.5659287095486 79.21602023423436 2.3324371948838234
      vertex 54.8123918697238 78.60133262807744 2.3324371948838234
    endloop
  endfacet
  facet normal 0.31942688598457947 0.9410012620084564 -0.11172774681647772
    outer loop
      vertex 52.249896381864616 79.66275301266857 2.3324371948838234
      vertex 52.26936378336831 79.73540634417172 3
      vertex 53.59471272744695 79.28551100062415 3
    endloop
  endfacet
  facet normal 0.31942688598458147 0.9410012620084552 -0.1117277468164824
    outer loop
      vertex 52.249896381864616 79.66275301266857 2.3324371948838234
      vertex 53.59471272744695 79.28551100062415 3
      vertex 53.5659287095486 79.21602023423436 2.3324371948838234
    endloop
  endfacet
  facet normal 0.43951945629827666 0.8912572906442783 -0.11172774681648133
    outer loop
      vertex 53.5659287095486 79.21602023423436 2.3324371948838234
      vertex 53.59471272744695 79.28551100062415 3
      vertex 54.8123918697238 78.60133262807744 2.3324371948838234
    endloop
  endfacet
  facet normal 0.558622348810684 0.6369867064668262 -0.5312146526535014
    outer loop
      vertex 55.615309553235434 77.36962657255464 1.129530593752861
      vertex 55.83288829016299 77.65318070310937 1.6983487829566002
      vertex 56.85596580381735 76.75596580381735 1.6983487829566002
    endloop
  endfacet
  facet normal 0.622490771500974 0.7098146846229714 -0.32964883268368156
    outer loop
      vertex 55.83288829016299 77.65318070310937 1.6983487829566002
      vertex 55.96795853213474 77.82920766956275 2.3324371948838234
      vertex 56.85596580381735 76.75596580381735 1.6983487829566002
    endloop
  endfacet
  facet normal 0.524515868691547 0.7849934716932618 -0.32964883268367856
    outer loop
      vertex 54.7014533020556 78.40918139235721 1.6983487829566002
      vertex 54.8123918697238 78.60133262807744 2.3324371948838234
      vertex 55.96795853213474 77.82920766956275 2.3324371948838234
    endloop
  endfacet
  facet normal 0.47069980788701554 0.7044520449692415 -0.5312146526535015
    outer loop
      vertex 55.615309553235434 77.36962657255464 1.129530593752861
      vertex 54.7014533020556 78.40918139235721 1.6983487829566002
      vertex 55.83288829016299 77.65318070310937 1.6983487829566002
    endloop
  endfacet
  facet normal 0.5245158686915476 0.7849934716932604 -0.3296488326836814
    outer loop
      vertex 54.7014533020556 78.40918139235721 1.6983487829566002
      vertex 55.96795853213474 77.82920766956275 2.3324371948838234
      vertex 55.83288829016299 77.65318070310937 1.6983487829566002
    endloop
  endfacet
  facet normal 0.5520917268568987 0.8262636599339712 -0.11172774681647525
    outer loop
      vertex 54.8123918697238 78.60133262807744 2.3324371948838234
      vertex 54.850000001490116 78.66647182307446 3
      vertex 56.01374729220756 77.8888807434806 3
    endloop
  endfacet
  facet normal 0.43951945629827927 0.8912572906442777 -0.11172774681647586
    outer loop
      vertex 54.8123918697238 78.60133262807744 2.3324371948838234
      vertex 53.59471272744695 79.28551100062415 3
      vertex 54.850000001490116 78.66647182307446 3
    endloop
  endfacet
  facet normal 0.5520917268568979 0.826263659933972 -0.11172774681647295
    outer loop
      vertex 54.8123918697238 78.60133262807744 2.3324371948838234
      vertex 56.01374729220756 77.8888807434806 3
      vertex 55.96795853213474 77.82920766956275 2.3324371948838234
    endloop
  endfacet
  facet normal 0 0 -1
    outer loop
      vertex 58.442 69.4 0
      vertex 56.59416556888422 74.84354469819598 0
      vertex 58.13730873867685 71.71435990130675 0
    endloop
  endfacet
  facet normal 0 0 -1
    outer loop
      vertex 58.13730873867685 71.71435990130675 0
      vertex 57.24399916064045 73.87100000000001 0
      vertex 57.76133077971593 72.82195525220864 0
    endloop
  endfacet
  facet normal 0 0 -1
    outer loop
      vertex 58.13730873867685 71.71435990130675 0
      vertex 56.59416556888422 74.84354469819598 0
      vertex 57.24399916064045 73.87100000000001 0
    endloop
  endfacet
  facet normal 0.6422066331919029 0.31670126372555046 -0.698047956689911
    outer loop
      vertex 57.24399916064045 73.87100000000001 0
      vertex 58.19965338265819 74.42274722233415 1.129530593752861
      vertex 57.76133077971593 72.82195525220864 0
    endloop
  endfacet
  facet normal 0.5953746563929119 0.39781662696028963 -0.6980479566899108
    outer loop
      vertex 56.59416556888422 74.84354469819598 0
      vertex 58.19965338265819 74.42274722233415 1.129530593752861
      vertex 57.24399916064045 73.87100000000001 0
    endloop
  endfacet
  facet normal 0.6422066331919036 0.31670126372555 -0.6980479566899107
    outer loop
      vertex 57.76133077971593 72.82195525220864 0
      vertex 58.19965338265819 74.42274722233415 1.129530593752861
      vertex 58.78082671138487 73.2442442938901 1.129530593752861
    endloop
  endfacet
  facet normal 0.5953746563929124 0.3978166269602846 -0.6980479566899133
    outer loop
      vertex 56.59416556888422 74.84354469819598 0
      vertex 57.46962657255464 75.51530955323544 1.129530593752861
      vertex 58.19965338265819 74.42274722233415 1.129530593752861
    endloop
  endfacet
  facet normal 0.7044520449692467 0.47069980788701343 -0.5312146526534968
    outer loop
      vertex 58.19965338265819 74.42274722233415 1.129530593752861
      vertex 57.46962657255464 75.51530955323544 1.129530593752861
      vertex 58.5091813923572 74.6014533020556 1.6983487829566002
    endloop
  endfacet
  facet normal 0 0 -1
    outer loop
      vertex 58.442 69.4 0
      vertex 58.13730873867685 71.71435990130675 0
      vertex 58.36549995040461 70.5671652108317 0
    endloop
  endfacet
  facet normal 0.7145178906858379 0.04683197679899054 -0.6980479566899109
    outer loop
      vertex 58.442 69.4 0
      vertex 58.36549995040461 70.5671652108317 0
      vertex 59.459553847125534 70.71120013883024 1.129530593752861
    endloop
  endfacet
  facet normal 0.7022922914744172 0.13969462228965857 -0.6980479566899125
    outer loop
      vertex 58.13730873867685 71.71435990130675 0
      vertex 59.20320252194847 71.99996527975173 1.129530593752861
      vertex 58.36549995040461 70.5671652108317 0
    endloop
  endfacet
  facet normal 0.6780502764436604 0.23016705406229135 -0.6980479566899125
    outer loop
      vertex 58.13730873867685 71.71435990130675 0
      vertex 57.76133077971593 72.82195525220864 0
      vertex 59.20320252194847 71.99996527975173 1.129530593752861
    endloop
  endfacet
  facet normal 0.7145178906858368 0.046831976798992175 -0.6980479566899118
    outer loop
      vertex 58.442 69.4 0
      vertex 59.459553847125534 70.71120013883024 1.129530593752861
      vertex 59.54549444466829 69.4 1.129530593752861
    endloop
  endfacet
  facet normal 0.7022922914744191 0.1396946222896564 -0.698047956689911
    outer loop
      vertex 58.36549995040461 70.5671652108317 0
      vertex 59.20320252194847 71.99996527975173 1.129530593752861
      vertex 59.459553847125534 70.71120013883024 1.129530593752861
    endloop
  endfacet
  facet normal 0.845423270634769 0.055411968701990146 -0.5312146526535013
    outer loop
      vertex 59.54549444466829 69.4 1.129530593752861
      vertex 59.459553847125534 70.71120013883024 1.129530593752861
      vertex 59.81390829599772 70.75785178705547 1.6983487829566002
    endloop
  endfacet
  facet normal 0.8309578440785955 0.1652877919583641 -0.5312146526535023
    outer loop
      vertex 59.20320252194847 71.99996527975173 1.129530593752861
      vertex 59.81390829599772 70.75785178705547 1.6983487829566002
      vertex 59.459553847125534 70.71120013883024 1.129530593752861
    endloop
  endfacet
  facet normal 0.6780502764436611 0.23016705406229448 -0.6980479566899109
    outer loop
      vertex 57.76133077971593 72.82195525220864 0
      vertex 58.78082671138487 73.2442442938901 1.129530593752861
      vertex 59.20320252194847 71.99996527975173 1.129530593752861
    endloop
  endfacet
  facet normal 0.8022744984251937 0.27233549526791595 -0.531214652653504
    outer loop
      vertex 59.20320252194847 71.99996527975173 1.129530593752861
      vertex 58.78082671138487 73.2442442938901 1.129530593752861
      vertex 59.11103249016483 73.38102000583474 1.6983487829566002
    endloop
  endfacet
  facet normal 0.7598640136712287 0.3747234627477538 -0.5312146526535046
    outer loop
      vertex 58.19965338265819 74.42274722233415 1.129530593752861
      vertex 59.11103249016483 73.38102000583474 1.6983487829566002
      vertex 58.78082671138487 73.2442442938901 1.129530593752861
    endloop
  endfacet
  facet normal 0.8454232706347725 0.05541196870198711 -0.5312146526534958
    outer loop
      vertex 59.54549444466829 69.4 1.129530593752861
      vertex 59.81390829599772 70.75785178705547 1.6983487829566002
      vertex 59.902906604111195 69.4 1.6983487829566002
    endloop
  endfacet
  facet normal 0.9420822226370776 0.06174733112831006 -0.32964883268368234
    outer loop
      vertex 59.902906604111195 69.4 1.6983487829566002
      vertex 59.81390829599772 70.75785178705547 1.6983487829566002
      vertex 60.03388724168333 70.78681256467162 2.3324371948838234
    endloop
  endfacet
  facet normal 0.9420822226370759 0.06174733112831246 -0.32964883268368717
    outer loop
      vertex 59.902906604111195 69.4 1.6983487829566002
      vertex 60.03388724168333 70.78681256467162 2.3324371948838234
      vertex 60.124783739447594 69.4 2.3324371948838234
    endloop
  endfacet
  facet normal 0.8309578440786021 0.1652877919583733 -0.5312146526534892
    outer loop
      vertex 59.20320252194847 71.99996527975173 1.129530593752861
      vertex 59.54843615738411 72.09247035356677 1.6983487829566002
      vertex 59.81390829599772 70.75785178705547 1.6983487829566002
    endloop
  endfacet
  facet normal 0.9259629346132159 0.1841854794297323 -0.3296488326836923
    outer loop
      vertex 59.81390829599772 70.75785178705547 1.6983487829566002
      vertex 59.54843615738411 72.09247035356677 1.6983487829566002
      vertex 59.762753012668576 72.14989638186462 2.3324371948838234
    endloop
  endfacet
  facet normal 0.9259629346132205 0.18418547942972763 -0.3296488326836817
    outer loop
      vertex 59.81390829599772 70.75785178705547 1.6983487829566002
      vertex 59.762753012668576 72.14989638186462 2.3324371948838234
      vertex 60.03388724168333 70.78681256467162 2.3324371948838234
    endloop
  endfacet
  facet normal 0.9916111831551749 0.06499363071030802 -0.1117277468164747
    outer loop
      vertex 60.124783739447594 69.4 2.3324371948838234
      vertex 60.03388724168333 70.78681256467162 2.3324371948838234
      vertex 60.10846001965451 70.79663025714356 3
    endloop
  endfacet
  facet normal 0.9916111831551759 0.06499363071030473 -0.11172774681646781
    outer loop
      vertex 60.124783739447594 69.4 2.3324371948838234
      vertex 60.10846001965451 70.79663025714356 3
      vertex 60.20000000298023 69.4 3
    endloop
  endfacet
  facet normal 0.974644440884832 0.19386883308982134 -0.11172774681646584
    outer loop
      vertex 60.03388724168333 70.78681256467162 2.3324371948838234
      vertex 59.762753012668576 72.14989638186462 2.3324371948838234
      vertex 59.835406344171716 72.16936378336831 3
    endloop
  endfacet
  facet normal 0.97464444088483 0.19386883308982583 -0.1117277468164757
    outer loop
      vertex 60.03388724168333 70.78681256467162 2.3324371948838234
      vertex 59.835406344171716 72.16936378336831 3
      vertex 60.10846001965451 70.79663025714356 3
    endloop
  endfacet
  facet normal 0.759864013671231 0.37472346274776014 -0.5312146526534968
    outer loop
      vertex 58.19965338265819 74.42274722233415 1.129530593752861
      vertex 58.5091813923572 74.6014533020556 1.6983487829566002
      vertex 59.11103249016483 73.38102000583474 1.6983487829566002
    endloop
  endfacet
  facet normal 0.8467408028215686 0.41756635394553565 -0.3296488326836865
    outer loop
      vertex 59.11103249016483 73.38102000583474 1.6983487829566002
      vertex 58.5091813923572 74.6014533020556 1.6983487829566002
      vertex 58.70133262807744 74.7123918697238 2.3324371948838234
    endloop
  endfacet
  facet normal 0.8467408028215702 0.41756635394553476 -0.3296488326836836
    outer loop
      vertex 59.11103249016483 73.38102000583474 1.6983487829566002
      vertex 58.70133262807744 74.7123918697238 2.3324371948838234
      vertex 59.316020234234365 73.4659287095486 2.3324371948838234
    endloop
  endfacet
  facet normal 0.8022744984252059 0.2723354952679104 -0.5312146526534883
    outer loop
      vertex 59.20320252194847 71.99996527975173 1.129530593752861
      vertex 59.11103249016483 73.38102000583474 1.6983487829566002
      vertex 59.54843615738411 72.09247035356677 1.6983487829566002
    endloop
  endfacet
  facet normal 0.8940001640527009 0.30347216311224096 -0.329648832683693
    outer loop
      vertex 59.54843615738411 72.09247035356677 1.6983487829566002
      vertex 59.11103249016483 73.38102000583474 1.6983487829566002
      vertex 59.762753012668576 72.14989638186462 2.3324371948838234
    endloop
  endfacet
  facet normal 0.8940001640527023 0.3034721631122464 -0.3296488326836839
    outer loop
      vertex 59.762753012668576 72.14989638186462 2.3324371948838234
      vertex 59.11103249016483 73.38102000583474 1.6983487829566002
      vertex 59.316020234234365 73.4659287095486 2.3324371948838234
    endloop
  endfacet
  facet normal 0.8912572906442782 0.4395194562982817 -0.11172774681646251
    outer loop
      vertex 58.70133262807744 74.7123918697238 2.3324371948838234
      vertex 59.38551100062414 73.49471272744695 3
      vertex 59.316020234234365 73.4659287095486 2.3324371948838234
    endloop
  endfacet
  facet normal 0.8912572906442797 0.43951945629827527 -0.11172774681647582
    outer loop
      vertex 58.70133262807744 74.7123918697238 2.3324371948838234
      vertex 58.766471823074454 74.75000000149012 3
      vertex 59.38551100062414 73.49471272744695 3
    endloop
  endfacet
  facet normal 0.9410012620084568 0.3194268859845829 -0.11172774681646444
    outer loop
      vertex 59.762753012668576 72.14989638186462 2.3324371948838234
      vertex 59.38551100062414 73.49471272744695 3
      vertex 59.835406344171716 72.16936378336831 3
    endloop
  endfacet
  facet normal 0.9410012620084572 0.31942688598458213 -0.1117277468164626
    outer loop
      vertex 59.762753012668576 72.14989638186462 2.3324371948838234
      vertex 59.316020234234365 73.4659287095486 2.3324371948838234
      vertex 59.38551100062414 73.49471272744695 3
    endloop
  endfacet
  facet normal 0.5383556541539999 0.4721252374121263 -0.6980479566899127
    outer loop
      vertex 55.822948837370106 75.72294883737011 0
      vertex 56.60323724219674 76.50323724219675 1.129530593752861
      vertex 56.59416556888422 74.84354469819598 0
    endloop
  endfacet
  facet normal 0.5383556541539986 0.47212523741212675 -0.6980479566899133
    outer loop
      vertex 56.59416556888422 74.84354469819598 0
      vertex 56.60323724219674 76.50323724219675 1.129530593752861
      vertex 57.46962657255464 75.51530955323544 1.129530593752861
    endloop
  endfacet
  facet normal 0.5586223488106836 0.636986706466831 -0.5312146526534959
    outer loop
      vertex 55.615309553235434 77.36962657255464 1.129530593752861
      vertex 56.85596580381735 76.75596580381735 1.6983487829566002
      vertex 56.60323724219674 76.50323724219675 1.129530593752861
    endloop
  endfacet
  facet normal 0.6369867064668282 0.5586223488106858 -0.5312146526534967
    outer loop
      vertex 56.60323724219674 76.50323724219675 1.129530593752861
      vertex 56.85596580381735 76.75596580381735 1.6983487829566002
      vertex 57.46962657255464 75.51530955323544 1.129530593752861
    endloop
  endfacet
  facet normal 0.6224907715009724 0.7098146846229716 -0.329648832683684
    outer loop
      vertex 55.96795853213474 77.82920766956275 2.3324371948838234
      vertex 57.01285663080396 76.91285663080396 2.3324371948838234
      vertex 56.85596580381735 76.75596580381735 1.6983487829566002
    endloop
  endfacet
  facet normal 0.7098146846229731 0.6224907715009705 -0.32964883268368383
    outer loop
      vertex 56.85596580381735 76.75596580381735 1.6983487829566002
      vertex 57.01285663080396 76.91285663080396 2.3324371948838234
      vertex 57.753180703109365 75.73288829016299 1.6983487829566002
    endloop
  endfacet
  facet normal 0.6369867064668333 0.5586223488106857 -0.5312146526534908
    outer loop
      vertex 57.46962657255464 75.51530955323544 1.129530593752861
      vertex 56.85596580381735 76.75596580381735 1.6983487829566002
      vertex 57.753180703109365 75.73288829016299 1.6983487829566002
    endloop
  endfacet
  facet normal 0.7044520449692478 0.47069980788701826 -0.531214652653491
    outer loop
      vertex 58.5091813923572 74.6014533020556 1.6983487829566002
      vertex 57.46962657255464 75.51530955323544 1.129530593752861
      vertex 57.753180703109365 75.73288829016299 1.6983487829566002
    endloop
  endfacet
  facet normal 0.7098146846229704 0.6224907715009714 -0.32964883268368866
    outer loop
      vertex 57.753180703109365 75.73288829016299 1.6983487829566002
      vertex 57.01285663080396 76.91285663080396 2.3324371948838234
      vertex 57.92920766956275 75.86795853213474 2.3324371948838234
    endloop
  endfacet
  facet normal 0.7849934716932595 0.5245158686915439 -0.32964883268368916
    outer loop
      vertex 58.70133262807744 74.7123918697238 2.3324371948838234
      vertex 57.753180703109365 75.73288829016299 1.6983487829566002
      vertex 57.92920766956275 75.86795853213474 2.3324371948838234
    endloop
  endfacet
  facet normal 0.6552175549002499 0.7471324289186309 -0.11172774681646902
    outer loop
      vertex 57.01285663080396 76.91285663080396 2.3324371948838234
      vertex 56.01374729220756 77.8888807434806 3
      vertex 57.0660425608034 76.9660425608034 3
    endloop
  endfacet
  facet normal 0.7471324289186311 0.6552175549002481 -0.11172774681647803
    outer loop
      vertex 57.01285663080396 76.91285663080396 2.3324371948838234
      vertex 57.98888074348059 75.91374729220757 3
      vertex 57.92920766956275 75.86795853213474 2.3324371948838234
    endloop
  endfacet
  facet normal 0.8262636599339727 0.5520917268568963 -0.11172774681647582
    outer loop
      vertex 57.92920766956275 75.86795853213474 2.3324371948838234
      vertex 57.98888074348059 75.91374729220757 3
      vertex 58.766471823074454 74.75000000149012 3
    endloop
  endfacet
  facet normal 0.747132428918629 0.655217554900252 -0.11172774681646902
    outer loop
      vertex 57.01285663080396 76.91285663080396 2.3324371948838234
      vertex 57.0660425608034 76.9660425608034 3
      vertex 57.98888074348059 75.91374729220757 3
    endloop
  endfacet
  facet normal 0.6552175549002486 0.7471324289186316 -0.11172774681647209
    outer loop
      vertex 55.96795853213474 77.82920766956275 2.3324371948838234
      vertex 56.01374729220756 77.8888807434806 3
      vertex 57.01285663080396 76.91285663080396 2.3324371948838234
    endloop
  endfacet
  facet normal 0.7849934716932595 0.5245158686915455 -0.3296488326836864
    outer loop
      vertex 58.5091813923572 74.6014533020556 1.6983487829566002
      vertex 57.753180703109365 75.73288829016299 1.6983487829566002
      vertex 58.70133262807744 74.7123918697238 2.3324371948838234
    endloop
  endfacet
  facet normal 0.8262636599339725 0.5520917268568966 -0.11172774681647528
    outer loop
      vertex 58.70133262807744 74.7123918697238 2.3324371948838234
      vertex 57.92920766956275 75.86795853213474 2.3324371948838234
      vertex 58.766471823074454 74.75000000149012 3
    endloop
  endfacet
  facet normal 0.06540312923014753 0.9978589232386031 -3.822220871742315e-19
    outer loop
      vertex 49.5 80.10000000298024 3
      vertex 50.89663025714355 80.0084600196545 22.799999999999994
      vertex 50.89663025714355 80.0084600196545 3
    endloop
  endfacet
  facet normal 0.19509032201612256 0.9807852804032315 8.93952400478726e-19
    outer loop
      vertex 50.89663025714355 80.0084600196545 3
      vertex 52.26936378336831 79.73540634417172 22.799999999999994
      vertex 52.26936378336831 79.73540634417172 3
    endloop
  endfacet
  facet normal 1 0 0
    outer loop
      vertex 60.20000000298023 69.4 3
      vertex 60.20000000298023 58 14.209999997019768
      vertex 60.20000000298023 57.57275219420327 14.252080232993961
    endloop
  endfacet
  facet normal 1 0 0
    outer loop
      vertex 60.20000000298023 69.4 3
      vertex 60.20000000298023 58.42724780579673 14.252080232993961
      vertex 60.20000000298023 58 14.209999997019768
    endloop
  endfacet
  facet normal 1 0 0
    outer loop
      vertex 60.20000000298023 69.4 3
      vertex 60.20000000298023 58.83807671802003 14.37670382104691
      vertex 60.20000000298023 58.42724780579673 14.252080232993961
    endloop
  endfacet
  facet normal 1 0 0
    outer loop
      vertex 60.20000000298023 69.4 3
      vertex 60.20000000298023 59.216698811968655 14.579081546579456
      vertex 60.20000000298023 58.83807671802003 14.37670382104691
    endloop
  endfacet
  facet normal 1 0 0
    outer loop
      vertex 60.20000000298023 69.4 3
      vertex 60.20000000298023 59.54856385290588 14.85143614709412
      vertex 60.20000000298023 59.216698811968655 14.579081546579456
    endloop
  endfacet
  facet normal 1 0 0
    outer loop
      vertex 60.20000000298023 69.4 3
      vertex 60.20000000298023 59.820918453420546 15.183301188031347
      vertex 60.20000000298023 59.54856385290588 14.85143614709412
    endloop
  endfacet
  facet normal 1 0 0
    outer loop
      vertex 60.20000000298023 69.4 3
      vertex 60.20000000298023 60.023296178953096 15.561923281979968
      vertex 60.20000000298023 59.820918453420546 15.183301188031347
    endloop
  endfacet
  facet normal 0.3214394653031594 0.9469301294951064 6.614193307898069e-19
    outer loop
      vertex 52.26936378336831 79.73540634417172 3
      vertex 53.59471272744695 79.28551100062415 22.799999999999994
      vertex 53.59471272744695 79.28551100062415 3
    endloop
  endfacet
  facet normal 0.5555702330196044 0.8314696123025439 0
    outer loop
      vertex 54.850000001490116 78.66647182307446 3
      vertex 54.850000001490116 78.66647182307446 22.799999999999994
      vertex 56.01374729220756 77.8888807434806 3
    endloop
  endfacet
  facet normal 0.4422886902190022 0.8968727415326878 3.7960382638860373e-19
    outer loop
      vertex 53.59471272744695 79.28551100062415 3
      vertex 54.850000001490116 78.66647182307446 22.799999999999994
      vertex 54.850000001490116 78.66647182307446 3
    endloop
  endfacet
  facet normal 0.9978589232386036 0.06540312923014215 -2.7895214259831606e-19
    outer loop
      vertex 60.20000000298023 69.4 3
      vertex 60.10846001965451 70.79663025714356 3
      vertex 60.10846001965451 70.79663025714356 22.799999999999994
    endloop
  endfacet
  facet normal 0.9807852804032303 0.1950903220161294 0
    outer loop
      vertex 60.10846001965451 70.79663025714356 3
      vertex 59.835406344171716 72.16936378336831 3
      vertex 60.10846001965451 70.79663025714356 22.799999999999994
    endloop
  endfacet
  facet normal 0.8968727415326899 0.44228869021899814 0
    outer loop
      vertex 58.766471823074454 74.75000000149012 3
      vertex 58.766471823074454 74.75000000149012 22.799999999999994
      vertex 59.38551100062414 73.49471272744695 3
    endloop
  endfacet
  facet normal 0.9469301294951055 0.3214394653031624 -1.8049358692134876e-18
    outer loop
      vertex 59.835406344171716 72.16936378336831 3
      vertex 59.38551100062414 73.49471272744695 3
      vertex 59.38551100062414 73.49471272744695 22.799999999999994
    endloop
  endfacet
  facet normal 0.6593458151000698 0.7518398074789766 -4.2626356135300315e-19
    outer loop
      vertex 56.01374729220756 77.8888807434806 3
      vertex 57.0660425608034 76.9660425608034 22.799999999999994
      vertex 57.0660425608034 76.9660425608034 3
    endloop
  endfacet
  facet normal 0.7518398074789746 0.659345815100072 0
    outer loop
      vertex 57.0660425608034 76.9660425608034 3
      vertex 57.0660425608034 76.9660425608034 22.799999999999994
      vertex 57.98888074348059 75.91374729220757 3
    endloop
  endfacet
  facet normal 0.8314696123025453 0.555570233019602 0
    outer loop
      vertex 58.766471823074454 74.75000000149012 3
      vertex 57.98888074348059 75.91374729220757 3
      vertex 58.766471823074454 74.75000000149012 22.799999999999994
    endloop
  endfacet
  facet normal 0 1 0
    outer loop
      vertex 49.5 80.10000000298024 22.799999999999994
      vertex 23.44959346906221 80.10000000298024 15.969189160376658
      vertex 24.246947748567507 80.10000000298024 16.29946411696398
    endloop
  endfacet
  facet normal 0 1 0
    outer loop
      vertex 49.5 80.10000000298024 22.799999999999994
      vertex 24.246947748567507 80.10000000298024 16.29946411696398
      vertex 24.9828188876086 80.10000000298024 16.75040653093779
    endloop
  endfacet
  facet normal 0 1 0
    outer loop
      vertex 49.5 80.10000000298024 22.799999999999994
      vertex 24.9828188876086 80.10000000298024 16.75040653093779
      vertex 25.63908729652601 80.10000000298024 17.310912703473992
    endloop
  endfacet
  facet normal 0 1 0
    outer loop
      vertex 49.5 80.10000000298024 22.799999999999994
      vertex 25.63908729652601 80.10000000298024 17.310912703473992
      vertex 26.19959346906221 80.10000000298024 17.9671811123914
    endloop
  endfacet
  facet normal 0 1 0
    outer loop
      vertex 49.5 80.10000000298024 22.799999999999994
      vertex 26.19959346906221 80.10000000298024 17.9671811123914
      vertex 26.650535883036024 80.10000000298024 18.703052251432496
    endloop
  endfacet
  facet normal 0 1 0
    outer loop
      vertex 49.5 80.10000000298024 22.799999999999994
      vertex 26.650535883036024 80.10000000298024 18.703052251432496
      vertex 26.980810839623345 80.10000000298024 19.50040653093779
    endloop
  endfacet
  facet normal 0 1 0
    outer loop
      vertex 49.5 80.10000000298024 22.799999999999994
      vertex 26.980810839623345 80.10000000298024 19.50040653093779
      vertex 27.18228587327326 80.10000000298024 20.339610442278733
    endloop
  endfacet
  facet normal 0 1 0
    outer loop
      vertex 49.5 80.10000000298024 22.799999999999994
      vertex 27.18228587327326 80.10000000298024 20.339610442278733
      vertex 27.25 80.10000000298024 21.200000000000003
    endloop
  endfacet
  facet normal 0 1 0
    outer loop
      vertex 49.5 80.10000000298024 22.799999999999994
      vertex 27.25 80.10000000298024 21.200000000000003
      vertex 27.18228587327326 80.10000000298024 22.060389557721273
    endloop
  endfacet
  facet normal 0 1 0
    outer loop
      vertex 49.5 80.10000000298024 22.799999999999994
      vertex 27.18228587327326 80.10000000298024 22.060389557721273
      vertex 27.004721116088287 80.10000000298024 22.799999999999994
    endloop
  endfacet
  facet normal 1 0 0
    outer loop
      vertex 60.20000000298023 8.5 22.799999999999994
      vertex 60.20000000298023 69.4 3
      vertex 60.20000000298023 42.6 15.500000000000004
    endloop
  endfacet
  facet normal 1 0 0
    outer loop
      vertex 60.20000000298023 42.6 15.500000000000004
      vertex 60.20000000298023 57.57275219420327 14.252080232993961
      vertex 60.20000000298023 47.4 15.500000000000004
    endloop
  endfacet
  facet normal 1 0 0
    outer loop
      vertex 60.20000000298023 47.4 15.500000000000004
      vertex 60.20000000298023 57.57275219420327 14.252080232993961
      vertex 60.20000000298023 57.16192328197997 14.37670382104691
    endloop
  endfacet
  facet normal 1 0 0
    outer loop
      vertex 60.20000000298023 47.4 15.500000000000004
      vertex 60.20000000298023 57.16192328197997 14.37670382104691
      vertex 60.20000000298023 56.783301188031345 14.579081546579456
    endloop
  endfacet
  facet normal 1 0 0
    outer loop
      vertex 60.20000000298023 47.4 15.500000000000004
      vertex 60.20000000298023 56.783301188031345 14.579081546579456
      vertex 60.20000000298023 56.45143614709412 14.85143614709412
    endloop
  endfacet
  facet normal 1 0 0
    outer loop
      vertex 60.20000000298023 47.4 15.500000000000004
      vertex 60.20000000298023 56.45143614709412 14.85143614709412
      vertex 60.20000000298023 56.179081546579454 15.183301188031347
    endloop
  endfacet
  facet normal 1 0 0
    outer loop
      vertex 60.20000000298023 47.4 15.500000000000004
      vertex 60.20000000298023 56.179081546579454 15.183301188031347
      vertex 60.20000000298023 55.976703821046904 15.561923281979968
    endloop
  endfacet
  facet normal 1 0 0
    outer loop
      vertex 60.20000000298023 47.4 15.500000000000004
      vertex 60.20000000298023 55.852080232993956 16.827247805796738
      vertex 60.20000000298023 47.4 17.700000000000003
    endloop
  endfacet
  facet normal 1 0 0
    outer loop
      vertex 60.20000000298023 47.4 15.500000000000004
      vertex 60.20000000298023 55.976703821046904 15.561923281979968
      vertex 60.20000000298023 55.852080232993956 15.972752194203267
    endloop
  endfacet
  facet normal 1 0 0
    outer loop
      vertex 60.20000000298023 47.4 15.500000000000004
      vertex 60.20000000298023 55.852080232993956 15.972752194203267
      vertex 60.20000000298023 55.809999997019766 16.400000000000002
    endloop
  endfacet
  facet normal 1 0 0
    outer loop
      vertex 60.20000000298023 47.4 15.500000000000004
      vertex 60.20000000298023 55.809999997019766 16.400000000000002
      vertex 60.20000000298023 55.852080232993956 16.827247805796738
    endloop
  endfacet
  facet normal 1 0 0
    outer loop
      vertex 60.20000000298023 8.5 22.799999999999994
      vertex 60.20000000298023 56.783301188031345 18.220918453420545
      vertex 60.20000000298023 57.16192328197997 18.42329617895309
    endloop
  endfacet
  facet normal 1 0 0
    outer loop
      vertex 60.20000000298023 8.5 22.799999999999994
      vertex 60.20000000298023 57.16192328197997 18.42329617895309
      vertex 60.20000000298023 57.57275219420327 18.547919767006043
    endloop
  endfacet
  facet normal 1 0 0
    outer loop
      vertex 60.20000000298023 8.5 22.799999999999994
      vertex 60.20000000298023 57.57275219420327 18.547919767006043
      vertex 60.20000000298023 58 18.590000002980233
    endloop
  endfacet
  facet normal 1 0 0
    outer loop
      vertex 60.20000000298023 8.5 22.799999999999994
      vertex 60.20000000298023 58 18.590000002980233
      vertex 60.20000000298023 69.4 22.799999999999994
    endloop
  endfacet
  facet normal 1 0 0
    outer loop
      vertex 60.20000000298023 47.4 17.700000000000003
      vertex 60.20000000298023 55.852080232993956 16.827247805796738
      vertex 60.20000000298023 55.976703821046904 17.238076718020032
    endloop
  endfacet
  facet normal 1 0 0
    outer loop
      vertex 60.20000000298023 47.4 17.700000000000003
      vertex 60.20000000298023 55.976703821046904 17.238076718020032
      vertex 60.20000000298023 56.179081546579454 17.616698811968657
    endloop
  endfacet
  facet normal 1 0 0
    outer loop
      vertex 60.20000000298023 47.4 17.700000000000003
      vertex 60.20000000298023 56.179081546579454 17.616698811968657
      vertex 60.20000000298023 56.45143614709412 17.94856385290588
    endloop
  endfacet
  facet normal 1 0 0
    outer loop
      vertex 60.20000000298023 47.4 17.700000000000003
      vertex 60.20000000298023 56.45143614709412 17.94856385290588
      vertex 60.20000000298023 56.783301188031345 18.220918453420545
    endloop
  endfacet
  facet normal 0.06540312923014753 0.9978589232386031 0
    outer loop
      vertex 49.5 80.10000000298024 3
      vertex 49.5 80.10000000298024 22.799999999999994
      vertex 50.89663025714355 80.0084600196545 22.799999999999994
    endloop
  endfacet
  facet normal 0.19509032201612256 0.9807852804032315 0
    outer loop
      vertex 50.89663025714355 80.0084600196545 3
      vertex 50.89663025714355 80.0084600196545 22.799999999999994
      vertex 52.26936378336831 79.73540634417172 22.799999999999994
    endloop
  endfacet
  facet normal 1 0 0
    outer loop
      vertex 60.20000000298023 69.4 3
      vertex 60.20000000298023 60.147919767006044 15.972752194203267
      vertex 60.20000000298023 60.023296178953096 15.561923281979968
    endloop
  endfacet
  facet normal 1 0 0
    outer loop
      vertex 60.20000000298023 69.4 3
      vertex 60.20000000298023 60.190000002980234 16.400000000000002
      vertex 60.20000000298023 60.147919767006044 15.972752194203267
    endloop
  endfacet
  facet normal 1 0 0
    outer loop
      vertex 60.20000000298023 69.4 3
      vertex 60.20000000298023 69.4 22.799999999999994
      vertex 60.20000000298023 60.190000002980234 16.400000000000002
    endloop
  endfacet
  facet normal 0.3214394653031594 0.9469301294951064 0
    outer loop
      vertex 52.26936378336831 79.73540634417172 3
      vertex 52.26936378336831 79.73540634417172 22.799999999999994
      vertex 53.59471272744695 79.28551100062415 22.799999999999994
    endloop
  endfacet
  facet normal 0.4422886902190022 0.8968727415326878 0
    outer loop
      vertex 53.59471272744695 79.28551100062415 3
      vertex 53.59471272744695 79.28551100062415 22.799999999999994
      vertex 54.850000001490116 78.66647182307446 22.799999999999994
    endloop
  endfacet
  facet normal 0.5555702330196044 0.8314696123025439 0
    outer loop
      vertex 56.01374729220756 77.8888807434806 3
      vertex 54.850000001490116 78.66647182307446 22.799999999999994
      vertex 56.01374729220756 77.8888807434806 22.799999999999994
    endloop
  endfacet
  facet normal 0.9978589232386036 0.06540312923014215 0
    outer loop
      vertex 60.20000000298023 69.4 3
      vertex 60.10846001965451 70.79663025714356 22.799999999999994
      vertex 60.20000000298023 69.4 22.799999999999994
    endloop
  endfacet
  facet normal 0.9807852804032303 0.1950903220161294 0
    outer loop
      vertex 59.835406344171716 72.16936378336831 3
      vertex 59.835406344171716 72.16936378336831 22.799999999999994
      vertex 60.10846001965451 70.79663025714356 22.799999999999994
    endloop
  endfacet
  facet normal 0.8968727415326899 0.44228869021899814 0
    outer loop
      vertex 59.38551100062414 73.49471272744695 3
      vertex 58.766471823074454 74.75000000149012 22.799999999999994
      vertex 59.38551100062414 73.49471272744695 22.799999999999994
    endloop
  endfacet
  facet normal 0.9469301294951055 0.3214394653031624 0
    outer loop
      vertex 59.835406344171716 72.16936378336831 3
      vertex 59.38551100062414 73.49471272744695 22.799999999999994
      vertex 59.835406344171716 72.16936378336831 22.799999999999994
    endloop
  endfacet
  facet normal 0.8314696123025453 0.555570233019602 0
    outer loop
      vertex 57.98888074348059 75.91374729220757 3
      vertex 57.98888074348059 75.91374729220757 22.799999999999994
      vertex 58.766471823074454 74.75000000149012 22.799999999999994
    endloop
  endfacet
  facet normal 0.7518398074789746 0.659345815100072 0
    outer loop
      vertex 57.98888074348059 75.91374729220757 3
      vertex 57.0660425608034 76.9660425608034 22.799999999999994
      vertex 57.98888074348059 75.91374729220757 22.799999999999994
    endloop
  endfacet
  facet normal 0.6593458151000698 0.7518398074789766 0
    outer loop
      vertex 56.01374729220756 77.8888807434806 3
      vertex 56.01374729220756 77.8888807434806 22.799999999999994
      vertex 57.0660425608034 76.9660425608034 22.799999999999994
    endloop
  endfacet
  facet normal 1 0 0
    outer loop
      vertex 60.20000000298023 69.4 22.799999999999994
      vertex 60.20000000298023 60.147919767006044 16.827247805796738
      vertex 60.20000000298023 60.190000002980234 16.400000000000002
    endloop
  endfacet
  facet normal 1 0 0
    outer loop
      vertex 60.20000000298023 69.4 22.799999999999994
      vertex 60.20000000298023 60.023296178953096 17.238076718020032
      vertex 60.20000000298023 60.147919767006044 16.827247805796738
    endloop
  endfacet
  facet normal 1 0 0
    outer loop
      vertex 60.20000000298023 69.4 22.799999999999994
      vertex 60.20000000298023 59.820918453420546 17.616698811968657
      vertex 60.20000000298023 60.023296178953096 17.238076718020032
    endloop
  endfacet
  facet normal 1 0 0
    outer loop
      vertex 60.20000000298023 69.4 22.799999999999994
      vertex 60.20000000298023 59.54856385290588 17.94856385290588
      vertex 60.20000000298023 59.820918453420546 17.616698811968657
    endloop
  endfacet
  facet normal 1 0 0
    outer loop
      vertex 60.20000000298023 69.4 22.799999999999994
      vertex 60.20000000298023 59.216698811968655 18.220918453420545
      vertex 60.20000000298023 59.54856385290588 17.94856385290588
    endloop
  endfacet
  facet normal 1 0 0
    outer loop
      vertex 60.20000000298023 69.4 22.799999999999994
      vertex 60.20000000298023 58.42724780579673 18.547919767006043
      vertex 60.20000000298023 58.83807671802003 18.42329617895309
    endloop
  endfacet
  facet normal 1 0 0
    outer loop
      vertex 60.20000000298023 69.4 22.799999999999994
      vertex 60.20000000298023 58.83807671802003 18.42329617895309
      vertex 60.20000000298023 59.216698811968655 18.220918453420545
    endloop
  endfacet
  facet normal 1 0 0
    outer loop
      vertex 60.20000000298023 69.4 22.799999999999994
      vertex 60.20000000298023 58 18.590000002980233
      vertex 60.20000000298023 58.42724780579673 18.547919767006043
    endloop
  endfacet
  facet normal 0.5953746523246687 0.39781662424197295 0.6980479617089362
    outer loop
      vertex 1.544776777126418 4.484400000000001 2.2
      vertex 1.2899356493623166 4.337267406284809 2.501208156347275
      vertex 2.128420653453033 3.610915211345164 2.2
    endloop
  endfacet
  facet normal 0.7044520522211234 0.47069981273256445 0.5312146387431134
    outer loop
      vertex 1.2073948497870317 4.289612453430891 2.6528930068016052
      vertex 1.819349952017558 3.373756920940136 2.6528930068016052
      vertex 1.2899356493623166 4.337267406284809 2.501208156347275
    endloop
  endfacet
  facet normal 0.704452052221123 0.4706998127325644 0.5312146387431141
    outer loop
      vertex 1.2899356493623166 4.337267406284809 2.501208156347275
      vertex 1.819349952017558 3.373756920940136 2.6528930068016052
      vertex 1.8949643840737123 3.4317779153375243 2.501208156347275
    endloop
  endfacet
  facet normal 0.7849934744496585 0.5245158705333103 0.32964882318937094
    outer loop
      vertex 1.2073948497870317 4.289612453430891 2.6528930068016052
      vertex 1.1561545202616337 4.260028835386038 2.821983255445957
      vertex 1.819349952017558 3.373756920940136 2.6528930068016052
    endloop
  endfacet
  facet normal 0.7849934744496588 0.5245158705333107 0.329648823189369
    outer loop
      vertex 1.1561545202616337 4.260028835386038 2.821983255445957
      vertex 1.7724094276299889 3.33773818974767 2.821983255445957
      vertex 1.819349952017558 3.373756920940136 2.6528930068016052
    endloop
  endfacet
  facet normal 0.6422066288036515 0.31670126156150435 0.6980479617089363
    outer loop
      vertex 1.0801386984953556 5.426592817989492 2.2
      vertex 0.808273114697827 5.313982406038075 2.501208156347275
      vertex 1.544776777126418 4.484400000000001 2.2
    endloop
  endfacet
  facet normal 0 0 1
    outer loop
      vertex 1.0801386984953556 5.426592817989492 2.2
      vertex 1.544776777126418 4.484400000000001 2.2
      vertex 0.7424565039072366 6.421372484972636 2.2
    endloop
  endfacet
  facet normal 0 0 1
    outer loop
      vertex 1.544776777126418 4.484400000000001 2.2
      vertex 2.128420653453033 3.610915211345164 2.2
      vertex 0.7424565039072366 6.421372484972636 2.2
    endloop
  endfacet
  facet normal 0.6422066288036515 0.3167012615615043 0.6980479617089363
    outer loop
      vertex 1.544776777126418 4.484400000000001 2.2
      vertex 0.808273114697827 5.313982406038075 2.501208156347275
      vertex 1.2899356493623166 4.337267406284809 2.501208156347275
    endloop
  endfacet
  facet normal 0.7598640214935404 0.3747234666052927 0.5312146387431133
    outer loop
      vertex 0.7202182435687758 5.277508884183408 2.6528930068016052
      vertex 1.2073948497870317 4.289612453430891 2.6528930068016052
      vertex 1.2899356493623166 4.337267406284809 2.501208156347275
    endloop
  endfacet
  facet normal 0.8467408057947855 0.41756635541176007 0.3296488231893711
    outer loop
      vertex 0.7202182435687758 5.277508884183408 2.6528930068016052
      vertex 1.1561545202616337 4.260028835386038 2.821983255445957
      vertex 1.2073948497870317 4.289612453430891 2.6528930068016052
    endloop
  endfacet
  facet normal 0.7598640214935388 0.3747234666052912 0.5312146387431167
    outer loop
      vertex 0.7202182435687758 5.277508884183408 2.6528930068016052
      vertex 1.2899356493623166 4.337267406284809 2.501208156347275
      vertex 0.808273114697827 5.313982406038075 2.501208156347275
    endloop
  endfacet
  facet normal 0.8467408057947878 0.41756635541176 0.3296488231893645
    outer loop
      vertex 0.7202182435687758 5.277508884183408 2.6528930068016052
      vertex 0.6655548451502336 5.254866563193044 2.821983255445957
      vertex 1.1561545202616337 4.260028835386038 2.821983255445957
    endloop
  endfacet
  facet normal 0.7022922866755958 0.13969462133511618 0.6980479617089367
    outer loop
      vertex 0.45821815959043555 6.34521105015499 2.501208156347275
      vertex 0.7424565039072366 6.421372484972636 2.2
      vertex 0.24576032137560055 7.413308730624115 2.501208156347275
    endloop
  endfacet
  facet normal 0.8022745066840936 0.2723354980714298 0.5312146387431171
    outer loop
      vertex 0.7202182435687758 5.277508884183408 2.6528930068016052
      vertex 0.808273114697827 5.313982406038075 2.501208156347275
      vertex 0.36615586016606017 6.320543031370876 2.6528930068016052
    endloop
  endfacet
  facet normal 0.8022745066840932 0.2723354980714294 0.5312146387431183
    outer loop
      vertex 0.808273114697827 5.313982406038075 2.501208156347275
      vertex 0.45821815959043555 6.34521105015499 2.501208156347275
      vertex 0.36615586016606017 6.320543031370876 2.6528930068016052
    endloop
  endfacet
  facet normal 0.8940001671918637 0.3034721641778485 0.329648823189364
    outer loop
      vertex 0.6655548451502336 5.254866563193044 2.821983255445957
      vertex 0.36615586016606017 6.320543031370876 2.6528930068016052
      vertex 0.30900469875687087 6.305229423824783 2.821983255445957
    endloop
  endfacet
  facet normal 0.8940001671918636 0.30347216417784856 0.32964882318936445
    outer loop
      vertex 0.7202182435687758 5.277508884183408 2.6528930068016052
      vertex 0.36615586016606017 6.320543031370876 2.6528930068016052
      vertex 0.6655548451502336 5.254866563193044 2.821983255445957
    endloop
  endfacet
  facet normal 0.8309578526327678 0.1652877936599008 0.5312146387431181
    outer loop
      vertex 0.45821815959043555 6.34521105015499 2.501208156347275
      vertex 0.24576032137560055 7.413308730624115 2.501208156347275
      vertex 0.36615586016606017 6.320543031370876 2.6528930068016052
    endloop
  endfacet
  facet normal 0.9259629378646137 0.1841854800764733 0.32964882318936395
    outer loop
      vertex 0.36615586016606017 6.320543031370876 2.6528930068016052
      vertex 0.09260475294071391 7.393145417520244 2.821983255445957
      vertex 0.30900469875687087 6.305229423824783 2.821983255445957
    endloop
  endfacet
  facet normal 0.7022922866755964 0.13969462133511662 0.6980479617089361
    outer loop
      vertex 0.5375080293346555 7.4517180450423215 2.2
      vertex 0.24576032137560055 7.413308730624115 2.501208156347275
      vertex 0.7424565039072366 6.421372484972636 2.2
    endloop
  endfacet
  facet normal 0.7145178858034776 0.04683197647898285 0.6980479617089363
    outer loop
      vertex 0.5375080293346555 7.4517180450423215 2.2
      vertex 0.46880000000000166 8.5 2.2
      vertex 0.24576032137560055 7.413308730624115 2.501208156347275
    endloop
  endfacet
  facet normal 0 0 1
    outer loop
      vertex 0.5375080293346555 7.4517180450423215 2.2
      vertex 0.7424565039072366 6.421372484972636 2.2
      vertex 0.46880000000000166 8.5 2.2
    endloop
  endfacet
  facet normal 0.9259629378646116 0.18418548007647162 0.32964882318937105
    outer loop
      vertex 0.36615586016606017 6.320543031370876 2.6528930068016052
      vertex 0.15126580512354515 7.400868291551218 2.6528930068016052
      vertex 0.09260475294071391 7.393145417520244 2.821983255445957
    endloop
  endfacet
  facet normal 0.8454232793378583 0.05541196927241849 0.5312146387431111
    outer loop
      vertex 0.15126580512354515 7.400868291551218 2.6528930068016052
      vertex 0.24576032137560055 7.413308730624115 2.501208156347275
      vertex 0.07922490686178207 8.5 2.6528930068016052
    endloop
  endfacet
  facet normal 0.94208222594507 0.06174733134512845 0.3296488231893712
    outer loop
      vertex 0.15126580512354515 7.400868291551218 2.6528930068016052
      vertex 0.07922490686178207 8.5 2.6528930068016052
      vertex 0.09260475294071391 7.393145417520244 2.821983255445957
    endloop
  endfacet
  facet normal 0.8309578526327719 0.16528779365990037 0.5312146387431118
    outer loop
      vertex 0.36615586016606017 6.320543031370876 2.6528930068016052
      vertex 0.24576032137560055 7.413308730624115 2.501208156347275
      vertex 0.15126580512354515 7.400868291551218 2.6528930068016052
    endloop
  endfacet
  facet normal 0.6780502718104878 0.2301670524895396 0.6980479617089366
    outer loop
      vertex 1.0801386984953556 5.426592817989492 2.2
      vertex 0.7424565039072366 6.421372484972636 2.2
      vertex 0.45821815959043555 6.34521105015499 2.501208156347275
    endloop
  endfacet
  facet normal 0.6780502718104882 0.23016705248953986 0.6980479617089362
    outer loop
      vertex 1.0801386984953556 5.426592817989492 2.2
      vertex 0.45821815959043555 6.34521105015499 2.501208156347275
      vertex 0.808273114697827 5.313982406038075 2.501208156347275
    endloop
  endfacet
  facet normal 0 0 1
    outer loop
      vertex 0.7424565039072366 6.421372484972636 2.2
      vertex 2.128420653453033 3.610915211345164 2.2
      vertex 0.46880000000000166 8.5 2.2
    endloop
  endfacet
  facet normal 0.5383556504753719 0.4721252341860568 0.6980479617089361
    outer loop
      vertex 2.613007109435446 2.613007109435446 2.501208156347275
      vertex 2.8 2.8 2.230520822742746
      vertex 2.449018745663352 2.8 2.501208156347275
    endloop
  endfacet
  facet normal 0.7098146871153893 0.6224907736867641 0.32964882318936845
    outer loop
      vertex 2.322521267161253 2.8 2.6528930068016052
      vertex 2.3 2.8 2.7013868131766516
      vertex 2.5456128287951847 2.5456128287951847 2.6528930068016052
    endloop
  endfacet
  facet normal 0.6369867130241937 0.5586223545613399 0.5312146387431153
    outer loop
      vertex 2.322521267161253 2.8 2.6528930068016052
      vertex 2.613007109435446 2.613007109435446 2.501208156347275
      vertex 2.449018745663352 2.8 2.501208156347275
    endloop
  endfacet
  facet normal 0.6369867130241936 0.5586223545613392 0.5312146387431157
    outer loop
      vertex 2.322521267161253 2.8 2.6528930068016052
      vertex 2.5456128287951847 2.5456128287951847 2.6528930068016052
      vertex 2.613007109435446 2.613007109435446 2.501208156347275
    endloop
  endfacet
  facet normal 0.7098146871153875 0.6224907736867604 0.3296488231893798
    outer loop
      vertex 2.5456128287951847 2.5456128287951847 2.6528930068016052
      vertex 2.3 2.8 2.7013868131766516
      vertex 1.7724094276299889 3.33773818974767 2.821983255445957
    endloop
  endfacet
  facet normal 0.7098146871153895 0.6224907736867646 0.32964882318936756
    outer loop
      vertex 2.5456128287951847 2.5456128287951847 2.6528930068016052
      vertex 1.7724094276299889 3.33773818974767 2.821983255445957
      vertex 2.503775274932088 2.503775274932088 2.821983255445957
    endloop
  endfacet
  facet normal 0.47212523418605734 0.538355650475373 0.6980479617089348
    outer loop
      vertex 2.845125734789379 2.8 2.2
      vertex 2.8 2.8 2.230520822742746
      vertex 3.610915211345164 2.128420653453033 2.2
    endloop
  endfacet
  facet normal 0.4721252341860567 0.5383556504753719 0.698047961708936
    outer loop
      vertex 2.613007109435446 2.613007109435446 2.501208156347275
      vertex 3.4317779153375243 1.8949643840737123 2.501208156347275
      vertex 2.8 2.8 2.230520822742746
    endloop
  endfacet
  facet normal 0.4721252341860563 0.5383556504753718 0.6980479617089365
    outer loop
      vertex 2.8 2.8 2.230520822742746
      vertex 3.4317779153375243 1.8949643840737123 2.501208156347275
      vertex 3.610915211345164 2.128420653453033 2.2
    endloop
  endfacet
  facet normal 0 0 1
    outer loop
      vertex 2.845125734789379 2.8 2.2
      vertex 3.610915211345164 2.128420653453033 2.2
      vertex 4.484400000000001 1.544776777126418 2.2
    endloop
  endfacet
  facet normal 0 0 1
    outer loop
      vertex 2.845125734789379 2.8 2.2
      vertex 4.484400000000001 1.544776777126418 2.2
      vertex 3.3 2.8 2.2
    endloop
  endfacet
  facet normal 0.5586223545613399 0.6369867130241944 0.531214638743114
    outer loop
      vertex 2.5456128287951847 2.5456128287951847 2.6528930068016052
      vertex 3.373756920940136 1.819349952017558 2.6528930068016052
      vertex 3.4317779153375243 1.8949643840737123 2.501208156347275
    endloop
  endfacet
  facet normal 0.6224907736867646 0.7098146871153895 0.32964882318936756
    outer loop
      vertex 2.5456128287951847 2.5456128287951847 2.6528930068016052
      vertex 2.503775274932088 2.503775274932088 2.821983255445957
      vertex 3.33773818974767 1.7724094276299889 2.821983255445957
    endloop
  endfacet
  facet normal 0.6224907736867641 0.7098146871153892 0.3296488231893692
    outer loop
      vertex 2.5456128287951847 2.5456128287951847 2.6528930068016052
      vertex 3.33773818974767 1.7724094276299889 2.821983255445957
      vertex 3.373756920940136 1.819349952017558 2.6528930068016052
    endloop
  endfacet
  facet normal 0.5586223545613396 0.6369867130241933 0.5312146387431158
    outer loop
      vertex 2.613007109435446 2.613007109435446 2.501208156347275
      vertex 2.5456128287951847 2.5456128287951847 2.6528930068016052
      vertex 3.4317779153375243 1.8949643840737123 2.501208156347275
    endloop
  endfacet
  facet normal 0.39781662424197295 0.5953746523246687 0.6980479617089362
    outer loop
      vertex 3.610915211345164 2.128420653453033 2.2
      vertex 4.337267406284809 1.2899356493623166 2.501208156347275
      vertex 4.484400000000001 1.544776777126418 2.2
    endloop
  endfacet
  facet normal 0.4706998127325642 0.7044520522211231 0.5312146387431139
    outer loop
      vertex 3.373756920940136 1.819349952017558 2.6528930068016052
      vertex 4.289612453430891 1.2073948497870317 2.6528930068016052
      vertex 3.4317779153375243 1.8949643840737123 2.501208156347275
    endloop
  endfacet
  facet normal 0.4706998127325646 0.7044520522211233 0.5312146387431134
    outer loop
      vertex 3.4317779153375243 1.8949643840737123 2.501208156347275
      vertex 4.289612453430891 1.2073948497870317 2.6528930068016052
      vertex 4.337267406284809 1.2899356493623166 2.501208156347275
    endloop
  endfacet
  facet normal 0.5245158705333107 0.7849934744496588 0.3296488231893692
    outer loop
      vertex 3.373756920940136 1.819349952017558 2.6528930068016052
      vertex 3.33773818974767 1.7724094276299889 2.821983255445957
      vertex 4.260028835386038 1.1561545202616337 2.821983255445957
    endloop
  endfacet
  facet normal 0.5245158705333102 0.7849934744496584 0.32964882318937094
    outer loop
      vertex 3.373756920940136 1.819349952017558 2.6528930068016052
      vertex 4.260028835386038 1.1561545202616337 2.821983255445957
      vertex 4.289612453430891 1.2073948497870317 2.6528930068016052
    endloop
  endfacet
  facet normal 0.41756635541176 0.8467408057947853 0.32964882318937117
    outer loop
      vertex 4.289612453430891 1.2073948497870317 2.6528930068016052
      vertex 4.260028835386038 1.1561545202616337 2.821983255445957
      vertex 5.277508884183408 0.7202182435687758 2.6528930068016052
    endloop
  endfacet
  facet normal 0.397816624241973 0.5953746523246687 0.6980479617089363
    outer loop
      vertex 3.610915211345164 2.128420653453033 2.2
      vertex 3.4317779153375243 1.8949643840737123 2.501208156347275
      vertex 4.337267406284809 1.2899356493623166 2.501208156347275
    endloop
  endfacet
  facet normal 0.31670126156150435 0.6422066288036515 0.6980479617089363
    outer loop
      vertex 4.484400000000001 1.544776777126418 2.2
      vertex 5.313982406038075 0.808273114697827 2.501208156347275
      vertex 5.426592817989492 1.0801386984953556 2.2
    endloop
  endfacet
  facet normal 0.3167012615615043 0.6422066288036515 0.6980479617089363
    outer loop
      vertex 4.484400000000001 1.544776777126418 2.2
      vertex 4.337267406284809 1.2899356493623166 2.501208156347275
      vertex 5.313982406038075 0.808273114697827 2.501208156347275
    endloop
  endfacet
  facet normal 0 0 1
    outer loop
      vertex 3.3 2.8 2.2
      vertex 4.484400000000001 1.544776777126418 2.2
      vertex 8.5 0.46880000000000166 2.2
    endloop
  endfacet
  facet normal 0.3747234666052912 0.7598640214935388 0.5312146387431167
    outer loop
      vertex 4.337267406284809 1.2899356493623166 2.501208156347275
      vertex 5.277508884183408 0.7202182435687758 2.6528930068016052
      vertex 5.313982406038075 0.808273114697827 2.501208156347275
    endloop
  endfacet
  facet normal 0.4175663554117599 0.8467408057947878 0.3296488231893645
    outer loop
      vertex 4.260028835386038 1.1561545202616337 2.821983255445957
      vertex 5.254866563193044 0.6655548451502336 2.821983255445957
      vertex 5.277508884183408 0.7202182435687758 2.6528930068016052
    endloop
  endfacet
  facet normal 0.3747234666052928 0.7598640214935405 0.5312146387431131
    outer loop
      vertex 4.337267406284809 1.2899356493623166 2.501208156347275
      vertex 4.289612453430891 1.2073948497870317 2.6528930068016052
      vertex 5.277508884183408 0.7202182435687758 2.6528930068016052
    endloop
  endfacet
  facet normal 0.5383556504753718 0.4721252341860562 0.6980479617089365
    outer loop
      vertex 2.128420653453033 3.610915211345164 2.2
      vertex 1.8949643840737123 3.4317779153375243 2.501208156347275
      vertex 2.3 3.4152664638731536 2.2
    endloop
  endfacet
  facet normal 0.5383556504753718 0.47212523418605656 0.6980479617089363
    outer loop
      vertex 2.3 3.4152664638731536 2.2
      vertex 1.8949643840737123 3.4317779153375243 2.501208156347275
      vertex 2.3 2.969923312599306 2.501208156347275
    endloop
  endfacet
  facet normal 0.5953746523246687 0.397816624241973 0.6980479617089363
    outer loop
      vertex 1.2899356493623166 4.337267406284809 2.501208156347275
      vertex 1.8949643840737123 3.4317779153375243 2.501208156347275
      vertex 2.128420653453033 3.610915211345164 2.2
    endloop
  endfacet
  facet normal 0 0 1
    outer loop
      vertex 2.128420653453033 3.610915211345164 2.2
      vertex 2.3 3.4152664638731536 2.2
      vertex 2.3 3.8 2.2
    endloop
  endfacet
  facet normal 0.6369867130241942 0.5586223545613402 0.5312146387431139
    outer loop
      vertex 1.8949643840737123 3.4317779153375243 2.501208156347275
      vertex 1.819349952017558 3.373756920940136 2.6528930068016052
      vertex 2.3 2.969923312599306 2.501208156347275
    endloop
  endfacet
  facet normal 0.636986713024194 0.5586223545613397 0.5312146387431149
    outer loop
      vertex 2.3 2.8256805833584147 2.6528930068016052
      vertex 2.3 2.969923312599306 2.501208156347275
      vertex 1.819349952017558 3.373756920940136 2.6528930068016052
    endloop
  endfacet
  facet normal 0.7098146871153893 0.6224907736867642 0.32964882318936906
    outer loop
      vertex 2.3 2.8256805833584147 2.6528930068016052
      vertex 1.819349952017558 3.373756920940136 2.6528930068016052
      vertex 1.7724094276299889 3.33773818974767 2.821983255445957
    endloop
  endfacet
  facet normal 0.7098146871153894 0.6224907736867648 0.32964882318936767
    outer loop
      vertex 2.3 2.8256805833584147 2.6528930068016052
      vertex 1.7724094276299889 3.33773818974767 2.821983255445957
      vertex 2.3 2.8 2.7013868131766516
    endloop
  endfacet
  facet normal 0.8262636594770966 0.5520917265516215 0.11172775170371163
    outer loop
      vertex 1.1561545202616337 4.260028835386038 2.821983255445957
      vertex 1.1387840678322716 4.25 3
      vertex 1.7724094276299889 3.33773818974767 2.821983255445957
    endloop
  endfacet
  facet normal 0.8262636594770966 0.5520917265516215 0.11172775170371176
    outer loop
      vertex 1.7724094276299889 3.33773818974767 2.821983255445957
      vertex 1.1387840678322716 4.25 3
      vertex 1.7564966075245012 3.325527853425874 3
    endloop
  endfacet
  facet normal 0.8912572901514644 0.439519456055249 0.1117277517037116
    outer loop
      vertex 1.1561545202616337 4.260028835386038 2.821983255445957
      vertex 0.6470239736540631 5.247190824896737 3
      vertex 1.1387840678322716 4.25 3
    endloop
  endfacet
  facet normal 0.8912572901514645 0.4395194560552491 0.11172775170371113
    outer loop
      vertex 0.6655548451502336 5.254866563193044 2.821983255445957
      vertex 0.6470239736540631 5.247190824896737 3
      vertex 1.1561545202616337 4.260028835386038 2.821983255445957
    endloop
  endfacet
  facet normal 0.974644440345908 0.1938688329826262 0.11172775170371124
    outer loop
      vertex 0.30900469875687087 6.305229423824783 2.821983255445957
      vertex 0.09260475294071391 7.393145417520244 2.821983255445957
      vertex 0.2896304765429196 6.300038116628574 3
    endloop
  endfacet
  facet normal 0.9410012614881365 0.3194268858079575 0.1117277517037108
    outer loop
      vertex 0.6655548451502336 5.254866563193044 2.821983255445957
      vertex 0.30900469875687087 6.305229423824783 2.821983255445957
      vertex 0.2896304765429196 6.300038116628574 3
    endloop
  endfacet
  facet normal 0.9410012614881365 0.31942688580795736 0.11172775170371128
    outer loop
      vertex 0.6655548451502336 5.254866563193044 2.821983255445957
      vertex 0.2896304765429196 6.300038116628574 3
      vertex 0.6470239736540631 5.247190824896737 3
    endloop
  endfacet
  facet normal 0.9746444403459086 0.1938688329826259 0.11172775170370855
    outer loop
      vertex 0.09260475294071391 7.393145417520244 2.821983255445957
      vertex 0.07271867832261236 7.390527366129562 3
      vertex 0.2896304765429196 6.300038116628574 3
    endloop
  endfacet
  facet normal 0.9916111826068713 0.06499363067436867 0.11172775170370886
    outer loop
      vertex 0.09260475294071391 7.393145417520244 2.821983255445957
      vertex 0 8.5 3
      vertex 0.07271867832261236 7.390527366129562 3
    endloop
  endfacet
  facet normal 0.7471324285055096 0.6552175545379506 0.11172775170371563
    outer loop
      vertex 2.503775274932088 2.503775274932088 2.821983255445957
      vertex 1.7724094276299889 3.33773818974767 2.821983255445957
      vertex 2.4895923599143455 2.4895923599143455 3
    endloop
  endfacet
  facet normal 0.5520917265516215 0.8262636594770966 0.11172775170371176
    outer loop
      vertex 3.33773818974767 1.7724094276299889 2.821983255445957
      vertex 3.325527853425874 1.7564966075245012 3
      vertex 4.260028835386038 1.1561545202616337 2.821983255445957
    endloop
  endfacet
  facet normal 0.6552175545379506 0.7471324285055096 0.11172775170371563
    outer loop
      vertex 2.503775274932088 2.503775274932088 2.821983255445957
      vertex 2.4895923599143455 2.4895923599143455 3
      vertex 3.33773818974767 1.7724094276299889 2.821983255445957
    endloop
  endfacet
  facet normal 0.6552175545379506 0.7471324285055103 0.11172775170371228
    outer loop
      vertex 3.33773818974767 1.7724094276299889 2.821983255445957
      vertex 2.4895923599143455 2.4895923599143455 3
      vertex 3.325527853425874 1.7564966075245012 3
    endloop
  endfacet
  facet normal 0.5520917265516215 0.8262636594770966 0.11172775170371163
    outer loop
      vertex 4.260028835386038 1.1561545202616337 2.821983255445957
      vertex 3.325527853425874 1.7564966075245012 3
      vertex 4.25 1.1387840678322716 3
    endloop
  endfacet
  facet normal 0.43951945605524906 0.8912572901514644 0.11172775170371159
    outer loop
      vertex 4.260028835386038 1.1561545202616337 2.821983255445957
      vertex 4.25 1.1387840678322716 3
      vertex 5.254866563193044 0.6655548451502336 2.821983255445957
    endloop
  endfacet
  facet normal 0.439519456055249 0.8912572901514645 0.11172775170371113
    outer loop
      vertex 5.254866563193044 0.6655548451502336 2.821983255445957
      vertex 4.25 1.1387840678322716 3
      vertex 5.247190824896737 0.6470239736540631 3
    endloop
  endfacet
  facet normal 0.7471324285055103 0.6552175545379506 0.11172775170371228
    outer loop
      vertex 1.7724094276299889 3.33773818974767 2.821983255445957
      vertex 1.7564966075245012 3.325527853425874 3
      vertex 2.4895923599143455 2.4895923599143455 3
    endloop
  endfacet
  facet normal 0.7145178858034775 0.04683197647898285 0.6980479617089363
    outer loop
      vertex 0.24576032137560055 7.413308730624115 2.501208156347275
      vertex 0.46880000000000166 8.5 2.2
      vertex 0.17453481256961823 8.5 2.501208156347275
    endloop
  endfacet
  facet normal 0.8454232793378557 0.05541196927241748 0.5312146387431156
    outer loop
      vertex 0.24576032137560055 7.413308730624115 2.501208156347275
      vertex 0.17453481256961823 8.5 2.501208156347275
      vertex 0.07922490686178207 8.5 2.6528930068016052
    endloop
  endfacet
  facet normal 0.9420822259450712 0.0617473313451279 0.32964882318936756
    outer loop
      vertex 0.09260475294071391 7.393145417520244 2.821983255445957
      vertex 0.07922490686178207 8.5 2.6528930068016052
      vertex 0.020057670772075653 8.5 2.821983255445957
    endloop
  endfacet
  facet normal 0.7153027295169969 1.8336593006429592e-19 0.6988147144598016
    outer loop
      vertex 0.46880000000000166 8.5 2.2
      vertex 0.17453481256961823 28 2.501208156347275
      vertex 0.17453481256961823 8.5 2.501208156347275
    endloop
  endfacet
  facet normal 0.8467242062791881 0 0.532032065293887
    outer loop
      vertex 0.17453481256961823 8.5 2.501208156347275
      vertex 0.07922490686178207 28 2.6528930068016052
      vertex 0.07922490686178207 8.5 2.6528930068016052
    endloop
  endfacet
  facet normal 0.9438833318985776 0 0.3302790574106078
    outer loop
      vertex 0.07922490686178207 8.5 2.6528930068016052
      vertex 0.020057670772075653 28 2.821983255445957
      vertex 0.020057670772075653 8.5 2.821983255445957
    endloop
  endfacet
  facet normal 0 0 1
    outer loop
      vertex 2.128420653453033 3.610915211345164 2.2
      vertex 0.46880000000000166 28 2.2
      vertex 0.46880000000000166 8.5 2.2
    endloop
  endfacet
  facet normal 0.9916111826068711 0.06499363067436814 0.11172775170371199
    outer loop
      vertex 0.09260475294071391 7.393145417520244 2.821983255445957
      vertex 0.020057670772075653 8.5 2.821983255445957
      vertex 0 8.5 3
    endloop
  endfacet
  facet normal 0.9937122093891047 0 0.11196448057765539
    outer loop
      vertex 0.020057670772075653 8.5 2.821983255445957
      vertex 0 28 3
      vertex 0 8.5 3
    endloop
  endfacet
  facet normal 0.16528779365990076 0.8309578526327678 0.531214638743118
    outer loop
      vertex 6.320543031370876 0.36615586016606017 2.6528930068016052
      vertex 7.413308730624115 0.24576032137560055 2.501208156347275
      vertex 6.34521105015499 0.45821815959043555 2.501208156347275
    endloop
  endfacet
  facet normal 0.16528779365990037 0.8309578526327719 0.5312146387431118
    outer loop
      vertex 6.320543031370876 0.36615586016606017 2.6528930068016052
      vertex 7.400868291551218 0.15126580512354515 2.6528930068016052
      vertex 7.413308730624115 0.24576032137560055 2.501208156347275
    endloop
  endfacet
  facet normal 0.1841854800764733 0.9259629378646137 0.32964882318936395
    outer loop
      vertex 6.320543031370876 0.36615586016606017 2.6528930068016052
      vertex 6.305229423824783 0.30900469875687087 2.821983255445957
      vertex 7.393145417520244 0.09260475294071391 2.821983255445957
    endloop
  endfacet
  facet normal 0.18418548007647162 0.9259629378646116 0.32964882318937105
    outer loop
      vertex 6.320543031370876 0.36615586016606017 2.6528930068016052
      vertex 7.393145417520244 0.09260475294071391 2.821983255445957
      vertex 7.400868291551218 0.15126580512354515 2.6528930068016052
    endloop
  endfacet
  facet normal 0.2301670524895396 0.6780502718104878 0.6980479617089366
    outer loop
      vertex 5.426592817989492 1.0801386984953556 2.2
      vertex 6.34521105015499 0.45821815959043555 2.501208156347275
      vertex 6.421372484972636 0.7424565039072366 2.2
    endloop
  endfacet
  facet normal 0.23016705248953986 0.6780502718104882 0.6980479617089362
    outer loop
      vertex 5.426592817989492 1.0801386984953556 2.2
      vertex 5.313982406038075 0.808273114697827 2.501208156347275
      vertex 6.34521105015499 0.45821815959043555 2.501208156347275
    endloop
  endfacet
  facet normal 0 0 1
    outer loop
      vertex 4.484400000000001 1.544776777126418 2.2
      vertex 5.426592817989492 1.0801386984953556 2.2
      vertex 7.4517180450423215 0.5375080293346555 2.2
    endloop
  endfacet
  facet normal 0 0 1
    outer loop
      vertex 5.426592817989492 1.0801386984953556 2.2
      vertex 6.421372484972636 0.7424565039072366 2.2
      vertex 7.4517180450423215 0.5375080293346555 2.2
    endloop
  endfacet
  facet normal 0.2723354980714298 0.8022745066840936 0.5312146387431173
    outer loop
      vertex 5.313982406038075 0.808273114697827 2.501208156347275
      vertex 5.277508884183408 0.7202182435687758 2.6528930068016052
      vertex 6.320543031370876 0.36615586016606017 2.6528930068016052
    endloop
  endfacet
  facet normal 0.2723354980714294 0.8022745066840932 0.5312146387431183
    outer loop
      vertex 5.313982406038075 0.808273114697827 2.501208156347275
      vertex 6.320543031370876 0.36615586016606017 2.6528930068016052
      vertex 6.34521105015499 0.45821815959043555 2.501208156347275
    endloop
  endfacet
  facet normal 0.3034721641778485 0.8940001671918636 0.3296488231893644
    outer loop
      vertex 5.277508884183408 0.7202182435687758 2.6528930068016052
      vertex 5.254866563193044 0.6655548451502336 2.821983255445957
      vertex 6.305229423824783 0.30900469875687087 2.821983255445957
    endloop
  endfacet
  facet normal 0.30347216417784856 0.8940001671918636 0.3296488231893642
    outer loop
      vertex 5.277508884183408 0.7202182435687758 2.6528930068016052
      vertex 6.305229423824783 0.30900469875687087 2.821983255445957
      vertex 6.320543031370876 0.36615586016606017 2.6528930068016052
    endloop
  endfacet
  facet normal 0.13969462133511648 0.7022922866755958 0.6980479617089367
    outer loop
      vertex 6.421372484972636 0.7424565039072366 2.2
      vertex 6.34521105015499 0.45821815959043555 2.501208156347275
      vertex 7.4517180450423215 0.5375080293346555 2.2
    endloop
  endfacet
  facet normal 0 0 1
    outer loop
      vertex 4.484400000000001 1.544776777126418 2.2
      vertex 7.4517180450423215 0.5375080293346555 2.2
      vertex 8.5 0.46880000000000166 2.2
    endloop
  endfacet
  facet normal 0.1396946213351163 0.7022922866755965 0.6980479617089361
    outer loop
      vertex 7.413308730624115 0.24576032137560055 2.501208156347275
      vertex 7.4517180450423215 0.5375080293346555 2.2
      vertex 6.34521105015499 0.45821815959043555 2.501208156347275
    endloop
  endfacet
  facet normal 0.04683197647898285 0.7145178858034775 0.6980479617089363
    outer loop
      vertex 7.413308730624115 0.24576032137560055 2.501208156347275
      vertex 8.5 0.17453481256961823 2.501208156347275
      vertex 8.5 0.46880000000000166 2.2
    endloop
  endfacet
  facet normal 0.05541196927241849 0.8454232793378583 0.5312146387431111
    outer loop
      vertex 7.413308730624115 0.24576032137560055 2.501208156347275
      vertex 7.400868291551218 0.15126580512354515 2.6528930068016052
      vertex 8.5 0.07922490686178207 2.6528930068016052
    endloop
  endfacet
  facet normal 0.06174733134512845 0.94208222594507 0.3296488231893712
    outer loop
      vertex 7.400868291551218 0.15126580512354515 2.6528930068016052
      vertex 7.393145417520244 0.09260475294071391 2.821983255445957
      vertex 8.5 0.07922490686178207 2.6528930068016052
    endloop
  endfacet
  facet normal 0.05541196927241748 0.8454232793378557 0.5312146387431156
    outer loop
      vertex 7.413308730624115 0.24576032137560055 2.501208156347275
      vertex 8.5 0.07922490686178207 2.6528930068016052
      vertex 8.5 0.17453481256961823 2.501208156347275
    endloop
  endfacet
  facet normal 0.0617473313451279 0.9420822259450712 0.32964882318936756
    outer loop
      vertex 7.393145417520244 0.09260475294071391 2.821983255445957
      vertex 8.5 0.020057670772075653 2.821983255445957
      vertex 8.5 0.07922490686178207 2.6528930068016052
    endloop
  endfacet
  facet normal 0.04683197647898285 0.7145178858034776 0.6980479617089363
    outer loop
      vertex 7.413308730624115 0.24576032137560055 2.501208156347275
      vertex 8.5 0.46880000000000166 2.2
      vertex 7.4517180450423215 0.5375080293346555 2.2
    endloop
  endfacet
  facet normal 0.1938688329826262 0.974644440345908 0.11172775170371124
    outer loop
      vertex 6.305229423824783 0.30900469875687087 2.821983255445957
      vertex 6.300038116628574 0.2896304765429196 3
      vertex 7.393145417520244 0.09260475294071391 2.821983255445957
    endloop
  endfacet
  facet normal 0.1938688329826259 0.9746444403459086 0.11172775170370855
    outer loop
      vertex 7.393145417520244 0.09260475294071391 2.821983255445957
      vertex 6.300038116628574 0.2896304765429196 3
      vertex 7.390527366129562 0.07271867832261236 3
    endloop
  endfacet
  facet normal 0.3194268858079574 0.9410012614881363 0.11172775170371127
    outer loop
      vertex 5.254866563193044 0.6655548451502336 2.821983255445957
      vertex 5.247190824896737 0.6470239736540631 3
      vertex 6.305229423824783 0.30900469875687087 2.821983255445957
    endloop
  endfacet
  facet normal 0.31942688580795736 0.9410012614881365 0.11172775170371105
    outer loop
      vertex 5.247190824896737 0.6470239736540631 3
      vertex 6.300038116628574 0.2896304765429196 3
      vertex 6.305229423824783 0.30900469875687087 2.821983255445957
    endloop
  endfacet
  facet normal 0.06499363067436867 0.9916111826068713 0.11172775170370886
    outer loop
      vertex 7.393145417520244 0.09260475294071391 2.821983255445957
      vertex 7.390527366129562 0.07271867832261236 3
      vertex 8.5 0 3
    endloop
  endfacet
  facet normal 0.06499363067436814 0.9916111826068711 0.11172775170371199
    outer loop
      vertex 7.393145417520244 0.09260475294071391 2.821983255445957
      vertex 8.5 0 3
      vertex 8.5 0.020057670772075653 2.821983255445957
    endloop
  endfacet
  facet normal 0.8314696123025452 0.555570233019602 1.7192118244669662e-18
    outer loop
      vertex 1.1387840678322716 4.25 3
      vertex 1.7564966075245014 3.3255278534258736 22.799999999999994
      vertex 1.7564966075245012 3.325527853425874 3
    endloop
  endfacet
  facet normal 0.8968727415326885 0.4422886902190009 -7.930682942505696e-19
    outer loop
      vertex 0.6470239736540631 5.247190824896737 3
      vertex 1.1387840678322716 4.25 22.799999999999994
      vertex 1.1387840678322716 4.25 3
    endloop
  endfacet
  facet normal 0.9807852804032305 0.1950903220161276 -5.499446467258118e-18
    outer loop
      vertex 0.2896304765429196 6.300038116628574 3
      vertex 0.07271867832261236 7.390527366129562 3
      vertex 0.28963047654291973 6.300038116628574 22.799999999999994
    endloop
  endfacet
  facet normal 0.9469301294951056 0.32143946530316186 -5.13694187349417e-18
    outer loop
      vertex 0.6470239736540631 5.247190824896737 3
      vertex 0.2896304765429196 6.300038116628574 3
      vertex 0.28963047654291973 6.300038116628574 22.799999999999994
    endloop
  endfacet
  facet normal 0.9978589232386034 0.06540312923014385 0
    outer loop
      vertex 0.07271867832261236 7.390527366129562 3
      vertex 0 8.5 3
      vertex 0.07271867832261236 7.390527366129562 22.799999999999994
    endloop
  endfacet
  facet normal 0.6593458151000684 0.7518398074789777 2.074524444011492e-18
    outer loop
      vertex 2.4895923599143455 2.4895923599143455 3
      vertex 2.489592359914346 2.489592359914345 22.799999999999994
      vertex 3.325527853425874 1.7564966075245012 3
    endloop
  endfacet
  facet normal 0.555570233019602 0.8314696123025452 9.574227708058084e-19
    outer loop
      vertex 3.325527853425874 1.7564966075245012 3
      vertex 4.25 1.1387840678322716 22.799999999999994
      vertex 4.25 1.1387840678322716 3
    endloop
  endfacet
  facet normal 0.4422886902190009 0.8968727415326885 -7.930682942505696e-19
    outer loop
      vertex 4.25 1.1387840678322716 3
      vertex 5.247190824896737 0.6470239736540631 22.799999999999994
      vertex 5.247190824896737 0.6470239736540631 3
    endloop
  endfacet
  facet normal 0.7518398074789777 0.6593458151000684 5.639887462454844e-18
    outer loop
      vertex 2.4895923599143455 2.4895923599143455 3
      vertex 1.7564966075245012 3.325527853425874 3
      vertex 1.7564966075245014 3.3255278534258736 22.799999999999994
    endloop
  endfacet
  facet normal 0.1950903220161276 0.9807852804032305 2.749723233629059e-18
    outer loop
      vertex 6.300038116628574 0.2896304765429196 3
      vertex 6.300038116628574 0.28963047654291957 22.799999999999994
      vertex 7.390527366129562 0.07271867832261236 3
    endloop
  endfacet
  facet normal 0.32143946530316186 0.9469301294951056 2.4277083095883538e-18
    outer loop
      vertex 5.247190824896737 0.6470239736540631 3
      vertex 6.300038116628574 0.28963047654291957 22.799999999999994
      vertex 6.300038116628574 0.2896304765429196 3
    endloop
  endfacet
  facet normal 0.06540312923014385 0.9978589232386034 -4.72480030846585e-17
    outer loop
      vertex 7.390527366129562 0.07271867832261236 3
      vertex 8.500000000000014 0 22.799999999999994
      vertex 8.5 0 3
    endloop
  endfacet
  facet normal 0 1 0
    outer loop
      vertex 8.5 0 3
      vertex 14.147328844666482 0 12.914589798450471
      vertex 14.227605699002744 0 12.865396080911161
    endloop
  endfacet
  facet normal 0 1 0
    outer loop
      vertex 8.5 0 3
      vertex 14.227605699002744 0 12.865396080911161
      vertex 14.314589804410936 0 12.829366086423398
    endloop
  endfacet
  facet normal 0 1 0
    outer loop
      vertex 8.5 0 3
      vertex 14.314589804410936 0 12.829366086423398
      vertex 14.406139320135118 0 12.807386992871763
    endloop
  endfacet
  facet normal 0 1 0
    outer loop
      vertex 8.5 0 3
      vertex 13.965396082401277 0 13.127605697512628
      vertex 14.014589799940588 0 13.047328843176366
    endloop
  endfacet
  facet normal 0 1 0
    outer loop
      vertex 8.5 0 3
      vertex 13.929366087913515 0 13.21458980292082
      vertex 13.965396082401277 0 13.127605697512628
    endloop
  endfacet
  facet normal 0 1 0
    outer loop
      vertex 8.5 0 3
      vertex 14.075735932588579 0 12.975735931098463
      vertex 14.147328844666482 0 12.914589798450471
    endloop
  endfacet
  facet normal 0 1 0
    outer loop
      vertex 8.5 0 3
      vertex 14.014589799940588 0 13.047328843176366
      vertex 14.075735932588579 0 12.975735931098463
    endloop
  endfacet
  facet normal 0 1 0
    outer loop
      vertex 8.5 0 3
      vertex 13.907386994361879 0 13.306139318645002
      vertex 13.929366087913515 0 13.21458980292082
    endloop
  endfacet
  facet normal 0 1 0
    outer loop
      vertex 8.5 0 3
      vertex 14.406139320135118 0 12.807386992871763
      vertex 14.499999998509885 0 12.799999995529653
    endloop
  endfacet
  facet normal 0 1 0
    outer loop
      vertex 8.5 0 3
      vertex 13.657085649967193 0 16.3558441773057
      vertex 13.907386994361879 0 13.306139318645002
    endloop
  endfacet
  facet normal 0.7153027295169969 0 0.6988147144598016
    outer loop
      vertex 0.46880000000000166 8.5 2.2
      vertex 0.46880000000000166 28 2.2
      vertex 0.17453481256961823 28 2.501208156347275
    endloop
  endfacet
  facet normal 0.8467242062791881 0 0.532032065293887
    outer loop
      vertex 0.17453481256961823 8.5 2.501208156347275
      vertex 0.17453481256961823 28 2.501208156347275
      vertex 0.07922490686178207 28 2.6528930068016052
    endloop
  endfacet
  facet normal 0.9438833318985776 0 0.3302790574106078
    outer loop
      vertex 0.07922490686178207 8.5 2.6528930068016052
      vertex 0.07922490686178207 28 2.6528930068016052
      vertex 0.020057670772075653 28 2.821983255445957
    endloop
  endfacet
  facet normal 0 0 1
    outer loop
      vertex 2.128420653453033 3.610915211345164 2.2
      vertex 3.0999999999999996 28 2.2
      vertex 0.46880000000000166 28 2.2
    endloop
  endfacet
  facet normal 0.9937122093891047 0 0.11196448057765539
    outer loop
      vertex 0.020057670772075653 8.5 2.821983255445957
      vertex 0.020057670772075653 28 2.821983255445957
      vertex 0 28 3
    endloop
  endfacet
  facet normal 1 0 0
    outer loop
      vertex 0 8.5 3
      vertex 0 28 3
      vertex 0 28 10
    endloop
  endfacet
  facet normal 0 0 1
    outer loop
      vertex 2.128420653453033 3.610915211345164 2.2
      vertex 8.5 77.4312 2.2
      vertex 3.0999999999999996 28 2.2
    endloop
  endfacet
  facet normal 0 0 1
    outer loop
      vertex 3.3 2.8 2.2
      vertex 54.699999999999996 3.8 2.2
      vertex 3.3 3.8 2.2
    endloop
  endfacet
  facet normal 0 0.7153027295169969 0.6988147144598016
    outer loop
      vertex 8.5 0.17453481256961823 2.501208156347275
      vertex 49.5 0.17453481256961823 2.501208156347275
      vertex 8.5 0.46880000000000166 2.2
    endloop
  endfacet
  facet normal 0 0.8467242062791882 0.5320320652938871
    outer loop
      vertex 8.5 0.17453481256961823 2.501208156347275
      vertex 8.5 0.07922490686178207 2.6528930068016052
      vertex 49.5 0.17453481256961823 2.501208156347275
    endloop
  endfacet
  facet normal 0 0.9438833318985776 0.3302790574106078
    outer loop
      vertex 8.5 0.07922490686178207 2.6528930068016052
      vertex 8.5 0.020057670772075653 2.821983255445957
      vertex 49.5 0.020057670772075653 2.821983255445957
    endloop
  endfacet
  facet normal 0 0 1
    outer loop
      vertex 3.3 2.8 2.2
      vertex 8.5 0.46880000000000166 2.2
      vertex 54.699999999999996 3.8 2.2
    endloop
  endfacet
  facet normal 0 0.9937122093891048 0.11196448057765539
    outer loop
      vertex 8.5 0.020057670772075653 2.821983255445957
      vertex 8.5 0 3
      vertex 49.5 0.020057670772075653 2.821983255445957
    endloop
  endfacet
  facet normal 0 1 0
    outer loop
      vertex 8.5 0 3
      vertex 14.499999998509885 0 12.799999995529653
      vertex 25.700000001490118 0 12.799999995529653
    endloop
  endfacet
  facet normal 0 1 0
    outer loop
      vertex 8.5 0 3
      vertex 25.700000001490118 0 12.799999995529653
      vertex 39 0 7.391652754590987
    endloop
  endfacet
  facet normal 0 0 1
    outer loop
      vertex 2.128420653453033 3.610915211345164 2.2
      vertex 2.3 3.8 2.2
      vertex 54.9 67.9 2.2
    endloop
  endfacet
  facet normal 0 0 1
    outer loop
      vertex 2.3 3.8 2.2
      vertex 3.3 3.8 2.2
      vertex 54.9 67.9 2.2
    endloop
  endfacet
  facet normal 0.8314696123025453 0.555570233019602 0
    outer loop
      vertex 1.1387840678322716 4.25 3
      vertex 1.1387840678322716 4.25 22.799999999999994
      vertex 1.7564966075245014 3.3255278534258736 22.799999999999994
    endloop
  endfacet
  facet normal 0.8968727415326885 0.4422886902190009 0
    outer loop
      vertex 0.6470239736540631 5.247190824896737 3
      vertex 0.6470239736540631 5.247190824896737 22.799999999999994
      vertex 1.1387840678322716 4.25 22.799999999999994
    endloop
  endfacet
  facet normal 0.9469301294951056 0.32143946530316175 0
    outer loop
      vertex 0.6470239736540631 5.247190824896737 3
      vertex 0.28963047654291973 6.300038116628574 22.799999999999994
      vertex 0.6470239736540631 5.247190824896737 22.799999999999994
    endloop
  endfacet
  facet normal 0.9807852804032305 0.19509032201612772 0
    outer loop
      vertex 0.07271867832261236 7.390527366129562 3
      vertex 0.07271867832261236 7.390527366129562 22.799999999999994
      vertex 0.28963047654291973 6.300038116628574 22.799999999999994
    endloop
  endfacet
  facet normal 0.7518398074789776 0.6593458151000686 -2.0745244440114874e-18
    outer loop
      vertex 2.4895923599143455 2.4895923599143455 3
      vertex 1.7564966075245014 3.3255278534258736 22.799999999999994
      vertex 2.489592359914346 2.489592359914345 22.799999999999994
    endloop
  endfacet
  facet normal 0.555570233019602 0.8314696123025452 0
    outer loop
      vertex 3.325527853425874 1.7564966075245012 3
      vertex 3.325527853425874 1.7564966075245012 22.799999999999994
      vertex 4.25 1.1387840678322716 22.799999999999994
    endloop
  endfacet
  facet normal 0.6593458151000684 0.7518398074789776 0
    outer loop
      vertex 3.325527853425874 1.7564966075245012 3
      vertex 2.489592359914346 2.489592359914345 22.799999999999994
      vertex 3.325527853425874 1.7564966075245012 22.799999999999994
    endloop
  endfacet
  facet normal 0.4422886902190009 0.8968727415326885 0
    outer loop
      vertex 4.25 1.1387840678322716 3
      vertex 4.25 1.1387840678322716 22.799999999999994
      vertex 5.247190824896737 0.6470239736540631 22.799999999999994
    endloop
  endfacet
  facet normal 0.32143946530316186 0.9469301294951056 0
    outer loop
      vertex 5.247190824896737 0.6470239736540631 3
      vertex 5.247190824896737 0.6470239736540631 22.799999999999994
      vertex 6.300038116628574 0.28963047654291957 22.799999999999994
    endloop
  endfacet
  facet normal 1 0 0
    outer loop
      vertex 0 8.5 3
      vertex 0 28 10
      vertex 0 8.5 22.799999999999994
    endloop
  endfacet
  facet normal 0.9978589232386034 0.06540312923014385 0
    outer loop
      vertex 0 8.5 3
      vertex 0 8.5 22.799999999999994
      vertex 0.07271867832261236 7.390527366129562 22.799999999999994
    endloop
  endfacet
  facet normal 0 1 0
    outer loop
      vertex 8.5 0 3
      vertex 13.629999995529651 0 16.700000002980232
      vertex 13.657085649967193 0 16.3558441773057
    endloop
  endfacet
  facet normal 0 1 0
    outer loop
      vertex 8.5 0 3
      vertex 8.500000000000014 0 22.799999999999994
      vertex 13.629999995529651 0 16.700000002980232
    endloop
  endfacet
  facet normal 0.19509032201612755 0.9807852804032305 0
    outer loop
      vertex 7.390527366129562 0.07271867832261236 3
      vertex 6.300038116628574 0.28963047654291957 22.799999999999994
      vertex 7.390527366129562 0.07271867832261236 22.799999999999994
    endloop
  endfacet
  facet normal 0.06540312923014302 0.9978589232386034 0
    outer loop
      vertex 7.390527366129562 0.07271867832261236 3
      vertex 7.390527366129562 0.07271867832261236 22.799999999999994
      vertex 8.500000000000014 0 22.799999999999994
    endloop
  endfacet
  facet normal 0 1 0
    outer loop
      vertex 8.500000000000014 0 22.799999999999994
      vertex 13.629999999992682 0 22.799999999999994
      vertex 13.629999995529651 0 16.700000002980232
    endloop
  endfacet
  facet normal 1 0 0
    outer loop
      vertex 0 28 10
      vertex 0 69.39999999999998 22.799999999999994
      vertex 0 8.5 22.799999999999994
    endloop
  endfacet
  facet normal 0 0 1
    outer loop
      vertex 3.0999999999999996 28 2.2
      vertex 8.5 77.4312 2.2
      vertex 3.0999999999999996 67.9 2.2
    endloop
  endfacet
  facet normal 0 0 1
    outer loop
      vertex 2.128420653453033 3.610915211345164 2.2
      vertex 10 77.4312 2.2
      vertex 8.5 77.4312 2.2
    endloop
  endfacet
  facet normal 0 0 1
    outer loop
      vertex 2.128420653453033 3.610915211345164 2.2
      vertex 10 75.85000000000001 2.2
      vertex 10 77.4312 2.2
    endloop
  endfacet
  facet normal 0.7153027295169969 2.383757090835847e-18 0.6988147144598016
    outer loop
      vertex 0.46880000000000166 67.9 2.2
      vertex 0.17453481256961823 69.4 2.501208156347275
      vertex 0.17453481256961823 67.9 2.501208156347275
    endloop
  endfacet
  facet normal 0.8467242062791882 0 0.5320320652938871
    outer loop
      vertex 0.17453481256961823 67.9 2.501208156347275
      vertex 0.07922490686178207 69.4 2.6528930068016052
      vertex 0.07922490686178207 67.9 2.6528930068016052
    endloop
  endfacet
  facet normal 0.9438833318985775 0 0.33027905741060776
    outer loop
      vertex 0.07922490686178207 67.9 2.6528930068016052
      vertex 0.020057670772075653 69.4 2.821983255445957
      vertex 0.020057670772075653 67.9 2.821983255445957
    endloop
  endfacet
  facet normal 0.7153027295169969 0 0.6988147144598016
    outer loop
      vertex 0.46880000000000166 67.9 2.2
      vertex 0.46880000000000166 69.4 2.2
      vertex 0.17453481256961823 69.4 2.501208156347275
    endloop
  endfacet
  facet normal 0.7145178858034775 -0.04683197647898263 0.6980479617089362
    outer loop
      vertex 0.46880000000000166 69.4 2.2
      vertex 0.24576032137560055 70.4866912693759 2.501208156347275
      vertex 0.17453481256961823 69.4 2.501208156347275
    endloop
  endfacet
  facet normal 0.8467242062791882 0 0.5320320652938871
    outer loop
      vertex 0.17453481256961823 67.9 2.501208156347275
      vertex 0.17453481256961823 69.4 2.501208156347275
      vertex 0.07922490686178207 69.4 2.6528930068016052
    endloop
  endfacet
  facet normal 0.9438833318985775 0 0.33027905741060776
    outer loop
      vertex 0.07922490686178207 67.9 2.6528930068016052
      vertex 0.07922490686178207 69.4 2.6528930068016052
      vertex 0.020057670772075653 69.4 2.821983255445957
    endloop
  endfacet
  facet normal 0.8454232793378557 -0.05541196927241721 0.5312146387431156
    outer loop
      vertex 0.17453481256961823 69.4 2.501208156347275
      vertex 0.24576032137560055 70.4866912693759 2.501208156347275
      vertex 0.07922490686178207 69.4 2.6528930068016052
    endloop
  endfacet
  facet normal 0.9420822259450712 -0.061747331345128637 0.32964882318936756
    outer loop
      vertex 0.07922490686178207 69.4 2.6528930068016052
      vertex 0.15126580512354515 70.49913170844879 2.6528930068016052
      vertex 0.020057670772075653 69.4 2.821983255445957
    endloop
  endfacet
  facet normal 0 0 1
    outer loop
      vertex 0.46880000000000166 67.9 2.2
      vertex 3.0999999999999996 67.9 2.2
      vertex 0.46880000000000166 69.4 2.2
    endloop
  endfacet
  facet normal 0 0 1
    outer loop
      vertex 0.46880000000000166 69.4 2.2
      vertex 3.0999999999999996 67.9 2.2
      vertex 0.5375080293346555 70.44828195495768 2.2
    endloop
  endfacet
  facet normal 0.9937122093891047 0 0.11196448057765537
    outer loop
      vertex 0.020057670772075653 67.9 2.821983255445957
      vertex 0 69.4 3
      vertex 0 67.9 3
    endloop
  endfacet
  facet normal 0.9937122093891047 0 0.11196448057765537
    outer loop
      vertex 0.020057670772075653 67.9 2.821983255445957
      vertex 0.020057670772075653 69.4 2.821983255445957
      vertex 0 69.4 3
    endloop
  endfacet
  facet normal 0.9916111826068712 -0.06499363067436821 0.11172775170371198
    outer loop
      vertex 0.020057670772075653 69.4 2.821983255445957
      vertex 0.09260475294071391 70.50685458247976 2.821983255445957
      vertex 0 69.4 3
    endloop
  endfacet
  facet normal 0.7145178858034767 -0.04683197647898303 0.6980479617089371
    outer loop
      vertex 0.46880000000000166 69.4 2.2
      vertex 0.5375080293346555 70.44828195495768 2.2
      vertex 0.24576032137560055 70.4866912693759 2.501208156347275
    endloop
  endfacet
  facet normal 0.7022922866755941 -0.13969462133511543 0.6980479617089387
    outer loop
      vertex 0.5375080293346555 70.44828195495768 2.2
      vertex 0.7424565039072366 71.47862751502737 2.2
      vertex 0.24576032137560055 70.4866912693759 2.501208156347275
    endloop
  endfacet
  facet normal 0.8454232793378595 -0.055411969272418655 0.5312146387431093
    outer loop
      vertex 0.07922490686178207 69.4 2.6528930068016052
      vertex 0.24576032137560055 70.4866912693759 2.501208156347275
      vertex 0.15126580512354515 70.49913170844879 2.6528930068016052
    endloop
  endfacet
  facet normal 0.9420822259450697 -0.06174733134512786 0.3296488231893715
    outer loop
      vertex 0.020057670772075653 69.4 2.821983255445957
      vertex 0.15126580512354515 70.49913170844879 2.6528930068016052
      vertex 0.09260475294071391 70.50685458247976 2.821983255445957
    endloop
  endfacet
  facet normal 0.9259629378646114 -0.18418548007647093 0.32964882318937194
    outer loop
      vertex 0.15126580512354515 70.49913170844879 2.6528930068016052
      vertex 0.36615586016606017 71.57945696862913 2.6528930068016052
      vertex 0.09260475294071391 70.50685458247976 2.821983255445957
    endloop
  endfacet
  facet normal 0.8309578526327754 -0.1652877936599005 0.5312146387431061
    outer loop
      vertex 0.15126580512354515 70.49913170844879 2.6528930068016052
      vertex 0.24576032137560055 70.4866912693759 2.501208156347275
      vertex 0.36615586016606017 71.57945696862913 2.6528930068016052
    endloop
  endfacet
  facet normal 0.7022922866755951 -0.13969462133511626 0.6980479617089375
    outer loop
      vertex 0.24576032137560055 70.4866912693759 2.501208156347275
      vertex 0.7424565039072366 71.47862751502737 2.2
      vertex 0.45821815959043555 71.55478894984502 2.501208156347275
    endloop
  endfacet
  facet normal 0.8309578526327686 -0.1652877936599012 0.5312146387431167
    outer loop
      vertex 0.24576032137560055 70.4866912693759 2.501208156347275
      vertex 0.45821815959043555 71.55478894984502 2.501208156347275
      vertex 0.36615586016606017 71.57945696862913 2.6528930068016052
    endloop
  endfacet
  facet normal 0.9259629378646146 -0.18418548007647348 0.3296488231893614
    outer loop
      vertex 0.09260475294071391 70.50685458247976 2.821983255445957
      vertex 0.36615586016606017 71.57945696862913 2.6528930068016052
      vertex 0.30900469875687087 71.59477057617522 2.821983255445957
    endloop
  endfacet
  facet normal 0.8022745066840945 -0.27233549807142965 0.531214638743116
    outer loop
      vertex 0.45821815959043555 71.55478894984502 2.501208156347275
      vertex 0.7202182435687758 72.6224911158166 2.6528930068016052
      vertex 0.36615586016606017 71.57945696862913 2.6528930068016052
    endloop
  endfacet
  facet normal 0.8022745066840876 -0.2723354980714294 0.5312146387431265
    outer loop
      vertex 0.45821815959043555 71.55478894984502 2.501208156347275
      vertex 0.808273114697827 72.58601759396193 2.501208156347275
      vertex 0.7202182435687758 72.6224911158166 2.6528930068016052
    endloop
  endfacet
  facet normal 0.8940001671918654 -0.3034721641778486 0.3296488231893599
    outer loop
      vertex 0.36615586016606017 71.57945696862913 2.6528930068016052
      vertex 0.7202182435687758 72.6224911158166 2.6528930068016052
      vertex 0.30900469875687087 71.59477057617522 2.821983255445957
    endloop
  endfacet
  facet normal 0.8940001671918671 -0.30347216417785045 0.3296488231893532
    outer loop
      vertex 0.30900469875687087 71.59477057617522 2.821983255445957
      vertex 0.7202182435687758 72.6224911158166 2.6528930068016052
      vertex 0.6655548451502336 72.64513343680696 2.821983255445957
    endloop
  endfacet
  facet normal 0 0 1
    outer loop
      vertex 0.5375080293346555 70.44828195495768 2.2
      vertex 1.0801386984953556 72.47340718201052 2.2
      vertex 0.7424565039072366 71.47862751502737 2.2
    endloop
  endfacet
  facet normal 0.6780502718104868 -0.23016705248953823 0.698047961708938
    outer loop
      vertex 0.45821815959043555 71.55478894984502 2.501208156347275
      vertex 0.7424565039072366 71.47862751502737 2.2
      vertex 1.0801386984953556 72.47340718201052 2.2
    endloop
  endfacet
  facet normal 0.6780502718104905 -0.2301670524895423 0.6980479617089332
    outer loop
      vertex 0.45821815959043555 71.55478894984502 2.501208156347275
      vertex 1.0801386984953556 72.47340718201052 2.2
      vertex 0.808273114697827 72.58601759396193 2.501208156347275
    endloop
  endfacet
  facet normal 0.6422066288036558 -0.31670126156150524 0.698047961708932
    outer loop
      vertex 1.0801386984953556 72.47340718201052 2.2
      vertex 1.2899356493623166 73.5627325937152 2.501208156347275
      vertex 0.808273114697827 72.58601759396193 2.501208156347275
    endloop
  endfacet
  facet normal 0 0 1
    outer loop
      vertex 0.5375080293346555 70.44828195495768 2.2
      vertex 2.8210840189346005 75.0789159810654 2.2
      vertex 1.0801386984953556 72.47340718201052 2.2
    endloop
  endfacet
  facet normal 0.6422066288036551 -0.31670126156150524 0.6980479617089325
    outer loop
      vertex 1.0801386984953556 72.47340718201052 2.2
      vertex 1.544776777126418 73.41560000000001 2.2
      vertex 1.2899356493623166 73.5627325937152 2.501208156347275
    endloop
  endfacet
  facet normal 0 0 1
    outer loop
      vertex 1.0801386984953556 72.47340718201052 2.2
      vertex 2.128420653453033 74.28908478865485 2.2
      vertex 1.544776777126418 73.41560000000001 2.2
    endloop
  endfacet
  facet normal 0.7598640214935323 -0.37472346660528666 0.5312146387431294
    outer loop
      vertex 0.7202182435687758 72.6224911158166 2.6528930068016052
      vertex 0.808273114697827 72.58601759396193 2.501208156347275
      vertex 1.2899356493623166 73.5627325937152 2.501208156347275
    endloop
  endfacet
  facet normal 0.8467408057947934 -0.4175663554117613 0.32964882318934896
    outer loop
      vertex 0.7202182435687758 72.6224911158166 2.6528930068016052
      vertex 1.1561545202616337 73.63997116461397 2.821983255445957
      vertex 0.6655548451502336 72.64513343680696 2.821983255445957
    endloop
  endfacet
  facet normal 0.7598640214935399 -0.3747234666052939 0.5312146387431131
    outer loop
      vertex 0.7202182435687758 72.6224911158166 2.6528930068016052
      vertex 1.2899356493623166 73.5627325937152 2.501208156347275
      vertex 1.2073948497870317 73.61038754656911 2.6528930068016052
    endloop
  endfacet
  facet normal 0.8467408057947847 -0.41756635541176124 0.32964882318937117
    outer loop
      vertex 0.7202182435687758 72.6224911158166 2.6528930068016052
      vertex 1.2073948497870317 73.61038754656911 2.6528930068016052
      vertex 1.1561545202616337 73.63997116461397 2.821983255445957
    endloop
  endfacet
  facet normal 0.5953746523246736 -0.3978166242419742 0.6980479617089316
    outer loop
      vertex 1.544776777126418 73.41560000000001 2.2
      vertex 1.8949643840737123 74.46822208466249 2.501208156347275
      vertex 1.2899356493623166 73.5627325937152 2.501208156347275
    endloop
  endfacet
  facet normal 0.7044520522211244 -0.470699812732563 0.5312146387431134
    outer loop
      vertex 1.2073948497870317 73.61038754656911 2.6528930068016052
      vertex 1.2899356493623166 73.5627325937152 2.501208156347275
      vertex 1.8949643840737123 74.46822208466249 2.501208156347275
    endloop
  endfacet
  facet normal 0.7044520522211306 -0.4706998127325707 0.531214638743098
    outer loop
      vertex 1.2073948497870317 73.61038754656911 2.6528930068016052
      vertex 1.8949643840737123 74.46822208466249 2.501208156347275
      vertex 1.819349952017558 74.52624307905987 2.6528930068016052
    endloop
  endfacet
  facet normal 0.7849934744496588 -0.5245158705333097 0.329648823189371
    outer loop
      vertex 1.2073948497870317 73.61038754656911 2.6528930068016052
      vertex 1.7724094276299889 74.56226181025234 2.821983255445957
      vertex 1.1561545202616337 73.63997116461397 2.821983255445957
    endloop
  endfacet
  facet normal 0.7849934744496546 -0.5245158705333092 0.3296488231893816
    outer loop
      vertex 1.2073948497870317 73.61038754656911 2.6528930068016052
      vertex 1.819349952017558 74.52624307905987 2.6528930068016052
      vertex 1.7724094276299889 74.56226181025234 2.821983255445957
    endloop
  endfacet
  facet normal 0.5953746523246687 -0.39781662424197384 0.6980479617089358
    outer loop
      vertex 1.544776777126418 73.41560000000001 2.2
      vertex 2.128420653453033 74.28908478865485 2.2
      vertex 1.8949643840737123 74.46822208466249 2.501208156347275
    endloop
  endfacet
  facet normal 0 0 1
    outer loop
      vertex 1.0801386984953556 72.47340718201052 2.2
      vertex 2.8210840189346005 75.0789159810654 2.2
      vertex 2.128420653453033 74.28908478865485 2.2
    endloop
  endfacet
  facet normal 0.5383556504753713 -0.47212523418605795 0.6980479617089357
    outer loop
      vertex 2.128420653453033 74.28908478865485 2.2
      vertex 2.8210840189346005 75.0789159810654 2.2
      vertex 1.8949643840737123 74.46822208466249 2.501208156347275
    endloop
  endfacet
  facet normal 0.5383556504753709 -0.47212523418605695 0.6980479617089367
    outer loop
      vertex 1.8949643840737123 74.46822208466249 2.501208156347275
      vertex 2.8210840189346005 75.0789159810654 2.2
      vertex 2.613007109435446 75.28699289056456 2.501208156347275
    endloop
  endfacet
  facet normal 0.6369867130242025 -0.5586223545613488 0.531214638743095
    outer loop
      vertex 1.8949643840737123 74.46822208466249 2.501208156347275
      vertex 2.613007109435446 75.28699289056456 2.501208156347275
      vertex 1.819349952017558 74.52624307905987 2.6528930068016052
    endloop
  endfacet
  facet normal 0.709814687115386 -0.62249077368676 0.32964882318938366
    outer loop
      vertex 1.819349952017558 74.52624307905987 2.6528930068016052
      vertex 2.5456128287951847 75.35438717120482 2.6528930068016052
      vertex 1.7724094276299889 74.56226181025234 2.821983255445957
    endloop
  endfacet
  facet normal 0 0 1
    outer loop
      vertex 3.0999999999999996 67.9 2.2
      vertex 8.5 77.4312 2.2
      vertex 0.5375080293346555 70.44828195495768 2.2
    endloop
  endfacet
  facet normal 0 0 1
    outer loop
      vertex 0.5375080293346555 70.44828195495768 2.2
      vertex 8.5 77.4312 2.2
      vertex 2.8210840189346005 75.0789159810654 2.2
    endloop
  endfacet
  facet normal 0.6369867130241985 -0.5586223545613425 0.5312146387431065
    outer loop
      vertex 1.819349952017558 74.52624307905987 2.6528930068016052
      vertex 2.613007109435446 75.28699289056456 2.501208156347275
      vertex 2.5456128287951847 75.35438717120482 2.6528930068016052
    endloop
  endfacet
  facet normal 0.7098146871153851 -0.6224907736867574 0.32964882318939065
    outer loop
      vertex 1.7724094276299889 74.56226181025234 2.821983255445957
      vertex 2.5456128287951847 75.35438717120482 2.6528930068016052
      vertex 2.503775274932088 75.39622472506792 2.821983255445957
    endloop
  endfacet
  facet normal 0.6224907736867512 -0.7098146871153889 0.329648823189394
    outer loop
      vertex 2.5456128287951847 75.35438717120482 2.6528930068016052
      vertex 2.850164588386894 75.7 2.821983255445957
      vertex 2.503775274932088 75.39622472506792 2.821983255445957
    endloop
  endfacet
  facet normal 0.47212523418605506 -0.5383556504753725 0.6980479617089367
    outer loop
      vertex 2.613007109435446 75.28699289056456 2.501208156347275
      vertex 2.8210840189346005 75.0789159810654 2.2
      vertex 3.610915211345164 75.77157934654697 2.2
    endloop
  endfacet
  facet normal 0.47212523418605806 -0.5383556504753753 0.6980479617089325
    outer loop
      vertex 2.613007109435446 75.28699289056456 2.501208156347275
      vertex 3.3 75.7 2.355083571954594
      vertex 3.083951458416056 75.7 2.501208156347275
    endloop
  endfacet
  facet normal 0.4721252341860527 -0.5383556504753612 0.6980479617089471
    outer loop
      vertex 2.613007109435446 75.28699289056456 2.501208156347275
      vertex 3.610915211345164 75.77157934654697 2.2
      vertex 3.3 75.7 2.355083571954594
    endloop
  endfacet
  facet normal 0 0 1
    outer loop
      vertex 2.8210840189346005 75.0789159810654 2.2
      vertex 4.484400000000001 76.35522322287359 2.2
      vertex 3.610915211345164 75.77157934654697 2.2
    endloop
  endfacet
  facet normal 0.47212523418605074 -0.5383556504753781 0.6980479617089352
    outer loop
      vertex 3.610915211345164 75.77157934654697 2.2
      vertex 3.3 75.88946948583303 2.501208156347275
      vertex 3.3 75.7 2.355083571954594
    endloop
  endfacet
  facet normal 0.47212523418604735 -0.5383556504753834 0.6980479617089337
    outer loop
      vertex 3.610915211345164 75.77157934654697 2.2
      vertex 3.4317779153375243 76.00503561592629 2.501208156347275
      vertex 3.3 75.88946948583303 2.501208156347275
    endloop
  endfacet
  facet normal 0.5586223545613386 -0.6369867130241944 0.5312146387431156
    outer loop
      vertex 2.613007109435446 75.28699289056456 2.501208156347275
      vertex 3.083951458416056 75.7 2.501208156347275
      vertex 2.9397087291751642 75.7 2.6528930068016052
    endloop
  endfacet
  facet normal 0.558622354561346 -0.6369867130241965 0.5312146387431053
    outer loop
      vertex 2.613007109435446 75.28699289056456 2.501208156347275
      vertex 2.9397087291751642 75.7 2.6528930068016052
      vertex 2.5456128287951847 75.35438717120482 2.6528930068016052
    endloop
  endfacet
  facet normal 0.6224907736867682 -0.7098146871153885 0.3296488231893627
    outer loop
      vertex 2.5456128287951847 75.35438717120482 2.6528930068016052
      vertex 2.9397087291751642 75.7 2.6528930068016052
      vertex 2.850164588386894 75.7 2.821983255445957
    endloop
  endfacet
  facet normal 0.5586223545613248 -0.6369867130242028 0.5312146387431198
    outer loop
      vertex 3.3 75.88946948583303 2.501208156347275
      vertex 3.4317779153375243 76.00503561592629 2.501208156347275
      vertex 3.373756920940136 76.08065004798245 2.6528930068016052
    endloop
  endfacet
  facet normal 0.5586223545612942 -0.6369867130242101 0.5312146387431437
    outer loop
      vertex 3.3 75.88946948583303 2.501208156347275
      vertex 3.373756920940136 76.08065004798245 2.6528930068016052
      vertex 3.3 76.01596696433514 2.6528930068016052
    endloop
  endfacet
  facet normal 0.6224907736867294 -0.7098146871154254 0.32964882318935684
    outer loop
      vertex 3.3 76.01596696433514 2.6528930068016052
      vertex 3.373756920940136 76.08065004798245 2.6528930068016052
      vertex 3.33773818974767 76.12759057237001 2.821983255445957
    endloop
  endfacet
  facet normal 0.6224907736867982 -0.7098146871153846 0.32964882318931454
    outer loop
      vertex 3.3 76.01596696433514 2.6528930068016052
      vertex 3.33773818974767 76.12759057237001 2.821983255445957
      vertex 3.3 76.09449506820535 2.821983255445957
    endloop
  endfacet
  facet normal 0.3978166242419766 -0.5953746523246705 0.6980479617089329
    outer loop
      vertex 3.610915211345164 75.77157934654697 2.2
      vertex 4.484400000000001 76.35522322287359 2.2
      vertex 3.4317779153375243 76.00503561592629 2.501208156347275
    endloop
  endfacet
  facet normal 0 0 1
    outer loop
      vertex 2.8210840189346005 75.0789159810654 2.2
      vertex 5.426592817989492 76.81986130150464 2.2
      vertex 4.484400000000001 76.35522322287359 2.2
    endloop
  endfacet
  facet normal 0.3978166242419768 -0.5953746523246736 0.6980479617089301
    outer loop
      vertex 3.4317779153375243 76.00503561592629 2.501208156347275
      vertex 4.484400000000001 76.35522322287359 2.2
      vertex 4.337267406284809 76.61006435063769 2.501208156347275
    endloop
  endfacet
  facet normal 0.47069981273256123 -0.7044520522211206 0.5312146387431198
    outer loop
      vertex 3.373756920940136 76.08065004798245 2.6528930068016052
      vertex 3.4317779153375243 76.00503561592629 2.501208156347275
      vertex 4.289612453430891 76.69260515021297 2.6528930068016052
    endloop
  endfacet
  facet normal 0.4706998127325661 -0.7044520522211244 0.5312146387431103
    outer loop
      vertex 3.4317779153375243 76.00503561592629 2.501208156347275
      vertex 4.337267406284809 76.61006435063769 2.501208156347275
      vertex 4.289612453430891 76.69260515021297 2.6528930068016052
    endloop
  endfacet
  facet normal 0.5245158705333124 -0.7849934744496639 0.3296488231893545
    outer loop
      vertex 3.373756920940136 76.08065004798245 2.6528930068016052
      vertex 4.289612453430891 76.69260515021297 2.6528930068016052
      vertex 3.33773818974767 76.12759057237001 2.821983255445957
    endloop
  endfacet
  facet normal 0.5245158705333113 -0.7849934744496562 0.3296488231893744
    outer loop
      vertex 3.33773818974767 76.12759057237001 2.821983255445957
      vertex 4.289612453430891 76.69260515021297 2.6528930068016052
      vertex 4.260028835386038 76.74384547973837 2.821983255445957
    endloop
  endfacet
  facet normal 0.4175663554117565 -0.8467408057947855 0.3296488231893751
    outer loop
      vertex 4.289612453430891 76.69260515021297 2.6528930068016052
      vertex 5.254866563193044 77.23444515484977 2.821983255445957
      vertex 4.260028835386038 76.74384547973837 2.821983255445957
    endloop
  endfacet
  facet normal 0.31670126156149697 -0.6422066288036477 0.6980479617089433
    outer loop
      vertex 4.484400000000001 76.35522322287359 2.2
      vertex 5.426592817989492 76.81986130150464 2.2
      vertex 5.313982406038075 77.09172688530218 2.501208156347275
    endloop
  endfacet
  facet normal 0.3167012615615096 -0.6422066288036561 0.6980479617089297
    outer loop
      vertex 4.484400000000001 76.35522322287359 2.2
      vertex 5.313982406038075 77.09172688530218 2.501208156347275
      vertex 4.337267406284809 76.61006435063769 2.501208156347275
    endloop
  endfacet
  facet normal 0 0 1
    outer loop
      vertex 2.8210840189346005 75.0789159810654 2.2
      vertex 8.5 77.4312 2.2
      vertex 5.426592817989492 76.81986130150464 2.2
    endloop
  endfacet
  facet normal 0.3747234666052959 -0.7598640214935413 0.53121463874311
    outer loop
      vertex 4.337267406284809 76.61006435063769 2.501208156347275
      vertex 5.313982406038075 77.09172688530218 2.501208156347275
      vertex 4.289612453430891 76.69260515021297 2.6528930068016052
    endloop
  endfacet
  facet normal 0.3747234666052971 -0.7598640214935494 0.5312146387430975
    outer loop
      vertex 4.289612453430891 76.69260515021297 2.6528930068016052
      vertex 5.313982406038075 77.09172688530218 2.501208156347275
      vertex 5.277508884183408 77.17978175643123 2.6528930068016052
    endloop
  endfacet
  facet normal 0.4175663554117623 -0.8467408057947899 0.3296488231893566
    outer loop
      vertex 4.289612453430891 76.69260515021297 2.6528930068016052
      vertex 5.277508884183408 77.17978175643123 2.6528930068016052
      vertex 5.254866563193044 77.23444515484977 2.821983255445957
    endloop
  endfacet
  facet normal 0.9916111826068713 -0.06499363067436861 0.11172775170370945
    outer loop
      vertex 0 69.4 3
      vertex 0.09260475294071391 70.50685458247976 2.821983255445957
      vertex 0.07271867832261236 70.50947263387044 3
    endloop
  endfacet
  facet normal 0.9746444403459082 -0.19386883298262625 0.11172775170371047
    outer loop
      vertex 0.09260475294071391 70.50685458247976 2.821983255445957
      vertex 0.30900469875687087 71.59477057617522 2.821983255445957
      vertex 0.07271867832261236 70.50947263387044 3
    endloop
  endfacet
  facet normal 0.9746444403459078 -0.19386883298262522 0.11172775170371603
    outer loop
      vertex 0.30900469875687087 71.59477057617522 2.821983255445957
      vertex 0.2896304765429196 71.59996188337144 3
      vertex 0.07271867832261236 70.50947263387044 3
    endloop
  endfacet
  facet normal 0.9410012614881353 -0.3194268858079579 0.11172775170371879
    outer loop
      vertex 0.30900469875687087 71.59477057617522 2.821983255445957
      vertex 0.6655548451502336 72.64513343680696 2.821983255445957
      vertex 0.2896304765429196 71.59996188337144 3
    endloop
  endfacet
  facet normal 0.9410012614881351 -0.3194268858079569 0.11172775170372386
    outer loop
      vertex 0.6655548451502336 72.64513343680696 2.821983255445957
      vertex 0.6470239736540631 72.65280917510327 3
      vertex 0.2896304765429196 71.59996188337144 3
    endloop
  endfacet
  facet normal 0.8912572901514634 -0.439519456055247 0.11172775170372848
    outer loop
      vertex 0.6655548451502336 72.64513343680696 2.821983255445957
      vertex 1.1561545202616337 73.63997116461397 2.821983255445957
      vertex 0.6470239736540631 72.65280917510327 3
    endloop
  endfacet
  facet normal 0.8912572901514638 -0.4395194560552503 0.11172775170371162
    outer loop
      vertex 1.1561545202616337 73.63997116461397 2.821983255445957
      vertex 1.1387840678322716 73.65 3
      vertex 0.6470239736540631 72.65280917510327 3
    endloop
  endfacet
  facet normal 0.826263659477097 -0.5520917265516209 0.11172775170371167
    outer loop
      vertex 1.1561545202616337 73.63997116461397 2.821983255445957
      vertex 1.7724094276299889 74.56226181025234 2.821983255445957
      vertex 1.1387840678322716 73.65 3
    endloop
  endfacet
  facet normal 0.8262636594770969 -0.5520917265516181 0.11172775170372534
    outer loop
      vertex 1.7724094276299889 74.56226181025234 2.821983255445957
      vertex 1.7564966075245012 74.57447214657414 3
      vertex 1.1387840678322716 73.65 3
    endloop
  endfacet
  facet normal 0.7471324285055085 -0.6552175545379497 0.11172775170372842
    outer loop
      vertex 1.7724094276299889 74.56226181025234 2.821983255445957
      vertex 2.4895923599143455 75.41040764008567 3
      vertex 1.7564966075245012 74.57447214657414 3
    endloop
  endfacet
  facet normal 0.7471324285055116 -0.6552175545379489 0.11172775170371241
    outer loop
      vertex 1.7724094276299889 74.56226181025234 2.821983255445957
      vertex 2.503775274932088 75.39622472506792 2.821983255445957
      vertex 2.4895923599143455 75.41040764008567 3
    endloop
  endfacet
  facet normal 0.6552175545379468 -0.7471324285055135 0.1117277517037119
    outer loop
      vertex 2.503775274932088 75.39622472506792 2.821983255445957
      vertex 2.819809158351651 75.7 3
      vertex 2.4895923599143455 75.41040764008567 3
    endloop
  endfacet
  facet normal 0.6552175545379424 -0.7471324285055158 0.11172775170372375
    outer loop
      vertex 2.503775274932088 75.39622472506792 2.821983255445957
      vertex 2.850164588386894 75.7 2.821983255445957
      vertex 2.819809158351651 75.7 3
    endloop
  endfacet
  facet normal 0.65521755453797 -0.7471324285054864 0.11172775170375622
    outer loop
      vertex 3.33773818974767 76.12759057237001 2.821983255445957
      vertex 3.325527853425874 76.14350339247551 3
      vertex 3.3 76.09449506820535 2.821983255445957
    endloop
  endfacet
  facet normal 0.6552175545380461 -0.747132428505424 0.11172775170372812
    outer loop
      vertex 3.3 76.09449506820535 2.821983255445957
      vertex 3.325527853425874 76.14350339247551 3
      vertex 3.3 76.12111606587028 3
    endloop
  endfacet
  facet normal 0.5520917265516201 -0.8262636594770909 0.11172775170376063
    outer loop
      vertex 3.33773818974767 76.12759057237001 2.821983255445957
      vertex 4.260028835386038 76.74384547973837 2.821983255445957
      vertex 3.325527853425874 76.14350339247551 3
    endloop
  endfacet
  facet normal 0.6593458151000648 -0.7518398074789809 -3.558245745300161e-18
    outer loop
      vertex 2.4895923599143455 75.41040764008567 3
      vertex 2.819809158351651 75.7 3
      vertex 2.819809158351651 75.7 5.6000000000000005
    endloop
  endfacet
  facet normal 0.5520917265516163 -0.8262636594771006 0.11172775170370759
    outer loop
      vertex 4.260028835386038 76.74384547973837 2.821983255445957
      vertex 4.25 76.76121593216773 3
      vertex 3.325527853425874 76.14350339247551 3
    endloop
  endfacet
  facet normal 0.43951945605525633 -0.8912572901514615 0.11172775170370729
    outer loop
      vertex 4.260028835386038 76.74384547973837 2.821983255445957
      vertex 5.247190824896737 77.25297602634595 3
      vertex 4.25 76.76121593216773 3
    endloop
  endfacet
  facet normal 0.43951945605524434 -0.8912572901514597 0.11172775170376824
    outer loop
      vertex 4.260028835386038 76.74384547973837 2.821983255445957
      vertex 5.254866563193044 77.23444515484977 2.821983255445957
      vertex 5.247190824896737 77.25297602634595 3
    endloop
  endfacet
  facet normal 0.23016705248954175 -0.67805027181048 0.6980479617089435
    outer loop
      vertex 5.426592817989492 76.81986130150464 2.2
      vertex 6.421372484972636 77.15754349609277 2.2
      vertex 5.313982406038075 77.09172688530218 2.501208156347275
    endloop
  endfacet
  facet normal 0.23016705248954114 -0.6780502718104833 0.6980479617089406
    outer loop
      vertex 5.313982406038075 77.09172688530218 2.501208156347275
      vertex 6.421372484972636 77.15754349609277 2.2
      vertex 6.34521105015499 77.44178184040958 2.501208156347275
    endloop
  endfacet
  facet normal 0.27233549807143675 -0.8022745066841046 0.531214638743097
    outer loop
      vertex 5.313982406038075 77.09172688530218 2.501208156347275
      vertex 6.34521105015499 77.44178184040958 2.501208156347275
      vertex 5.277508884183408 77.17978175643123 2.6528930068016052
    endloop
  endfacet
  facet normal 0.27233549807143675 -0.802274506684104 0.5312146387430978
    outer loop
      vertex 5.277508884183408 77.17978175643123 2.6528930068016052
      vertex 6.34521105015499 77.44178184040958 2.501208156347275
      vertex 6.320543031370876 77.53384413983395 2.6528930068016052
    endloop
  endfacet
  facet normal 0.3034721641778582 -0.8940001671918634 0.3296488231893563
    outer loop
      vertex 5.277508884183408 77.17978175643123 2.6528930068016052
      vertex 6.305229423824783 77.59099530124314 2.821983255445957
      vertex 5.254866563193044 77.23444515484977 2.821983255445957
    endloop
  endfacet
  facet normal 0.3034721641778492 -0.8940001671918544 0.32964882318938915
    outer loop
      vertex 5.277508884183408 77.17978175643123 2.6528930068016052
      vertex 6.320543031370876 77.53384413983395 2.6528930068016052
      vertex 6.305229423824783 77.59099530124314 2.821983255445957
    endloop
  endfacet
  facet normal 0 0 1
    outer loop
      vertex 5.426592817989492 76.81986130150464 2.2
      vertex 8.5 77.4312 2.2
      vertex 6.421372484972636 77.15754349609277 2.2
    endloop
  endfacet
  facet normal 0.13969462133511315 -0.7022922866755924 0.6980479617089408
    outer loop
      vertex 6.421372484972636 77.15754349609277 2.2
      vertex 7.413308730624115 77.6542396786244 2.501208156347275
      vertex 6.34521105015499 77.44178184040958 2.501208156347275
    endloop
  endfacet
  facet normal 0.13969462133511107 -0.70229228667559 0.6980479617089437
    outer loop
      vertex 6.421372484972636 77.15754349609277 2.2
      vertex 7.4517180450423215 77.36249197066535 2.2
      vertex 7.413308730624115 77.6542396786244 2.501208156347275
    endloop
  endfacet
  facet normal 0 0 1
    outer loop
      vertex 6.421372484972636 77.15754349609277 2.2
      vertex 8.5 77.4312 2.2
      vertex 7.4517180450423215 77.36249197066535 2.2
    endloop
  endfacet
  facet normal 0.16528779365990068 -0.8309578526327811 0.531214638743097
    outer loop
      vertex 6.34521105015499 77.44178184040958 2.501208156347275
      vertex 7.413308730624115 77.6542396786244 2.501208156347275
      vertex 6.320543031370876 77.53384413983395 2.6528930068016052
    endloop
  endfacet
  facet normal 0.16528779365990168 -0.8309578526327717 0.5312146387431117
    outer loop
      vertex 6.320543031370876 77.53384413983395 2.6528930068016052
      vertex 7.413308730624115 77.6542396786244 2.501208156347275
      vertex 7.400868291551218 77.74873419487646 2.6528930068016052
    endloop
  endfacet
  facet normal 0.1841854800764718 -0.9259629378646048 0.32964882318939004
    outer loop
      vertex 6.320543031370876 77.53384413983395 2.6528930068016052
      vertex 7.400868291551218 77.74873419487646 2.6528930068016052
      vertex 6.305229423824783 77.59099530124314 2.821983255445957
    endloop
  endfacet
  facet normal 0.18418548007646818 -0.9259629378646184 0.3296488231893539
    outer loop
      vertex 6.305229423824783 77.59099530124314 2.821983255445957
      vertex 7.400868291551218 77.74873419487646 2.6528930068016052
      vertex 7.393145417520244 77.80739524705929 2.821983255445957
    endloop
  endfacet
  facet normal 0.046831976478985876 -0.7145178858034775 0.6980479617089362
    outer loop
      vertex 7.4517180450423215 77.36249197066535 2.2
      vertex 8.5 77.4312 2.2
      vertex 8.5 77.72546518743039 2.501208156347275
    endloop
  endfacet
  facet normal 0.046831976478981206 -0.7145178858034704 0.6980479617089438
    outer loop
      vertex 7.4517180450423215 77.36249197066535 2.2
      vertex 8.5 77.72546518743039 2.501208156347275
      vertex 7.413308730624115 77.6542396786244 2.501208156347275
    endloop
  endfacet
  facet normal 0.05541196927241628 -0.8454232793378585 0.5312146387431111
    outer loop
      vertex 7.413308730624115 77.6542396786244 2.501208156347275
      vertex 8.5 77.72546518743039 2.501208156347275
      vertex 7.400868291551218 77.74873419487646 2.6528930068016052
    endloop
  endfacet
  facet normal 0.06174733134512734 -0.9420822259450762 0.32964882318935357
    outer loop
      vertex 7.400868291551218 77.74873419487646 2.6528930068016052
      vertex 8.5 77.82077509313822 2.6528930068016052
      vertex 7.393145417520244 77.80739524705929 2.821983255445957
    endloop
  endfacet
  facet normal 0.05541196927241695 -0.8454232793378555 0.5312146387431155
    outer loop
      vertex 7.400868291551218 77.74873419487646 2.6528930068016052
      vertex 8.5 77.72546518743039 2.501208156347275
      vertex 8.5 77.82077509313822 2.6528930068016052
    endloop
  endfacet
  facet normal 0.061747331345129414 -0.9420822259450712 0.32964882318936756
    outer loop
      vertex 7.393145417520244 77.80739524705929 2.821983255445957
      vertex 8.5 77.82077509313822 2.6528930068016052
      vertex 8.5 77.87994232922793 2.821983255445957
    endloop
  endfacet
  facet normal -2.383757090835847e-18 -0.7153027295169969 0.6988147144598016
    outer loop
      vertex 8.5 77.4312 2.2
      vertex 10 77.72546518743039 2.501208156347275
      vertex 8.5 77.72546518743039 2.501208156347275
    endloop
  endfacet
  facet normal 0 -0.8467242062791882 0.5320320652938871
    outer loop
      vertex 8.5 77.72546518743039 2.501208156347275
      vertex 10 77.82077509313822 2.6528930068016052
      vertex 8.5 77.82077509313822 2.6528930068016052
    endloop
  endfacet
  facet normal 0 -0.9438833318985775 0.33027905741060776
    outer loop
      vertex 8.5 77.82077509313822 2.6528930068016052
      vertex 10 77.87994232922793 2.821983255445957
      vertex 8.5 77.87994232922793 2.821983255445957
    endloop
  endfacet
  facet normal 0 -0.7153027295169969 0.6988147144598016
    outer loop
      vertex 8.5 77.4312 2.2
      vertex 10 77.4312 2.2
      vertex 10 77.72546518743039 2.501208156347275
    endloop
  endfacet
  facet normal 0 -0.8467242062791882 0.5320320652938871
    outer loop
      vertex 8.5 77.72546518743039 2.501208156347275
      vertex 10 77.72546518743039 2.501208156347275
      vertex 10 77.82077509313822 2.6528930068016052
    endloop
  endfacet
  facet normal 0 -0.9438833318985775 0.33027905741060776
    outer loop
      vertex 8.5 77.82077509313822 2.6528930068016052
      vertex 10 77.82077509313822 2.6528930068016052
      vertex 10 77.87994232922793 2.821983255445957
    endloop
  endfacet
  facet normal 0.3194268858079645 -0.9410012614881268 0.11172775170377162
    outer loop
      vertex 5.254866563193044 77.23444515484977 2.821983255445957
      vertex 6.305229423824783 77.59099530124314 2.821983255445957
      vertex 5.247190824896737 77.25297602634595 3
    endloop
  endfacet
  facet normal 0.31942688580795087 -0.9410012614881453 0.1117277517036554
    outer loop
      vertex 5.247190824896737 77.25297602634595 3
      vertex 6.305229423824783 77.59099530124314 2.821983255445957
      vertex 6.300038116628574 77.61036952345708 3
    endloop
  endfacet
  facet normal 0.1938688329826286 -0.9746444403459142 0.11172775170365366
    outer loop
      vertex 6.305229423824783 77.59099530124314 2.821983255445957
      vertex 7.390527366129562 77.82728132167739 3
      vertex 6.300038116628574 77.61036952345708 3
    endloop
  endfacet
  facet normal 0.19386883298262036 -0.9746444403459106 0.111727751703699
    outer loop
      vertex 6.305229423824783 77.59099530124314 2.821983255445957
      vertex 7.393145417520244 77.80739524705929 2.821983255445957
      vertex 7.390527366129562 77.82728132167739 3
    endloop
  endfacet
  facet normal 0.0649936306743719 -0.9916111826068723 0.1117277517036991
    outer loop
      vertex 7.393145417520244 77.80739524705929 2.821983255445957
      vertex 8.5 77.9 3
      vertex 7.390527366129562 77.82728132167739 3
    endloop
  endfacet
  facet normal 0.06499363067436974 -0.9916111826068711 0.11172775170371192
    outer loop
      vertex 7.393145417520244 77.80739524705929 2.821983255445957
      vertex 8.5 77.87994232922793 2.821983255445957
      vertex 8.5 77.9 3
    endloop
  endfacet
  facet normal 0 -0.9937122093891047 0.11196448057765537
    outer loop
      vertex 8.5 77.87994232922793 2.821983255445957
      vertex 10 77.9 3
      vertex 8.5 77.9 3
    endloop
  endfacet
  facet normal 0 -0.9937122093891047 0.11196448057765537
    outer loop
      vertex 8.5 77.87994232922793 2.821983255445957
      vertex 10 77.87994232922793 2.821983255445957
      vertex 10 77.9 3
    endloop
  endfacet
  facet normal 0 -1 0
    outer loop
      vertex 8.5 77.9 3
      vertex 10 77.9 3
      vertex 10 77.9 10
    endloop
  endfacet
  facet normal 1 0 0
    outer loop
      vertex 0 67.9 3
      vertex 0 69.4 3
      vertex 0 69.39999999999998 22.799999999999994
    endloop
  endfacet
  facet normal 0.9978589232386034 -0.0654031292301438 -9.38822593342581e-17
    outer loop
      vertex 0 69.4 3
      vertex 0.07271867832261236 70.50947263387044 3
      vertex 0 69.39999999999998 22.799999999999994
    endloop
  endfacet
  facet normal 0.9807852804032307 -0.19509032201612714 0
    outer loop
      vertex 0.07271867832261236 70.50947263387044 3
      vertex 0.2896304765429196 71.59996188337144 3
      vertex 0.07271867832261236 70.50947263387044 22.799999999999994
    endloop
  endfacet
  facet normal 0.9469301294951056 -0.32143946530316186 5.13694187349417e-18
    outer loop
      vertex 0.2896304765429196 71.59996188337144 3
      vertex 0.6470239736540631 72.65280917510327 3
      vertex 0.647023973654063 72.65280917510327 22.799999999999994
    endloop
  endfacet
  facet normal 0.8968727415326879 -0.4422886902190021 9.68746791911227e-18
    outer loop
      vertex 0.6470239736540631 72.65280917510327 3
      vertex 1.1387840678322716 73.65 3
      vertex 1.1387840678322714 73.65 22.799999999999994
    endloop
  endfacet
  facet normal 0.831469612302547 -0.5555702330195994 9.324411190448891e-18
    outer loop
      vertex 1.1387840678322716 73.65 3
      vertex 1.7564966075245012 74.57447214657414 3
      vertex 1.1387840678322714 73.65 22.799999999999994
    endloop
  endfacet
  facet normal 0.7518398074789775 -0.6593458151000688 1.487351227850934e-17
    outer loop
      vertex 1.7564966075245012 74.57447214657414 3
      vertex 2.4895923599143455 75.41040764008567 3
      vertex 2.489592359914345 75.41040764008567 22.799999999999994
    endloop
  endfacet
  facet normal 0.6593458151001659 -0.7518398074788922 1.4788301113423143e-17
    outer loop
      vertex 3.325527853425874 76.14350339247551 3
      vertex 3.3255278534258736 76.14350339247551 22.799999999999994
      vertex 3.3 76.12111606587028 3
    endloop
  endfacet
  facet normal 0.5555702330195965 -0.831469612302549 1.2460744737267064e-17
    outer loop
      vertex 3.325527853425874 76.14350339247551 3
      vertex 4.25 76.76121593216773 3
      vertex 3.3255278534258736 76.14350339247551 22.799999999999994
    endloop
  endfacet
  facet normal 0.44228869021900796 -0.896872741532685 -4.536234206895394e-19
    outer loop
      vertex 4.25 76.76121593216773 3
      vertex 5.247190824896737 77.25297602634595 3
      vertex 5.247190824896737 77.25297602634595 22.799999999999994
    endloop
  endfacet
  facet normal 0.32143946530315326 -0.9469301294951085 0
    outer loop
      vertex 5.247190824896737 77.25297602634595 3
      vertex 6.300038116628574 77.61036952345708 3
      vertex 5.247190824896737 77.25297602634595 22.799999999999994
    endloop
  endfacet
  facet normal 0.6593458151000631 -0.7518398074789824 3.8040934198830377e-16
    outer loop
      vertex 2.4895923599143455 75.41040764008567 3
      vertex 2.819809158351651 75.7 5.6000000000000005
      vertex 3.3255278534258736 76.14350339247551 22.799999999999994
    endloop
  endfacet
  facet normal 0.6593458151001724 -0.7518398074788867 0
    outer loop
      vertex 3.3 76.12111606587028 3
      vertex 3.3255278534258736 76.14350339247551 22.799999999999994
      vertex 3.3 76.12111606587028 5.6000000000000005
    endloop
  endfacet
  facet normal 0.659345815100065 -0.7518398074789807 2.809461535769443e-16
    outer loop
      vertex 2.819809158351651 75.7 5.6000000000000005
      vertex 3.3 76.12111606587028 5.6000000000000005
      vertex 3.3255278534258736 76.14350339247551 22.799999999999994
    endloop
  endfacet
  facet normal 0.19509032201612914 -0.9807852804032302 4.8697397702250434e-20
    outer loop
      vertex 6.300038116628574 77.61036952345708 3
      vertex 7.390527366129562 77.82728132167739 3
      vertex 7.390527366129562 77.82728132167739 22.799999999999994
    endloop
  endfacet
  facet normal 0.06540312923014703 -0.9978589232386033 0
    outer loop
      vertex 7.390527366129562 77.82728132167739 3
      vertex 8.5 77.9 3
      vertex 7.390527366129562 77.82728132167739 22.799999999999994
    endloop
  endfacet
  facet normal 0 0 1
    outer loop
      vertex 2.128420653453033 3.610915211345164 2.2
      vertex 55.871579346546966 74.28908478865485 2.2
      vertex 10 75.85000000000001 2.2
    endloop
  endfacet
  facet normal 1 0 0
    outer loop
      vertex 0 28 10
      vertex 0 58 15.200000000000003
      vertex 0 57.629179606750064 15.258732180445818
    endloop
  endfacet
  facet normal 1 0 0
    outer loop
      vertex 0 28 10
      vertex 0 58.370820393249936 15.258732180445818
      vertex 0 58 15.200000000000003
    endloop
  endfacet
  facet normal 1 0 0
    outer loop
      vertex 0 28 10
      vertex 0 57.29465769724903 15.429179606750065
      vertex 0 57.02917960675006 15.694657697249035
    endloop
  endfacet
  facet normal 1 0 0
    outer loop
      vertex 0 28 10
      vertex 0 57.629179606750064 15.258732180445818
      vertex 0 57.29465769724903 15.429179606750065
    endloop
  endfacet
  facet normal 1 0 0
    outer loop
      vertex 0 28 10
      vertex 0 57.02917960675006 15.694657697249035
      vertex 0 56.85873218044581 16.029179606750063
    endloop
  endfacet
  facet normal 1 0 0
    outer loop
      vertex 0 28 10
      vertex 0 56.85873218044581 16.029179606750063
      vertex 0 56.8 16.400000000000002
    endloop
  endfacet
  facet normal 1 0 0
    outer loop
      vertex 0 28 10
      vertex 0 56.8 16.400000000000002
      vertex 0 56.85873218044581 16.770820393249938
    endloop
  endfacet
  facet normal 1 0 0
    outer loop
      vertex 0 28 10
      vertex 0 56.85873218044581 16.770820393249938
      vertex 0 57.02917960675006 17.10534230275097
    endloop
  endfacet
  facet normal 1 0 0
    outer loop
      vertex 0 28 10
      vertex 0 57.02917960675006 17.10534230275097
      vertex 0 57.29465769724903 17.37082039324994
    endloop
  endfacet
  facet normal 1 0 0
    outer loop
      vertex 0 28 10
      vertex 0 57.29465769724903 17.37082039324994
      vertex 0 57.629179606750064 17.541267819554186
    endloop
  endfacet
  facet normal 1 0 0
    outer loop
      vertex 0 28 10
      vertex 0 67.9 10
      vertex 0 58.370820393249936 15.258732180445818
    endloop
  endfacet
  facet normal 1 0 0
    outer loop
      vertex 0 28 10
      vertex 0 57.629179606750064 17.541267819554186
      vertex 0 69.39999999999998 22.799999999999994
    endloop
  endfacet
  facet normal 1 0 0
    outer loop
      vertex 0 67.9 10
      vertex 0 58.70534230275097 15.429179606750065
      vertex 0 58.370820393249936 15.258732180445818
    endloop
  endfacet
  facet normal 1 0 0
    outer loop
      vertex 0 67.9 10
      vertex 0 58.97082039324994 15.694657697249035
      vertex 0 58.70534230275097 15.429179606750065
    endloop
  endfacet
  facet normal 1 0 0
    outer loop
      vertex 0 67.9 10
      vertex 0 59.14126781955419 16.029179606750063
      vertex 0 58.97082039324994 15.694657697249035
    endloop
  endfacet
  facet normal 1 0 0
    outer loop
      vertex 0 67.9 10
      vertex 0 59.2 16.400000000000002
      vertex 0 59.14126781955419 16.029179606750063
    endloop
  endfacet
  facet normal 1 0 0
    outer loop
      vertex 0 67.9 3
      vertex 0 69.39999999999998 22.799999999999994
      vertex 0 67.9 10
    endloop
  endfacet
  facet normal 1 0 0
    outer loop
      vertex 0 67.9 10
      vertex 0 69.39999999999998 22.799999999999994
      vertex 0 59.2 16.400000000000002
    endloop
  endfacet
  facet normal 0.9978589232386036 -0.06540312923014215 0
    outer loop
      vertex 0.07271867832261236 70.50947263387044 3
      vertex 0.07271867832261236 70.50947263387044 22.799999999999994
      vertex 0 69.39999999999998 22.799999999999994
    endloop
  endfacet
  facet normal 0.9807852804032307 -0.19509032201612714 0
    outer loop
      vertex 0.2896304765429196 71.59996188337144 3
      vertex 0.2896304765429196 71.59996188337144 22.799999999999994
      vertex 0.07271867832261236 70.50947263387044 22.799999999999994
    endloop
  endfacet
  facet normal 0.9469301294951056 -0.32143946530316175 0
    outer loop
      vertex 0.2896304765429196 71.59996188337144 3
      vertex 0.647023973654063 72.65280917510327 22.799999999999994
      vertex 0.2896304765429196 71.59996188337144 22.799999999999994
    endloop
  endfacet
  facet normal 0.8968727415326879 -0.4422886902190019 5.028933170748875e-18
    outer loop
      vertex 0.6470239736540631 72.65280917510327 3
      vertex 1.1387840678322714 73.65 22.799999999999994
      vertex 0.647023973654063 72.65280917510327 22.799999999999994
    endloop
  endfacet
  facet normal 0.831469612302547 -0.5555702330195995 0
    outer loop
      vertex 1.7564966075245012 74.57447214657414 3
      vertex 1.7564966075245012 74.57447214657414 22.799999999999994
      vertex 1.1387840678322714 73.65 22.799999999999994
    endloop
  endfacet
  facet normal 0.7518398074789776 -0.6593458151000686 0
    outer loop
      vertex 1.7564966075245012 74.57447214657414 3
      vertex 2.489592359914345 75.41040764008567 22.799999999999994
      vertex 1.7564966075245012 74.57447214657414 22.799999999999994
    endloop
  endfacet
  facet normal 0.6593458151000681 -0.7518398074789779 1.478830111342095e-17
    outer loop
      vertex 2.4895923599143455 75.41040764008567 3
      vertex 3.3255278534258736 76.14350339247551 22.799999999999994
      vertex 2.489592359914345 75.41040764008567 22.799999999999994
    endloop
  endfacet
  facet normal 0.5555702330195964 -0.8314696123025491 0
    outer loop
      vertex 4.25 76.76121593216773 3
      vertex 4.25 76.76121593216773 22.799999999999994
      vertex 3.3255278534258736 76.14350339247551 22.799999999999994
    endloop
  endfacet
  facet normal 0.44228869021900796 -0.896872741532685 0
    outer loop
      vertex 4.25 76.76121593216773 3
      vertex 5.247190824896737 77.25297602634595 22.799999999999994
      vertex 4.25 76.76121593216773 22.799999999999994
    endloop
  endfacet
  facet normal 0 -1 0
    outer loop
      vertex 8.5 77.9 3
      vertex 10 77.9 10
      vertex 8.5 77.9 22.799999999999994
    endloop
  endfacet
  facet normal 0.32143946530315326 -0.9469301294951085 0
    outer loop
      vertex 6.300038116628574 77.61036952345708 3
      vertex 6.300038116628574 77.61036952345708 22.799999999999994
      vertex 5.247190824896737 77.25297602634595 22.799999999999994
    endloop
  endfacet
  facet normal 0.19509032201612914 -0.9807852804032302 0
    outer loop
      vertex 6.300038116628574 77.61036952345708 3
      vertex 7.390527366129562 77.82728132167739 22.799999999999994
      vertex 6.300038116628574 77.61036952345708 22.799999999999994
    endloop
  endfacet
  facet normal 0.06540312923014703 -0.9978589232386033 0
    outer loop
      vertex 8.5 77.9 3
      vertex 8.5 77.9 22.799999999999994
      vertex 7.390527366129562 77.82728132167739 22.799999999999994
    endloop
  endfacet
  facet normal 1 0 0
    outer loop
      vertex 0 69.39999999999998 22.799999999999994
      vertex 0 57.629179606750064 17.541267819554186
      vertex 0 58 17.6
    endloop
  endfacet
  facet normal 1 0 0
    outer loop
      vertex 0 69.39999999999998 22.799999999999994
      vertex 0 58 17.6
      vertex 0 58.370820393249936 17.541267819554186
    endloop
  endfacet
  facet normal 1 0 0
    outer loop
      vertex 0 69.39999999999998 22.799999999999994
      vertex 0 59.14126781955419 16.770820393249938
      vertex 0 59.2 16.400000000000002
    endloop
  endfacet
  facet normal 1 0 0
    outer loop
      vertex 0 69.39999999999998 22.799999999999994
      vertex 0 58.97082039324994 17.10534230275097
      vertex 0 59.14126781955419 16.770820393249938
    endloop
  endfacet
  facet normal 1 0 0
    outer loop
      vertex 0 69.39999999999998 22.799999999999994
      vertex 0 58.70534230275097 17.37082039324994
      vertex 0 58.97082039324994 17.10534230275097
    endloop
  endfacet
  facet normal 1 0 0
    outer loop
      vertex 0 69.39999999999998 22.799999999999994
      vertex 0 58.370820393249936 17.541267819554186
      vertex 0 58.70534230275097 17.37082039324994
    endloop
  endfacet
  facet normal 0 -1 0
    outer loop
      vertex 10 77.9 10
      vertex 16.31771412672674 77.9 20.339610442278733
      vertex 8.5 77.9 22.799999999999994
    endloop
  endfacet
  facet normal 0 -1 0
    outer loop
      vertex 10 77.9 10
      vertex 20.05040653093779 77.9 15.969189160376658
      vertex 19.253052251432493 77.9 16.29946411696398
    endloop
  endfacet
  facet normal 0 -1 0
    outer loop
      vertex 10 77.9 10
      vertex 20.88961044227873 77.9 15.767714126726744
      vertex 20.05040653093779 77.9 15.969189160376658
    endloop
  endfacet
  facet normal 0 -1 0
    outer loop
      vertex 10 77.9 10
      vertex 17.86091270347399 77.9 17.310912703473992
      vertex 17.30040653093779 77.9 17.9671811123914
    endloop
  endfacet
  facet normal 0 -1 0
    outer loop
      vertex 10 77.9 10
      vertex 17.30040653093779 77.9 17.9671811123914
      vertex 16.849464116963976 77.9 18.703052251432496
    endloop
  endfacet
  facet normal 0 -1 0
    outer loop
      vertex 10 77.9 10
      vertex 19.253052251432493 77.9 16.29946411696398
      vertex 18.5171811123914 77.9 16.75040653093779
    endloop
  endfacet
  facet normal 0 -1 0
    outer loop
      vertex 10 77.9 10
      vertex 18.5171811123914 77.9 16.75040653093779
      vertex 17.86091270347399 77.9 17.310912703473992
    endloop
  endfacet
  facet normal 0 -1 0
    outer loop
      vertex 10 77.9 10
      vertex 16.849464116963976 77.9 18.703052251432496
      vertex 16.519189160376655 77.9 19.50040653093779
    endloop
  endfacet
  facet normal 0 -1 0
    outer loop
      vertex 10 77.9 10
      vertex 16.519189160376655 77.9 19.50040653093779
      vertex 16.31771412672674 77.9 20.339610442278733
    endloop
  endfacet
  facet normal 0 -1 0
    outer loop
      vertex 10 77.9 10
      vertex 48 77.9 10
      vertex 20.88961044227873 77.9 15.767714126726744
    endloop
  endfacet
  facet normal 0 -1 0
    outer loop
      vertex 8.5 77.9 22.799999999999994
      vertex 16.31771412672674 77.9 20.339610442278733
      vertex 16.25 77.9 21.200000000000003
    endloop
  endfacet
  facet normal 0 -1 0
    outer loop
      vertex 8.5 77.9 22.799999999999994
      vertex 16.25 77.9 21.200000000000003
      vertex 16.31771412672674 77.9 22.060389557721273
    endloop
  endfacet
  facet normal 0 -1 0
    outer loop
      vertex 8.5 77.9 22.799999999999994
      vertex 16.31771412672674 77.9 22.060389557721273
      vertex 16.495278883911713 77.9 22.799999999999994
    endloop
  endfacet
  facet normal 0 0.7153027295169969 0.6988147144598016
    outer loop
      vertex 8.5 0.46880000000000166 2.2
      vertex 49.5 0.17453481256961823 2.501208156347275
      vertex 49.5 0.46880000000000166 2.2
    endloop
  endfacet
  facet normal 0 0.8467242062791882 0.5320320652938871
    outer loop
      vertex 8.5 0.07922490686178207 2.6528930068016052
      vertex 49.5 0.07922490686178207 2.6528930068016052
      vertex 49.5 0.17453481256961823 2.501208156347275
    endloop
  endfacet
  facet normal 0 0.9438833318985776 0.3302790574106078
    outer loop
      vertex 8.5 0.07922490686178207 2.6528930068016052
      vertex 49.5 0.020057670772075653 2.821983255445957
      vertex 49.5 0.07922490686178207 2.6528930068016052
    endloop
  endfacet
  facet normal 0 0 1
    outer loop
      vertex 8.5 0.46880000000000166 2.2
      vertex 49.5 0.46880000000000166 2.2
      vertex 50.54828195495768 0.5375080293346555 2.2
    endloop
  endfacet
  facet normal 0 0.9937122093891048 0.11196448057765539
    outer loop
      vertex 8.5 0 3
      vertex 49.5 0 3
      vertex 49.5 0.020057670772075653 2.821983255445957
    endloop
  endfacet
  facet normal 0 1 0
    outer loop
      vertex 8.5 0 3
      vertex 49.5 0 7.391652754590987
      vertex 49.5 0 3
    endloop
  endfacet
  facet normal 0 0 1
    outer loop
      vertex 8.5 0.46880000000000166 2.2
      vertex 50.54828195495768 0.5375080293346555 2.2
      vertex 54.699999999999996 3.8 2.2
    endloop
  endfacet
  facet normal 0 0 1
    outer loop
      vertex 3.3 3.8 2.2
      vertex 54.699999999999996 3.8 2.2
      vertex 54.9 10 2.2
    endloop
  endfacet
  facet normal 0 1 0
    outer loop
      vertex 8.5 0 3
      vertex 39 0 7.391652754590987
      vertex 49.5 0 7.391652754590987
    endloop
  endfacet
  facet normal 0 1 0
    outer loop
      vertex 39 0 7.391652754590987
      vertex 25.700000001490118 0 12.799999995529653
      vertex 25.793860679864885 0 12.807386992871763
    endloop
  endfacet
  facet normal 0 1 0
    outer loop
      vertex 39 0 7.391652754590987
      vertex 25.793860679864885 0 12.807386992871763
      vertex 25.885410195589067 0 12.829366086423398
    endloop
  endfacet
  facet normal 0 1 0
    outer loop
      vertex 39 0 7.391652754590987
      vertex 25.885410195589067 0 12.829366086423398
      vertex 25.97239430099726 0 12.865396080911161
    endloop
  endfacet
  facet normal 0 1 0
    outer loop
      vertex 39 0 7.391652754590987
      vertex 25.97239430099726 0 12.865396080911161
      vertex 26.05267115533352 0 12.914589798450471
    endloop
  endfacet
  facet normal 0 1 0
    outer loop
      vertex 39 0 7.391652754590987
      vertex 26.05267115533352 0 12.914589798450471
      vertex 26.124264067411424 0 12.975735931098463
    endloop
  endfacet
  facet normal 0 1 0
    outer loop
      vertex 39 0 7.391652754590987
      vertex 26.124264067411424 0 12.975735931098463
      vertex 26.185410200059415 0 13.047328843176366
    endloop
  endfacet
  facet normal 0 1 0
    outer loop
      vertex 39 0 7.391652754590987
      vertex 26.185410200059415 0 13.047328843176366
      vertex 26.234603917598726 0 13.127605697512628
    endloop
  endfacet
  facet normal 0 1 0
    outer loop
      vertex 39 0 7.391652754590987
      vertex 26.234603917598726 0 13.127605697512628
      vertex 26.27063391208649 0 13.21458980292082
    endloop
  endfacet
  facet normal 0 1 0
    outer loop
      vertex 39 0 7.391652754590987
      vertex 26.27063391208649 0 13.21458980292082
      vertex 26.292613005638124 0 13.306139318645002
    endloop
  endfacet
  facet normal 0 1 0
    outer loop
      vertex 39 0 7.391652754590987
      vertex 26.292613005638124 0 13.306139318645002
      vertex 26.300000002980234 0 13.39999999701977
    endloop
  endfacet
  facet normal 0 0 1
    outer loop
      vertex 3.3 3.8 2.2
      vertex 54.9 10 2.2
      vertex 54.9 67.9 2.2
    endloop
  endfacet
  facet normal -0.04683197647898294 0.7145178858034779 0.698047961708936
    outer loop
      vertex 49.5 0.17453481256961823 2.501208156347275
      vertex 50.58669126937588 0.24576032137560055 2.501208156347275
      vertex 50.54828195495768 0.5375080293346555 2.2
    endloop
  endfacet
  facet normal -0.05541196927241757 0.8454232793378557 0.5312146387431156
    outer loop
      vertex 49.5 0.17453481256961823 2.501208156347275
      vertex 49.5 0.07922490686178207 2.6528930068016052
      vertex 50.58669126937588 0.24576032137560055 2.501208156347275
    endloop
  endfacet
  facet normal -0.06174733134512795 0.9420822259450711 0.3296488231893675
    outer loop
      vertex 49.5 0.07922490686178207 2.6528930068016052
      vertex 49.5 0.020057670772075653 2.821983255445957
      vertex 50.606854582479755 0.09260475294071391 2.821983255445957
    endloop
  endfacet
  facet normal -0.05541196927241857 0.8454232793378582 0.5312146387431111
    outer loop
      vertex 49.5 0.07922490686178207 2.6528930068016052
      vertex 50.59913170844878 0.15126580512354515 2.6528930068016052
      vertex 50.58669126937588 0.24576032137560055 2.501208156347275
    endloop
  endfacet
  facet normal -0.06174733134512854 0.9420822259450697 0.32964882318937155
    outer loop
      vertex 49.5 0.07922490686178207 2.6528930068016052
      vertex 50.606854582479755 0.09260475294071391 2.821983255445957
      vertex 50.59913170844878 0.15126580512354515 2.6528930068016052
    endloop
  endfacet
  facet normal -0.046831976478982774 0.7145178858034775 0.6980479617089363
    outer loop
      vertex 49.5 0.17453481256961823 2.501208156347275
      vertex 50.54828195495768 0.5375080293346555 2.2
      vertex 49.5 0.46880000000000166 2.2
    endloop
  endfacet
  facet normal -0.1652877936598998 0.8309578526327721 0.5312146387431117
    outer loop
      vertex 50.58669126937588 0.24576032137560055 2.501208156347275
      vertex 50.59913170844878 0.15126580512354515 2.6528930068016052
      vertex 51.679456968629125 0.36615586016606017 2.6528930068016052
    endloop
  endfacet
  facet normal -0.16528779365990012 0.8309578526327687 0.5312146387431167
    outer loop
      vertex 50.58669126937588 0.24576032137560055 2.501208156347275
      vertex 51.679456968629125 0.36615586016606017 2.6528930068016052
      vertex 51.65478894984501 0.45821815959043555 2.501208156347275
    endloop
  endfacet
  facet normal -0.18418548007647093 0.9259629378646114 0.32964882318937194
    outer loop
      vertex 50.59913170844878 0.15126580512354515 2.6528930068016052
      vertex 50.606854582479755 0.09260475294071391 2.821983255445957
      vertex 51.679456968629125 0.36615586016606017 2.6528930068016052
    endloop
  endfacet
  facet normal -0.18418548007647348 0.9259629378646146 0.3296488231893614
    outer loop
      vertex 50.606854582479755 0.09260475294071391 2.821983255445957
      vertex 51.694770576175216 0.30900469875687087 2.821983255445957
      vertex 51.679456968629125 0.36615586016606017 2.6528930068016052
    endloop
  endfacet
  facet normal -0.1396946213351158 0.7022922866755973 0.6980479617089353
    outer loop
      vertex 50.58669126937588 0.24576032137560055 2.501208156347275
      vertex 51.65478894984501 0.45821815959043555 2.501208156347275
      vertex 50.54828195495768 0.5375080293346555 2.2
    endloop
  endfacet
  facet normal -0.13969462133511656 0.702292286675595 0.6980479617089376
    outer loop
      vertex 50.54828195495768 0.5375080293346555 2.2
      vertex 51.65478894984501 0.45821815959043555 2.501208156347275
      vertex 51.578627515027364 0.7424565039072366 2.2
    endloop
  endfacet
  facet normal 0 0 1
    outer loop
      vertex 50.54828195495768 0.5375080293346555 2.2
      vertex 51.578627515027364 0.7424565039072366 2.2
      vertex 53.5156 1.544776777126418 2.2
    endloop
  endfacet
  facet normal -0.23016705248954036 0.6780502718104884 0.6980479617089359
    outer loop
      vertex 51.578627515027364 0.7424565039072366 2.2
      vertex 52.68601759396192 0.808273114697827 2.501208156347275
      vertex 52.573407182010506 1.0801386984953556 2.2
    endloop
  endfacet
  facet normal -0.2301670524895408 0.678050271810486 0.6980479617089379
    outer loop
      vertex 51.578627515027364 0.7424565039072366 2.2
      vertex 51.65478894984501 0.45821815959043555 2.501208156347275
      vertex 52.68601759396192 0.808273114697827 2.501208156347275
    endloop
  endfacet
  facet normal -0.27233549807142965 0.8022745066840945 0.531214638743116
    outer loop
      vertex 51.679456968629125 0.36615586016606017 2.6528930068016052
      vertex 52.722491115816595 0.7202182435687758 2.6528930068016052
      vertex 51.65478894984501 0.45821815959043555 2.501208156347275
    endloop
  endfacet
  facet normal -0.2723354980714294 0.8022745066840876 0.5312146387431265
    outer loop
      vertex 51.65478894984501 0.45821815959043555 2.501208156347275
      vertex 52.722491115816595 0.7202182435687758 2.6528930068016052
      vertex 52.68601759396192 0.808273114697827 2.501208156347275
    endloop
  endfacet
  facet normal -0.3034721641778486 0.8940001671918654 0.3296488231893599
    outer loop
      vertex 51.679456968629125 0.36615586016606017 2.6528930068016052
      vertex 51.694770576175216 0.30900469875687087 2.821983255445957
      vertex 52.722491115816595 0.7202182435687758 2.6528930068016052
    endloop
  endfacet
  facet normal -0.3034721641778473 0.8940001671918639 0.3296488231893645
    outer loop
      vertex 51.694770576175216 0.30900469875687087 2.821983255445957
      vertex 52.74513343680696 0.6655548451502336 2.821983255445957
      vertex 52.722491115816595 0.7202182435687758 2.6528930068016052
    endloop
  endfacet
  facet normal -0.06499363067436821 0.9916111826068712 0.11172775170371198
    outer loop
      vertex 49.5 0.020057670772075653 2.821983255445957
      vertex 49.5 0 3
      vertex 50.606854582479755 0.09260475294071391 2.821983255445957
    endloop
  endfacet
  facet normal -0.06499363067436861 0.9916111826068713 0.11172775170370951
    outer loop
      vertex 50.606854582479755 0.09260475294071391 2.821983255445957
      vertex 49.5 0 3
      vertex 50.60947263387044 0.07271867832261236 3
    endloop
  endfacet
  facet normal -0.19386883298262625 0.9746444403459082 0.11172775170371047
    outer loop
      vertex 50.606854582479755 0.09260475294071391 2.821983255445957
      vertex 50.60947263387044 0.07271867832261236 3
      vertex 51.694770576175216 0.30900469875687087 2.821983255445957
    endloop
  endfacet
  facet normal -0.19386883298262522 0.9746444403459078 0.11172775170371603
    outer loop
      vertex 51.694770576175216 0.30900469875687087 2.821983255445957
      vertex 50.60947263387044 0.07271867832261236 3
      vertex 51.69996188337143 0.2896304765429196 3
    endloop
  endfacet
  facet normal -0.319426885807956 0.941001261488136 0.11172775170371879
    outer loop
      vertex 51.694770576175216 0.30900469875687087 2.821983255445957
      vertex 51.69996188337143 0.2896304765429196 3
      vertex 52.74513343680696 0.6655548451502336 2.821983255445957
    endloop
  endfacet
  facet normal -0.31942688580795736 0.9410012614881365 0.11172775170371123
    outer loop
      vertex 51.69996188337143 0.2896304765429196 3
      vertex 52.752809175103266 0.6470239736540631 3
      vertex 52.74513343680696 0.6655548451502336 2.821983255445957
    endloop
  endfacet
  facet normal -0.0654031292301438 0.9978589232386034 -2.402130674952755e-18
    outer loop
      vertex 49.5 0 3
      vertex 50.60947263387044 0.07271867832261238 7.464492833044354
      vertex 50.60947263387044 0.07271867832261236 3
    endloop
  endfacet
  facet normal -0.19509032201612717 0.9807852804032307 -3.0487516758274997e-18
    outer loop
      vertex 50.60947263387044 0.07271867832261236 3
      vertex 50.60947263387044 0.07271867832261238 7.464492833044354
      vertex 51.69996188337143 0.2896304765429196 3
    endloop
  endfacet
  facet normal 0 0 1
    outer loop
      vertex 51.578627515027364 0.7424565039072366 2.2
      vertex 52.573407182010506 1.0801386984953556 2.2
      vertex 53.5156 1.544776777126418 2.2
    endloop
  endfacet
  facet normal -0.3167012615615036 0.6422066288036518 0.6980479617089362
    outer loop
      vertex 52.573407182010506 1.0801386984953556 2.2
      vertex 53.66273259371519 1.2899356493623166 2.501208156347275
      vertex 53.5156 1.544776777126418 2.2
    endloop
  endfacet
  facet normal -0.3167012615615036 0.6422066288036523 0.6980479617089358
    outer loop
      vertex 52.573407182010506 1.0801386984953556 2.2
      vertex 52.68601759396192 0.808273114697827 2.501208156347275
      vertex 53.66273259371519 1.2899356493623166 2.501208156347275
    endloop
  endfacet
  facet normal -0.37472346660528666 0.7598640214935323 0.5312146387431294
    outer loop
      vertex 52.68601759396192 0.808273114697827 2.501208156347275
      vertex 52.722491115816595 0.7202182435687758 2.6528930068016052
      vertex 53.66273259371519 1.2899356493623166 2.501208156347275
    endloop
  endfacet
  facet normal -0.4175663554117613 0.8467408057947874 0.32964882318936456
    outer loop
      vertex 52.722491115816595 0.7202182435687758 2.6528930068016052
      vertex 52.74513343680696 0.6655548451502336 2.821983255445957
      vertex 53.73997116461396 1.1561545202616337 2.821983255445957
    endloop
  endfacet
  facet normal -0.3747234666052939 0.7598640214935399 0.5312146387431131
    outer loop
      vertex 52.722491115816595 0.7202182435687758 2.6528930068016052
      vertex 53.71038754656911 1.2073948497870317 2.6528930068016052
      vertex 53.66273259371519 1.2899356493623166 2.501208156347275
    endloop
  endfacet
  facet normal 0 0 1
    outer loop
      vertex 50.54828195495768 0.5375080293346555 2.2
      vertex 53.5156 1.544776777126418 2.2
      vertex 54.699999999999996 3.8 2.2
    endloop
  endfacet
  facet normal -0.3978166242419738 0.5953746523246682 0.6980479617089362
    outer loop
      vertex 53.5156 1.544776777126418 2.2
      vertex 53.66273259371519 1.2899356493623166 2.501208156347275
      vertex 54.56822208466247 1.8949643840737123 2.501208156347275
    endloop
  endfacet
  facet normal -0.41756635541176124 0.8467408057947847 0.32964882318937117
    outer loop
      vertex 52.722491115816595 0.7202182435687758 2.6528930068016052
      vertex 53.73997116461396 1.1561545202616337 2.821983255445957
      vertex 53.71038754656911 1.2073948497870317 2.6528930068016052
    endloop
  endfacet
  facet normal -0.4706998127325655 0.7044520522211228 0.5312146387431134
    outer loop
      vertex 53.66273259371519 1.2899356493623166 2.501208156347275
      vertex 53.71038754656911 1.2073948497870317 2.6528930068016052
      vertex 54.62624307905986 1.819349952017558 2.6528930068016052
    endloop
  endfacet
  facet normal -0.5245158705333113 0.7849934744496577 0.3296488231893709
    outer loop
      vertex 53.71038754656911 1.2073948497870317 2.6528930068016052
      vertex 53.73997116461396 1.1561545202616337 2.821983255445957
      vertex 54.62624307905986 1.819349952017558 2.6528930068016052
    endloop
  endfacet
  facet normal -0.5245158705333077 0.7849934744496557 0.32964882318938143
    outer loop
      vertex 53.73997116461396 1.1561545202616337 2.821983255445957
      vertex 54.66226181025233 1.7724094276299889 2.821983255445957
      vertex 54.62624307905986 1.819349952017558 2.6528930068016052
    endloop
  endfacet
  facet normal -0.39781662424197384 0.5953746523246687 0.6980479617089358
    outer loop
      vertex 53.5156 1.544776777126418 2.2
      vertex 54.56822208466247 1.8949643840737123 2.501208156347275
      vertex 54.389084788654834 2.128420653453033 2.2
    endloop
  endfacet
  facet normal 0 0 1
    outer loop
      vertex 53.5156 1.544776777126418 2.2
      vertex 54.389084788654834 2.128420653453033 2.2
      vertex 54.699999999999996 2.8 2.2
    endloop
  endfacet
  facet normal 0 0 1
    outer loop
      vertex 53.5156 1.544776777126418 2.2
      vertex 54.699999999999996 2.8 2.2
      vertex 54.699999999999996 3.8 2.2
    endloop
  endfacet
  facet normal -0.47069981273256534 0.7044520522211224 0.531214638743114
    outer loop
      vertex 53.66273259371519 1.2899356493623166 2.501208156347275
      vertex 54.62624307905986 1.819349952017558 2.6528930068016052
      vertex 54.56822208466247 1.8949643840737123 2.501208156347275
    endloop
  endfacet
  facet normal -0.4721252341860554 0.5383556504753734 0.6980479617089358
    outer loop
      vertex 54.389084788654834 2.128420653453033 2.2
      vertex 54.56822208466247 1.8949643840737123 2.501208156347275
      vertex 55.15487426521062 2.8 2.2
    endloop
  endfacet
  facet normal 0 0 1
    outer loop
      vertex 54.389084788654834 2.128420653453033 2.2
      vertex 55.15487426521062 2.8 2.2
      vertex 54.699999999999996 2.8 2.2
    endloop
  endfacet
  facet normal -0.4721252341860486 0.5383556504753795 0.6980479617089357
    outer loop
      vertex 55.15487426521062 2.8 2.2
      vertex 55.38699289056456 2.613007109435446 2.501208156347275
      vertex 55.2 2.8 2.230520822742746
    endloop
  endfacet
  facet normal -0.4721252341860548 0.5383556504753733 0.6980479617089365
    outer loop
      vertex 55.15487426521062 2.8 2.2
      vertex 54.56822208466247 1.8949643840737123 2.501208156347275
      vertex 55.38699289056456 2.613007109435446 2.501208156347275
    endloop
  endfacet
  facet normal -0.5586223545613382 0.636986713024196 0.5312146387431139
    outer loop
      vertex 54.56822208466247 1.8949643840737123 2.501208156347275
      vertex 54.62624307905986 1.819349952017558 2.6528930068016052
      vertex 55.38699289056456 2.613007109435446 2.501208156347275
    endloop
  endfacet
  facet normal -0.62249077368676 0.709814687115386 0.32964882318938366
    outer loop
      vertex 54.62624307905986 1.819349952017558 2.6528930068016052
      vertex 54.66226181025233 1.7724094276299889 2.821983255445957
      vertex 55.454387171204814 2.5456128287951847 2.6528930068016052
    endloop
  endfacet
  facet normal -0.6224907736867659 0.7098146871153885 0.32964882318936745
    outer loop
      vertex 54.66226181025233 1.7724094276299889 2.821983255445957
      vertex 55.49622472506791 2.503775274932088 2.821983255445957
      vertex 55.454387171204814 2.5456128287951847 2.6528930068016052
    endloop
  endfacet
  facet normal -0.5586223545613425 0.6369867130241985 0.5312146387431065
    outer loop
      vertex 54.62624307905986 1.819349952017558 2.6528930068016052
      vertex 55.454387171204814 2.5456128287951847 2.6528930068016052
      vertex 55.38699289056456 2.613007109435446 2.501208156347275
    endloop
  endfacet
  facet normal -0.5383556504753758 0.4721252341860526 0.6980479617089358
    outer loop
      vertex 55.2 2.8 2.230520822742746
      vertex 55.38699289056456 2.613007109435446 2.501208156347275
      vertex 55.55098125433665 2.8 2.501208156347275
    endloop
  endfacet
  facet normal -0.636986713024203 0.5586223545613389 0.5312146387431049
    outer loop
      vertex 55.38699289056456 2.613007109435446 2.501208156347275
      vertex 55.454387171204814 2.5456128287951847 2.6528930068016052
      vertex 55.55098125433665 2.8 2.501208156347275
    endloop
  endfacet
  facet normal -0.6369867130242013 0.5586223545613391 0.5312146387431066
    outer loop
      vertex 55.454387171204814 2.5456128287951847 2.6528930068016052
      vertex 55.67747873283874 2.8 2.6528930068016052
      vertex 55.55098125433665 2.8 2.501208156347275
    endloop
  endfacet
  facet normal -0.7098146871153816 0.6224907736867499 0.32964882318941235
    outer loop
      vertex 55.454387171204814 2.5456128287951847 2.6528930068016052
      vertex 55.699999999999996 2.8 2.7013868131766428
      vertex 55.67747873283874 2.8 2.6528930068016052
    endloop
  endfacet
  facet normal -0.7098146871153869 0.622490773686761 0.3296488231893801
    outer loop
      vertex 55.454387171204814 2.5456128287951847 2.6528930068016052
      vertex 56.22759057237001 3.33773818974767 2.821983255445957
      vertex 55.699999999999996 2.8 2.7013868131766428
    endloop
  endfacet
  facet normal -0.7098146871153888 0.6224907736867654 0.3296488231893676
    outer loop
      vertex 55.454387171204814 2.5456128287951847 2.6528930068016052
      vertex 55.49622472506791 2.503775274932088 2.821983255445957
      vertex 56.22759057237001 3.33773818974767 2.821983255445957
    endloop
  endfacet
  facet normal -0.5383556504753719 0.47212523418605423 0.6980479617089378
    outer loop
      vertex 55.699999999999996 3.4152664638731487 2.2
      vertex 55.699999999999996 2.969923312599298 2.501208156347275
      vertex 55.871579346546966 3.610915211345164 2.2
    endloop
  endfacet
  facet normal 0 0 1
    outer loop
      vertex 55.699999999999996 3.4152664638731487 2.2
      vertex 55.871579346546966 3.610915211345164 2.2
      vertex 55.699999999999996 3.8 2.2
    endloop
  endfacet
  facet normal -0.5383556504753692 0.4721252341860544 0.6980479617089397
    outer loop
      vertex 55.871579346546966 3.610915211345164 2.2
      vertex 55.699999999999996 2.969923312599298 2.501208156347275
      vertex 56.10503561592629 3.4317779153375243 2.501208156347275
    endloop
  endfacet
  facet normal -0.5953746523246646 0.39781662424197267 0.69804796170894
    outer loop
      vertex 55.871579346546966 3.610915211345164 2.2
      vertex 56.10503561592629 3.4317779153375243 2.501208156347275
      vertex 56.455223222873585 4.484400000000001 2.2
    endloop
  endfacet
  facet normal -0.6369867130241997 0.5586223545613452 0.5312146387431023
    outer loop
      vertex 55.699999999999996 2.8256805833584115 2.6528930068016052
      vertex 56.10503561592629 3.4317779153375243 2.501208156347275
      vertex 55.699999999999996 2.969923312599298 2.501208156347275
    endloop
  endfacet
  facet normal -0.6369867130242026 0.5586223545613461 0.5312146387430979
    outer loop
      vertex 55.699999999999996 2.8256805833584115 2.6528930068016052
      vertex 56.18065004798244 3.373756920940136 2.6528930068016052
      vertex 56.10503561592629 3.4317779153375243 2.501208156347275
    endloop
  endfacet
  facet normal -0.7098146871153861 0.6224907736867592 0.32964882318938515
    outer loop
      vertex 55.699999999999996 2.8256805833584115 2.6528930068016052
      vertex 55.699999999999996 2.8 2.7013868131766428
      vertex 56.22759057237001 3.33773818974767 2.821983255445957
    endloop
  endfacet
  facet normal -0.7098146871153864 0.6224907736867604 0.3296488231893824
    outer loop
      vertex 55.699999999999996 2.8256805833584115 2.6528930068016052
      vertex 56.22759057237001 3.33773818974767 2.821983255445957
      vertex 56.18065004798244 3.373756920940136 2.6528930068016052
    endloop
  endfacet
  facet normal 0 0 1
    outer loop
      vertex 54.699999999999996 3.8 2.2
      vertex 55.699999999999996 3.8 2.2
      vertex 54.9 10 2.2
    endloop
  endfacet
  facet normal 0 0 1
    outer loop
      vertex 55.699999999999996 3.8 2.2
      vertex 55.871579346546966 3.610915211345164 2.2
      vertex 54.9 10 2.2
    endloop
  endfacet
  facet normal 0 0 1
    outer loop
      vertex 55.871579346546966 3.610915211345164 2.2
      vertex 57.5312 8.5 2.2
      vertex 54.9 10 2.2
    endloop
  endfacet
  facet normal -0.5953746523246756 0.3978166242419735 0.6980479617089301
    outer loop
      vertex 56.10503561592629 3.4317779153375243 2.501208156347275
      vertex 56.71006435063768 4.337267406284809 2.501208156347275
      vertex 56.455223222873585 4.484400000000001 2.2
    endloop
  endfacet
  facet normal -0.7044520522211345 0.4706998127325673 0.531214638743096
    outer loop
      vertex 56.10503561592629 3.4317779153375243 2.501208156347275
      vertex 56.18065004798244 3.373756920940136 2.6528930068016052
      vertex 56.71006435063768 4.337267406284809 2.501208156347275
    endloop
  endfacet
  facet normal -0.7044520522211107 0.4706998127325602 0.5312146387431338
    outer loop
      vertex 56.18065004798244 3.373756920940136 2.6528930068016052
      vertex 56.79260515021297 4.289612453430891 2.6528930068016052
      vertex 56.71006435063768 4.337267406284809 2.501208156347275
    endloop
  endfacet
  facet normal -0.7849934744496526 0.524515870533311 0.329648823189384
    outer loop
      vertex 56.18065004798244 3.373756920940136 2.6528930068016052
      vertex 56.22759057237001 3.33773818974767 2.821983255445957
      vertex 56.79260515021297 4.289612453430891 2.6528930068016052
    endloop
  endfacet
  facet normal -0.7849934744496676 0.5245158705333128 0.3296488231893452
    outer loop
      vertex 56.22759057237001 3.33773818974767 2.821983255445957
      vertex 56.84384547973836 4.260028835386038 2.821983255445957
      vertex 56.79260515021297 4.289612453430891 2.6528930068016052
    endloop
  endfacet
  facet normal 0 0 1
    outer loop
      vertex 55.871579346546966 3.610915211345164 2.2
      vertex 56.455223222873585 4.484400000000001 2.2
      vertex 56.919861301504646 5.426592817989492 2.2
    endloop
  endfacet
  facet normal -0.6422066288036578 0.3167012615615068 0.6980479617089295
    outer loop
      vertex 56.455223222873585 4.484400000000001 2.2
      vertex 56.71006435063768 4.337267406284809 2.501208156347275
      vertex 56.919861301504646 5.426592817989492 2.2
    endloop
  endfacet
  facet normal -0.6422066288036513 0.31670126156150713 0.6980479617089353
    outer loop
      vertex 56.919861301504646 5.426592817989492 2.2
      vertex 56.71006435063768 4.337267406284809 2.501208156347275
      vertex 57.191726885302174 5.313982406038075 2.501208156347275
    endloop
  endfacet
  facet normal -0.7598640214935279 0.37472346660528655 0.5312146387431356
    outer loop
      vertex 56.71006435063768 4.337267406284809 2.501208156347275
      vertex 56.79260515021297 4.289612453430891 2.6528930068016052
      vertex 57.27978175643123 5.277508884183408 2.6528930068016052
    endloop
  endfacet
  facet normal -0.8467408057947942 0.41756635541176435 0.32964882318934347
    outer loop
      vertex 56.79260515021297 4.289612453430891 2.6528930068016052
      vertex 56.84384547973836 4.260028835386038 2.821983255445957
      vertex 57.27978175643123 5.277508884183408 2.6528930068016052
    endloop
  endfacet
  facet normal -0.7598640214935338 0.37472346660529227 0.531214638743123
    outer loop
      vertex 56.71006435063768 4.337267406284809 2.501208156347275
      vertex 57.27978175643123 5.277508884183408 2.6528930068016052
      vertex 57.191726885302174 5.313982406038075 2.501208156347275
    endloop
  endfacet
  facet normal -0.8467408057947889 0.4175663554117643 0.3296488231893566
    outer loop
      vertex 56.84384547973836 4.260028835386038 2.821983255445957
      vertex 57.33444515484977 5.254866563193044 2.821983255445957
      vertex 57.27978175643123 5.277508884183408 2.6528930068016052
    endloop
  endfacet
  facet normal 0 0 1
    outer loop
      vertex 55.871579346546966 3.610915211345164 2.2
      vertex 56.919861301504646 5.426592817989492 2.2
      vertex 57.5312 8.5 2.2
    endloop
  endfacet
  facet normal -0.6780502718104917 0.2301670524895409 0.6980479617089326
    outer loop
      vertex 56.919861301504646 5.426592817989492 2.2
      vertex 57.54178184040956 6.34521105015499 2.501208156347275
      vertex 57.257543496092765 6.421372484972636 2.2
    endloop
  endfacet
  facet normal -0.6780502718104897 0.23016705248953867 0.6980479617089351
    outer loop
      vertex 56.919861301504646 5.426592817989492 2.2
      vertex 57.191726885302174 5.313982406038075 2.501208156347275
      vertex 57.54178184040956 6.34521105015499 2.501208156347275
    endloop
  endfacet
  facet normal 0 0 1
    outer loop
      vertex 56.919861301504646 5.426592817989492 2.2
      vertex 57.257543496092765 6.421372484972636 2.2
      vertex 57.46249197066535 7.4517180450423215 2.2
    endloop
  endfacet
  facet normal -0.7022922866755998 0.1396946213351179 0.6980479617089325
    outer loop
      vertex 57.257543496092765 6.421372484972636 2.2
      vertex 57.54178184040956 6.34521105015499 2.501208156347275
      vertex 57.46249197066535 7.4517180450423215 2.2
    endloop
  endfacet
  facet normal -0.8022745066840903 0.2723354980714264 0.5312146387431238
    outer loop
      vertex 57.191726885302174 5.313982406038075 2.501208156347275
      vertex 57.27978175643123 5.277508884183408 2.6528930068016052
      vertex 57.54178184040956 6.34521105015499 2.501208156347275
    endloop
  endfacet
  facet normal -0.8022745066840895 0.2723354980714263 0.5312146387431251
    outer loop
      vertex 57.27978175643123 5.277508884183408 2.6528930068016052
      vertex 57.63384413983394 6.320543031370876 2.6528930068016052
      vertex 57.54178184040956 6.34521105015499 2.501208156347275
    endloop
  endfacet
  facet normal -0.8940001671918671 0.3034721641778474 0.32964882318935607
    outer loop
      vertex 57.27978175643123 5.277508884183408 2.6528930068016052
      vertex 57.33444515484977 5.254866563193044 2.821983255445957
      vertex 57.69099530124313 6.305229423824783 2.821983255445957
    endloop
  endfacet
  facet normal -0.894000167191867 0.30347216417784745 0.3296488231893558
    outer loop
      vertex 57.27978175643123 5.277508884183408 2.6528930068016052
      vertex 57.69099530124313 6.305229423824783 2.821983255445957
      vertex 57.63384413983394 6.320543031370876 2.6528930068016052
    endloop
  endfacet
  facet normal -0.8309578526327634 0.1652877936599 0.5312146387431251
    outer loop
      vertex 57.54178184040956 6.34521105015499 2.501208156347275
      vertex 57.63384413983394 6.320543031370876 2.6528930068016052
      vertex 57.84873419487646 7.400868291551218 2.6528930068016052
    endloop
  endfacet
  facet normal -0.9259629378646167 0.1841854800764739 0.3296488231893553
    outer loop
      vertex 57.63384413983394 6.320543031370876 2.6528930068016052
      vertex 57.69099530124313 6.305229423824783 2.821983255445957
      vertex 57.907395247059284 7.393145417520244 2.821983255445957
    endloop
  endfacet
  facet normal 0 0 1
    outer loop
      vertex 56.919861301504646 5.426592817989492 2.2
      vertex 57.46249197066535 7.4517180450423215 2.2
      vertex 57.5312 8.5 2.2
    endloop
  endfacet
  facet normal -0.7022922866755971 0.13969462133511876 0.6980479617089349
    outer loop
      vertex 57.54178184040956 6.34521105015499 2.501208156347275
      vertex 57.7542396786244 7.413308730624115 2.501208156347275
      vertex 57.46249197066535 7.4517180450423215 2.2
    endloop
  endfacet
  facet normal -0.7145178858034787 0.04683197647898111 0.698047961708935
    outer loop
      vertex 57.46249197066535 7.4517180450423215 2.2
      vertex 57.7542396786244 7.413308730624115 2.501208156347275
      vertex 57.5312 8.5 2.2
    endloop
  endfacet
  facet normal -0.8309578526327712 0.16528779365990423 0.5312146387431116
    outer loop
      vertex 57.54178184040956 6.34521105015499 2.501208156347275
      vertex 57.84873419487646 7.400868291551218 2.6528930068016052
      vertex 57.7542396786244 7.413308730624115 2.501208156347275
    endloop
  endfacet
  facet normal -0.9259629378646173 0.18418548007647428 0.32964882318935373
    outer loop
      vertex 57.63384413983394 6.320543031370876 2.6528930068016052
      vertex 57.907395247059284 7.393145417520244 2.821983255445957
      vertex 57.84873419487646 7.400868291551218 2.6528930068016052
    endloop
  endfacet
  facet normal -0.8454232793378584 0.055411969272417136 0.5312146387431111
    outer loop
      vertex 57.7542396786244 7.413308730624115 2.501208156347275
      vertex 57.84873419487646 7.400868291551218 2.6528930068016052
      vertex 57.92077509313822 8.5 2.6528930068016052
    endloop
  endfacet
  facet normal -0.942082225945076 0.06174733134512973 0.3296488231893536
    outer loop
      vertex 57.84873419487646 7.400868291551218 2.6528930068016052
      vertex 57.907395247059284 7.393145417520244 2.821983255445957
      vertex 57.979942329227924 8.5 2.821983255445957
    endloop
  endfacet
  facet normal -0.4395194560552504 0.8912572901514639 0.11172775170371115
    outer loop
      vertex 52.74513343680696 0.6655548451502336 2.821983255445957
      vertex 52.752809175103266 0.6470239736540631 3
      vertex 53.73997116461396 1.1561545202616337 2.821983255445957
    endloop
  endfacet
  facet normal -0.4395194560552503 0.8912572901514638 0.11172775170371162
    outer loop
      vertex 53.73997116461396 1.1561545202616337 2.821983255445957
      vertex 52.752809175103266 0.6470239736540631 3
      vertex 53.75 1.1387840678322716 3
    endloop
  endfacet
  facet normal -0.5520917265516209 0.826263659477097 0.11172775170371167
    outer loop
      vertex 53.73997116461396 1.1561545202616337 2.821983255445957
      vertex 53.75 1.1387840678322716 3
      vertex 54.66226181025233 1.7724094276299889 2.821983255445957
    endloop
  endfacet
  facet normal -0.5520917265516224 0.826263659477097 0.11172775170370358
    outer loop
      vertex 54.66226181025233 1.7724094276299889 2.821983255445957
      vertex 53.75 1.1387840678322716 3
      vertex 54.674472146574125 1.7564966075245012 3
    endloop
  endfacet
  facet normal -0.6552175545379516 0.7471324285055108 0.1117277517037026
    outer loop
      vertex 54.66226181025233 1.7724094276299889 2.821983255445957
      vertex 54.674472146574125 1.7564966075245012 3
      vertex 55.51040764008565 2.4895923599143455 3
    endloop
  endfacet
  facet normal -0.655217554537952 0.747132428505509 0.11172775170371249
    outer loop
      vertex 54.66226181025233 1.7724094276299889 2.821983255445957
      vertex 55.51040764008565 2.4895923599143455 3
      vertex 55.49622472506791 2.503775274932088 2.821983255445957
    endloop
  endfacet
  facet normal -0.7471324285055091 0.6552175545379518 0.11172775170371195
    outer loop
      vertex 55.49622472506791 2.503775274932088 2.821983255445957
      vertex 55.51040764008565 2.4895923599143455 3
      vertex 56.22759057237001 3.33773818974767 2.821983255445957
    endloop
  endfacet
  facet normal -0.7471324285055119 0.6552175545379513 0.11172775170369754
    outer loop
      vertex 56.22759057237001 3.33773818974767 2.821983255445957
      vertex 55.51040764008565 2.4895923599143455 3
      vertex 56.243503392475496 3.325527853425874 3
    endloop
  endfacet
  facet normal -0.8262636594770959 0.5520917265516257 0.1117277517036955
    outer loop
      vertex 56.22759057237001 3.33773818974767 2.821983255445957
      vertex 56.243503392475496 3.325527853425874 3
      vertex 56.86121593216773 4.25 3
    endloop
  endfacet
  facet normal -0.8262636594770957 0.552091726551617 0.1117277517037402
    outer loop
      vertex 56.22759057237001 3.33773818974767 2.821983255445957
      vertex 56.86121593216773 4.25 3
      vertex 56.84384547973836 4.260028835386038 2.821983255445957
    endloop
  endfacet
  facet normal -0.8912572901514597 0.43951945605525067 0.11172775170374236
    outer loop
      vertex 56.84384547973836 4.260028835386038 2.821983255445957
      vertex 56.86121593216773 4.25 3
      vertex 57.33444515484977 5.254866563193044 2.821983255445957
    endloop
  endfacet
  facet normal -0.8912572901514674 0.4395194560552466 0.11172775170369799
    outer loop
      vertex 57.33444515484977 5.254866563193044 2.821983255445957
      vertex 56.86121593216773 4.25 3
      vertex 57.352976026345935 5.247190824896737 3
    endloop
  endfacet
  facet normal -0.9410012614881369 0.31942688580796075 0.11172775170369739
    outer loop
      vertex 57.33444515484977 5.254866563193044 2.821983255445957
      vertex 57.352976026345935 5.247190824896737 3
      vertex 57.71036952345708 6.300038116628574 3
    endloop
  endfacet
  facet normal -0.9410012614881351 0.31942688580795464 0.1117277517037296
    outer loop
      vertex 57.33444515484977 5.254866563193044 2.821983255445957
      vertex 57.71036952345708 6.300038116628574 3
      vertex 57.69099530124313 6.305229423824783 2.821983255445957
    endloop
  endfacet
  facet normal -0.974644440345907 0.1938688329826208 0.11172775170373045
    outer loop
      vertex 57.69099530124313 6.305229423824783 2.821983255445957
      vertex 57.71036952345708 6.300038116628574 3
      vertex 57.927281321677384 7.390527366129562 3
    endloop
  endfacet
  facet normal -0.9746444403459094 0.19386883298262647 0.11172775170369893
    outer loop
      vertex 57.69099530124313 6.305229423824783 2.821983255445957
      vertex 57.927281321677384 7.390527366129562 3
      vertex 57.907395247059284 7.393145417520244 2.821983255445957
    endloop
  endfacet
  facet normal -0.9916111826068725 0.06499363067436982 0.1117277517036991
    outer loop
      vertex 57.907395247059284 7.393145417520244 2.821983255445957
      vertex 57.927281321677384 7.390527366129562 3
      vertex 57.979942329227924 8.5 2.821983255445957
    endloop
  endfacet
  facet normal 0 0 1
    outer loop
      vertex 54.9 10 2.2
      vertex 57.5312 8.5 2.2
      vertex 57.5312 10 2.2
    endloop
  endfacet
  facet normal -0.7145178858034775 0.04683197647898168 0.6980479617089363
    outer loop
      vertex 57.7542396786244 7.413308730624115 2.501208156347275
      vertex 57.82546518743038 8.5 2.501208156347275
      vertex 57.5312 8.5 2.2
    endloop
  endfacet
  facet normal -0.7153027295169969 0 0.6988147144598016
    outer loop
      vertex 57.5312 8.5 2.2
      vertex 57.82546518743038 8.5 2.501208156347275
      vertex 57.5312 10 2.2
    endloop
  endfacet
  facet normal -0.8454232793378558 0.0554119692724161 0.5312146387431156
    outer loop
      vertex 57.7542396786244 7.413308730624115 2.501208156347275
      vertex 57.92077509313822 8.5 2.6528930068016052
      vertex 57.82546518743038 8.5 2.501208156347275
    endloop
  endfacet
  facet normal -0.9420822259450713 0.06174733134512702 0.3296488231893675
    outer loop
      vertex 57.84873419487646 7.400868291551218 2.6528930068016052
      vertex 57.979942329227924 8.5 2.821983255445957
      vertex 57.92077509313822 8.5 2.6528930068016052
    endloop
  endfacet
  facet normal -0.8467242062791882 0 0.5320320652938871
    outer loop
      vertex 57.82546518743038 8.5 2.501208156347275
      vertex 57.92077509313822 8.5 2.6528930068016052
      vertex 57.82546518743038 10 2.501208156347275
    endloop
  endfacet
  facet normal -0.9438833318985775 0 0.33027905741060776
    outer loop
      vertex 57.92077509313822 8.5 2.6528930068016052
      vertex 57.979942329227924 8.5 2.821983255445957
      vertex 57.92077509313822 10 2.6528930068016052
    endloop
  endfacet
  facet normal -0.7153027295169969 0 0.6988147144598016
    outer loop
      vertex 57.82546518743038 8.5 2.501208156347275
      vertex 57.82546518743038 10 2.501208156347275
      vertex 57.5312 10 2.2
    endloop
  endfacet
  facet normal -0.8467242062791882 0 0.5320320652938871
    outer loop
      vertex 57.92077509313822 8.5 2.6528930068016052
      vertex 57.92077509313822 10 2.6528930068016052
      vertex 57.82546518743038 10 2.501208156347275
    endloop
  endfacet
  facet normal -0.9438833318985775 0 0.33027905741060776
    outer loop
      vertex 57.979942329227924 8.5 2.821983255445957
      vertex 57.979942329227924 10 2.821983255445957
      vertex 57.92077509313822 10 2.6528930068016052
    endloop
  endfacet
  facet normal -0.9916111826068709 0.06499363067437182 0.11172775170371192
    outer loop
      vertex 57.927281321677384 7.390527366129562 3
      vertex 58 8.5 3
      vertex 57.979942329227924 8.5 2.821983255445957
    endloop
  endfacet
  facet normal -0.9937122093891047 0 0.11196448057765537
    outer loop
      vertex 57.979942329227924 8.5 2.821983255445957
      vertex 58 8.5 3
      vertex 57.979942329227924 10 2.821983255445957
    endloop
  endfacet
  facet normal -0.9937122093891047 0 0.11196448057765537
    outer loop
      vertex 57.979942329227924 10 2.821983255445957
      vertex 58 8.5 3
      vertex 58 10 3
    endloop
  endfacet
  facet normal -0.06540312923014382 0.9978589232386035 0
    outer loop
      vertex 49.5 0 3
      vertex 49.5 0 7.391652754590987
      vertex 50.60947263387044 0.07271867832261238 7.464492833044354
    endloop
  endfacet
  facet normal -0.19509032201612725 0.9807852804032307 -7.515946164428794e-18
    outer loop
      vertex 51.69996188337143 0.2896304765429196 3
      vertex 50.60947263387044 0.07271867832261238 7.464492833044354
      vertex 51 0.15039940124598536 7.542303239979286
    endloop
  endfacet
  facet normal -0.19509032201612717 0.9807852804032307 -1.6099293039488638e-18
    outer loop
      vertex 51.69996188337143 0.2896304765429196 3
      vertex 51 0.15039940124598536 7.542303239979286
      vertex 51 0.1503994012459854 19.560000000000002
    endloop
  endfacet
  facet normal -0.32143946530316186 0.9469301294951056 9.384175143915429e-20
    outer loop
      vertex 51.69996188337143 0.2896304765429196 3
      vertex 52.752809175103266 0.6470239736540631 22.799999999999994
      vertex 52.752809175103266 0.6470239736540631 3
    endloop
  endfacet
  facet normal -0.4422886902190021 0.8968727415326879 -1.0484932569107854e-17
    outer loop
      vertex 52.752809175103266 0.6470239736540631 3
      vertex 53.75 1.1387840678322718 22.799999999999994
      vertex 53.75 1.1387840678322716 3
    endloop
  endfacet
  facet normal -0.5555702330196024 0.8314696123025451 -9.32441119044887e-18
    outer loop
      vertex 53.75 1.1387840678322716 3
      vertex 53.75 1.1387840678322718 22.799999999999994
      vertex 54.674472146574125 1.7564966075245012 3
    endloop
  endfacet
  facet normal -0.6593458151000688 0.7518398074789775 -2.557880876557264e-19
    outer loop
      vertex 54.674472146574125 1.7564966075245012 3
      vertex 55.51040764008565 2.4895923599143455 22.799999999999994
      vertex 55.51040764008565 2.4895923599143455 3
    endloop
  endfacet
  facet normal -0.7518398074789782 0.6593458151000681 -1.4491037219788755e-17
    outer loop
      vertex 55.51040764008565 2.4895923599143455 3
      vertex 56.243503392475496 3.3255278534258745 22.799999999999994
      vertex 56.243503392475496 3.325527853425874 3
    endloop
  endfacet
  facet normal -0.8314696123025431 0.5555702330196053 -1.2460744737267262e-17
    outer loop
      vertex 56.243503392475496 3.325527853425874 3
      vertex 56.243503392475496 3.3255278534258745 22.799999999999994
      vertex 56.86121593216773 4.25 3
    endloop
  endfacet
  facet normal -0.8968727415326901 0.44228869021899764 0
    outer loop
      vertex 56.86121593216773 4.25 3
      vertex 56.86121593216773 4.25 22.799999999999994
      vertex 57.352976026345935 5.247190824896737 3
    endloop
  endfacet
  facet normal -0.9469301294951047 0.32143946530316475 1.057645436615928e-18
    outer loop
      vertex 57.352976026345935 5.247190824896737 3
      vertex 57.71036952345708 6.300038116628574 22.799999999999994
      vertex 57.71036952345708 6.300038116628574 3
    endloop
  endfacet
  facet normal -0.9807852804032315 0.19509032201612303 0
    outer loop
      vertex 57.71036952345708 6.300038116628574 3
      vertex 57.71036952345708 6.300038116628574 22.799999999999994
      vertex 57.927281321677384 7.390527366129562 3
    endloop
  endfacet
  facet normal -0.9978589232386033 0.06540312923014703 -7.02807722149553e-17
    outer loop
      vertex 57.927281321677384 7.390527366129562 3
      vertex 58 8.500000000000021 22.799999999999994
      vertex 58 8.5 3
    endloop
  endfacet
  facet normal -1 0 0
    outer loop
      vertex 58 8.5 3
      vertex 58 8.500000000000021 22.799999999999994
      vertex 58 10 3
    endloop
  endfacet
  facet normal 0 1 0
    outer loop
      vertex 39 0 7.391652754590987
      vertex 26.300000002980234 0 13.39999999701977
      vertex 26.300000002980234 0 14.800000002980234
    endloop
  endfacet
  facet normal 0 1 0
    outer loop
      vertex 39 0 7.391652754590987
      vertex 26.300000002980234 0 14.800000002980234
      vertex 39 0 19.560000000000002
    endloop
  endfacet
  facet normal 0 1 0
    outer loop
      vertex 39 0 19.560000000000002
      vertex 26.300000002980234 0 14.800000002980234
      vertex 26.2300873907653 0 22.799999999999994
    endloop
  endfacet
  facet normal 0 1 0
    outer loop
      vertex 39 0 19.560000000000002
      vertex 26.2300873907653 0 22.799999999999994
      vertex 49.5 0 22.799999999999994
    endloop
  endfacet
  facet normal -0.1950903220161271 0.9807852804032307 0
    outer loop
      vertex 51.69996188337143 0.2896304765429196 3
      vertex 51 0.1503994012459854 19.560000000000002
      vertex 51.69996188337143 0.2896304765429196 22.799999999999994
    endloop
  endfacet
  facet normal -0.32143946530316186 0.9469301294951056 0
    outer loop
      vertex 51.69996188337143 0.2896304765429196 3
      vertex 51.69996188337143 0.2896304765429196 22.799999999999994
      vertex 52.752809175103266 0.6470239736540631 22.799999999999994
    endloop
  endfacet
  facet normal -0.44228869021900225 0.8968727415326879 0
    outer loop
      vertex 52.752809175103266 0.6470239736540631 3
      vertex 52.752809175103266 0.6470239736540631 22.799999999999994
      vertex 53.75 1.1387840678322718 22.799999999999994
    endloop
  endfacet
  facet normal -0.5555702330196023 0.8314696123025452 0
    outer loop
      vertex 54.674472146574125 1.7564966075245012 3
      vertex 53.75 1.1387840678322718 22.799999999999994
      vertex 54.674472146574125 1.7564966075245012 22.799999999999994
    endloop
  endfacet
  facet normal -0.6593458151000688 0.7518398074789775 0
    outer loop
      vertex 54.674472146574125 1.7564966075245012 3
      vertex 54.674472146574125 1.7564966075245012 22.799999999999994
      vertex 55.51040764008565 2.4895923599143455 22.799999999999994
    endloop
  endfacet
  facet normal -0.7518398074789782 0.6593458151000678 0
    outer loop
      vertex 55.51040764008565 2.4895923599143455 3
      vertex 55.51040764008565 2.4895923599143455 22.799999999999994
      vertex 56.243503392475496 3.3255278534258745 22.799999999999994
    endloop
  endfacet
  facet normal -0.831469612302543 0.5555702330196056 0
    outer loop
      vertex 56.86121593216773 4.25 3
      vertex 56.243503392475496 3.3255278534258745 22.799999999999994
      vertex 56.86121593216773 4.25 22.799999999999994
    endloop
  endfacet
  facet normal -0.8968727415326901 0.44228869021899764 0
    outer loop
      vertex 57.352976026345935 5.247190824896737 3
      vertex 56.86121593216773 4.25 22.799999999999994
      vertex 57.352976026345935 5.247190824896737 22.799999999999994
    endloop
  endfacet
  facet normal -0.9469301294951047 0.32143946530316475 0
    outer loop
      vertex 57.352976026345935 5.247190824896737 3
      vertex 57.352976026345935 5.247190824896737 22.799999999999994
      vertex 57.71036952345708 6.300038116628574 22.799999999999994
    endloop
  endfacet
  facet normal -0.9807852804032315 0.19509032201612303 0
    outer loop
      vertex 57.927281321677384 7.390527366129562 3
      vertex 57.71036952345708 6.300038116628574 22.799999999999994
      vertex 57.927281321677384 7.390527366129562 22.799999999999994
    endloop
  endfacet
  facet normal -0.9978589232386033 0.06540312923014578 0
    outer loop
      vertex 57.927281321677384 7.390527366129562 3
      vertex 57.927281321677384 7.390527366129562 22.799999999999994
      vertex 58 8.500000000000021 22.799999999999994
    endloop
  endfacet
  facet normal -1 0 0
    outer loop
      vertex 58 10 3
      vertex 58 8.500000000000021 22.799999999999994
      vertex 58 10 10
    endloop
  endfacet
  facet normal -1 0 0
    outer loop
      vertex 58 10 10
      vertex 58 10.858732180445816 16.029179606750063
      vertex 58 11.029179606750063 15.694657697249035
    endloop
  endfacet
  facet normal -1 0 0
    outer loop
      vertex 58 10 10
      vertex 58 10.8 16.400000000000002
      vertex 58 10.858732180445816 16.029179606750063
    endloop
  endfacet
  facet normal -1 0 0
    outer loop
      vertex 58 10 10
      vertex 58 11.629179606750062 15.258732180445818
      vertex 58 12 15.200000000000003
    endloop
  endfacet
  facet normal -1 0 0
    outer loop
      vertex 58 10 10
      vertex 58 11.294657697249033 15.429179606750065
      vertex 58 11.629179606750062 15.258732180445818
    endloop
  endfacet
  facet normal -1 0 0
    outer loop
      vertex 58 10 10
      vertex 58 11.029179606750063 15.694657697249035
      vertex 58 11.294657697249033 15.429179606750065
    endloop
  endfacet
  facet normal -1 0 0
    outer loop
      vertex 58 10 10
      vertex 58 8.500000000000021 22.799999999999994
      vertex 58 10.8 16.400000000000002
    endloop
  endfacet
  facet normal 0 1 0
    outer loop
      vertex 39 0 19.560000000000002
      vertex 49.5 0 22.799999999999994
      vertex 49.5 0 19.560000000000002
    endloop
  endfacet
  facet normal -0.06540312923014387 0.9978589232386035 -5.053691358235124e-18
    outer loop
      vertex 49.5 0 19.560000000000002
      vertex 50.60947263387044 0.07271867832261245 22.799999999999994
      vertex 50.60947263387044 0.07271867832261243 19.560000000000002
    endloop
  endfacet
  facet normal -0.19509032201612708 0.9807852804032307 -1.2049885101936978e-17
    outer loop
      vertex 50.60947263387044 0.07271867832261243 19.560000000000002
      vertex 51.69996188337143 0.2896304765429196 22.799999999999994
      vertex 51 0.1503994012459854 19.560000000000002
    endloop
  endfacet
  facet normal -0.06540312923014388 0.9978589232386035 0
    outer loop
      vertex 49.5 0 19.560000000000002
      vertex 49.5 0 22.799999999999994
      vertex 50.60947263387044 0.07271867832261245 22.799999999999994
    endloop
  endfacet
  facet normal -0.19509032201612714 0.9807852804032308 -4.2009660513777395e-18
    outer loop
      vertex 50.60947263387044 0.07271867832261243 19.560000000000002
      vertex 50.60947263387044 0.07271867832261245 22.799999999999994
      vertex 51.69996188337143 0.2896304765429196 22.799999999999994
    endloop
  endfacet
  facet normal -1 0 0
    outer loop
      vertex 58 8.500000000000021 22.799999999999994
      vertex 58 10.858732180445816 16.770820393249938
      vertex 58 10.8 16.400000000000002
    endloop
  endfacet
  facet normal -1 0 0
    outer loop
      vertex 58 8.500000000000021 22.799999999999994
      vertex 58 11.029179606750063 17.10534230275097
      vertex 58 10.858732180445816 16.770820393249938
    endloop
  endfacet
  facet normal -1 0 0
    outer loop
      vertex 58 8.500000000000021 22.799999999999994
      vertex 58 11.294657697249033 17.37082039324994
      vertex 58 11.029179606750063 17.10534230275097
    endloop
  endfacet
  facet normal -1 0 0
    outer loop
      vertex 58 8.500000000000021 22.799999999999994
      vertex 58 11.629179606750062 17.541267819554186
      vertex 58 11.294657697249033 17.37082039324994
    endloop
  endfacet
  facet normal -1 0 0
    outer loop
      vertex 58 8.500000000000021 22.799999999999994
      vertex 58 12 17.6
      vertex 58 11.629179606750062 17.541267819554186
    endloop
  endfacet
  facet normal -1 0 0
    outer loop
      vertex 58 10 10
      vertex 58 12 15.200000000000003
      vertex 58 42.6 17.700000000000003
    endloop
  endfacet
  facet normal -1 0 0
    outer loop
      vertex 58 12 15.200000000000003
      vertex 58 12.370820393249938 15.258732180445818
      vertex 58 42.6 17.700000000000003
    endloop
  endfacet
  facet normal -1 0 0
    outer loop
      vertex 58 12.370820393249938 15.258732180445818
      vertex 58 12.705342302750967 15.429179606750065
      vertex 58 42.6 17.700000000000003
    endloop
  endfacet
  facet normal -1 0 0
    outer loop
      vertex 58 12.705342302750967 15.429179606750065
      vertex 58 12.970820393249937 15.694657697249035
      vertex 58 42.6 17.700000000000003
    endloop
  endfacet
  facet normal -1 0 0
    outer loop
      vertex 58 12.970820393249937 15.694657697249035
      vertex 58 13.141267819554184 16.029179606750063
      vertex 58 42.6 17.700000000000003
    endloop
  endfacet
  facet normal -1 0 0
    outer loop
      vertex 58 13.141267819554184 16.029179606750063
      vertex 58 13.2 16.400000000000002
      vertex 58 42.6 17.700000000000003
    endloop
  endfacet
  facet normal -1 0 0
    outer loop
      vertex 58 13.2 16.400000000000002
      vertex 58 13.141267819554184 16.770820393249938
      vertex 58 42.6 17.700000000000003
    endloop
  endfacet
  facet normal -1 0 0
    outer loop
      vertex 58 10 10
      vertex 58 42.6 17.700000000000003
      vertex 58 42.6 15.500000000000004
    endloop
  endfacet
  facet normal -1 0 0
    outer loop
      vertex 58 12.970820393249937 17.10534230275097
      vertex 58 12.705342302750967 17.37082039324994
      vertex 58 42.6 17.700000000000003
    endloop
  endfacet
  facet normal -1 0 0
    outer loop
      vertex 58 13.141267819554184 16.770820393249938
      vertex 58 12.970820393249937 17.10534230275097
      vertex 58 42.6 17.700000000000003
    endloop
  endfacet
  facet normal -1 0 0
    outer loop
      vertex 58 12.370820393249938 17.541267819554186
      vertex 58 12 17.6
      vertex 58 42.6 17.700000000000003
    endloop
  endfacet
  facet normal -1 0 0
    outer loop
      vertex 58 12.705342302750967 17.37082039324994
      vertex 58 12.370820393249938 17.541267819554186
      vertex 58 42.6 17.700000000000003
    endloop
  endfacet
  facet normal -1 0 0
    outer loop
      vertex 58 8.500000000000021 22.799999999999994
      vertex 58 42.6 17.700000000000003
      vertex 58 12 17.6
    endloop
  endfacet
  facet normal 0 0 1
    outer loop
      vertex 2.128420653453033 3.610915211345164 2.2
      vertex 54.9 67.9 2.2
      vertex 55.871579346546966 74.28908478865485 2.2
    endloop
  endfacet
  facet normal 0 0 1
    outer loop
      vertex 10 75.85000000000001 2.2
      vertex 55.871579346546966 74.28908478865485 2.2
      vertex 48 75.85000000000001 2.2
    endloop
  endfacet
  facet normal 0 0 1
    outer loop
      vertex 48 75.85000000000001 2.2
      vertex 49.5 77.4312 2.2
      vertex 48 77.4312 2.2
    endloop
  endfacet
  facet normal -2.383757090835847e-18 -0.7153027295169969 0.6988147144598016
    outer loop
      vertex 48 77.4312 2.2
      vertex 49.5 77.72546518743039 2.501208156347275
      vertex 48 77.72546518743039 2.501208156347275
    endloop
  endfacet
  facet normal 0 -0.8467242062791882 0.5320320652938871
    outer loop
      vertex 48 77.72546518743039 2.501208156347275
      vertex 49.5 77.82077509313822 2.6528930068016052
      vertex 48 77.82077509313822 2.6528930068016052
    endloop
  endfacet
  facet normal 0 -0.9438833318985775 0.33027905741060776
    outer loop
      vertex 48 77.82077509313822 2.6528930068016052
      vertex 49.5 77.87994232922793 2.821983255445957
      vertex 48 77.87994232922793 2.821983255445957
    endloop
  endfacet
  facet normal 0 0 1
    outer loop
      vertex 48 75.85000000000001 2.2
      vertex 50.54828195495768 77.36249197066535 2.2
      vertex 49.5 77.4312 2.2
    endloop
  endfacet
  facet normal -0.046831976478985314 -0.7145178858034701 0.6980479617089437
    outer loop
      vertex 49.5 77.4312 2.2
      vertex 50.54828195495768 77.36249197066535 2.2
      vertex 50.58669126937588 77.6542396786244 2.501208156347275
    endloop
  endfacet
  facet normal 0 -0.7153027295169969 0.6988147144598016
    outer loop
      vertex 48 77.4312 2.2
      vertex 49.5 77.4312 2.2
      vertex 49.5 77.72546518743039 2.501208156347275
    endloop
  endfacet
  facet normal 0 -0.8467242062791882 0.5320320652938871
    outer loop
      vertex 48 77.72546518743039 2.501208156347275
      vertex 49.5 77.72546518743039 2.501208156347275
      vertex 49.5 77.82077509313822 2.6528930068016052
    endloop
  endfacet
  facet normal 0 -0.9438833318985775 0.33027905741060776
    outer loop
      vertex 48 77.82077509313822 2.6528930068016052
      vertex 49.5 77.82077509313822 2.6528930068016052
      vertex 49.5 77.87994232922793 2.821983255445957
    endloop
  endfacet
  facet normal -0.04683197647898176 -0.7145178858034776 0.6980479617089362
    outer loop
      vertex 49.5 77.4312 2.2
      vertex 50.58669126937588 77.6542396786244 2.501208156347275
      vertex 49.5 77.72546518743039 2.501208156347275
    endloop
  endfacet
  facet normal -0.05541196927241703 -0.8454232793378557 0.5312146387431155
    outer loop
      vertex 49.5 77.72546518743039 2.501208156347275
      vertex 50.59913170844878 77.74873419487646 2.6528930068016052
      vertex 49.5 77.82077509313822 2.6528930068016052
    endloop
  endfacet
  facet normal -0.061747331345129455 -0.9420822259450711 0.3296488231893675
    outer loop
      vertex 49.5 77.82077509313822 2.6528930068016052
      vertex 50.606854582479755 77.80739524705929 2.821983255445957
      vertex 49.5 77.87994232922793 2.821983255445957
    endloop
  endfacet
  facet normal -0.05541196927241637 -0.8454232793378585 0.5312146387431111
    outer loop
      vertex 49.5 77.72546518743039 2.501208156347275
      vertex 50.58669126937588 77.6542396786244 2.501208156347275
      vertex 50.59913170844878 77.74873419487646 2.6528930068016052
    endloop
  endfacet
  facet normal -0.06174733134512743 -0.942082225945076 0.3296488231893538
    outer loop
      vertex 49.5 77.82077509313822 2.6528930068016052
      vertex 50.59913170844878 77.74873419487646 2.6528930068016052
      vertex 50.606854582479755 77.80739524705929 2.821983255445957
    endloop
  endfacet
  facet normal -0.1396946213351121 -0.7022922866755905 0.6980479617089428
    outer loop
      vertex 50.54828195495768 77.36249197066535 2.2
      vertex 51.65478894984501 77.44178184040958 2.501208156347275
      vertex 50.58669126937588 77.6542396786244 2.501208156347275
    endloop
  endfacet
  facet normal -0.1396946213351117 -0.7022922866755918 0.6980479617089417
    outer loop
      vertex 50.54828195495768 77.36249197066535 2.2
      vertex 51.578627515027364 77.15754349609277 2.2
      vertex 51.65478894984501 77.44178184040958 2.501208156347275
    endloop
  endfacet
  facet normal 0 0 1
    outer loop
      vertex 48 75.85000000000001 2.2
      vertex 55.871579346546966 74.28908478865485 2.2
      vertex 50.54828195495768 77.36249197066535 2.2
    endloop
  endfacet
  facet normal 0 0 1
    outer loop
      vertex 50.54828195495768 77.36249197066535 2.2
      vertex 53.5156 76.35522322287359 2.2
      vertex 51.578627515027364 77.15754349609277 2.2
    endloop
  endfacet
  facet normal -0.2301670524895428 -0.6780502718104814 0.6980479617089419
    outer loop
      vertex 51.578627515027364 77.15754349609277 2.2
      vertex 52.573407182010506 76.81986130150464 2.2
      vertex 51.65478894984501 77.44178184040958 2.501208156347275
    endloop
  endfacet
  facet normal -0.23016705248954178 -0.6780502718104804 0.6980479617089431
    outer loop
      vertex 51.65478894984501 77.44178184040958 2.501208156347275
      vertex 52.573407182010506 76.81986130150464 2.2
      vertex 52.68601759396192 77.09172688530218 2.501208156347275
    endloop
  endfacet
  facet normal -0.27233549807143675 -0.8022745066841055 0.5312146387430956
    outer loop
      vertex 51.65478894984501 77.44178184040958 2.501208156347275
      vertex 52.722491115816595 77.17978175643123 2.6528930068016052
      vertex 51.679456968629125 77.53384413983395 2.6528930068016052
    endloop
  endfacet
  facet normal -0.2723354980714366 -0.8022745066840985 0.5312146387431064
    outer loop
      vertex 51.65478894984501 77.44178184040958 2.501208156347275
      vertex 52.68601759396192 77.09172688530218 2.501208156347275
      vertex 52.722491115816595 77.17978175643123 2.6528930068016052
    endloop
  endfacet
  facet normal -0.30347216417784917 -0.8940001671918557 0.32964882318938493
    outer loop
      vertex 51.679456968629125 77.53384413983395 2.6528930068016052
      vertex 52.722491115816595 77.17978175643123 2.6528930068016052
      vertex 51.694770576175216 77.59099530124314 2.821983255445957
    endloop
  endfacet
  facet normal -0.30347216417785705 -0.8940001671918636 0.3296488231893561
    outer loop
      vertex 51.694770576175216 77.59099530124314 2.821983255445957
      vertex 52.722491115816595 77.17978175643123 2.6528930068016052
      vertex 52.74513343680696 77.23444515484977 2.821983255445957
    endloop
  endfacet
  facet normal -0.16528779365989807 -0.8309578526327723 0.5312146387431117
    outer loop
      vertex 51.65478894984501 77.44178184040958 2.501208156347275
      vertex 50.59913170844878 77.74873419487646 2.6528930068016052
      vertex 50.58669126937588 77.6542396786244 2.501208156347275
    endloop
  endfacet
  facet normal -0.1652877936599031 -0.8309578526327817 0.5312146387430958
    outer loop
      vertex 51.65478894984501 77.44178184040958 2.501208156347275
      vertex 51.679456968629125 77.53384413983395 2.6528930068016052
      vertex 50.59913170844878 77.74873419487646 2.6528930068016052
    endloop
  endfacet
  facet normal -0.18418548007647362 -0.925962937864617 0.32964882318935457
    outer loop
      vertex 50.59913170844878 77.74873419487646 2.6528930068016052
      vertex 51.679456968629125 77.53384413983395 2.6528930068016052
      vertex 50.606854582479755 77.80739524705929 2.821983255445957
    endloop
  endfacet
  facet normal -0.1841854800764659 -0.9259629378646069 0.3296488231893873
    outer loop
      vertex 50.606854582479755 77.80739524705929 2.821983255445957
      vertex 51.679456968629125 77.53384413983395 2.6528930068016052
      vertex 51.694770576175216 77.59099530124314 2.821983255445957
    endloop
  endfacet
  facet normal 0 -0.9937122093891047 0.11196448057765537
    outer loop
      vertex 48 77.87994232922793 2.821983255445957
      vertex 49.5 77.9 3
      vertex 48 77.9 3
    endloop
  endfacet
  facet normal 0 -1 0
    outer loop
      vertex 48 77.9 3
      vertex 49.5 77.9 3
      vertex 48 77.9 10
    endloop
  endfacet
  facet normal 0 -0.9937122093891047 0.11196448057765537
    outer loop
      vertex 48 77.87994232922793 2.821983255445957
      vertex 49.5 77.87994232922793 2.821983255445957
      vertex 49.5 77.9 3
    endloop
  endfacet
  facet normal -0.06499363067436979 -0.9916111826068711 0.11172775170371196
    outer loop
      vertex 49.5 77.87994232922793 2.821983255445957
      vertex 50.606854582479755 77.80739524705929 2.821983255445957
      vertex 49.5 77.9 3
    endloop
  endfacet
  facet normal -0.06499363067437185 -0.9916111826068723 0.11172775170369977
    outer loop
      vertex 50.606854582479755 77.80739524705929 2.821983255445957
      vertex 50.60947263387044 77.82728132167739 3
      vertex 49.5 77.9 3
    endloop
  endfacet
  facet normal -0.3194268858079506 -0.9410012614881444 0.11172775170366321
    outer loop
      vertex 51.694770576175216 77.59099530124314 2.821983255445957
      vertex 52.752809175103266 77.25297602634595 3
      vertex 51.69996188337143 77.61036952345708 3
    endloop
  endfacet
  facet normal -0.3194268858079633 -0.9410012614881272 0.11172775170377171
    outer loop
      vertex 51.694770576175216 77.59099530124314 2.821983255445957
      vertex 52.74513343680696 77.23444515484977 2.821983255445957
      vertex 52.752809175103266 77.25297602634595 3
    endloop
  endfacet
  facet normal -0.19386883298262034 -0.9746444403459105 0.11172775170370089
    outer loop
      vertex 50.606854582479755 77.80739524705929 2.821983255445957
      vertex 51.694770576175216 77.59099530124314 2.821983255445957
      vertex 50.60947263387044 77.82728132167739 3
    endloop
  endfacet
  facet normal -0.19386883298262803 -0.9746444403459138 0.11172775170365842
    outer loop
      vertex 51.694770576175216 77.59099530124314 2.821983255445957
      vertex 51.69996188337143 77.61036952345708 3
      vertex 50.60947263387044 77.82728132167739 3
    endloop
  endfacet
  facet normal -0.7153027295169969 0 0.6988147144598016
    outer loop
      vertex 57.5312 67.9 2.2
      vertex 57.82546518743038 67.9 2.501208156347275
      vertex 57.5312 69.4 2.2
    endloop
  endfacet
  facet normal -0.8467242062791882 0 0.5320320652938871
    outer loop
      vertex 57.82546518743038 67.9 2.501208156347275
      vertex 57.92077509313822 67.9 2.6528930068016052
      vertex 57.82546518743038 69.4 2.501208156347275
    endloop
  endfacet
  facet normal -0.9438833318985775 0 0.33027905741060776
    outer loop
      vertex 57.92077509313822 67.9 2.6528930068016052
      vertex 57.979942329227924 67.9 2.821983255445957
      vertex 57.92077509313822 69.4 2.6528930068016052
    endloop
  endfacet
  facet normal -0.7153027295169969 0 0.6988147144598016
    outer loop
      vertex 57.82546518743038 67.9 2.501208156347275
      vertex 57.82546518743038 69.4 2.501208156347275
      vertex 57.5312 69.4 2.2
    endloop
  endfacet
  facet normal -0.7145178858034775 -0.04683197647898127 0.6980479617089363
    outer loop
      vertex 57.5312 69.4 2.2
      vertex 57.82546518743038 69.4 2.501208156347275
      vertex 57.46249197066535 70.44828195495768 2.2
    endloop
  endfacet
  facet normal -0.8467242062791882 0 0.5320320652938871
    outer loop
      vertex 57.92077509313822 67.9 2.6528930068016052
      vertex 57.92077509313822 69.4 2.6528930068016052
      vertex 57.82546518743038 69.4 2.501208156347275
    endloop
  endfacet
  facet normal -0.9438833318985775 0 0.33027905741060776
    outer loop
      vertex 57.979942329227924 67.9 2.821983255445957
      vertex 57.979942329227924 69.4 2.821983255445957
      vertex 57.92077509313822 69.4 2.6528930068016052
    endloop
  endfacet
  facet normal -0.8454232793378558 -0.05541196927241583 0.5312146387431156
    outer loop
      vertex 57.82546518743038 69.4 2.501208156347275
      vertex 57.92077509313822 69.4 2.6528930068016052
      vertex 57.7542396786244 70.4866912693759 2.501208156347275
    endloop
  endfacet
  facet normal -0.9420822259450712 -0.06174733134512712 0.32964882318936756
    outer loop
      vertex 57.92077509313822 69.4 2.6528930068016052
      vertex 57.979942329227924 69.4 2.821983255445957
      vertex 57.84873419487646 70.49913170844879 2.6528930068016052
    endloop
  endfacet
  facet normal -0.9937122093891047 0 0.11196448057765537
    outer loop
      vertex 57.979942329227924 67.9 2.821983255445957
      vertex 58 67.9 3
      vertex 57.979942329227924 69.4 2.821983255445957
    endloop
  endfacet
  facet normal -0.9937122093891047 0 0.11196448057765537
    outer loop
      vertex 57.979942329227924 69.4 2.821983255445957
      vertex 58 67.9 3
      vertex 58 69.4 3
    endloop
  endfacet
  facet normal -0.9916111826068711 -0.06499363067436979 0.11172775170371196
    outer loop
      vertex 57.979942329227924 69.4 2.821983255445957
      vertex 58 69.4 3
      vertex 57.907395247059284 70.50685458247976 2.821983255445957
    endloop
  endfacet
  facet normal -1 0 0
    outer loop
      vertex 58 67.9 3
      vertex 58 67.9 10
      vertex 58 69.4 3
    endloop
  endfacet
  facet normal 0 0 1
    outer loop
      vertex 54.9 67.9 2.2
      vertex 57.5312 67.9 2.2
      vertex 55.871579346546966 74.28908478865485 2.2
    endloop
  endfacet
  facet normal -0.5383556504753709 -0.47212523418605573 0.6980479617089376
    outer loop
      vertex 55.871579346546966 74.28908478865485 2.2
      vertex 55.38699289056456 75.28699289056456 2.501208156347275
      vertex 55.1789159810654 75.0789159810654 2.2
    endloop
  endfacet
  facet normal -0.5383556504753693 -0.4721252341860554 0.6980479617089389
    outer loop
      vertex 55.871579346546966 74.28908478865485 2.2
      vertex 56.10503561592629 74.46822208466249 2.501208156347275
      vertex 55.38699289056456 75.28699289056456 2.501208156347275
    endloop
  endfacet
  facet normal -0.5953746523246647 -0.39781662424197356 0.6980479617089395
    outer loop
      vertex 55.871579346546966 74.28908478865485 2.2
      vertex 56.455223222873585 73.41560000000001 2.2
      vertex 56.10503561592629 74.46822208466249 2.501208156347275
    endloop
  endfacet
  facet normal -0.6369867130242101 -0.5586223545613554 0.531214638743079
    outer loop
      vertex 56.10503561592629 74.46822208466249 2.501208156347275
      vertex 56.18065004798244 74.52624307905987 2.6528930068016052
      vertex 55.38699289056456 75.28699289056456 2.501208156347275
    endloop
  endfacet
  facet normal -0.7098146871153826 -0.6224907736867569 0.3296488231893969
    outer loop
      vertex 56.18065004798244 74.52624307905987 2.6528930068016052
      vertex 56.22759057237001 74.56226181025234 2.821983255445957
      vertex 55.49622472506791 75.39622472506792 2.821983255445957
    endloop
  endfacet
  facet normal 0 0 1
    outer loop
      vertex 50.54828195495768 77.36249197066535 2.2
      vertex 55.871579346546966 74.28908478865485 2.2
      vertex 53.5156 76.35522322287359 2.2
    endloop
  endfacet
  facet normal 0 0 1
    outer loop
      vertex 51.578627515027364 77.15754349609277 2.2
      vertex 53.5156 76.35522322287359 2.2
      vertex 52.573407182010506 76.81986130150464 2.2
    endloop
  endfacet
  facet normal -0.3167012615615022 -0.64220662880366 0.6980479617089294
    outer loop
      vertex 52.573407182010506 76.81986130150464 2.2
      vertex 53.5156 76.35522322287359 2.2
      vertex 53.66273259371519 76.61006435063769 2.501208156347275
    endloop
  endfacet
  facet normal -0.316701261561503 -0.6422066288036453 0.6980479617089426
    outer loop
      vertex 52.573407182010506 76.81986130150464 2.2
      vertex 53.66273259371519 76.61006435063769 2.501208156347275
      vertex 52.68601759396192 77.09172688530218 2.501208156347275
    endloop
  endfacet
  facet normal -0.3747234666052948 -0.7598640214935418 0.5312146387431099
    outer loop
      vertex 52.722491115816595 77.17978175643123 2.6528930068016052
      vertex 53.66273259371519 76.61006435063769 2.501208156347275
      vertex 53.71038754656911 76.69260515021297 2.6528930068016052
    endloop
  endfacet
  facet normal -0.37472346660529476 -0.7598640214935417 0.53121463874311
    outer loop
      vertex 52.68601759396192 77.09172688530218 2.501208156347275
      vertex 53.66273259371519 76.61006435063769 2.501208156347275
      vertex 52.722491115816595 77.17978175643123 2.6528930068016052
    endloop
  endfacet
  facet normal -0.4175663554117606 -0.8467408057947907 0.3296488231893566
    outer loop
      vertex 52.722491115816595 77.17978175643123 2.6528930068016052
      vertex 53.73997116461396 76.74384547973837 2.821983255445957
      vertex 52.74513343680696 77.23444515484977 2.821983255445957
    endloop
  endfacet
  facet normal -0.3978166242419764 -0.5953746523246712 0.6980479617089322
    outer loop
      vertex 53.66273259371519 76.61006435063769 2.501208156347275
      vertex 54.389084788654834 75.77157934654697 2.2
      vertex 54.56822208466247 76.00503561592629 2.501208156347275
    endloop
  endfacet
  facet normal -0.3978166242419787 -0.5953746523246723 0.6980479617089299
    outer loop
      vertex 53.5156 76.35522322287359 2.2
      vertex 54.389084788654834 75.77157934654697 2.2
      vertex 53.66273259371519 76.61006435063769 2.501208156347275
    endloop
  endfacet
  facet normal -0.4175663554117606 -0.8467408057947835 0.32964882318937516
    outer loop
      vertex 52.722491115816595 77.17978175643123 2.6528930068016052
      vertex 53.71038754656911 76.69260515021297 2.6528930068016052
      vertex 53.73997116461396 76.74384547973837 2.821983255445957
    endloop
  endfacet
  facet normal -0.4706998127325671 -0.704452052221124 0.5312146387431104
    outer loop
      vertex 53.66273259371519 76.61006435063769 2.501208156347275
      vertex 54.56822208466247 76.00503561592629 2.501208156347275
      vertex 53.71038754656911 76.69260515021297 2.6528930068016052
    endloop
  endfacet
  facet normal -0.4706998127325623 -0.7044520522211201 0.5312146387431198
    outer loop
      vertex 53.71038754656911 76.69260515021297 2.6528930068016052
      vertex 54.56822208466247 76.00503561592629 2.501208156347275
      vertex 54.62624307905986 76.08065004798245 2.6528930068016052
    endloop
  endfacet
  facet normal -0.5245158705333106 -0.7849934744496567 0.32964882318937466
    outer loop
      vertex 53.71038754656911 76.69260515021297 2.6528930068016052
      vertex 54.66226181025233 76.12759057237001 2.821983255445957
      vertex 53.73997116461396 76.74384547973837 2.821983255445957
    endloop
  endfacet
  facet normal -0.524515870533311 -0.7849934744496596 0.3296488231893667
    outer loop
      vertex 53.71038754656911 76.69260515021297 2.6528930068016052
      vertex 54.62624307905986 76.08065004798245 2.6528930068016052
      vertex 54.66226181025233 76.12759057237001 2.821983255445957
    endloop
  endfacet
  facet normal -0.47212523418605307 -0.5383556504753714 0.698047961708939
    outer loop
      vertex 54.389084788654834 75.77157934654697 2.2
      vertex 55.38699289056456 75.28699289056456 2.501208156347275
      vertex 54.699999999999996 75.7 2.355083571954593
    endloop
  endfacet
  facet normal 0 0 1
    outer loop
      vertex 53.5156 76.35522322287359 2.2
      vertex 55.1789159810654 75.0789159810654 2.2
      vertex 54.389084788654834 75.77157934654697 2.2
    endloop
  endfacet
  facet normal -0.47212523418605146 -0.5383556504753808 0.6980479617089328
    outer loop
      vertex 54.389084788654834 75.77157934654697 2.2
      vertex 54.699999999999996 75.88946948583303 2.501208156347275
      vertex 54.56822208466247 76.00503561592629 2.501208156347275
    endloop
  endfacet
  facet normal -0.47212523418605207 -0.5383556504753798 0.6980479617089332
    outer loop
      vertex 54.389084788654834 75.77157934654697 2.2
      vertex 54.699999999999996 75.7 2.355083571954593
      vertex 54.699999999999996 75.88946948583303 2.501208156347275
    endloop
  endfacet
  facet normal 0 0 1
    outer loop
      vertex 55.871579346546966 74.28908478865485 2.2
      vertex 55.1789159810654 75.0789159810654 2.2
      vertex 53.5156 76.35522322287359 2.2
    endloop
  endfacet
  facet normal -0.47212523418605346 -0.538355650475373 0.6980479617089373
    outer loop
      vertex 54.389084788654834 75.77157934654697 2.2
      vertex 55.1789159810654 75.0789159810654 2.2
      vertex 55.38699289056456 75.28699289056456 2.501208156347275
    endloop
  endfacet
  facet normal -0.47212523418605673 -0.5383556504753808 0.698047961708929
    outer loop
      vertex 54.699999999999996 75.7 2.355083571954593
      vertex 55.38699289056456 75.28699289056456 2.501208156347275
      vertex 54.91604854158394 75.7 2.501208156347275
    endloop
  endfacet
  facet normal -0.5586223545613247 -0.6369867130241942 0.5312146387431305
    outer loop
      vertex 54.56822208466247 76.00503561592629 2.501208156347275
      vertex 54.699999999999996 75.88946948583303 2.501208156347275
      vertex 54.699999999999996 76.01596696433514 2.6528930068016052
    endloop
  endfacet
  facet normal -0.5586223545613113 -0.6369867130242144 0.5312146387431204
    outer loop
      vertex 54.56822208466247 76.00503561592629 2.501208156347275
      vertex 54.699999999999996 76.01596696433514 2.6528930068016052
      vertex 54.62624307905986 76.08065004798245 2.6528930068016052
    endloop
  endfacet
  facet normal -0.6224907736867312 -0.7098146871154103 0.3296488231893861
    outer loop
      vertex 54.62624307905986 76.08065004798245 2.6528930068016052
      vertex 54.699999999999996 76.01596696433514 2.6528930068016052
      vertex 54.699999999999996 76.09449506820536 2.821983255445957
    endloop
  endfacet
  facet normal -0.6224907736866918 -0.7098146871154511 0.32964882318937233
    outer loop
      vertex 54.62624307905986 76.08065004798245 2.6528930068016052
      vertex 54.699999999999996 76.09449506820536 2.821983255445957
      vertex 54.66226181025233 76.12759057237001 2.821983255445957
    endloop
  endfacet
  facet normal -0.5586223545613336 -0.6369867130241972 0.5312146387431174
    outer loop
      vertex 54.91604854158394 75.7 2.501208156347275
      vertex 55.38699289056456 75.28699289056456 2.501208156347275
      vertex 55.060291270824834 75.7 2.6528930068016052
    endloop
  endfacet
  facet normal -0.5586223545613492 -0.6369867130242016 0.5312146387430957
    outer loop
      vertex 55.060291270824834 75.7 2.6528930068016052
      vertex 55.38699289056456 75.28699289056456 2.501208156347275
      vertex 55.454387171204814 75.35438717120482 2.6528930068016052
    endloop
  endfacet
  facet normal -0.6224907736867624 -0.7098146871153836 0.32964882318938427
    outer loop
      vertex 55.060291270824834 75.7 2.6528930068016052
      vertex 55.454387171204814 75.35438717120482 2.6528930068016052
      vertex 55.14983541161311 75.7 2.821983255445957
    endloop
  endfacet
  facet normal -0.6369867130242044 -0.5586223545613461 0.5312146387430957
    outer loop
      vertex 56.18065004798244 74.52624307905987 2.6528930068016052
      vertex 55.454387171204814 75.35438717120482 2.6528930068016052
      vertex 55.38699289056456 75.28699289056456 2.501208156347275
    endloop
  endfacet
  facet normal -0.6224907736867571 -0.7098146871153838 0.32964882318939426
    outer loop
      vertex 55.14983541161311 75.7 2.821983255445957
      vertex 55.454387171204814 75.35438717120482 2.6528930068016052
      vertex 55.49622472506791 75.39622472506792 2.821983255445957
    endloop
  endfacet
  facet normal -0.7098146871153849 -0.6224907736867575 0.32964882318939087
    outer loop
      vertex 56.18065004798244 74.52624307905987 2.6528930068016052
      vertex 55.49622472506791 75.39622472506792 2.821983255445957
      vertex 55.454387171204814 75.35438717120482 2.6528930068016052
    endloop
  endfacet
  facet normal 0 0 1
    outer loop
      vertex 57.5312 67.9 2.2
      vertex 57.5312 69.4 2.2
      vertex 55.871579346546966 74.28908478865485 2.2
    endloop
  endfacet
  facet normal 0 0 1
    outer loop
      vertex 57.5312 69.4 2.2
      vertex 56.919861301504646 72.47340718201052 2.2
      vertex 55.871579346546966 74.28908478865485 2.2
    endloop
  endfacet
  facet normal 0 0 1
    outer loop
      vertex 57.5312 69.4 2.2
      vertex 57.257543496092765 71.47862751502737 2.2
      vertex 56.919861301504646 72.47340718201052 2.2
    endloop
  endfacet
  facet normal -0.6780502718104906 -0.2301670524895395 0.698047961708934
    outer loop
      vertex 57.257543496092765 71.47862751502737 2.2
      vertex 57.54178184040956 71.55478894984502 2.501208156347275
      vertex 56.919861301504646 72.47340718201052 2.2
    endloop
  endfacet
  facet normal -0.678050271810492 -0.23016705248954109 0.698047961708932
    outer loop
      vertex 57.54178184040956 71.55478894984502 2.501208156347275
      vertex 57.191726885302174 72.58601759396193 2.501208156347275
      vertex 56.919861301504646 72.47340718201052 2.2
    endloop
  endfacet
  facet normal 0 0 1
    outer loop
      vertex 57.5312 69.4 2.2
      vertex 57.46249197066535 70.44828195495768 2.2
      vertex 57.257543496092765 71.47862751502737 2.2
    endloop
  endfacet
  facet normal -0.714517885803478 -0.04683197647898147 0.698047961708936
    outer loop
      vertex 57.82546518743038 69.4 2.501208156347275
      vertex 57.7542396786244 70.4866912693759 2.501208156347275
      vertex 57.46249197066535 70.44828195495768 2.2
    endloop
  endfacet
  facet normal -0.7022922866755946 -0.1396946213351185 0.6980479617089376
    outer loop
      vertex 57.46249197066535 70.44828195495768 2.2
      vertex 57.7542396786244 70.4866912693759 2.501208156347275
      vertex 57.54178184040956 71.55478894984502 2.501208156347275
    endloop
  endfacet
  facet normal -0.8309578526327746 -0.16528779365990515 0.5312146387431059
    outer loop
      vertex 57.7542396786244 70.4866912693759 2.501208156347275
      vertex 57.84873419487646 70.49913170844879 2.6528930068016052
      vertex 57.54178184040956 71.55478894984502 2.501208156347275
    endloop
  endfacet
  facet normal -0.8454232793378595 -0.05541196927241729 0.5312146387431091
    outer loop
      vertex 57.92077509313822 69.4 2.6528930068016052
      vertex 57.84873419487646 70.49913170844879 2.6528930068016052
      vertex 57.7542396786244 70.4866912693759 2.501208156347275
    endloop
  endfacet
  facet normal -0.9420822259450758 -0.06174733134512977 0.32964882318935396
    outer loop
      vertex 57.979942329227924 69.4 2.821983255445957
      vertex 57.907395247059284 70.50685458247976 2.821983255445957
      vertex 57.84873419487646 70.49913170844879 2.6528930068016052
    endloop
  endfacet
  facet normal -0.9259629378646171 -0.18418548007647398 0.3296488231893546
    outer loop
      vertex 57.84873419487646 70.49913170844879 2.6528930068016052
      vertex 57.907395247059284 70.50685458247976 2.821983255445957
      vertex 57.69099530124313 71.59477057617522 2.821983255445957
    endloop
  endfacet
  facet normal -0.7022922866755991 -0.13969462133511704 0.6980479617089332
    outer loop
      vertex 57.257543496092765 71.47862751502737 2.2
      vertex 57.46249197066535 70.44828195495768 2.2
      vertex 57.54178184040956 71.55478894984502 2.501208156347275
    endloop
  endfacet
  facet normal -0.8309578526327644 -0.16528779365989965 0.5312146387431236
    outer loop
      vertex 57.84873419487646 70.49913170844879 2.6528930068016052
      vertex 57.63384413983394 71.57945696862913 2.6528930068016052
      vertex 57.54178184040956 71.55478894984502 2.501208156347275
    endloop
  endfacet
  facet normal -0.9259629378646176 -0.18418548007647373 0.3296488231893527
    outer loop
      vertex 57.84873419487646 70.49913170844879 2.6528930068016052
      vertex 57.69099530124313 71.59477057617522 2.821983255445957
      vertex 57.63384413983394 71.57945696862913 2.6528930068016052
    endloop
  endfacet
  facet normal -0.802274506684091 -0.2723354980714264 0.5312146387431227
    outer loop
      vertex 57.54178184040956 71.55478894984502 2.501208156347275
      vertex 57.63384413983394 71.57945696862913 2.6528930068016052
      vertex 57.27978175643123 72.6224911158166 2.6528930068016052
    endloop
  endfacet
  facet normal -0.8022745066840843 -0.2723354980714262 0.531214638743133
    outer loop
      vertex 57.54178184040956 71.55478894984502 2.501208156347275
      vertex 57.27978175643123 72.6224911158166 2.6528930068016052
      vertex 57.191726885302174 72.58601759396193 2.501208156347275
    endloop
  endfacet
  facet normal -0.8940001671918706 -0.30347216417784934 0.32964882318934474
    outer loop
      vertex 57.69099530124313 71.59477057617522 2.821983255445957
      vertex 57.33444515484977 72.64513343680696 2.821983255445957
      vertex 57.27978175643123 72.6224911158166 2.6528930068016052
    endloop
  endfacet
  facet normal -0.8940001671918687 -0.30347216417784745 0.3296488231893516
    outer loop
      vertex 57.63384413983394 71.57945696862913 2.6528930068016052
      vertex 57.69099530124313 71.59477057617522 2.821983255445957
      vertex 57.27978175643123 72.6224911158166 2.6528930068016052
    endloop
  endfacet
  facet normal 0 0 1
    outer loop
      vertex 55.871579346546966 74.28908478865485 2.2
      vertex 56.919861301504646 72.47340718201052 2.2
      vertex 56.455223222873585 73.41560000000001 2.2
    endloop
  endfacet
  facet normal -0.6422066288036614 -0.31670126156150774 0.6980479617089257
    outer loop
      vertex 56.455223222873585 73.41560000000001 2.2
      vertex 56.919861301504646 72.47340718201052 2.2
      vertex 56.71006435063768 73.5627325937152 2.501208156347275
    endloop
  endfacet
  facet normal -0.6422066288036555 -0.3167012615615081 0.698047961708931
    outer loop
      vertex 56.919861301504646 72.47340718201052 2.2
      vertex 57.191726885302174 72.58601759396193 2.501208156347275
      vertex 56.71006435063768 73.5627325937152 2.501208156347275
    endloop
  endfacet
  facet normal -0.7598640214935273 -0.37472346660528766 0.5312146387431357
    outer loop
      vertex 56.71006435063768 73.5627325937152 2.501208156347275
      vertex 57.191726885302174 72.58601759396193 2.501208156347275
      vertex 57.27978175643123 72.6224911158166 2.6528930068016052
    endloop
  endfacet
  facet normal -0.8467408057947945 -0.41756635541176557 0.32964882318934097
    outer loop
      vertex 56.84384547973836 73.63997116461397 2.821983255445957
      vertex 57.27978175643123 72.6224911158166 2.6528930068016052
      vertex 57.33444515484977 72.64513343680696 2.821983255445957
    endloop
  endfacet
  facet normal -0.7598640214935274 -0.37472346660528777 0.5312146387431356
    outer loop
      vertex 56.71006435063768 73.5627325937152 2.501208156347275
      vertex 57.27978175643123 72.6224911158166 2.6528930068016052
      vertex 56.79260515021297 73.61038754656911 2.6528930068016052
    endloop
  endfacet
  facet normal -0.8467408057947934 -0.4175663554117655 0.32964882318934347
    outer loop
      vertex 56.79260515021297 73.61038754656911 2.6528930068016052
      vertex 57.27978175643123 72.6224911158166 2.6528930068016052
      vertex 56.84384547973836 73.63997116461397 2.821983255445957
    endloop
  endfacet
  facet normal -0.5953746523246803 -0.3978166242419747 0.6980479617089254
    outer loop
      vertex 56.10503561592629 74.46822208466249 2.501208156347275
      vertex 56.455223222873585 73.41560000000001 2.2
      vertex 56.71006435063768 73.5627325937152 2.501208156347275
    endloop
  endfacet
  facet normal -0.7044520522211157 -0.4706998127325524 0.531214638743134
    outer loop
      vertex 56.10503561592629 74.46822208466249 2.501208156347275
      vertex 56.71006435063768 73.5627325937152 2.501208156347275
      vertex 56.79260515021297 73.61038754656911 2.6528930068016052
    endloop
  endfacet
  facet normal -0.704452052221138 -0.4706998127325797 0.5312146387430806
    outer loop
      vertex 56.10503561592629 74.46822208466249 2.501208156347275
      vertex 56.79260515021297 73.61038754656911 2.6528930068016052
      vertex 56.18065004798244 74.52624307905987 2.6528930068016052
    endloop
  endfacet
  facet normal -0.7849934744496483 -0.5245158705333095 0.3296488231893963
    outer loop
      vertex 56.18065004798244 74.52624307905987 2.6528930068016052
      vertex 56.79260515021297 73.61038754656911 2.6528930068016052
      vertex 56.22759057237001 74.56226181025234 2.821983255445957
    endloop
  endfacet
  facet normal -0.784993474449668 -0.5245158705333122 0.3296488231893453
    outer loop
      vertex 56.22759057237001 74.56226181025234 2.821983255445957
      vertex 56.79260515021297 73.61038754656911 2.6528930068016052
      vertex 56.84384547973836 73.63997116461397 2.821983255445957
    endloop
  endfacet
  facet normal -0.7471324285055108 -0.6552175545379498 0.1117277517037137
    outer loop
      vertex 56.22759057237001 74.56226181025234 2.821983255445957
      vertex 56.243503392475496 74.57447214657414 3
      vertex 55.49622472506791 75.39622472506792 2.821983255445957
    endloop
  endfacet
  facet normal -0.4395194560552456 -0.891257290151459 0.11172775170376822
    outer loop
      vertex 52.74513343680696 77.23444515484977 2.821983255445957
      vertex 53.73997116461396 76.74384547973837 2.821983255445957
      vertex 52.752809175103266 77.25297602634595 3
    endloop
  endfacet
  facet normal -0.4395194560552575 -0.8912572901514608 0.11172775170370727
    outer loop
      vertex 53.73997116461396 76.74384547973837 2.821983255445957
      vertex 53.75 76.76121593216773 3
      vertex 52.752809175103266 77.25297602634595 3
    endloop
  endfacet
  facet normal -0.5520917265516166 -0.8262636594771003 0.1117277517037076
    outer loop
      vertex 53.73997116461396 76.74384547973837 2.821983255445957
      vertex 54.674472146574125 76.14350339247551 3
      vertex 53.75 76.76121593216773 3
    endloop
  endfacet
  facet normal -0.6552175545378724 -0.7471324285055729 0.11172775170375038
    outer loop
      vertex 54.66226181025233 76.12759057237001 2.821983255445957
      vertex 54.699999999999996 76.09449506820536 2.821983255445957
      vertex 54.699999999999996 76.1211160658703 3
    endloop
  endfacet
  facet normal -0.6552175545378612 -0.7471324285055834 0.11172775170374762
    outer loop
      vertex 54.66226181025233 76.12759057237001 2.821983255445957
      vertex 54.699999999999996 76.1211160658703 3
      vertex 54.674472146574125 76.14350339247551 3
    endloop
  endfacet
  facet normal -0.6552175545379484 -0.7471324285055101 0.11172775170372633
    outer loop
      vertex 55.14983541161311 75.7 2.821983255445957
      vertex 55.49622472506791 75.39622472506792 2.821983255445957
      vertex 55.180190841648354 75.7 3
    endloop
  endfacet
  facet normal -0.5520917265516199 -0.8262636594770921 0.1117277517037522
    outer loop
      vertex 53.73997116461396 76.74384547973837 2.821983255445957
      vertex 54.66226181025233 76.12759057237001 2.821983255445957
      vertex 54.674472146574125 76.14350339247551 3
    endloop
  endfacet
  facet normal -0.6552175545379552 -0.7471324285055069 0.11172775170370877
    outer loop
      vertex 55.49622472506791 75.39622472506792 2.821983255445957
      vertex 55.51040764008565 75.41040764008567 3
      vertex 55.180190841648354 75.7 3
    endloop
  endfacet
  facet normal -0.7471324285055105 -0.6552175545379507 0.1117277517037087
    outer loop
      vertex 55.49622472506791 75.39622472506792 2.821983255445957
      vertex 56.243503392475496 74.57447214657414 3
      vertex 55.51040764008565 75.41040764008567 3
    endloop
  endfacet
  facet normal -0.6593458150999812 -0.7518398074790543 -6.020930098055806e-19
    outer loop
      vertex 54.674472146574125 76.14350339247551 3
      vertex 54.699999999999996 76.1211160658703 3
      vertex 54.699999999999996 76.1211160658703 5.6000000000000005
    endloop
  endfacet
  facet normal -0.9916111826068723 -0.06499363067437185 0.11172775170369978
    outer loop
      vertex 58 69.4 3
      vertex 57.927281321677384 70.50947263387044 3
      vertex 57.907395247059284 70.50685458247976 2.821983255445957
    endloop
  endfacet
  facet normal -0.9746444403459092 -0.19386883298262644 0.11172775170370085
    outer loop
      vertex 57.907395247059284 70.50685458247976 2.821983255445957
      vertex 57.927281321677384 70.50947263387044 3
      vertex 57.69099530124313 71.59477057617522 2.821983255445957
    endloop
  endfacet
  facet normal -0.9410012614881356 -0.31942688580796025 0.11172775170370997
    outer loop
      vertex 57.33444515484977 72.64513343680696 2.821983255445957
      vertex 57.71036952345708 71.59996188337144 3
      vertex 57.352976026345935 72.65280917510327 3
    endloop
  endfacet
  facet normal -0.941001261488134 -0.3194268858079551 0.11172775170373735
    outer loop
      vertex 57.69099530124313 71.59477057617522 2.821983255445957
      vertex 57.71036952345708 71.59996188337144 3
      vertex 57.33444515484977 72.64513343680696 2.821983255445957
    endloop
  endfacet
  facet normal -0.9746444403459066 -0.19386883298262023 0.11172775170373521
    outer loop
      vertex 57.69099530124313 71.59477057617522 2.821983255445957
      vertex 57.927281321677384 70.50947263387044 3
      vertex 57.71036952345708 71.59996188337144 3
    endloop
  endfacet
  facet normal -0.891257290151465 -0.43951945605524695 0.11172775170371532
    outer loop
      vertex 57.33444515484977 72.64513343680696 2.821983255445957
      vertex 57.352976026345935 72.65280917510327 3
      vertex 56.86121593216773 73.65 3
    endloop
  endfacet
  facet normal -0.8912572901514604 -0.4395194560552495 0.11172775170374237
    outer loop
      vertex 56.84384547973836 73.63997116461397 2.821983255445957
      vertex 57.33444515484977 72.64513343680696 2.821983255445957
      vertex 56.86121593216773 73.65 3
    endloop
  endfacet
  facet normal -0.8262636594770962 -0.5520917265516224 0.11172775170370908
    outer loop
      vertex 56.22759057237001 74.56226181025234 2.821983255445957
      vertex 56.86121593216773 73.65 3
      vertex 56.243503392475496 74.57447214657414 3
    endloop
  endfacet
  facet normal -0.8262636594770961 -0.5520917265516162 0.11172775170374033
    outer loop
      vertex 56.22759057237001 74.56226181025234 2.821983255445957
      vertex 56.84384547973836 73.63997116461397 2.821983255445957
      vertex 56.86121593216773 73.65 3
    endloop
  endfacet
  facet normal -0.06540312923014698 -0.9978589232386033 -4.694112966713134e-17
    outer loop
      vertex 49.5 77.9 3
      vertex 50.60947263387044 77.82728132167739 3
      vertex 49.499999999999986 77.9 22.799999999999994
    endloop
  endfacet
  facet normal -0.32143946530315326 -0.9469301294951085 0
    outer loop
      vertex 51.69996188337143 77.61036952345708 3
      vertex 52.752809175103266 77.25297602634595 3
      vertex 51.69996188337143 77.61036952345708 22.799999999999994
    endloop
  endfacet
  facet normal -0.19509032201612866 -0.9807852804032303 1.7378825716625896e-19
    outer loop
      vertex 50.60947263387044 77.82728132167739 3
      vertex 51.69996188337143 77.61036952345708 3
      vertex 51.69996188337143 77.61036952345708 22.799999999999994
    endloop
  endfacet
  facet normal -0.7518398074789778 -0.6593458151000684 0
    outer loop
      vertex 56.243503392475496 74.57447214657414 3
      vertex 56.243503392475496 74.57447214657414 22.799999999999994
      vertex 55.51040764008565 75.41040764008567 3
    endloop
  endfacet
  facet normal -0.4422886902190092 -0.8968727415326844 -8.761260210880286e-19
    outer loop
      vertex 52.752809175103266 77.25297602634595 3
      vertex 53.75 76.76121593216773 3
      vertex 53.75 76.76121593216773 22.799999999999994
    endloop
  endfacet
  facet normal -0.5555702330195968 -0.8314696123025488 0
    outer loop
      vertex 53.75 76.76121593216773 3
      vertex 54.674472146574125 76.14350339247551 3
      vertex 53.75 76.76121593216773 22.799999999999994
    endloop
  endfacet
  facet normal -0.6593458151000728 -0.751839807478974 -6.9564113047712e-19
    outer loop
      vertex 55.180190841648354 75.7 3
      vertex 55.51040764008565 75.41040764008567 3
      vertex 55.51040764008565 75.41040764008567 22.799999999999994
    endloop
  endfacet
  facet normal -0.6593458150999811 -0.7518398074790543 0
    outer loop
      vertex 54.674472146574125 76.14350339247551 3
      vertex 54.699999999999996 76.1211160658703 5.6000000000000005
      vertex 54.674472146574125 76.14350339247551 22.799999999999994
    endloop
  endfacet
  facet normal -0.6593458151000727 -0.7518398074789738 0
    outer loop
      vertex 55.180190841648354 75.7 3
      vertex 55.51040764008565 75.41040764008567 22.799999999999994
      vertex 55.180190841648354 75.7 5.6000000000000005
    endloop
  endfacet
  facet normal -0.65934581510007 -0.7518398074789764 -2.3332536705724707e-16
    outer loop
      vertex 54.699999999999996 76.1211160658703 5.6000000000000005
      vertex 55.180190841648354 75.7 5.6000000000000005
      vertex 54.674472146574125 76.14350339247551 22.799999999999994
    endloop
  endfacet
  facet normal -0.9978589232386033 -0.06540312923014698 -1.0451252172627551e-19
    outer loop
      vertex 58 69.4 3
      vertex 57.927281321677384 70.50947263387044 22.799999999999994
      vertex 57.927281321677384 70.50947263387044 3
    endloop
  endfacet
  facet normal -0.9807852804032315 -0.19509032201612256 0
    outer loop
      vertex 57.927281321677384 70.50947263387044 3
      vertex 57.927281321677384 70.50947263387044 22.799999999999994
      vertex 57.71036952345708 71.59996188337144 3
    endloop
  endfacet
  facet normal -0.9469301294951047 -0.32143946530316475 -1.057645436615928e-18
    outer loop
      vertex 57.71036952345708 71.59996188337144 3
      vertex 57.352976026345935 72.65280917510327 22.799999999999994
      vertex 57.352976026345935 72.65280917510327 3
    endloop
  endfacet
  facet normal -0.8968727415326895 -0.44228869021899886 -1.679457272484309e-19
    outer loop
      vertex 56.86121593216773 73.65 3
      vertex 57.352976026345935 72.65280917510327 3
      vertex 57.352976026345935 72.65280917510327 22.799999999999994
    endloop
  endfacet
  facet normal -0.8314696123025449 -0.5555702330196027 1.1260375206369468e-18
    outer loop
      vertex 56.243503392475496 74.57447214657414 3
      vertex 56.86121593216773 73.65 3
      vertex 56.86121593216773 73.65 22.799999999999994
    endloop
  endfacet
  facet normal 0 -1 0
    outer loop
      vertex 48 77.9 10
      vertex 21.75 77.9 15.700000000000003
      vertex 20.88961044227873 77.9 15.767714126726744
    endloop
  endfacet
  facet normal 0 -1 0
    outer loop
      vertex 48 77.9 10
      vertex 22.61038955772127 77.9 15.767714126726744
      vertex 21.75 77.9 15.700000000000003
    endloop
  endfacet
  facet normal 0 -1 0
    outer loop
      vertex 48 77.9 10
      vertex 23.44959346906221 77.9 15.969189160376658
      vertex 22.61038955772127 77.9 15.767714126726744
    endloop
  endfacet
  facet normal 0 -1 0
    outer loop
      vertex 48 77.9 10
      vertex 24.246947748567507 77.9 16.29946411696398
      vertex 23.44959346906221 77.9 15.969189160376658
    endloop
  endfacet
  facet normal 0 -1 0
    outer loop
      vertex 48 77.9 10
      vertex 24.9828188876086 77.9 16.75040653093779
      vertex 24.246947748567507 77.9 16.29946411696398
    endloop
  endfacet
  facet normal 0 -1 0
    outer loop
      vertex 48 77.9 10
      vertex 25.63908729652601 77.9 17.310912703473992
      vertex 24.9828188876086 77.9 16.75040653093779
    endloop
  endfacet
  facet normal 0 -1 0
    outer loop
      vertex 48 77.9 10
      vertex 26.19959346906221 77.9 17.9671811123914
      vertex 25.63908729652601 77.9 17.310912703473992
    endloop
  endfacet
  facet normal 0 -1 0
    outer loop
      vertex 48 77.9 10
      vertex 26.650535883036024 77.9 18.703052251432496
      vertex 26.19959346906221 77.9 17.9671811123914
    endloop
  endfacet
  facet normal 0 -1 0
    outer loop
      vertex 48 77.9 10
      vertex 26.980810839623345 77.9 19.50040653093779
      vertex 26.650535883036024 77.9 18.703052251432496
    endloop
  endfacet
  facet normal 0 -1 0
    outer loop
      vertex 49.499999999999986 77.9 22.799999999999994
      vertex 27.18228587327326 77.9 20.339610442278733
      vertex 26.980810839623345 77.9 19.50040653093779
    endloop
  endfacet
  facet normal 0 -1 0
    outer loop
      vertex 49.499999999999986 77.9 22.799999999999994
      vertex 27.25 77.9 21.200000000000003
      vertex 27.18228587327326 77.9 20.339610442278733
    endloop
  endfacet
  facet normal 0 -1 0
    outer loop
      vertex 49.499999999999986 77.9 22.799999999999994
      vertex 27.18228587327326 77.9 22.060389557721273
      vertex 27.25 77.9 21.200000000000003
    endloop
  endfacet
  facet normal 0 -1 0
    outer loop
      vertex 49.499999999999986 77.9 22.799999999999994
      vertex 27.004721116088287 77.9 22.799999999999994
      vertex 27.18228587327326 77.9 22.060389557721273
    endloop
  endfacet
  facet normal 0 -1 0
    outer loop
      vertex 48 77.9 10
      vertex 49.499999999999986 77.9 22.799999999999994
      vertex 26.980810839623345 77.9 19.50040653093779
    endloop
  endfacet
  facet normal -1 0 0
    outer loop
      vertex 58 10 10
      vertex 58 42.6 15.500000000000004
      vertex 58 67.9 10
    endloop
  endfacet
  facet normal -1 0 0
    outer loop
      vertex 58 67.9 10
      vertex 58 42.6 15.500000000000004
      vertex 58 47.4 15.500000000000004
    endloop
  endfacet
  facet normal -1 0 0
    outer loop
      vertex 58 67.9 10
      vertex 58 47.4 15.500000000000004
      vertex 58 57.629179606750064 15.258732180445818
    endloop
  endfacet
  facet normal -1 0 0
    outer loop
      vertex 58 47.4 15.500000000000004
      vertex 58 57.29465769724903 15.429179606750065
      vertex 58 57.629179606750064 15.258732180445818
    endloop
  endfacet
  facet normal -1 0 0
    outer loop
      vertex 58 47.4 15.500000000000004
      vertex 58 57.02917960675006 15.694657697249035
      vertex 58 57.29465769724903 15.429179606750065
    endloop
  endfacet
  facet normal -1 0 0
    outer loop
      vertex 58 47.4 15.500000000000004
      vertex 58 47.4 17.700000000000003
      vertex 58 56.8 16.400000000000002
    endloop
  endfacet
  facet normal -1 0 0
    outer loop
      vertex 58 47.4 15.500000000000004
      vertex 58 56.8 16.400000000000002
      vertex 58 56.85873218044581 16.029179606750063
    endloop
  endfacet
  facet normal -1 0 0
    outer loop
      vertex 58 47.4 15.500000000000004
      vertex 58 56.85873218044581 16.029179606750063
      vertex 58 57.02917960675006 15.694657697249035
    endloop
  endfacet
  facet normal -1 0 0
    outer loop
      vertex 58 47.4 17.700000000000003
      vertex 58 56.85873218044581 16.770820393249938
      vertex 58 56.8 16.400000000000002
    endloop
  endfacet
  facet normal -1 0 0
    outer loop
      vertex 58 8.500000000000021 22.799999999999994
      vertex 58 69.4 22.799999999999994
      vertex 58 42.6 17.700000000000003
    endloop
  endfacet
  facet normal -1 0 0
    outer loop
      vertex 58 47.4 17.700000000000003
      vertex 58 57.02917960675006 17.10534230275097
      vertex 58 56.85873218044581 16.770820393249938
    endloop
  endfacet
  facet normal -1 0 0
    outer loop
      vertex 58 47.4 17.700000000000003
      vertex 58 57.29465769724903 17.37082039324994
      vertex 58 57.02917960675006 17.10534230275097
    endloop
  endfacet
  facet normal -1 0 0
    outer loop
      vertex 58 47.4 17.700000000000003
      vertex 58 57.629179606750064 17.541267819554186
      vertex 58 57.29465769724903 17.37082039324994
    endloop
  endfacet
  facet normal -1 0 0
    outer loop
      vertex 58 69.4 22.799999999999994
      vertex 58 47.4 17.700000000000003
      vertex 58 42.6 17.700000000000003
    endloop
  endfacet
  facet normal -1 0 0
    outer loop
      vertex 58 69.4 22.799999999999994
      vertex 58 57.629179606750064 17.541267819554186
      vertex 58 47.4 17.700000000000003
    endloop
  endfacet
  facet normal 0 -1 0
    outer loop
      vertex 49.5 77.9 3
      vertex 49.499999999999986 77.9 22.799999999999994
      vertex 48 77.9 10
    endloop
  endfacet
  facet normal -0.06540312923014614 -0.9978589232386033 0
    outer loop
      vertex 50.60947263387044 77.82728132167739 3
      vertex 50.60947263387044 77.82728132167739 22.799999999999994
      vertex 49.499999999999986 77.9 22.799999999999994
    endloop
  endfacet
  facet normal -0.19509032201612866 -0.9807852804032303 0
    outer loop
      vertex 50.60947263387044 77.82728132167739 3
      vertex 51.69996188337143 77.61036952345708 22.799999999999994
      vertex 50.60947263387044 77.82728132167739 22.799999999999994
    endloop
  endfacet
  facet normal -1 0 0
    outer loop
      vertex 58 67.9 10
      vertex 58 57.629179606750064 15.258732180445818
      vertex 58 58 15.200000000000003
    endloop
  endfacet
  facet normal -1 0 0
    outer loop
      vertex 58 67.9 10
      vertex 58 58 15.200000000000003
      vertex 58 58.370820393249936 15.258732180445818
    endloop
  endfacet
  facet normal -1 0 0
    outer loop
      vertex 58 67.9 10
      vertex 58 58.370820393249936 15.258732180445818
      vertex 58 58.70534230275097 15.429179606750065
    endloop
  endfacet
  facet normal -1 0 0
    outer loop
      vertex 58 67.9 10
      vertex 58 58.70534230275097 15.429179606750065
      vertex 58 58.97082039324994 15.694657697249035
    endloop
  endfacet
  facet normal -1 0 0
    outer loop
      vertex 58 67.9 10
      vertex 58 58.97082039324994 15.694657697249035
      vertex 58 59.14126781955419 16.029179606750063
    endloop
  endfacet
  facet normal -1 0 0
    outer loop
      vertex 58 69.4 3
      vertex 58 67.9 10
      vertex 58 69.4 22.799999999999994
    endloop
  endfacet
  facet normal -1 0 0
    outer loop
      vertex 58 67.9 10
      vertex 58 59.14126781955419 16.029179606750063
      vertex 58 69.4 22.799999999999994
    endloop
  endfacet
  facet normal -0.9978589232386033 -0.06540312923014698 0
    outer loop
      vertex 58 69.4 3
      vertex 58 69.4 22.799999999999994
      vertex 57.927281321677384 70.50947263387044 22.799999999999994
    endloop
  endfacet
  facet normal -0.32143946530315326 -0.9469301294951085 0
    outer loop
      vertex 52.752809175103266 77.25297602634595 3
      vertex 52.752809175103266 77.25297602634595 22.799999999999994
      vertex 51.69996188337143 77.61036952345708 22.799999999999994
    endloop
  endfacet
  facet normal -0.4422886902190092 -0.8968727415326844 0
    outer loop
      vertex 52.752809175103266 77.25297602634595 3
      vertex 53.75 76.76121593216773 22.799999999999994
      vertex 52.752809175103266 77.25297602634595 22.799999999999994
    endloop
  endfacet
  facet normal -0.5555702330195968 -0.8314696123025488 0
    outer loop
      vertex 54.674472146574125 76.14350339247551 3
      vertex 54.674472146574125 76.14350339247551 22.799999999999994
      vertex 53.75 76.76121593216773 22.799999999999994
    endloop
  endfacet
  facet normal -0.7518398074789778 -0.6593458151000684 0
    outer loop
      vertex 55.51040764008565 75.41040764008567 3
      vertex 56.243503392475496 74.57447214657414 22.799999999999994
      vertex 55.51040764008565 75.41040764008567 22.799999999999994
    endloop
  endfacet
  facet normal -0.6593458151000685 -0.7518398074789778 -1.492301427774219e-16
    outer loop
      vertex 55.180190841648354 75.7 5.6000000000000005
      vertex 55.51040764008565 75.41040764008567 22.799999999999994
      vertex 54.674472146574125 76.14350339247551 22.799999999999994
    endloop
  endfacet
  facet normal -0.9469301294951047 -0.32143946530316475 0
    outer loop
      vertex 57.71036952345708 71.59996188337144 3
      vertex 57.71036952345708 71.59996188337144 22.799999999999994
      vertex 57.352976026345935 72.65280917510327 22.799999999999994
    endloop
  endfacet
  facet normal -0.9807852804032315 -0.19509032201612256 0
    outer loop
      vertex 57.71036952345708 71.59996188337144 3
      vertex 57.927281321677384 70.50947263387044 22.799999999999994
      vertex 57.71036952345708 71.59996188337144 22.799999999999994
    endloop
  endfacet
  facet normal -0.8968727415326895 -0.44228869021899886 0
    outer loop
      vertex 56.86121593216773 73.65 3
      vertex 57.352976026345935 72.65280917510327 22.799999999999994
      vertex 56.86121593216773 73.65 22.799999999999994
    endloop
  endfacet
  facet normal -0.8314696123025449 -0.5555702330196027 0
    outer loop
      vertex 56.243503392475496 74.57447214657414 3
      vertex 56.86121593216773 73.65 22.799999999999994
      vertex 56.243503392475496 74.57447214657414 22.799999999999994
    endloop
  endfacet
  facet normal -1 0 0
    outer loop
      vertex 58 69.4 22.799999999999994
      vertex 58 59.14126781955419 16.029179606750063
      vertex 58 59.2 16.400000000000002
    endloop
  endfacet
  facet normal -1 0 0
    outer loop
      vertex 58 69.4 22.799999999999994
      vertex 58 58 17.6
      vertex 58 57.629179606750064 17.541267819554186
    endloop
  endfacet
  facet normal -1 0 0
    outer loop
      vertex 58 69.4 22.799999999999994
      vertex 58 58.370820393249936 17.541267819554186
      vertex 58 58 17.6
    endloop
  endfacet
  facet normal -1 0 0
    outer loop
      vertex 58 69.4 22.799999999999994
      vertex 58 59.2 16.400000000000002
      vertex 58 59.14126781955419 16.770820393249938
    endloop
  endfacet
  facet normal -1 0 0
    outer loop
      vertex 58 69.4 22.799999999999994
      vertex 58 59.14126781955419 16.770820393249938
      vertex 58 58.97082039324994 17.10534230275097
    endloop
  endfacet
  facet normal -1 0 0
    outer loop
      vertex 58 69.4 22.799999999999994
      vertex 58 58.97082039324994 17.10534230275097
      vertex 58 58.70534230275097 17.37082039324994
    endloop
  endfacet
  facet normal -1 0 0
    outer loop
      vertex 58 69.4 22.799999999999994
      vertex 58 58.70534230275097 17.37082039324994
      vertex 58 58.370820393249936 17.541267819554186
    endloop
  endfacet
  facet normal 0 0 1
    outer loop
      vertex 0.011119256519407093 1.9862527077924388 22.799999999999994
      vertex 1.7564966075245014 3.3255278534258736 22.799999999999994
      vertex -0.7664718230744505 3.149999998509884 22.799999999999994
    endloop
  endfacet
  facet normal 0 0 1
    outer loop
      vertex 0.011119256519407093 1.9862527077924388 22.799999999999994
      vertex 0.9339574391965986 0.9339574391965986 22.799999999999994
      vertex 2.489592359914346 2.489592359914345 22.799999999999994
    endloop
  endfacet
  facet normal 0 0 1
    outer loop
      vertex 0.011119256519407093 1.9862527077924388 22.799999999999994
      vertex 2.489592359914346 2.489592359914345 22.799999999999994
      vertex 1.7564966075245014 3.3255278534258736 22.799999999999994
    endloop
  endfacet
  facet normal 0 0 1
    outer loop
      vertex -1.3855110006241438 4.405287272553054 22.799999999999994
      vertex -0.7664718230744505 3.149999998509884 22.799999999999994
      vertex 1.1387840678322716 4.25 22.799999999999994
    endloop
  endfacet
  facet normal 0 0 1
    outer loop
      vertex -1.3855110006241438 4.405287272553054 22.799999999999994
      vertex 0.6470239736540631 5.247190824896737 22.799999999999994
      vertex -1.835406344171714 5.730636216631688 22.799999999999994
    endloop
  endfacet
  facet normal 0 0 1
    outer loop
      vertex -2.1084600196545065 7.103369742856451 22.799999999999994
      vertex 0.07271867832261236 7.390527366129562 22.799999999999994
      vertex -2.2000000029802322 8.500000000000021 22.799999999999994
    endloop
  endfacet
  facet normal 0 0 1
    outer loop
      vertex -1.835406344171714 5.730636216631688 22.799999999999994
      vertex 0.28963047654291973 6.300038116628574 22.799999999999994
      vertex -2.1084600196545065 7.103369742856451 22.799999999999994
    endloop
  endfacet
  facet normal 0 0 1
    outer loop
      vertex -1.835406344171714 5.730636216631688 22.799999999999994
      vertex 0.6470239736540631 5.247190824896737 22.799999999999994
      vertex 0.28963047654291973 6.300038116628574 22.799999999999994
    endloop
  endfacet
  facet normal 0 0 1
    outer loop
      vertex -2.1084600196545065 7.103369742856451 22.799999999999994
      vertex 0.28963047654291973 6.300038116628574 22.799999999999994
      vertex 0.07271867832261236 7.390527366129562 22.799999999999994
    endloop
  endfacet
  facet normal 0 0 1
    outer loop
      vertex -0.7664718230744505 3.149999998509884 22.799999999999994
      vertex 1.7564966075245014 3.3255278534258736 22.799999999999994
      vertex 1.1387840678322716 4.25 22.799999999999994
    endloop
  endfacet
  facet normal 0 0 1
    outer loop
      vertex -1.3855110006241438 4.405287272553054 22.799999999999994
      vertex 1.1387840678322716 4.25 22.799999999999994
      vertex 0.6470239736540631 5.247190824896737 22.799999999999994
    endloop
  endfacet
  facet normal 0 0 1
    outer loop
      vertex 1.986252707792438 0.011119256519407704 22.799999999999994
      vertex 3.149999998509884 -0.7664718230744505 22.799999999999994
      vertex 4.25 1.1387840678322716 22.799999999999994
    endloop
  endfacet
  facet normal 0 0 1
    outer loop
      vertex 0.9339574391965986 0.9339574391965986 22.799999999999994
      vertex 1.986252707792438 0.011119256519407704 22.799999999999994
      vertex 3.325527853425874 1.7564966075245012 22.799999999999994
    endloop
  endfacet
  facet normal 0 0 1
    outer loop
      vertex 0.9339574391965986 0.9339574391965986 22.799999999999994
      vertex 3.325527853425874 1.7564966075245012 22.799999999999994
      vertex 2.489592359914346 2.489592359914345 22.799999999999994
    endloop
  endfacet
  facet normal 0 0 1
    outer loop
      vertex 1.986252707792438 0.011119256519407704 22.799999999999994
      vertex 4.25 1.1387840678322716 22.799999999999994
      vertex 3.325527853425874 1.7564966075245012 22.799999999999994
    endloop
  endfacet
  facet normal 0 0 1
    outer loop
      vertex 3.149999998509884 -0.7664718230744505 22.799999999999994
      vertex 4.4052872725530525 -1.3855110006241433 22.799999999999994
      vertex 5.247190824896737 0.6470239736540631 22.799999999999994
    endloop
  endfacet
  facet normal 0 0 1
    outer loop
      vertex 3.149999998509884 -0.7664718230744505 22.799999999999994
      vertex 5.247190824896737 0.6470239736540631 22.799999999999994
      vertex 4.25 1.1387840678322716 22.799999999999994
    endloop
  endfacet
  facet normal 0 0 1
    outer loop
      vertex 4.4052872725530525 -1.3855110006241433 22.799999999999994
      vertex 5.730636216631687 -1.835406344171714 22.799999999999994
      vertex 6.300038116628574 0.28963047654291957 22.799999999999994
    endloop
  endfacet
  facet normal 0 0 1
    outer loop
      vertex 4.4052872725530525 -1.3855110006241433 22.799999999999994
      vertex 6.300038116628574 0.28963047654291957 22.799999999999994
      vertex 5.247190824896737 0.6470239736540631 22.799999999999994
    endloop
  endfacet
  facet normal 0 0 1
    outer loop
      vertex 0.07271867832261236 7.390527366129562 22.799999999999994
      vertex 0 8.5 22.799999999999994
      vertex -2.2000000029802322 8.500000000000021 22.799999999999994
    endloop
  endfacet
  facet normal 0 0 1
    outer loop
      vertex 5.730636216631687 -1.835406344171714 22.799999999999994
      vertex 7.390527366129562 0.07271867832261236 22.799999999999994
      vertex 6.300038116628574 0.28963047654291957 22.799999999999994
    endloop
  endfacet
  facet normal 0 0 1
    outer loop
      vertex 5.730636216631687 -1.835406344171714 22.799999999999994
      vertex 7.10336974285645 -2.1084600196545065 22.799999999999994
      vertex 7.390527366129562 0.07271867832261236 22.799999999999994
    endloop
  endfacet
  facet normal 0 0 1
    outer loop
      vertex 7.10336974285645 -2.1084600196545065 22.799999999999994
      vertex 8.5 -2.2000000029802322 22.799999999999994
      vertex 8.500000000000014 0 22.799999999999994
    endloop
  endfacet
  facet normal 0 0 1
    outer loop
      vertex 7.10336974285645 -2.1084600196545065 22.799999999999994
      vertex 8.500000000000014 0 22.799999999999994
      vertex 7.390527366129562 0.07271867832261236 22.799999999999994
    endloop
  endfacet
  facet normal 0 0 1
    outer loop
      vertex 8.5 -2.2000000029802322 22.799999999999994
      vertex 13.629999999992682 0 22.799999999999994
      vertex 8.500000000000014 0 22.799999999999994
    endloop
  endfacet
  facet normal 0 0 1
    outer loop
      vertex 8.5 -2.2000000029802322 22.799999999999994
      vertex 13.629999999992682 -2.2000000029802322 22.799999999999994
      vertex 13.629999999992682 0 22.799999999999994
    endloop
  endfacet
  facet normal 0 0 1
    outer loop
      vertex -2.2000000029802322 8.500000000000021 22.799999999999994
      vertex 0 8.5 22.799999999999994
      vertex -2.2000000029802322 69.4 22.799999999999994
    endloop
  endfacet
  facet normal 0 0 1
    outer loop
      vertex 0 8.5 22.799999999999994
      vertex 0 69.39999999999998 22.799999999999994
      vertex -2.2000000029802322 69.4 22.799999999999994
    endloop
  endfacet
  facet normal 0 0 1
    outer loop
      vertex -2.2000000029802322 69.4 22.799999999999994
      vertex 0 69.39999999999998 22.799999999999994
      vertex -2.1084600196545065 70.79663025714356 22.799999999999994
    endloop
  endfacet
  facet normal 0 0 1
    outer loop
      vertex -2.1084600196545065 70.79663025714356 22.799999999999994
      vertex 0.07271867832261236 70.50947263387044 22.799999999999994
      vertex -1.835406344171714 72.16936378336831 22.799999999999994
    endloop
  endfacet
  facet normal 0 0 1
    outer loop
      vertex 0 69.39999999999998 22.799999999999994
      vertex 0.07271867832261236 70.50947263387044 22.799999999999994
      vertex -2.1084600196545065 70.79663025714356 22.799999999999994
    endloop
  endfacet
  facet normal 0 0 1
    outer loop
      vertex -1.835406344171714 72.16936378336831 22.799999999999994
      vertex 0.07271867832261236 70.50947263387044 22.799999999999994
      vertex 0.2896304765429196 71.59996188337144 22.799999999999994
    endloop
  endfacet
  facet normal 0 0 1
    outer loop
      vertex -1.835406344171714 72.16936378336831 22.799999999999994
      vertex 0.2896304765429196 71.59996188337144 22.799999999999994
      vertex -1.3855110006241433 73.49471272744695 22.799999999999994
    endloop
  endfacet
  facet normal 0 0 1
    outer loop
      vertex -1.3855110006241433 73.49471272744695 22.799999999999994
      vertex 0.647023973654063 72.65280917510327 22.799999999999994
      vertex -0.7664718230744505 74.75000000149012 22.799999999999994
    endloop
  endfacet
  facet normal 0 0 1
    outer loop
      vertex -1.3855110006241433 73.49471272744695 22.799999999999994
      vertex 0.2896304765429196 71.59996188337144 22.799999999999994
      vertex 0.647023973654063 72.65280917510327 22.799999999999994
    endloop
  endfacet
  facet normal 0 0 1
    outer loop
      vertex -0.7664718230744505 74.75000000149012 22.799999999999994
      vertex 1.1387840678322714 73.65 22.799999999999994
      vertex 0.011119256519407372 75.91374729220757 22.799999999999994
    endloop
  endfacet
  facet normal 0 0 1
    outer loop
      vertex -0.7664718230744505 74.75000000149012 22.799999999999994
      vertex 0.647023973654063 72.65280917510327 22.799999999999994
      vertex 1.1387840678322714 73.65 22.799999999999994
    endloop
  endfacet
  facet normal 0 0 1
    outer loop
      vertex 1.1387840678322714 73.65 22.799999999999994
      vertex 1.7564966075245012 74.57447214657414 22.799999999999994
      vertex 0.011119256519407372 75.91374729220757 22.799999999999994
    endloop
  endfacet
  facet normal 0 0 1
    outer loop
      vertex 0.011119256519407372 75.91374729220757 22.799999999999994
      vertex 1.7564966075245012 74.57447214657414 22.799999999999994
      vertex 0.9339574391965986 76.9660425608034 22.799999999999994
    endloop
  endfacet
  facet normal 0 0 1
    outer loop
      vertex 0.9339574391965986 76.9660425608034 22.799999999999994
      vertex 1.7564966075245012 74.57447214657414 22.799999999999994
      vertex 2.489592359914345 75.41040764008567 22.799999999999994
    endloop
  endfacet
  facet normal 0 0 1
    outer loop
      vertex 0.9339574391965986 76.9660425608034 22.799999999999994
      vertex 2.489592359914345 75.41040764008567 22.799999999999994
      vertex 1.9862527077924388 77.8888807434806 22.799999999999994
    endloop
  endfacet
  facet normal 0 0 1
    outer loop
      vertex 2.489592359914345 75.41040764008567 22.799999999999994
      vertex 3.3255278534258736 76.14350339247551 22.799999999999994
      vertex 1.9862527077924388 77.8888807434806 22.799999999999994
    endloop
  endfacet
  facet normal 0 0 1
    outer loop
      vertex 3.3255278534258736 76.14350339247551 22.799999999999994
      vertex 4.25 76.76121593216773 22.799999999999994
      vertex 3.149999998509884 78.66647182307446 22.799999999999994
    endloop
  endfacet
  facet normal 0 0 1
    outer loop
      vertex 3.3255278534258736 76.14350339247551 22.799999999999994
      vertex 3.149999998509884 78.66647182307446 22.799999999999994
      vertex 1.9862527077924388 77.8888807434806 22.799999999999994
    endloop
  endfacet
  facet normal 0 0 1
    outer loop
      vertex 3.149999998509884 78.66647182307446 22.799999999999994
      vertex 4.25 76.76121593216773 22.799999999999994
      vertex 4.405287272553053 79.28551100062415 22.799999999999994
    endloop
  endfacet
  facet normal 0 0 1
    outer loop
      vertex 4.25 76.76121593216773 22.799999999999994
      vertex 5.247190824896737 77.25297602634595 22.799999999999994
      vertex 4.405287272553053 79.28551100062415 22.799999999999994
    endloop
  endfacet
  facet normal 0 0 1
    outer loop
      vertex 5.247190824896737 77.25297602634595 22.799999999999994
      vertex 5.730636216631687 79.73540634417172 22.799999999999994
      vertex 4.405287272553053 79.28551100062415 22.799999999999994
    endloop
  endfacet
  facet normal 0 0 1
    outer loop
      vertex 5.247190824896737 77.25297602634595 22.799999999999994
      vertex 6.300038116628574 77.61036952345708 22.799999999999994
      vertex 5.730636216631687 79.73540634417172 22.799999999999994
    endloop
  endfacet
  facet normal 0 0 1
    outer loop
      vertex 6.300038116628574 77.61036952345708 22.799999999999994
      vertex 7.103369742856451 80.0084600196545 22.799999999999994
      vertex 5.730636216631687 79.73540634417172 22.799999999999994
    endloop
  endfacet
  facet normal 0 0 1
    outer loop
      vertex 6.300038116628574 77.61036952345708 22.799999999999994
      vertex 7.390527366129562 77.82728132167739 22.799999999999994
      vertex 7.103369742856451 80.0084600196545 22.799999999999994
    endloop
  endfacet
  facet normal 0 0 1
    outer loop
      vertex 7.390527366129562 77.82728132167739 22.799999999999994
      vertex 8.5 77.9 22.799999999999994
      vertex 8.5 80.10000000298024 22.799999999999994
    endloop
  endfacet
  facet normal 0 0 1
    outer loop
      vertex 7.390527366129562 77.82728132167739 22.799999999999994
      vertex 8.5 80.10000000298024 22.799999999999994
      vertex 7.103369742856451 80.0084600196545 22.799999999999994
    endloop
  endfacet
  facet normal 0 0 1
    outer loop
      vertex 8.5 77.9 22.799999999999994
      vertex 16.495278883911713 80.10000000298024 22.799999999999994
      vertex 8.5 80.10000000298024 22.799999999999994
    endloop
  endfacet
  facet normal 0 0 1
    outer loop
      vertex 8.5 77.9 22.799999999999994
      vertex 16.495278883911713 77.9 22.799999999999994
      vertex 16.495278883911713 80.10000000298024 22.799999999999994
    endloop
  endfacet
  facet normal 0 0 1
    outer loop
      vertex 49.5 0 22.799999999999994
      vertex 26.2300873907653 0 22.799999999999994
      vertex 26.2300873907653 -2.2000000029802322 22.799999999999994
    endloop
  endfacet
  facet normal 0 0 1
    outer loop
      vertex 49.5 -2.2000000029802322 22.799999999999994
      vertex 49.5 0 22.799999999999994
      vertex 26.2300873907653 -2.2000000029802322 22.799999999999994
    endloop
  endfacet
  facet normal 0 0 1
    outer loop
      vertex 49.5 -2.2000000029802322 22.799999999999994
      vertex 50.89663025714355 -2.1084600196545065 22.799999999999994
      vertex 50.60947263387044 0.07271867832261245 22.799999999999994
    endloop
  endfacet
  facet normal 0 0 1
    outer loop
      vertex 49.5 -2.2000000029802322 22.799999999999994
      vertex 50.60947263387044 0.07271867832261245 22.799999999999994
      vertex 49.5 0 22.799999999999994
    endloop
  endfacet
  facet normal 0 0 1
    outer loop
      vertex 50.89663025714355 -2.1084600196545065 22.799999999999994
      vertex 51.69996188337143 0.2896304765429196 22.799999999999994
      vertex 50.60947263387044 0.07271867832261245 22.799999999999994
    endloop
  endfacet
  facet normal 0 0 1
    outer loop
      vertex 50.89663025714355 -2.1084600196545065 22.799999999999994
      vertex 52.26936378336831 -1.835406344171714 22.799999999999994
      vertex 51.69996188337143 0.2896304765429196 22.799999999999994
    endloop
  endfacet
  facet normal 0 0 1
    outer loop
      vertex 52.26936378336831 -1.835406344171714 22.799999999999994
      vertex 52.752809175103266 0.6470239736540631 22.799999999999994
      vertex 51.69996188337143 0.2896304765429196 22.799999999999994
    endloop
  endfacet
  facet normal 0 0 1
    outer loop
      vertex 52.26936378336831 -1.835406344171714 22.799999999999994
      vertex 53.59471272744695 -1.3855110006241436 22.799999999999994
      vertex 52.752809175103266 0.6470239736540631 22.799999999999994
    endloop
  endfacet
  facet normal 0 0 1
    outer loop
      vertex 53.59471272744695 -1.3855110006241436 22.799999999999994
      vertex 53.75 1.1387840678322718 22.799999999999994
      vertex 52.752809175103266 0.6470239736540631 22.799999999999994
    endloop
  endfacet
  facet normal 0 0 1
    outer loop
      vertex 53.59471272744695 -1.3855110006241436 22.799999999999994
      vertex 54.850000001490116 -0.7664718230744507 22.799999999999994
      vertex 53.75 1.1387840678322718 22.799999999999994
    endloop
  endfacet
  facet normal 0 0 1
    outer loop
      vertex 54.850000001490116 -0.7664718230744507 22.799999999999994
      vertex 56.01374729220756 0.011119256519407093 22.799999999999994
      vertex 54.674472146574125 1.7564966075245012 22.799999999999994
    endloop
  endfacet
  facet normal 0 0 1
    outer loop
      vertex 53.75 1.1387840678322718 22.799999999999994
      vertex 54.850000001490116 -0.7664718230744507 22.799999999999994
      vertex 54.674472146574125 1.7564966075245012 22.799999999999994
    endloop
  endfacet
  facet normal 0 0 1
    outer loop
      vertex 56.01374729220756 0.011119256519407093 22.799999999999994
      vertex 55.51040764008565 2.4895923599143455 22.799999999999994
      vertex 54.674472146574125 1.7564966075245012 22.799999999999994
    endloop
  endfacet
  facet normal 0 0 1
    outer loop
      vertex 56.01374729220756 0.011119256519407093 22.799999999999994
      vertex 57.0660425608034 0.9339574391965986 22.799999999999994
      vertex 55.51040764008565 2.4895923599143455 22.799999999999994
    endloop
  endfacet
  facet normal 0 0 1
    outer loop
      vertex 55.51040764008565 2.4895923599143455 22.799999999999994
      vertex 57.0660425608034 0.9339574391965986 22.799999999999994
      vertex 56.243503392475496 3.3255278534258745 22.799999999999994
    endloop
  endfacet
  facet normal 0 0 1
    outer loop
      vertex 56.243503392475496 3.3255278534258745 22.799999999999994
      vertex 57.0660425608034 0.9339574391965986 22.799999999999994
      vertex 57.98888074348059 1.986252707792438 22.799999999999994
    endloop
  endfacet
  facet normal 0 0 1
    outer loop
      vertex 56.243503392475496 3.3255278534258745 22.799999999999994
      vertex 57.98888074348059 1.986252707792438 22.799999999999994
      vertex 56.86121593216773 4.25 22.799999999999994
    endloop
  endfacet
  facet normal 0 0 1
    outer loop
      vertex 56.86121593216773 4.25 22.799999999999994
      vertex 58.766471823074454 3.149999998509884 22.799999999999994
      vertex 57.352976026345935 5.247190824896737 22.799999999999994
    endloop
  endfacet
  facet normal 0 0 1
    outer loop
      vertex 57.98888074348059 1.986252707792438 22.799999999999994
      vertex 58.766471823074454 3.149999998509884 22.799999999999994
      vertex 56.86121593216773 4.25 22.799999999999994
    endloop
  endfacet
  facet normal 0 0 1
    outer loop
      vertex 57.352976026345935 5.247190824896737 22.799999999999994
      vertex 59.38551100062414 4.405287272553053 22.799999999999994
      vertex 57.71036952345708 6.300038116628574 22.799999999999994
    endloop
  endfacet
  facet normal 0 0 1
    outer loop
      vertex 57.352976026345935 5.247190824896737 22.799999999999994
      vertex 58.766471823074454 3.149999998509884 22.799999999999994
      vertex 59.38551100062414 4.405287272553053 22.799999999999994
    endloop
  endfacet
  facet normal 0 0 1
    outer loop
      vertex 57.71036952345708 6.300038116628574 22.799999999999994
      vertex 59.38551100062414 4.405287272553053 22.799999999999994
      vertex 59.835406344171716 5.730636216631686 22.799999999999994
    endloop
  endfacet
  facet normal 0 0 1
    outer loop
      vertex 57.71036952345708 6.300038116628574 22.799999999999994
      vertex 59.835406344171716 5.730636216631686 22.799999999999994
      vertex 57.927281321677384 7.390527366129562 22.799999999999994
    endloop
  endfacet
  facet normal 0 0 1
    outer loop
      vertex 57.927281321677384 7.390527366129562 22.799999999999994
      vertex 60.10846001965451 7.103369742856449 22.799999999999994
      vertex 58 8.500000000000021 22.799999999999994
    endloop
  endfacet
  facet normal 0 0 1
    outer loop
      vertex 57.927281321677384 7.390527366129562 22.799999999999994
      vertex 59.835406344171716 5.730636216631686 22.799999999999994
      vertex 60.10846001965451 7.103369742856449 22.799999999999994
    endloop
  endfacet
  facet normal 0 0 1
    outer loop
      vertex 60.10846001965451 7.103369742856449 22.799999999999994
      vertex 60.20000000298023 8.5 22.799999999999994
      vertex 58 8.500000000000021 22.799999999999994
    endloop
  endfacet
  facet normal 0 0 1
    outer loop
      vertex 58 8.500000000000021 22.799999999999994
      vertex 60.20000000298023 8.5 22.799999999999994
      vertex 58 69.4 22.799999999999994
    endloop
  endfacet
  facet normal 0 0 1
    outer loop
      vertex 49.5 80.10000000298024 22.799999999999994
      vertex 27.004721116088287 80.10000000298024 22.799999999999994
      vertex 27.004721116088287 77.9 22.799999999999994
    endloop
  endfacet
  facet normal 0 0 1
    outer loop
      vertex 49.499999999999986 77.9 22.799999999999994
      vertex 49.5 80.10000000298024 22.799999999999994
      vertex 27.004721116088287 77.9 22.799999999999994
    endloop
  endfacet
  facet normal 0 0 1
    outer loop
      vertex 60.20000000298023 8.5 22.799999999999994
      vertex 60.20000000298023 69.4 22.799999999999994
      vertex 58 69.4 22.799999999999994
    endloop
  endfacet
  facet normal 0 0 1
    outer loop
      vertex 49.499999999999986 77.9 22.799999999999994
      vertex 50.60947263387044 77.82728132167739 22.799999999999994
      vertex 49.5 80.10000000298024 22.799999999999994
    endloop
  endfacet
  facet normal 0 0 1
    outer loop
      vertex 49.5 80.10000000298024 22.799999999999994
      vertex 50.60947263387044 77.82728132167739 22.799999999999994
      vertex 50.89663025714355 80.0084600196545 22.799999999999994
    endloop
  endfacet
  facet normal 0 0 1
    outer loop
      vertex 50.60947263387044 77.82728132167739 22.799999999999994
      vertex 51.69996188337143 77.61036952345708 22.799999999999994
      vertex 50.89663025714355 80.0084600196545 22.799999999999994
    endloop
  endfacet
  facet normal 0 0 1
    outer loop
      vertex 51.69996188337143 77.61036952345708 22.799999999999994
      vertex 52.752809175103266 77.25297602634595 22.799999999999994
      vertex 52.26936378336831 79.73540634417172 22.799999999999994
    endloop
  endfacet
  facet normal 0 0 1
    outer loop
      vertex 50.89663025714355 80.0084600196545 22.799999999999994
      vertex 51.69996188337143 77.61036952345708 22.799999999999994
      vertex 52.26936378336831 79.73540634417172 22.799999999999994
    endloop
  endfacet
  facet normal 0 0 1
    outer loop
      vertex 58 69.4 22.799999999999994
      vertex 60.20000000298023 69.4 22.799999999999994
      vertex 57.927281321677384 70.50947263387044 22.799999999999994
    endloop
  endfacet
  facet normal 0 0 1
    outer loop
      vertex 52.26936378336831 79.73540634417172 22.799999999999994
      vertex 52.752809175103266 77.25297602634595 22.799999999999994
      vertex 53.59471272744695 79.28551100062415 22.799999999999994
    endloop
  endfacet
  facet normal 0 0 1
    outer loop
      vertex 52.752809175103266 77.25297602634595 22.799999999999994
      vertex 53.75 76.76121593216773 22.799999999999994
      vertex 54.850000001490116 78.66647182307446 22.799999999999994
    endloop
  endfacet
  facet normal 0 0 1
    outer loop
      vertex 52.752809175103266 77.25297602634595 22.799999999999994
      vertex 54.850000001490116 78.66647182307446 22.799999999999994
      vertex 53.59471272744695 79.28551100062415 22.799999999999994
    endloop
  endfacet
  facet normal 0 0 1
    outer loop
      vertex 53.75 76.76121593216773 22.799999999999994
      vertex 54.674472146574125 76.14350339247551 22.799999999999994
      vertex 56.01374729220756 77.8888807434806 22.799999999999994
    endloop
  endfacet
  facet normal 0 0 1
    outer loop
      vertex 54.674472146574125 76.14350339247551 22.799999999999994
      vertex 55.51040764008565 75.41040764008567 22.799999999999994
      vertex 57.0660425608034 76.9660425608034 22.799999999999994
    endloop
  endfacet
  facet normal 0 0 1
    outer loop
      vertex 54.674472146574125 76.14350339247551 22.799999999999994
      vertex 57.0660425608034 76.9660425608034 22.799999999999994
      vertex 56.01374729220756 77.8888807434806 22.799999999999994
    endloop
  endfacet
  facet normal 0 0 1
    outer loop
      vertex 53.75 76.76121593216773 22.799999999999994
      vertex 56.01374729220756 77.8888807434806 22.799999999999994
      vertex 54.850000001490116 78.66647182307446 22.799999999999994
    endloop
  endfacet
  facet normal 0 0 1
    outer loop
      vertex 56.86121593216773 73.65 22.799999999999994
      vertex 57.352976026345935 72.65280917510327 22.799999999999994
      vertex 59.38551100062414 73.49471272744695 22.799999999999994
    endloop
  endfacet
  facet normal 0 0 1
    outer loop
      vertex 56.243503392475496 74.57447214657414 22.799999999999994
      vertex 56.86121593216773 73.65 22.799999999999994
      vertex 58.766471823074454 74.75000000149012 22.799999999999994
    endloop
  endfacet
  facet normal 0 0 1
    outer loop
      vertex 57.927281321677384 70.50947263387044 22.799999999999994
      vertex 60.10846001965451 70.79663025714356 22.799999999999994
      vertex 57.71036952345708 71.59996188337144 22.799999999999994
    endloop
  endfacet
  facet normal 0 0 1
    outer loop
      vertex 57.71036952345708 71.59996188337144 22.799999999999994
      vertex 59.835406344171716 72.16936378336831 22.799999999999994
      vertex 57.352976026345935 72.65280917510327 22.799999999999994
    endloop
  endfacet
  facet normal 0 0 1
    outer loop
      vertex 57.71036952345708 71.59996188337144 22.799999999999994
      vertex 60.10846001965451 70.79663025714356 22.799999999999994
      vertex 59.835406344171716 72.16936378336831 22.799999999999994
    endloop
  endfacet
  facet normal 0 0 1
    outer loop
      vertex 60.20000000298023 69.4 22.799999999999994
      vertex 60.10846001965451 70.79663025714356 22.799999999999994
      vertex 57.927281321677384 70.50947263387044 22.799999999999994
    endloop
  endfacet
  facet normal 0 0 1
    outer loop
      vertex 57.352976026345935 72.65280917510327 22.799999999999994
      vertex 59.835406344171716 72.16936378336831 22.799999999999994
      vertex 59.38551100062414 73.49471272744695 22.799999999999994
    endloop
  endfacet
  facet normal 0 0 1
    outer loop
      vertex 56.86121593216773 73.65 22.799999999999994
      vertex 59.38551100062414 73.49471272744695 22.799999999999994
      vertex 58.766471823074454 74.75000000149012 22.799999999999994
    endloop
  endfacet
  facet normal 0 0 1
    outer loop
      vertex 56.243503392475496 74.57447214657414 22.799999999999994
      vertex 57.98888074348059 75.91374729220757 22.799999999999994
      vertex 55.51040764008565 75.41040764008567 22.799999999999994
    endloop
  endfacet
  facet normal 0 0 1
    outer loop
      vertex 55.51040764008565 75.41040764008567 22.799999999999994
      vertex 57.98888074348059 75.91374729220757 22.799999999999994
      vertex 57.0660425608034 76.9660425608034 22.799999999999994
    endloop
  endfacet
  facet normal 0 0 1
    outer loop
      vertex 56.243503392475496 74.57447214657414 22.799999999999994
      vertex 58.766471823074454 74.75000000149012 22.799999999999994
      vertex 57.98888074348059 75.91374729220757 22.799999999999994
    endloop
  endfacet
  facet normal 0 -1 0
    outer loop
      vertex 2.845125734789379 2.8 2.2
      vertex 3.3 2.8 5.6000000000000005
      vertex 2.8 2.8 2.230520822742746
    endloop
  endfacet
  facet normal 0 -1 0
    outer loop
      vertex 2.845125734789379 2.8 2.2
      vertex 3.3 2.8 2.2
      vertex 3.3 2.8 5.6000000000000005
    endloop
  endfacet
  facet normal 0 -1 0
    outer loop
      vertex 2.449018745663352 2.8 2.501208156347275
      vertex 2.8 2.8 2.230520822742746
      vertex 3.3 2.8 5.6000000000000005
    endloop
  endfacet
  facet normal 0 -1 0
    outer loop
      vertex 2.322521267161253 2.8 2.6528930068016052
      vertex 3.3 2.8 5.6000000000000005
      vertex 2.3 2.8 2.7013868131766516
    endloop
  endfacet
  facet normal 0 -1 0
    outer loop
      vertex 2.322521267161253 2.8 2.6528930068016052
      vertex 2.449018745663352 2.8 2.501208156347275
      vertex 3.3 2.8 5.6000000000000005
    endloop
  endfacet
  facet normal 0 -1 0
    outer loop
      vertex 2.3 2.8 2.7013868131766516
      vertex 3.3 2.8 5.6000000000000005
      vertex 2.3 2.8 5.6000000000000005
    endloop
  endfacet
  facet normal -1 0 0
    outer loop
      vertex 2.3 3.4152664638731536 2.2
      vertex 2.3 2.969923312599306 2.501208156347275
      vertex 2.3 3.8 5.6000000000000005
    endloop
  endfacet
  facet normal -1 0 0
    outer loop
      vertex 2.3 3.4152664638731536 2.2
      vertex 2.3 3.8 5.6000000000000005
      vertex 2.3 3.8 2.2
    endloop
  endfacet
  facet normal 0 1 0
    outer loop
      vertex 2.3 3.8 2.2
      vertex 2.3 3.8 5.6000000000000005
      vertex 3.3 3.8 2.2
    endloop
  endfacet
  facet normal 1 0 0
    outer loop
      vertex 3.3 2.8 2.2
      vertex 3.3 3.8 2.2
      vertex 3.3 3.8 5.6000000000000005
    endloop
  endfacet
  facet normal -1 0 0
    outer loop
      vertex 2.3 2.8256805833584147 2.6528930068016052
      vertex 2.3 3.8 5.6000000000000005
      vertex 2.3 2.969923312599306 2.501208156347275
    endloop
  endfacet
  facet normal -1 0 0
    outer loop
      vertex 2.3 2.8256805833584147 2.6528930068016052
      vertex 2.3 2.8 2.7013868131766516
      vertex 2.3 3.8 5.6000000000000005
    endloop
  endfacet
  facet normal -1 0 0
    outer loop
      vertex 2.3 2.8 2.7013868131766516
      vertex 2.3 2.8 5.6000000000000005
      vertex 2.3 3.8 5.6000000000000005
    endloop
  endfacet
  facet normal 0 1 0
    outer loop
      vertex 3.3 3.8 2.2
      vertex 2.3 3.8 5.6000000000000005
      vertex 3.3 3.8 5.6000000000000005
    endloop
  endfacet
  facet normal 1 0 0
    outer loop
      vertex 3.3 2.8 2.2
      vertex 3.3 3.8 5.6000000000000005
      vertex 3.3 2.8 5.6000000000000005
    endloop
  endfacet
  facet normal 0 0 1
    outer loop
      vertex 2.3 2.8 5.6000000000000005
      vertex 3.3 2.8 5.6000000000000005
      vertex 2.3 3.8 5.6000000000000005
    endloop
  endfacet
  facet normal 0 0 1
    outer loop
      vertex 3.3 2.8 5.6000000000000005
      vertex 3.3 3.8 5.6000000000000005
      vertex 2.3 3.8 5.6000000000000005
    endloop
  endfacet
  facet normal 1 0 0
    outer loop
      vertex 3.3 75.7 2.355083571954594
      vertex 3.3 75.88946948583303 2.501208156347275
      vertex 3.3 76.12111606587028 3
    endloop
  endfacet
  facet normal 1 0 0
    outer loop
      vertex 3.3 75.88946948583303 2.501208156347275
      vertex 3.3 76.01596696433514 2.6528930068016052
      vertex 3.3 76.12111606587028 3
    endloop
  endfacet
  facet normal 1 0 0
    outer loop
      vertex 3.3 76.01596696433514 2.6528930068016052
      vertex 3.3 76.09449506820535 2.821983255445957
      vertex 3.3 76.12111606587028 3
    endloop
  endfacet
  facet normal 0 -1 0
    outer loop
      vertex 3.3 75.7 2.355083571954594
      vertex 3.3 75.7 5.6000000000000005
      vertex 3.083951458416056 75.7 2.501208156347275
    endloop
  endfacet
  facet normal 0 -1 0
    outer loop
      vertex 3.083951458416056 75.7 2.501208156347275
      vertex 3.3 75.7 5.6000000000000005
      vertex 2.9397087291751642 75.7 2.6528930068016052
    endloop
  endfacet
  facet normal 0 -1 0
    outer loop
      vertex 2.9397087291751642 75.7 2.6528930068016052
      vertex 3.3 75.7 5.6000000000000005
      vertex 2.850164588386894 75.7 2.821983255445957
    endloop
  endfacet
  facet normal 0 -1 0
    outer loop
      vertex 2.850164588386894 75.7 2.821983255445957
      vertex 3.3 75.7 5.6000000000000005
      vertex 2.819809158351651 75.7 3
    endloop
  endfacet
  facet normal 1 0 0
    outer loop
      vertex 3.3 75.7 2.355083571954594
      vertex 3.3 76.12111606587028 3
      vertex 3.3 75.7 5.6000000000000005
    endloop
  endfacet
  facet normal 0 -1 0
    outer loop
      vertex 2.819809158351651 75.7 3
      vertex 3.3 75.7 5.6000000000000005
      vertex 2.819809158351651 75.7 5.6000000000000005
    endloop
  endfacet
  facet normal 1 0 0
    outer loop
      vertex 3.3 76.12111606587028 3
      vertex 3.3 76.12111606587028 5.6000000000000005
      vertex 3.3 75.7 5.6000000000000005
    endloop
  endfacet
  facet normal 0 0 1
    outer loop
      vertex 2.819809158351651 75.7 5.6000000000000005
      vertex 3.3 75.7 5.6000000000000005
      vertex 3.3 76.12111606587028 5.6000000000000005
    endloop
  endfacet
  facet normal 0 -1 0
    outer loop
      vertex 54.699999999999996 2.8 2.2
      vertex 55.15487426521062 2.8 2.2
      vertex 55.699999999999996 2.8 5.6000000000000005
    endloop
  endfacet
  facet normal 0 -1 0
    outer loop
      vertex 55.15487426521062 2.8 2.2
      vertex 55.2 2.8 2.230520822742746
      vertex 55.699999999999996 2.8 5.6000000000000005
    endloop
  endfacet
  facet normal 0 -1 0
    outer loop
      vertex 55.2 2.8 2.230520822742746
      vertex 55.55098125433665 2.8 2.501208156347275
      vertex 55.699999999999996 2.8 5.6000000000000005
    endloop
  endfacet
  facet normal 0 -1 0
    outer loop
      vertex 55.55098125433665 2.8 2.501208156347275
      vertex 55.67747873283874 2.8 2.6528930068016052
      vertex 55.699999999999996 2.8 5.6000000000000005
    endloop
  endfacet
  facet normal 1 0 0
    outer loop
      vertex 55.699999999999996 2.8256805833584115 2.6528930068016052
      vertex 55.699999999999996 2.969923312599298 2.501208156347275
      vertex 55.699999999999996 2.8 5.6000000000000005
    endloop
  endfacet
  facet normal 0 -1 0
    outer loop
      vertex 55.67747873283874 2.8 2.6528930068016052
      vertex 55.699999999999996 2.8 2.7013868131766428
      vertex 55.699999999999996 2.8 5.6000000000000005
    endloop
  endfacet
  facet normal 1 0 0
    outer loop
      vertex 55.699999999999996 2.8256805833584115 2.6528930068016052
      vertex 55.699999999999996 2.8 5.6000000000000005
      vertex 55.699999999999996 2.8 2.7013868131766428
    endloop
  endfacet
  facet normal 0 -1 0
    outer loop
      vertex 54.699999999999996 2.8 2.2
      vertex 55.699999999999996 2.8 5.6000000000000005
      vertex 54.699999999999996 2.8 5.6000000000000005
    endloop
  endfacet
  facet normal -1 0 0
    outer loop
      vertex 54.699999999999996 2.8 2.2
      vertex 54.699999999999996 2.8 5.6000000000000005
      vertex 54.699999999999996 3.8 2.2
    endloop
  endfacet
  facet normal 0 1 0
    outer loop
      vertex 54.699999999999996 3.8 2.2
      vertex 54.699999999999996 3.8 5.6000000000000005
      vertex 55.699999999999996 3.8 2.2
    endloop
  endfacet
  facet normal 1 0 0
    outer loop
      vertex 55.699999999999996 3.4152664638731487 2.2
      vertex 55.699999999999996 2.8 5.6000000000000005
      vertex 55.699999999999996 2.969923312599298 2.501208156347275
    endloop
  endfacet
  facet normal 1 0 0
    outer loop
      vertex 55.699999999999996 3.4152664638731487 2.2
      vertex 55.699999999999996 3.8 2.2
      vertex 55.699999999999996 3.8 5.6000000000000005
    endloop
  endfacet
  facet normal -1 0 0
    outer loop
      vertex 54.699999999999996 3.8 2.2
      vertex 54.699999999999996 2.8 5.6000000000000005
      vertex 54.699999999999996 3.8 5.6000000000000005
    endloop
  endfacet
  facet normal 1 0 0
    outer loop
      vertex 55.699999999999996 3.4152664638731487 2.2
      vertex 55.699999999999996 3.8 5.6000000000000005
      vertex 55.699999999999996 2.8 5.6000000000000005
    endloop
  endfacet
  facet normal 0 1 0
    outer loop
      vertex 55.699999999999996 3.8 2.2
      vertex 54.699999999999996 3.8 5.6000000000000005
      vertex 55.699999999999996 3.8 5.6000000000000005
    endloop
  endfacet
  facet normal 0 0 1
    outer loop
      vertex 54.699999999999996 2.8 5.6000000000000005
      vertex 55.699999999999996 2.8 5.6000000000000005
      vertex 54.699999999999996 3.8 5.6000000000000005
    endloop
  endfacet
  facet normal 0 0 1
    outer loop
      vertex 55.699999999999996 2.8 5.6000000000000005
      vertex 55.699999999999996 3.8 5.6000000000000005
      vertex 54.699999999999996 3.8 5.6000000000000005
    endloop
  endfacet
  facet normal 0 -1 0
    outer loop
      vertex 54.91604854158394 75.7 2.501208156347275
      vertex 55.060291270824834 75.7 2.6528930068016052
      vertex 55.180190841648354 75.7 3
    endloop
  endfacet
  facet normal 0 -1 0
    outer loop
      vertex 55.060291270824834 75.7 2.6528930068016052
      vertex 55.14983541161311 75.7 2.821983255445957
      vertex 55.180190841648354 75.7 3
    endloop
  endfacet
  facet normal -1 0 0
    outer loop
      vertex 54.699999999999996 75.7 2.355083571954593
      vertex 54.699999999999996 75.7 5.6000000000000005
      vertex 54.699999999999996 75.88946948583303 2.501208156347275
    endloop
  endfacet
  facet normal 0 -1 0
    outer loop
      vertex 54.699999999999996 75.7 2.355083571954593
      vertex 54.91604854158394 75.7 2.501208156347275
      vertex 54.699999999999996 75.7 5.6000000000000005
    endloop
  endfacet
  facet normal -1 0 0
    outer loop
      vertex 54.699999999999996 75.88946948583303 2.501208156347275
      vertex 54.699999999999996 75.7 5.6000000000000005
      vertex 54.699999999999996 76.01596696433514 2.6528930068016052
    endloop
  endfacet
  facet normal -1 0 0
    outer loop
      vertex 54.699999999999996 76.01596696433514 2.6528930068016052
      vertex 54.699999999999996 75.7 5.6000000000000005
      vertex 54.699999999999996 76.09449506820536 2.821983255445957
    endloop
  endfacet
  facet normal -1 0 0
    outer loop
      vertex 54.699999999999996 76.09449506820536 2.821983255445957
      vertex 54.699999999999996 76.1211160658703 5.6000000000000005
      vertex 54.699999999999996 76.1211160658703 3
    endloop
  endfacet
  facet normal 0 -1 0
    outer loop
      vertex 54.91604854158394 75.7 2.501208156347275
      vertex 55.180190841648354 75.7 3
      vertex 54.699999999999996 75.7 5.6000000000000005
    endloop
  endfacet
  facet normal -1 0 0
    outer loop
      vertex 54.699999999999996 76.09449506820536 2.821983255445957
      vertex 54.699999999999996 75.7 5.6000000000000005
      vertex 54.699999999999996 76.1211160658703 5.6000000000000005
    endloop
  endfacet
  facet normal 0 -1 0
    outer loop
      vertex 55.180190841648354 75.7 3
      vertex 55.180190841648354 75.7 5.6000000000000005
      vertex 54.699999999999996 75.7 5.6000000000000005
    endloop
  endfacet
  facet normal 0 0 1
    outer loop
      vertex 54.699999999999996 75.7 5.6000000000000005
      vertex 55.180190841648354 75.7 5.6000000000000005
      vertex 54.699999999999996 76.1211160658703 5.6000000000000005
    endloop
  endfacet
  facet normal -1 0 0
    outer loop
      vertex 39 0 7.391652754590987
      vertex 39 5 12.41
      vertex 39 5 12.400000000000002
    endloop
  endfacet
  facet normal 0 0.7076962821555669 -0.7065167883519742
    outer loop
      vertex 39 0 7.391652754590987
      vertex 39 5 12.400000000000002
      vertex 49.5 0 7.391652754590987
    endloop
  endfacet
  facet normal -1.0458549409501071e-17 0.7076962821555669 -0.7065167883519742
    outer loop
      vertex 49.5 0 7.391652754590987
      vertex 39 5 12.400000000000002
      vertex 51 5 12.400000000000002
    endloop
  endfacet
  facet normal -2.596230485997221e-16 0.707696282155567 -0.7065167883519742
    outer loop
      vertex 49.5 0 7.391652754590987
      vertex 51 5 12.400000000000002
      vertex 50.60947263387044 0.07271867832261238 7.464492833044354
    endloop
  endfacet
  facet normal 4.657447290375224e-16 0.7076962821555669 -0.7065167883519743
    outer loop
      vertex 50.60947263387044 0.07271867832261238 7.464492833044354
      vertex 51 5 12.400000000000002
      vertex 51 0.15039940124598536 7.542303239979286
    endloop
  endfacet
  facet normal -1 0 0
    outer loop
      vertex 39 0 7.391652754590987
      vertex 39 5 19.560000000000002
      vertex 39 5 12.41
    endloop
  endfacet
  facet normal 0 1 0
    outer loop
      vertex 39 5 12.400000000000002
      vertex 39 5 12.41
      vertex 51 5 12.400000000000002
    endloop
  endfacet
  facet normal -1 0 0
    outer loop
      vertex 39 0 7.391652754590987
      vertex 39 0 19.560000000000002
      vertex 39 5 19.560000000000002
    endloop
  endfacet
  facet normal 0 1 0
    outer loop
      vertex 39 5 12.41
      vertex 39 5 19.560000000000002
      vertex 51 5 19.560000000000002
    endloop
  endfacet
  facet normal 0 0 1
    outer loop
      vertex 39 0 19.560000000000002
      vertex 51 5 19.560000000000002
      vertex 39 5 19.560000000000002
    endloop
  endfacet
  facet normal 0 1 0
    outer loop
      vertex 39 5 12.41
      vertex 51 5 12.41
      vertex 51 5 12.400000000000002
    endloop
  endfacet
  facet normal 1 0 0
    outer loop
      vertex 51 0.15039940124598536 7.542303239979286
      vertex 51 5 12.400000000000002
      vertex 51 0.1503994012459854 19.560000000000002
    endloop
  endfacet
  facet normal 0 1 0
    outer loop
      vertex 39 5 12.41
      vertex 51 5 19.560000000000002
      vertex 51 5 12.41
    endloop
  endfacet
  facet normal 1 0 0
    outer loop
      vertex 51 5 12.400000000000002
      vertex 51 5 12.41
      vertex 51 0.1503994012459854 19.560000000000002
    endloop
  endfacet
  facet normal 0 0 1
    outer loop
      vertex 39 0 19.560000000000002
      vertex 49.5 0 19.560000000000002
      vertex 51 5 19.560000000000002
    endloop
  endfacet
  facet normal 0 0 1
    outer loop
      vertex 49.5 0 19.560000000000002
      vertex 50.60947263387044 0.07271867832261243 19.560000000000002
      vertex 51 5 19.560000000000002
    endloop
  endfacet
  facet normal 0 0 1
    outer loop
      vertex 50.60947263387044 0.07271867832261243 19.560000000000002
      vertex 51 0.1503994012459854 19.560000000000002
      vertex 51 5 19.560000000000002
    endloop
  endfacet
  facet normal 1 0 0
    outer loop
      vertex 51 5 12.41
      vertex 51 5 19.560000000000002
      vertex 51 0.1503994012459854 19.560000000000002
    endloop
  endfacet
  facet normal 0 -1 0
    outer loop
      vertex 54.9 10 2.2
      vertex 57.5312 10 2.2
      vertex 58 10 3
    endloop
  endfacet
  facet normal 0 -1 0
    outer loop
      vertex 57.5312 10 2.2
      vertex 57.82546518743038 10 2.501208156347275
      vertex 58 10 3
    endloop
  endfacet
  facet normal 0 -1 0
    outer loop
      vertex 57.82546518743038 10 2.501208156347275
      vertex 57.92077509313822 10 2.6528930068016052
      vertex 58 10 3
    endloop
  endfacet
  facet normal 0 -1 0
    outer loop
      vertex 57.92077509313822 10 2.6528930068016052
      vertex 57.979942329227924 10 2.821983255445957
      vertex 58 10 3
    endloop
  endfacet
  facet normal 0 -1 0
    outer loop
      vertex 54.9 10 2.2
      vertex 58 10 3
      vertex 54.9 10 10
    endloop
  endfacet
  facet normal 0 -1 0
    outer loop
      vertex 58 10 3
      vertex 58 10 10
      vertex 54.9 10 10
    endloop
  endfacet
  facet normal 0 0 1
    outer loop
      vertex 54.9 10 10
      vertex 58 10 10
      vertex 56.1 29.2 10
    endloop
  endfacet
  facet normal -1 0 0
    outer loop
      vertex 54.9 10 2.2
      vertex 54.9 10 10
      vertex 54.9 67.9 2.2
    endloop
  endfacet
  facet normal 0 0 1
    outer loop
      vertex 54.9 10 10
      vertex 55.534314575050765 29.434314575050763 10
      vertex 55.360896373990975 29.69385325410793 10
    endloop
  endfacet
  facet normal 0 0 1
    outer loop
      vertex 54.9 10 10
      vertex 55.360896373990975 29.69385325410793 10
      vertex 55.300000000000004 30 10
    endloop
  endfacet
  facet normal 0 0 1
    outer loop
      vertex 54.9 10 10
      vertex 56.1 29.2 10
      vertex 55.79385325410793 29.26089637399097 10
    endloop
  endfacet
  facet normal 0 0 1
    outer loop
      vertex 54.9 10 10
      vertex 55.79385325410793 29.26089637399097 10
      vertex 55.534314575050765 29.434314575050763 10
    endloop
  endfacet
  facet normal 0 0 1
    outer loop
      vertex 58 10 10
      vertex 56.40614674589207 29.26089637399097 10
      vertex 56.1 29.2 10
    endloop
  endfacet
  facet normal 0 0 1
    outer loop
      vertex 58 10 10
      vertex 56.66568542494924 29.434314575050763 10
      vertex 56.40614674589207 29.26089637399097 10
    endloop
  endfacet
  facet normal 0 0 1
    outer loop
      vertex 58 10 10
      vertex 56.83910362600903 29.69385325410793 10
      vertex 56.66568542494924 29.434314575050763 10
    endloop
  endfacet
  facet normal 0 0 1
    outer loop
      vertex 58 10 10
      vertex 56.9 30 10
      vertex 56.83910362600903 29.69385325410793 10
    endloop
  endfacet
  facet normal 0 0 1
    outer loop
      vertex 54.9 10 10
      vertex 55.300000000000004 30 10
      vertex 54.9 67.9 10
    endloop
  endfacet
  facet normal 0 0 1
    outer loop
      vertex 58 10 10
      vertex 54.9 67.9 10
      vertex 56.9 30 10
    endloop
  endfacet
  facet normal -1 0 0
    outer loop
      vertex 54.9 10 10
      vertex 54.9 67.9 10
      vertex 54.9 67.9 2.2
    endloop
  endfacet
  facet normal 0 0 1
    outer loop
      vertex 54.9 67.9 10
      vertex 55.300000000000004 30 10
      vertex 55.360896373990975 30.30614674589207 10
    endloop
  endfacet
  facet normal 0 0 1
    outer loop
      vertex 54.9 67.9 10
      vertex 55.360896373990975 30.30614674589207 10
      vertex 55.534314575050765 30.565685424949237 10
    endloop
  endfacet
  facet normal 0 0 1
    outer loop
      vertex 54.9 67.9 10
      vertex 56.83910362600903 30.30614674589207 10
      vertex 56.9 30 10
    endloop
  endfacet
  facet normal 0 0 1
    outer loop
      vertex 54.9 67.9 10
      vertex 55.534314575050765 30.565685424949237 10
      vertex 55.79385325410793 30.73910362600903 10
    endloop
  endfacet
  facet normal 0 0 1
    outer loop
      vertex 54.9 67.9 10
      vertex 55.79385325410793 30.73910362600903 10
      vertex 56.1 30.8 10
    endloop
  endfacet
  facet normal 0 0 1
    outer loop
      vertex 54.9 67.9 10
      vertex 56.1 30.8 10
      vertex 56.40614674589207 30.73910362600903 10
    endloop
  endfacet
  facet normal 0 0 1
    outer loop
      vertex 54.9 67.9 10
      vertex 56.40614674589207 30.73910362600903 10
      vertex 56.66568542494924 30.565685424949237 10
    endloop
  endfacet
  facet normal 0 0 1
    outer loop
      vertex 54.9 67.9 10
      vertex 56.66568542494924 30.565685424949237 10
      vertex 56.83910362600903 30.30614674589207 10
    endloop
  endfacet
  facet normal 0 0 1
    outer loop
      vertex 58 10 10
      vertex 58 67.9 10
      vertex 54.9 67.9 10
    endloop
  endfacet
  facet normal 0 1 0
    outer loop
      vertex 54.9 67.9 2.2
      vertex 54.9 67.9 10
      vertex 57.5312 67.9 2.2
    endloop
  endfacet
  facet normal 0 1 0
    outer loop
      vertex 57.5312 67.9 2.2
      vertex 54.9 67.9 10
      vertex 57.82546518743038 67.9 2.501208156347275
    endloop
  endfacet
  facet normal 0 1 0
    outer loop
      vertex 57.82546518743038 67.9 2.501208156347275
      vertex 54.9 67.9 10
      vertex 57.92077509313822 67.9 2.6528930068016052
    endloop
  endfacet
  facet normal 0 1 0
    outer loop
      vertex 57.92077509313822 67.9 2.6528930068016052
      vertex 54.9 67.9 10
      vertex 57.979942329227924 67.9 2.821983255445957
    endloop
  endfacet
  facet normal 0 1 0
    outer loop
      vertex 57.979942329227924 67.9 2.821983255445957
      vertex 54.9 67.9 10
      vertex 58 67.9 3
    endloop
  endfacet
  facet normal 0 1 0
    outer loop
      vertex 58 67.9 3
      vertex 54.9 67.9 10
      vertex 58 67.9 10
    endloop
  endfacet
  facet normal 0 -1 0
    outer loop
      vertex 0.46880000000000166 28 2.2
      vertex 3.0999999999999996 28 10
      vertex 0.17453481256961823 28 2.501208156347275
    endloop
  endfacet
  facet normal 0 -1 0
    outer loop
      vertex 0.17453481256961823 28 2.501208156347275
      vertex 3.0999999999999996 28 10
      vertex 0.07922490686178207 28 2.6528930068016052
    endloop
  endfacet
  facet normal 0 -1 0
    outer loop
      vertex 0.07922490686178207 28 2.6528930068016052
      vertex 3.0999999999999996 28 10
      vertex 0.020057670772075653 28 2.821983255445957
    endloop
  endfacet
  facet normal 0 -1 0
    outer loop
      vertex 0.020057670772075653 28 2.821983255445957
      vertex 3.0999999999999996 28 10
      vertex 0 28 3
    endloop
  endfacet
  facet normal 0 -1 0
    outer loop
      vertex 0.46880000000000166 28 2.2
      vertex 3.0999999999999996 28 2.2
      vertex 3.0999999999999996 28 10
    endloop
  endfacet
  facet normal 0 -1 0
    outer loop
      vertex 0 28 3
      vertex 3.0999999999999996 28 10
      vertex 0 28 10
    endloop
  endfacet
  facet normal 0 0 1
    outer loop
      vertex 0 28 10
      vertex 3.0999999999999996 28 10
      vertex 1.9 39.2 10
    endloop
  endfacet
  facet normal 0 0 1
    outer loop
      vertex 0 28 10
      vertex 1.3343145750507617 39.43431457505076 10
      vertex 1.1608963739909703 39.69385325410793 10
    endloop
  endfacet
  facet normal 0 0 1
    outer loop
      vertex 0 28 10
      vertex 1.593853254107928 39.260896373990974 10
      vertex 1.3343145750507617 39.43431457505076 10
    endloop
  endfacet
  facet normal 0 0 1
    outer loop
      vertex 0 28 10
      vertex 1.9 39.2 10
      vertex 1.593853254107928 39.260896373990974 10
    endloop
  endfacet
  facet normal 0 0 1
    outer loop
      vertex 0 28 10
      vertex 1.1608963739909703 39.69385325410793 10
      vertex 1.0999999999999999 40 10
    endloop
  endfacet
  facet normal 0 0 1
    outer loop
      vertex 3.0999999999999996 28 10
      vertex 2.2061467458920716 39.260896373990974 10
      vertex 1.9 39.2 10
    endloop
  endfacet
  facet normal 0 0 1
    outer loop
      vertex 3.0999999999999996 28 10
      vertex 2.465685424949238 39.43431457505076 10
      vertex 2.2061467458920716 39.260896373990974 10
    endloop
  endfacet
  facet normal 0 0 1
    outer loop
      vertex 3.0999999999999996 28 10
      vertex 2.6391036260090295 39.69385325410793 10
      vertex 2.465685424949238 39.43431457505076 10
    endloop
  endfacet
  facet normal 0 0 1
    outer loop
      vertex 3.0999999999999996 28 10
      vertex 2.7 40 10
      vertex 2.6391036260090295 39.69385325410793 10
    endloop
  endfacet
  facet normal 1 0 0
    outer loop
      vertex 3.0999999999999996 28 2.2
      vertex 3.0999999999999996 67.9 2.2
      vertex 3.0999999999999996 67.9 10
    endloop
  endfacet
  facet normal 1 0 0
    outer loop
      vertex 3.0999999999999996 28 2.2
      vertex 3.0999999999999996 67.9 10
      vertex 3.0999999999999996 28 10
    endloop
  endfacet
  facet normal 0 0 1
    outer loop
      vertex 0 28 10
      vertex 1.0999999999999999 40 10
      vertex 0 67.9 10
    endloop
  endfacet
  facet normal 0 0 1
    outer loop
      vertex 3.0999999999999996 28 10
      vertex 3.0999999999999996 67.9 10
      vertex 2.7 40 10
    endloop
  endfacet
  facet normal 0 0 1
    outer loop
      vertex 0 67.9 10
      vertex 1.0999999999999999 40 10
      vertex 1.1608963739909703 40.30614674589207 10
    endloop
  endfacet
  facet normal 0 0 1
    outer loop
      vertex 0 67.9 10
      vertex 1.1608963739909703 40.30614674589207 10
      vertex 1.3343145750507617 40.56568542494924 10
    endloop
  endfacet
  facet normal 0 0 1
    outer loop
      vertex 0 67.9 10
      vertex 1.3343145750507617 40.56568542494924 10
      vertex 1.593853254107928 40.739103626009026 10
    endloop
  endfacet
  facet normal 0 0 1
    outer loop
      vertex 0 67.9 10
      vertex 1.593853254107928 40.739103626009026 10
      vertex 1.9 40.8 10
    endloop
  endfacet
  facet normal 0 0 1
    outer loop
      vertex 0 67.9 10
      vertex 1.9 40.8 10
      vertex 2.2061467458920716 40.739103626009026 10
    endloop
  endfacet
  facet normal 0 0 1
    outer loop
      vertex 3.0999999999999996 67.9 10
      vertex 2.2061467458920716 40.739103626009026 10
      vertex 2.465685424949238 40.56568542494924 10
    endloop
  endfacet
  facet normal 0 0 1
    outer loop
      vertex 3.0999999999999996 67.9 10
      vertex 2.6391036260090295 40.30614674589207 10
      vertex 2.7 40 10
    endloop
  endfacet
  facet normal 0 0 1
    outer loop
      vertex 3.0999999999999996 67.9 10
      vertex 2.465685424949238 40.56568542494924 10
      vertex 2.6391036260090295 40.30614674589207 10
    endloop
  endfacet
  facet normal 0 0 1
    outer loop
      vertex 0 67.9 10
      vertex 2.2061467458920716 40.739103626009026 10
      vertex 3.0999999999999996 67.9 10
    endloop
  endfacet
  facet normal 0 1 0
    outer loop
      vertex 0.46880000000000166 67.9 2.2
      vertex 0.17453481256961823 67.9 2.501208156347275
      vertex 0 67.9 3
    endloop
  endfacet
  facet normal 0 1 0
    outer loop
      vertex 0.17453481256961823 67.9 2.501208156347275
      vertex 0.07922490686178207 67.9 2.6528930068016052
      vertex 0 67.9 3
    endloop
  endfacet
  facet normal 0 1 0
    outer loop
      vertex 0.07922490686178207 67.9 2.6528930068016052
      vertex 0.020057670772075653 67.9 2.821983255445957
      vertex 0 67.9 3
    endloop
  endfacet
  facet normal 0 1 0
    outer loop
      vertex 0.46880000000000166 67.9 2.2
      vertex 0 67.9 3
      vertex 3.0999999999999996 67.9 2.2
    endloop
  endfacet
  facet normal 0 1 0
    outer loop
      vertex 3.0999999999999996 67.9 2.2
      vertex 0 67.9 3
      vertex 3.0999999999999996 67.9 10
    endloop
  endfacet
  facet normal 0 1 0
    outer loop
      vertex 0 67.9 3
      vertex 0 67.9 10
      vertex 3.0999999999999996 67.9 10
    endloop
  endfacet
  facet normal -1 0 0
    outer loop
      vertex 10 77.4312 2.2
      vertex 10 77.82077509313822 2.6528930068016052
      vertex 10 77.72546518743039 2.501208156347275
    endloop
  endfacet
  facet normal -1 0 0
    outer loop
      vertex 10 77.4312 2.2
      vertex 10 77.87994232922793 2.821983255445957
      vertex 10 77.82077509313822 2.6528930068016052
    endloop
  endfacet
  facet normal -1 0 0
    outer loop
      vertex 10 77.4312 2.2
      vertex 10 77.9 3
      vertex 10 77.87994232922793 2.821983255445957
    endloop
  endfacet
  facet normal -1 0 0
    outer loop
      vertex 10 75.85000000000001 2.2
      vertex 10 77.9 10
      vertex 10 77.4312 2.2
    endloop
  endfacet
  facet normal -1 0 0
    outer loop
      vertex 10 77.4312 2.2
      vertex 10 77.9 10
      vertex 10 77.9 3
    endloop
  endfacet
  facet normal -1 0 0
    outer loop
      vertex 10 75.85000000000001 2.2
      vertex 10 75.85000000000001 10
      vertex 10 77.9 10
    endloop
  endfacet
  facet normal 0 -1 0
    outer loop
      vertex 10 75.85000000000001 2.2
      vertex 48 75.85000000000001 10
      vertex 10 75.85000000000001 10
    endloop
  endfacet
  facet normal 0 0 1
    outer loop
      vertex 10 75.85000000000001 10
      vertex 48 77.9 10
      vertex 10 77.9 10
    endloop
  endfacet
  facet normal 0 -1 0
    outer loop
      vertex 10 75.85000000000001 2.2
      vertex 48 75.85000000000001 2.2
      vertex 48 75.85000000000001 10
    endloop
  endfacet
  facet normal 0 0 1
    outer loop
      vertex 10 75.85000000000001 10
      vertex 48 75.85000000000001 10
      vertex 48 77.9 10
    endloop
  endfacet
  facet normal 1 0 0
    outer loop
      vertex 48 75.85000000000001 2.2
      vertex 48 77.4312 2.2
      vertex 48 77.72546518743039 2.501208156347275
    endloop
  endfacet
  facet normal 1 0 0
    outer loop
      vertex 48 75.85000000000001 2.2
      vertex 48 77.72546518743039 2.501208156347275
      vertex 48 77.82077509313822 2.6528930068016052
    endloop
  endfacet
  facet normal 1 0 0
    outer loop
      vertex 48 75.85000000000001 2.2
      vertex 48 77.82077509313822 2.6528930068016052
      vertex 48 77.87994232922793 2.821983255445957
    endloop
  endfacet
  facet normal 1 0 0
    outer loop
      vertex 48 75.85000000000001 2.2
      vertex 48 77.87994232922793 2.821983255445957
      vertex 48 77.9 3
    endloop
  endfacet
  facet normal 1 0 0
    outer loop
      vertex 48 75.85000000000001 2.2
      vertex 48 77.9 3
      vertex 48 75.85000000000001 10
    endloop
  endfacet
  facet normal 1 0 0
    outer loop
      vertex 48 77.9 3
      vertex 48 77.9 10
      vertex 48 75.85000000000001 10
    endloop
  endfacet
  facet normal 0.23344535805327835 0 0.9723699217907641
    outer loop
      vertex 14.406139320135118 0 12.807386992871763
      vertex 14.314589804410936 0 12.829366086423398
      vertex 14.314589804410936 -2.2000000029802322 12.829366086423398
    endloop
  endfacet
  facet normal 0.23344535805327835 0 0.9723699217907641
    outer loop
      vertex 14.406139320135118 -2.2000000029802322 12.807386992871763
      vertex 14.406139320135118 0 12.807386992871763
      vertex 14.314589804410936 -2.2000000029802322 12.829366086423398
    endloop
  endfacet
  facet normal 0.07845911420376106 0 0.9969173322790417
    outer loop
      vertex 14.406139320135118 -2.2000000029802322 12.807386992871763
      vertex 14.499999998509885 -2.2000000029802322 12.799999995529653
      vertex 14.499999998509885 0 12.799999995529653
    endloop
  endfacet
  facet normal 0.07845911420376106 0 0.9969173322790417
    outer loop
      vertex 14.406139320135118 0 12.807386992871763
      vertex 14.406139320135118 -2.2000000029802322 12.807386992871763
      vertex 14.499999998509885 0 12.799999995529653
    endloop
  endfacet
  facet normal 0.6494481049916623 0 0.7604059172065528
    outer loop
      vertex 14.147328844666482 0 12.914589798450471
      vertex 14.075735932588579 -2.2000000029802322 12.975735931098463
      vertex 14.147328844666482 -2.2000000029802322 12.914589798450471
    endloop
  endfacet
  facet normal 0.7604059172065528 0 0.6494481049916623
    outer loop
      vertex 14.075735932588579 0 12.975735931098463
      vertex 14.014589799940588 -2.2000000029802322 13.047328843176366
      vertex 14.075735932588579 -2.2000000029802322 12.975735931098463
    endloop
  endfacet
  facet normal 0.5224985487527459 0 0.8526401741363553
    outer loop
      vertex 14.227605699002744 0 12.865396080911161
      vertex 14.147328844666482 -2.2000000029802322 12.914589798450471
      vertex 14.227605699002744 -2.2000000029802322 12.865396080911161
    endloop
  endfacet
  facet normal 0.382683417105522 0 0.9238795388320066
    outer loop
      vertex 14.314589804410936 0 12.829366086423398
      vertex 14.227605699002744 -2.2000000029802322 12.865396080911161
      vertex 14.314589804410936 -2.2000000029802322 12.829366086423398
    endloop
  endfacet
  facet normal 0.8526401741363553 0 0.5224985487527459
    outer loop
      vertex 14.014589799940588 0 13.047328843176366
      vertex 13.965396082401277 -2.2000000029802322 13.127605697512628
      vertex 14.014589799940588 -2.2000000029802322 13.047328843176366
    endloop
  endfacet
  facet normal 0.9238795388320066 0 0.382683417105522
    outer loop
      vertex 13.965396082401277 -2.2000000029802322 13.127605697512628
      vertex 13.965396082401277 0 13.127605697512628
      vertex 13.929366087913515 -2.2000000029802322 13.21458980292082
    endloop
  endfacet
  facet normal 0.9723699217907641 0 0.23344535805327835
    outer loop
      vertex 13.929366087913515 0 13.21458980292082
      vertex 13.907386994361879 -2.2000000029802322 13.306139318645002
      vertex 13.929366087913515 -2.2000000029802322 13.21458980292082
    endloop
  endfacet
  facet normal 0.6494481049916623 0 0.7604059172065528
    outer loop
      vertex 14.075735932588579 0 12.975735931098463
      vertex 14.075735932588579 -2.2000000029802322 12.975735931098463
      vertex 14.147328844666482 0 12.914589798450471
    endloop
  endfacet
  facet normal 0.5224985487527459 0 0.8526401741363553
    outer loop
      vertex 14.147328844666482 0 12.914589798450471
      vertex 14.147328844666482 -2.2000000029802322 12.914589798450471
      vertex 14.227605699002744 0 12.865396080911161
    endloop
  endfacet
  facet normal 0.382683417105522 0 0.9238795388320066
    outer loop
      vertex 14.314589804410936 0 12.829366086423398
      vertex 14.227605699002744 0 12.865396080911161
      vertex 14.227605699002744 -2.2000000029802322 12.865396080911161
    endloop
  endfacet
  facet normal 0.7604059172065528 0 0.6494481049916623
    outer loop
      vertex 14.014589799940588 0 13.047328843176366
      vertex 14.014589799940588 -2.2000000029802322 13.047328843176366
      vertex 14.075735932588579 0 12.975735931098463
    endloop
  endfacet
  facet normal 0.8526401741363553 0 0.5224985487527459
    outer loop
      vertex 13.965396082401277 0 13.127605697512628
      vertex 13.965396082401277 -2.2000000029802322 13.127605697512628
      vertex 14.014589799940588 0 13.047328843176366
    endloop
  endfacet
  facet normal 0.9238795388320066 0 0.382683417105522
    outer loop
      vertex 13.965396082401277 0 13.127605697512628
      vertex 13.929366087913515 0 13.21458980292082
      vertex 13.929366087913515 -2.2000000029802322 13.21458980292082
    endloop
  endfacet
  facet normal 0.9723699217907641 0 0.23344535805327835
    outer loop
      vertex 13.907386994361879 0 13.306139318645002
      vertex 13.907386994361879 -2.2000000029802322 13.306139318645002
      vertex 13.929366087913515 0 13.21458980292082
    endloop
  endfacet
  facet normal 0 0 1
    outer loop
      vertex 14.499999998509885 0 12.799999995529653
      vertex 14.499999998509885 -2.2000000029802322 12.799999995529653
      vertex 25.700000001490118 0 12.799999995529653
    endloop
  endfacet
  facet normal 0.9966488536761634 0 0.08179891482158687
    outer loop
      vertex 13.907386994361879 -2.2000000029802322 13.306139318645002
      vertex 13.907386994361879 0 13.306139318645002
      vertex 13.657085649967193 -2.2000000029802322 16.3558441773057
    endloop
  endfacet
  facet normal 0.9966488536761634 6.999026583331818e-18 0.08179891482158687
    outer loop
      vertex 13.907386994361879 0 13.306139318645002
      vertex 13.657085649967193 0 16.3558441773057
      vertex 13.657085649967193 -2.2000000029802322 16.3558441773057
    endloop
  endfacet
  facet normal 0.9969173329303103 0 0.07845910592860962
    outer loop
      vertex 13.657085649967193 0 16.3558441773057
      vertex 13.629999995529651 -2.2000000029802322 16.700000002980232
      vertex 13.657085649967193 -2.2000000029802322 16.3558441773057
    endloop
  endfacet
  facet normal 0.9969173329303103 0 0.07845910592860962
    outer loop
      vertex 13.629999995529651 0 16.700000002980232
      vertex 13.629999995529651 -2.2000000029802322 16.700000002980232
      vertex 13.657085649967193 0 16.3558441773057
    endloop
  endfacet
  facet normal 0 0 1
    outer loop
      vertex 25.700000001490118 0 12.799999995529653
      vertex 14.499999998509885 -2.2000000029802322 12.799999995529653
      vertex 25.700000001490118 -2.2000000029802322 12.799999995529653
    endloop
  endfacet
  facet normal -0.07845911420376106 0 0.9969173322790417
    outer loop
      vertex 25.700000001490118 -2.2000000029802322 12.799999995529653
      vertex 25.793860679864885 -2.2000000029802322 12.807386992871763
      vertex 25.793860679864885 0 12.807386992871763
    endloop
  endfacet
  facet normal -0.23344535805327835 0 0.9723699217907641
    outer loop
      vertex 25.885410195589067 0 12.829366086423398
      vertex 25.793860679864885 -2.2000000029802322 12.807386992871763
      vertex 25.885410195589067 -2.2000000029802322 12.829366086423398
    endloop
  endfacet
  facet normal -0.07845911420376106 0 0.9969173322790417
    outer loop
      vertex 25.700000001490118 0 12.799999995529653
      vertex 25.700000001490118 -2.2000000029802322 12.799999995529653
      vertex 25.793860679864885 0 12.807386992871763
    endloop
  endfacet
  facet normal -0.23344535805327835 0 0.9723699217907641
    outer loop
      vertex 25.793860679864885 0 12.807386992871763
      vertex 25.793860679864885 -2.2000000029802322 12.807386992871763
      vertex 25.885410195589067 0 12.829366086423398
    endloop
  endfacet
  facet normal -0.382683417105522 0 0.9238795388320066
    outer loop
      vertex 25.97239430099726 0 12.865396080911161
      vertex 25.885410195589067 -2.2000000029802322 12.829366086423398
      vertex 25.97239430099726 -2.2000000029802322 12.865396080911161
    endloop
  endfacet
  facet normal -0.5224985487527459 0 0.8526401741363553
    outer loop
      vertex 26.05267115533352 0 12.914589798450471
      vertex 25.97239430099726 -2.2000000029802322 12.865396080911161
      vertex 26.05267115533352 -2.2000000029802322 12.914589798450471
    endloop
  endfacet
  facet normal -0.382683417105522 0 0.9238795388320066
    outer loop
      vertex 25.97239430099726 0 12.865396080911161
      vertex 25.885410195589067 0 12.829366086423398
      vertex 25.885410195589067 -2.2000000029802322 12.829366086423398
    endloop
  endfacet
  facet normal -0.5224985487527459 0 0.8526401741363553
    outer loop
      vertex 26.05267115533352 0 12.914589798450471
      vertex 25.97239430099726 0 12.865396080911161
      vertex 25.97239430099726 -2.2000000029802322 12.865396080911161
    endloop
  endfacet
  facet normal -0.6494481049916623 0 0.7604059172065528
    outer loop
      vertex 26.124264067411424 0 12.975735931098463
      vertex 26.05267115533352 -2.2000000029802322 12.914589798450471
      vertex 26.124264067411424 -2.2000000029802322 12.975735931098463
    endloop
  endfacet
  facet normal -0.7604059172065528 0 0.6494481049916623
    outer loop
      vertex 26.124264067411424 -2.2000000029802322 12.975735931098463
      vertex 26.185410200059415 -2.2000000029802322 13.047328843176366
      vertex 26.185410200059415 0 13.047328843176366
    endloop
  endfacet
  facet normal -0.8526401741363553 0 0.5224985487527459
    outer loop
      vertex 26.234603917598726 0 13.127605697512628
      vertex 26.185410200059415 -2.2000000029802322 13.047328843176366
      vertex 26.234603917598726 -2.2000000029802322 13.127605697512628
    endloop
  endfacet
  facet normal -0.9238795388320066 0 0.382683417105522
    outer loop
      vertex 26.27063391208649 0 13.21458980292082
      vertex 26.234603917598726 -2.2000000029802322 13.127605697512628
      vertex 26.27063391208649 -2.2000000029802322 13.21458980292082
    endloop
  endfacet
  facet normal -0.9723699217907641 0 0.23344535805327835
    outer loop
      vertex 26.292613005638124 0 13.306139318645002
      vertex 26.27063391208649 -2.2000000029802322 13.21458980292082
      vertex 26.292613005638124 -2.2000000029802322 13.306139318645002
    endloop
  endfacet
  facet normal -0.9969173322790417 0 0.07845911420376106
    outer loop
      vertex 26.292613005638124 -2.2000000029802322 13.306139318645002
      vertex 26.300000002980234 -2.2000000029802322 13.39999999701977
      vertex 26.300000002980234 0 13.39999999701977
    endloop
  endfacet
  facet normal -0.6494481049916623 0 0.7604059172065528
    outer loop
      vertex 26.124264067411424 0 12.975735931098463
      vertex 26.05267115533352 0 12.914589798450471
      vertex 26.05267115533352 -2.2000000029802322 12.914589798450471
    endloop
  endfacet
  facet normal -0.7604059172065528 0 0.6494481049916623
    outer loop
      vertex 26.124264067411424 0 12.975735931098463
      vertex 26.124264067411424 -2.2000000029802322 12.975735931098463
      vertex 26.185410200059415 0 13.047328843176366
    endloop
  endfacet
  facet normal -0.8526401741363553 0 0.5224985487527459
    outer loop
      vertex 26.234603917598726 0 13.127605697512628
      vertex 26.185410200059415 0 13.047328843176366
      vertex 26.185410200059415 -2.2000000029802322 13.047328843176366
    endloop
  endfacet
  facet normal -0.9238795388320066 0 0.382683417105522
    outer loop
      vertex 26.27063391208649 0 13.21458980292082
      vertex 26.234603917598726 0 13.127605697512628
      vertex 26.234603917598726 -2.2000000029802322 13.127605697512628
    endloop
  endfacet
  facet normal -0.9723699217907641 0 0.23344535805327835
    outer loop
      vertex 26.292613005638124 0 13.306139318645002
      vertex 26.27063391208649 0 13.21458980292082
      vertex 26.27063391208649 -2.2000000029802322 13.21458980292082
    endloop
  endfacet
  facet normal -0.9969173322790417 0 0.07845911420376106
    outer loop
      vertex 26.292613005638124 0 13.306139318645002
      vertex 26.292613005638124 -2.2000000029802322 13.306139318645002
      vertex 26.300000002980234 0 13.39999999701977
    endloop
  endfacet
  facet normal -1 0 0
    outer loop
      vertex 26.300000002980234 0 14.800000002980234
      vertex 26.300000002980234 0 13.39999999701977
      vertex 26.300000002980234 -2.2000000029802322 13.39999999701977
    endloop
  endfacet
  facet normal -1 0 0
    outer loop
      vertex 26.300000002980234 -2.2000000029802322 13.39999999701977
      vertex 26.300000002980234 -2.2000000029802322 14.800000002980234
      vertex 26.300000002980234 0 14.800000002980234
    endloop
  endfacet
  facet normal 1 0 -7.316443993394339e-10
    outer loop
      vertex 13.629999995529651 0 16.700000002980232
      vertex 13.629999999992682 -2.2000000029802322 22.799999999999994
      vertex 13.629999995529651 -2.2000000029802322 16.700000002980232
    endloop
  endfacet
  facet normal 1 0 -7.316443993394339e-10
    outer loop
      vertex 13.629999999992682 0 22.799999999999994
      vertex 13.629999999992682 -2.2000000029802322 22.799999999999994
      vertex 13.629999995529651 0 16.700000002980232
    endloop
  endfacet
  facet normal -0.999961816457786 0 -0.008738742841224867
    outer loop
      vertex 26.300000002980234 0 14.800000002980234
      vertex 26.300000002980234 -2.2000000029802322 14.800000002980234
      vertex 26.2300873907653 0 22.799999999999994
    endloop
  endfacet
  facet normal -0.999961816457786 0 -0.008738742841224867
    outer loop
      vertex 26.2300873907653 0 22.799999999999994
      vertex 26.300000002980234 -2.2000000029802322 14.800000002980234
      vertex 26.2300873907653 -2.2000000029802322 22.799999999999994
    endloop
  endfacet
  facet normal 0.7071067811865475 0 0.7071067811865475
    outer loop
      vertex 40.55954359633204 2.8 15.105572809000083
      vertex 40.20557280900008 -2.2000000029802322 15.459543596332043
      vertex 40.55954359633204 -2.2000000029802322 15.105572809000083
    endloop
  endfacet
  facet normal 0.8910065241883687 0 0.4539904997395449
    outer loop
      vertex 40.20557280900008 2.8 15.459543596332043
      vertex 39.97830957392775 -2.2000000029802322 15.905572809000084
      vertex 40.20557280900008 -2.2000000029802322 15.459543596332043
    endloop
  endfacet
  facet normal 0.4539904997394995 -2.0921231727192207e-19 0.891006524188392
    outer loop
      vertex 40.591389982931176 2.8 15.089346264553388
      vertex 40.55954359633204 2.8 15.105572809000083
      vertex 40.55954359633204 -2.2000000029802322 15.105572809000083
    endloop
  endfacet
  facet normal 0.4539904997395399 1.4967617948897994e-16 0.8910065241883713
    outer loop
      vertex 40.630048786445315 2.7046758151518526 15.069648620315927
      vertex 40.55954359633204 -2.2000000029802322 15.105572809000083
      vertex 40.71245161748694 2.8 15.02766228078983
    endloop
  endfacet
  facet normal 0.45399049973958694 -7.012311238234958e-16 0.8910065241883474
    outer loop
      vertex 40.630048786445315 2.7046758151518526 15.069648620315927
      vertex 40.591389982931176 2.8 15.089346264553388
      vertex 40.55954359633204 -2.2000000029802322 15.105572809000083
    endloop
  endfacet
  facet normal 0.891006524188392 -5.10946782827188e-15 0.4539904997394995
    outer loop
      vertex 40.20557280900008 2.8 15.459543596332043
      vertex 40.189346264553386 2.8 15.491389982931178
      vertex 39.97830957392775 -2.2000000029802322 15.905572809000084
    endloop
  endfacet
  facet normal 0.891006524188324 8.802611891334501e-15 0.4539904997396328
    outer loop
      vertex 40.17930981351931 2.7514299018675556 15.511087627168639
      vertex 39.97830957392775 -2.2000000029802322 15.905572809000084
      vertex 40.189346264553386 2.8 15.491389982931178
    endloop
  endfacet
  facet normal 0.7071067811865475 -2.595103600358628e-18 0.7071067811865475
    outer loop
      vertex 40.55954359633204 2.8 15.105572809000083
      vertex 40.20557280900008 2.8 15.459543596332043
      vertex 40.20557280900008 -2.2000000029802322 15.459543596332043
    endloop
  endfacet
  facet normal 0 -1 0
    outer loop
      vertex 40.591389982931176 2.8 15.089346264553388
      vertex 40.189346264553386 2.8 15.491389982931178
      vertex 40.55954359633204 2.8 15.105572809000083
    endloop
  endfacet
  facet normal 0 -1 0
    outer loop
      vertex 40.55954359633204 2.8 15.105572809000083
      vertex 40.189346264553386 2.8 15.491389982931178
      vertex 40.20557280900008 2.8 15.459543596332043
    endloop
  endfacet
  facet normal 0.9876883405951379 0 0.15643446504022995
    outer loop
      vertex 39.97830957392775 2.8 15.905572809000084
      vertex 39.9 -2.2000000029802322 16.400000000000002
      vertex 39.97830957392775 -2.2000000029802322 15.905572809000084
    endloop
  endfacet
  facet normal 0.9876883405951378 0 -0.15643446504023106
    outer loop
      vertex 39.9 2.8 16.400000000000002
      vertex 39.97830957392775 -2.2000000029802322 16.894427190999917
      vertex 39.9 -2.2000000029802322 16.400000000000002
    endloop
  endfacet
  facet normal 0.8910065241883687 0 -0.4539904997395449
    outer loop
      vertex 39.97830957392775 2.8 16.894427190999917
      vertex 40.20557280900008 -2.2000000029802322 17.340456403667957
      vertex 39.97830957392775 -2.2000000029802322 16.894427190999917
    endloop
  endfacet
  facet normal 0.8910065241883756 -1.348189347332506e-15 0.45399049973953165
    outer loop
      vertex 40.17930981351931 2.7514299018675556 15.511087627168639
      vertex 40.12766228078983 2.8 15.612451617486947
      vertex 39.97830957392775 -2.2000000029802322 15.905572809000084
    endloop
  endfacet
  facet normal 0.8910065241883662 -2.897373028451309e-19 0.4539904997395499
    outer loop
      vertex 40.12766228078983 2.8 15.612451617486947
      vertex 39.97830957392775 2.8 15.905572809000084
      vertex 39.97830957392775 -2.2000000029802322 15.905572809000084
    endloop
  endfacet
  facet normal 0.987688340595142 -2.623281743886412e-15 0.1564344650402041
    outer loop
      vertex 39.97830957392775 2.8 15.905572809000084
      vertex 39.961013130145076 2.8 16.014778257131468
      vertex 39.9 -2.2000000029802322 16.400000000000002
    endloop
  endfacet
  facet normal 0.9876883405951347 1.0324866659205811e-15 0.15643446504025035
    outer loop
      vertex 39.961013130145076 2.8 16.014778257131468
      vertex 39.94943883434441 2.7060124655100077 16.087855484774195
      vertex 39.9 -2.2000000029802322 16.400000000000002
    endloop
  endfacet
  facet normal 0.9876883405951362 3.949473748101565e-16 0.1564344650402406
    outer loop
      vertex 39.94943883434441 2.7060124655100077 16.087855484774195
      vertex 39.93074355135483 2.8 16.205892856066946
      vertex 39.9 -2.2000000029802322 16.400000000000002
    endloop
  endfacet
  facet normal 0.9876883405951378 6.499413273442612e-20 0.15643446504023067
    outer loop
      vertex 39.93074355135483 2.8 16.205892856066946
      vertex 39.9 2.8 16.400000000000002
      vertex 39.9 -2.2000000029802322 16.400000000000002
    endloop
  endfacet
  facet normal 0 -1 0
    outer loop
      vertex 40.12766228078983 2.8 15.612451617486947
      vertex 39.961013130145076 2.8 16.014778257131468
      vertex 39.97830957392775 2.8 15.905572809000084
    endloop
  endfacet
  facet normal 0.9876883405951378 3.8610994266722135e-17 -0.15643446504023067
    outer loop
      vertex 39.9 2.8 16.400000000000002
      vertex 39.93074355135483 2.8 16.59410714393306
      vertex 39.97830957392775 -2.2000000029802322 16.894427190999917
    endloop
  endfacet
  facet normal 0.9876883405951353 -9.184032580980937e-16 -0.15643446504024625
    outer loop
      vertex 39.93074355135483 2.8 16.59410714393306
      vertex 39.94943883434441 2.7060124655100077 16.712144515225805
      vertex 39.97830957392775 -2.2000000029802322 16.894427190999917
    endloop
  endfacet
  facet normal 0.987688340595135 -9.796102515362775e-16 -0.15643446504024783
    outer loop
      vertex 39.94943883434441 2.7060124655100077 16.712144515225805
      vertex 39.961013130145076 2.8 16.785221742868533
      vertex 39.97830957392775 -2.2000000029802322 16.894427190999917
    endloop
  endfacet
  facet normal 0.987688340595142 2.018787929099061e-20 -0.1564344650402041
    outer loop
      vertex 39.961013130145076 2.8 16.785221742868533
      vertex 39.97830957392775 2.8 16.894427190999917
      vertex 39.97830957392775 -2.2000000029802322 16.894427190999917
    endloop
  endfacet
  facet normal 0 -1 0
    outer loop
      vertex 39.93074355135483 2.8 16.205892856066946
      vertex 39.93074355135483 2.8 16.59410714393306
      vertex 39.9 2.8 16.400000000000002
    endloop
  endfacet
  facet normal 0 -1 0
    outer loop
      vertex 39.961013130145076 2.8 16.785221742868533
      vertex 40.12766228078983 2.8 17.187548382513054
      vertex 39.97830957392775 2.8 16.894427190999917
    endloop
  endfacet
  facet normal 0.4539904997395421 0 0.8910065241883702
    outer loop
      vertex 41.005572809000085 2.8 14.878309573927755
      vertex 40.55954359633204 -2.2000000029802322 15.105572809000083
      vertex 41.005572809000085 -2.2000000029802322 14.878309573927755
    endloop
  endfacet
  facet normal 0.15643446504023106 0 0.9876883405951378
    outer loop
      vertex 41.5 2.8 14.8
      vertex 41.005572809000085 -2.2000000029802322 14.878309573927755
      vertex 41.5 -2.2000000029802322 14.8
    endloop
  endfacet
  facet normal -0.15643446504023106 0 0.9876883405951377
    outer loop
      vertex 41.994427190999915 2.3055728090000835 14.878309573927755
      vertex 41.5 -2.2000000029802322 14.8
      vertex 41.994427190999915 -2.2000000029802322 14.878309573927755
    endloop
  endfacet
  facet normal -0.45399049973954214 0 0.8910065241883703
    outer loop
      vertex 42.44045640366796 1.8595435963320428 15.105572809000083
      vertex 41.994427190999915 -2.2000000029802322 14.878309573927755
      vertex 42.44045640366796 -2.2000000029802322 15.105572809000083
    endloop
  endfacet
  facet normal 0.15643446504025013 -7.781020035746856e-16 0.9876883405951348
    outer loop
      vertex 41.269418624868166 2.569418624868166 14.836520502049517
      vertex 41.1601188794343 2.659216630267122 14.853831881057676
      vertex 41.005572809000085 -2.2000000029802322 14.878309573927755
    endloop
  endfacet
  facet normal 0.15643446504023548 0 0.9876883405951371
    outer loop
      vertex 41.005572809000085 2.8 14.878309573927755
      vertex 41.005572809000085 -2.2000000029802322 14.878309573927755
      vertex 41.11477825713147 2.8 14.861013130145075
    endloop
  endfacet
  facet normal 0.15643446504020606 6.578009302757594e-16 0.9876883405951417
    outer loop
      vertex 41.11477825713147 2.8 14.861013130145075
      vertex 41.005572809000085 -2.2000000029802322 14.878309573927755
      vertex 41.1601188794343 2.659216630267122 14.853831881057676
    endloop
  endfacet
  facet normal 0.1564344650401805 3.1690352662247815e-15 0.9876883405951455
    outer loop
      vertex 41.269418624868166 2.569418624868166 14.836520502049517
      vertex 41.005572809000085 -2.2000000029802322 14.878309573927755
      vertex 41.30589285606695 2.561498686455594 14.830743551354832
    endloop
  endfacet
  facet normal -0.156434465040274 1.695039204452878e-15 0.9876883405951308
    outer loop
      vertex 41.69410714393305 2.561498686455594 14.830743551354832
      vertex 41.5 -2.2000000029802322 14.8
      vertex 41.730581375131834 2.5694186248681667 14.83652050204952
    endloop
  endfacet
  facet normal 0.1564344650402338 -2.7733163586639697e-16 0.9876883405951371
    outer loop
      vertex 41.30589285606695 2.561498686455594 14.830743551354832
      vertex 41.005572809000085 -2.2000000029802322 14.878309573927755
      vertex 41.5 2.8 14.8
    endloop
  endfacet
  facet normal -0.1564344650402335 6.901215892162304e-22 0.9876883405951373
    outer loop
      vertex 41.69410714393305 2.561498686455594 14.830743551354832
      vertex 41.5 2.8 14.8
      vertex 41.5 -2.2000000029802322 14.8
    endloop
  endfacet
  facet normal 0 -1 0
    outer loop
      vertex 40.71245161748694 2.8 15.02766228078983
      vertex 41.005572809000085 2.8 14.878309573927755
      vertex 41.11477825713147 2.8 14.861013130145075
    endloop
  endfacet
  facet normal 0.15643446504023348 0 0.9876883405951373
    outer loop
      vertex 41.30589285606695 2.561498686455594 14.830743551354832
      vertex 41.5 2.8 14.8
      vertex 41.30589285606695 2.8 14.830743551354832
    endloop
  endfacet
  facet normal 0 -1 0
    outer loop
      vertex 41.30589285606695 2.8 14.830743551354832
      vertex 41.5 2.8 14.8
      vertex 41.5 2.8 14.830743551354832
    endloop
  endfacet
  facet normal -0.15643446504023348 0 0.9876883405951373
    outer loop
      vertex 41.69410714393305 2.561498686455594 14.830743551354832
      vertex 41.69410714393305 2.6058928560669434 14.830743551354832
      vertex 41.5 2.8 14.8
    endloop
  endfacet
  facet normal -0.15643446504022418 -7.770801347216583e-16 0.9876883405951388
    outer loop
      vertex 41.730581375131834 2.5694186248681667 14.83652050204952
      vertex 41.5 -2.2000000029802322 14.8
      vertex 41.994427190999915 2.3055728090000835 14.878309573927755
    endloop
  endfacet
  facet normal -0.4539904997395422 2.5710548218427685e-18 0.8910065241883703
    outer loop
      vertex 42.44045640366796 1.8595435963320428 15.105572809000083
      vertex 41.994427190999915 2.3055728090000835 14.878309573927755
      vertex 41.994427190999915 -2.2000000029802322 14.878309573927755
    endloop
  endfacet
  facet normal 0.4539904997395412 1.0154803046823612e-16 0.8910065241883708
    outer loop
      vertex 40.71245161748694 2.8 15.02766228078983
      vertex 40.55954359633204 -2.2000000029802322 15.105572809000083
      vertex 41.005572809000085 2.8 14.878309573927755
    endloop
  endfacet
  facet normal -0.7071067811865476 0 0.7071067811865476
    outer loop
      vertex 42.44045640366796 1.8595435963320428 15.105572809000083
      vertex 42.44045640366796 -2.2000000029802322 15.105572809000083
      vertex 42.79442719099992 1.5055728090000837 15.459543596332043
    endloop
  endfacet
  facet normal -0.7071067811865476 0 0.7071067811865476
    outer loop
      vertex 42.79442719099992 1.5055728090000837 15.459543596332043
      vertex 42.44045640366796 -2.2000000029802322 15.105572809000083
      vertex 42.79442719099992 -2.2000000029802322 15.459543596332043
    endloop
  endfacet
  facet normal -0.8910065241883688 0 0.4539904997395449
    outer loop
      vertex 42.79442719099992 1.5055728090000837 15.459543596332043
      vertex 42.79442719099992 -2.2000000029802322 15.459543596332043
      vertex 43.02169042607225 1.2783095739277544 15.905572809000084
    endloop
  endfacet
  facet normal -0.8910065241883688 0 0.453990499739545
    outer loop
      vertex 43.02169042607225 1.2783095739277544 15.905572809000084
      vertex 42.79442719099992 -2.2000000029802322 15.459543596332043
      vertex 43.02169042607225 -2.2000000029802322 15.905572809000084
    endloop
  endfacet
  facet normal -0.9876883405951379 0 0.15643446504022995
    outer loop
      vertex 43.1 1.1999999999999997 16.400000000000002
      vertex 43.02169042607225 -2.2000000029802322 15.905572809000084
      vertex 43.1 -2.2000000029802322 16.400000000000002
    endloop
  endfacet
  facet normal -0.9876883405951379 0 0.15643446504022998
    outer loop
      vertex 43.02169042607225 1.2783095739277544 15.905572809000084
      vertex 43.02169042607225 -2.2000000029802322 15.905572809000084
      vertex 43.1 1.1999999999999997 16.400000000000002
    endloop
  endfacet
  facet normal -0.9876883405951378 0 -0.15643446504023106
    outer loop
      vertex 43.02169042607225 1.2783095739277544 16.894427190999917
      vertex 43.1 -2.2000000029802322 16.400000000000002
      vertex 43.02169042607225 -2.2000000029802322 16.894427190999917
    endloop
  endfacet
  facet normal -0.9876883405951377 0 -0.15643446504023106
    outer loop
      vertex 43.1 1.1999999999999997 16.400000000000002
      vertex 43.1 -2.2000000029802322 16.400000000000002
      vertex 43.02169042607225 1.2783095739277544 16.894427190999917
    endloop
  endfacet
  facet normal -0.8910065241883688 0 -0.453990499739545
    outer loop
      vertex 43.02169042607225 1.2783095739277544 16.894427190999917
      vertex 43.02169042607225 -2.2000000029802322 16.894427190999917
      vertex 42.79442719099992 1.5055728090000837 17.340456403667957
    endloop
  endfacet
  facet normal 0.7164817630093356 0 -0.6976058222771898
    outer loop
      vertex 40.20557280900008 2.8 17.340456403667957
      vertex 41.49646446609407 -2.2000000029802322 18.666277233702885
      vertex 40.20557280900008 -2.2000000029802322 17.340456403667957
    endloop
  endfacet
  facet normal 0.8910065241883662 -5.5531549820349525e-16 -0.4539904997395499
    outer loop
      vertex 39.97830957392775 2.8 16.894427190999917
      vertex 40.12766228078983 2.8 17.187548382513054
      vertex 40.20557280900008 -2.2000000029802322 17.340456403667957
    endloop
  endfacet
  facet normal 0.8910065241883823 6.607068569001893e-16 -0.45399049973951827
    outer loop
      vertex 40.12766228078983 2.8 17.187548382513054
      vertex 40.17930981351931 2.7514299018675556 17.288912372831366
      vertex 40.20557280900008 -2.2000000029802322 17.340456403667957
    endloop
  endfacet
  facet normal 0.8910065241883334 -5.992344585100111e-16 -0.4539904997396144
    outer loop
      vertex 40.17930981351931 2.7514299018675556 17.288912372831366
      vertex 40.189346264553386 2.8 17.308610017068826
      vertex 40.20557280900008 -2.2000000029802322 17.340456403667957
    endloop
  endfacet
  facet normal 0.8910065241883715 -2.223862521122487e-19 -0.4539904997395397
    outer loop
      vertex 40.189346264553386 2.8 17.308610017068826
      vertex 40.20557280900008 2.8 17.340456403667957
      vertex 40.20557280900008 -2.2000000029802322 17.340456403667957
    endloop
  endfacet
  facet normal 0 -1 0
    outer loop
      vertex 40.189346264553386 2.8 17.308610017068826
      vertex 40.61108762716864 2.8 17.730351379684073
      vertex 40.20557280900008 2.8 17.340456403667957
    endloop
  endfacet
  facet normal -0.7164817630093357 0 -0.6976058222771898
    outer loop
      vertex 41.50353553390593 2.7964644660940667 18.666277233702885
      vertex 42.79442719099992 -2.2000000029802322 17.340456403667957
      vertex 41.50353553390593 -2.2000000029802322 18.666277233702885
    endloop
  endfacet
  facet normal -0.7164817630093357 0 -0.6976058222771897
    outer loop
      vertex 42.79442719099992 1.5055728090000837 17.340456403667957
      vertex 42.79442719099992 -2.2000000029802322 17.340456403667957
      vertex 41.50353553390593 2.7964644660940667 18.666277233702885
    endloop
  endfacet
  facet normal 0.7164817630093356 1.7731319342901592e-18 -0.6976058222771898
    outer loop
      vertex 40.20557280900008 2.8 17.340456403667957
      vertex 41.49646446609407 2.8 18.666277233702885
      vertex 41.49646446609407 -2.2000000029802322 18.666277233702885
    endloop
  endfacet
  facet normal 0 -1 0
    outer loop
      vertex 40.20557280900008 2.8 17.340456403667957
      vertex 40.61108762716864 2.8 17.730351379684073
      vertex 41.497061073738536 2.8 18.666786784768828
    endloop
  endfacet
  facet normal 0 -1 0
    outer loop
      vertex 40.61108762716864 2.8 17.730351379684073
      vertex 41.1878554847742 2.8 17.96925644864517
      vertex 41.497061073738536 2.8 18.666786784768828
    endloop
  endfacet
  facet normal 0 -1 0
    outer loop
      vertex 40.20557280900008 2.8 17.340456403667957
      vertex 41.497061073738536 2.8 18.666786784768828
      vertex 41.49646446609407 2.8 18.666277233702885
    endloop
  endfacet
  facet normal 0 -1 0
    outer loop
      vertex 41.1878554847742 2.8 17.96925644864517
      vertex 41.5 2.8 17.96925644864517
      vertex 41.4992178276748 2.8 18.66768014149993
    endloop
  endfacet
  facet normal 0 -1 0
    outer loop
      vertex 41.1878554847742 2.8 17.96925644864517
      vertex 41.4992178276748 2.8 18.66768014149993
      vertex 41.49845491502813 2.8 18.667496982378427
    endloop
  endfacet
  facet normal 0 -1 0
    outer loop
      vertex 41.1878554847742 2.8 17.96925644864517
      vertex 41.49845491502813 2.8 18.667496982378427
      vertex 41.4977300475013 2.8 18.667196732417896
    endloop
  endfacet
  facet normal 0 -1 0
    outer loop
      vertex 41.1878554847742 2.8 17.96925644864517
      vertex 41.4977300475013 2.8 18.667196732417896
      vertex 41.497061073738536 2.8 18.666786784768828
    endloop
  endfacet
  facet normal 0 -1 0
    outer loop
      vertex 41.5 2.8 17.96925644864517
      vertex 41.5 2.8 18.667741699796952
      vertex 41.4992178276748 2.8 18.66768014149993
    endloop
  endfacet
  facet normal -0.8910065241883688 0 -0.4539904997395449
    outer loop
      vertex 42.79442719099992 1.5055728090000837 17.340456403667957
      vertex 43.02169042607225 -2.2000000029802322 16.894427190999917
      vertex 42.79442719099992 -2.2000000029802322 17.340456403667957
    endloop
  endfacet
  facet normal 0.6494480483319675 0 -0.7604059655985075
    outer loop
      vertex 41.49646446609407 2.8 18.666277233702885
      vertex 41.497061073738536 -2.2000000029802322 18.666786784768828
      vertex 41.49646446609407 -2.2000000029802322 18.666277233702885
    endloop
  endfacet
  facet normal 0.5224985647172022 0 -0.852640164353324
    outer loop
      vertex 41.497061073738536 2.8 18.666786784768828
      vertex 41.4977300475013 -2.2000000029802322 18.667196732417896
      vertex 41.497061073738536 -2.2000000029802322 18.666786784768828
    endloop
  endfacet
  facet normal 0.3826834323606287 0 -0.9238795325131346
    outer loop
      vertex 41.4977300475013 2.8 18.667196732417896
      vertex 41.49845491502813 -2.2000000029802322 18.667496982378427
      vertex 41.4977300475013 -2.2000000029802322 18.667196732417896
    endloop
  endfacet
  facet normal 0.2334453638586302 0 -0.9723699203970223
    outer loop
      vertex 41.49845491502813 2.8 18.667496982378427
      vertex 41.4992178276748 -2.2000000029802322 18.66768014149993
      vertex 41.49845491502813 -2.2000000029802322 18.667496982378427
    endloop
  endfacet
  facet normal 0.0784590957265482 0 -0.99691733373323
    outer loop
      vertex 41.4992178276748 2.8 18.66768014149993
      vertex 41.5 -2.2000000029802322 18.667741699796952
      vertex 41.4992178276748 -2.2000000029802322 18.66768014149993
    endloop
  endfacet
  facet normal -0.0784590957265482 0 -0.99691733373323
    outer loop
      vertex 41.5 2.8 18.667741699796952
      vertex 41.5007821723252 -2.2000000029802322 18.66768014149993
      vertex 41.5 -2.2000000029802322 18.667741699796952
    endloop
  endfacet
  facet normal -0.23344536385863018 0 -0.9723699203970224
    outer loop
      vertex 41.5007821723252 2.7992178276747985 18.66768014149993
      vertex 41.50154508497187 -2.2000000029802322 18.667496982378427
      vertex 41.5007821723252 -2.2000000029802322 18.66768014149993
    endloop
  endfacet
  facet normal -0.38268343236062863 0 -0.9238795325131346
    outer loop
      vertex 41.50154508497187 2.798454915028125 18.667496982378427
      vertex 41.5022699524987 -2.2000000029802322 18.667196732417896
      vertex 41.50154508497187 -2.2000000029802322 18.667496982378427
    endloop
  endfacet
  facet normal -0.5224985647172024 0 -0.8526401643533242
    outer loop
      vertex 41.5022699524987 2.797730047501302 18.667196732417896
      vertex 41.502938926261464 -2.2000000029802322 18.666786784768828
      vertex 41.5022699524987 -2.2000000029802322 18.667196732417896
    endloop
  endfacet
  facet normal -0.6494480483319675 0 -0.7604059655985075
    outer loop
      vertex 41.502938926261464 2.7970610737385373 18.666786784768828
      vertex 41.50353553390593 -2.2000000029802322 18.666277233702885
      vertex 41.502938926261464 -2.2000000029802322 18.666786784768828
    endloop
  endfacet
  facet normal 0.6494480483319675 -4.439569709501476e-21 -0.7604059655985075
    outer loop
      vertex 41.49646446609407 2.8 18.666277233702885
      vertex 41.497061073738536 2.8 18.666786784768828
      vertex 41.497061073738536 -2.2000000029802322 18.666786784768828
    endloop
  endfacet
  facet normal 0.5224985647172022 -8.706454308765862e-22 -0.852640164353324
    outer loop
      vertex 41.497061073738536 2.8 18.666786784768828
      vertex 41.4977300475013 2.8 18.667196732417896
      vertex 41.4977300475013 -2.2000000029802322 18.667196732417896
    endloop
  endfacet
  facet normal 0.3826834323606287 8.78225661154713e-22 -0.9238795325131346
    outer loop
      vertex 41.4977300475013 2.8 18.667196732417896
      vertex 41.49845491502813 2.8 18.667496982378427
      vertex 41.49845491502813 -2.2000000029802322 18.667496982378427
    endloop
  endfacet
  facet normal 0.2334453638586302 -3.351999708992967e-21 -0.9723699203970223
    outer loop
      vertex 41.49845491502813 2.8 18.667496982378427
      vertex 41.4992178276748 2.8 18.66768014149993
      vertex 41.4992178276748 -2.2000000029802322 18.66768014149993
    endloop
  endfacet
  facet normal 0.0784590957265482 -4.686229630672674e-22 -0.99691733373323
    outer loop
      vertex 41.4992178276748 2.8 18.66768014149993
      vertex 41.5 2.8 18.667741699796952
      vertex 41.5 -2.2000000029802322 18.667741699796952
    endloop
  endfacet
  facet normal -0.0784590957265482 4.686962833195712e-22 -0.99691733373323
    outer loop
      vertex 41.5 2.8 18.667741699796952
      vertex 41.5007821723252 2.7992178276747985 18.66768014149993
      vertex 41.5007821723252 -2.2000000029802322 18.66768014149993
    endloop
  endfacet
  facet normal -0.23344536385863024 0 -0.9723699203970225
    outer loop
      vertex 41.50154508497187 2.798454915028125 18.667496982378427
      vertex 41.50154508497187 -2.2000000029802322 18.667496982378427
      vertex 41.5007821723252 2.7992178276747985 18.66768014149993
    endloop
  endfacet
  facet normal -0.38268343236062874 -8.786245483522653e-22 -0.9238795325131347
    outer loop
      vertex 41.50154508497187 2.798454915028125 18.667496982378427
      vertex 41.5022699524987 2.797730047501302 18.667196732417896
      vertex 41.5022699524987 -2.2000000029802322 18.667196732417896
    endloop
  endfacet
  facet normal -0.5224985647172024 8.711574843980345e-22 -0.8526401643533241
    outer loop
      vertex 41.5022699524987 2.797730047501302 18.667196732417896
      vertex 41.502938926261464 2.7970610737385373 18.666786784768828
      vertex 41.502938926261464 -2.2000000029802322 18.666786784768828
    endloop
  endfacet
  facet normal -0.6494480483319675 0 -0.7604059655985075
    outer loop
      vertex 41.50353553390593 2.7964644660940667 18.666277233702885
      vertex 41.50353553390593 -2.2000000029802322 18.666277233702885
      vertex 41.502938926261464 2.7970610737385373 18.666786784768828
    endloop
  endfacet
  facet normal 0.4539904997395422 0 0.8910065241883703
    outer loop
      vertex 48.005572809000085 2.3055728090000835 14.878309573927755
      vertex 47.55954359633204 -2.2000000029802322 15.105572809000083
      vertex 48.005572809000085 -2.2000000029802322 14.878309573927755
    endloop
  endfacet
  facet normal 0.15643446504023106 0 0.9876883405951378
    outer loop
      vertex 48.5 2.8 14.8
      vertex 48.005572809000085 -2.2000000029802322 14.878309573927755
      vertex 48.5 -2.2000000029802322 14.8
    endloop
  endfacet
  facet normal 0.8910065241883688 0 0.4539904997395449
    outer loop
      vertex 47.20557280900008 1.5055728090000837 15.459543596332043
      vertex 46.97830957392775 -2.2000000029802322 15.905572809000084
      vertex 47.20557280900008 -2.2000000029802322 15.459543596332043
    endloop
  endfacet
  facet normal 0.7071067811865476 0 0.7071067811865476
    outer loop
      vertex 47.55954359633204 1.8595435963320428 15.105572809000083
      vertex 47.20557280900008 -2.2000000029802322 15.459543596332043
      vertex 47.55954359633204 -2.2000000029802322 15.105572809000083
    endloop
  endfacet
  facet normal 0.1564344650402364 0 0.987688340595137
    outer loop
      vertex 48.005572809000085 2.3055728090000835 14.878309573927755
      vertex 48.005572809000085 -2.2000000029802322 14.878309573927755
      vertex 48.269418624868166 2.569418624868166 14.836520502049517
    endloop
  endfacet
  facet normal 0.1564344650401805 3.1690352662247815e-15 0.9876883405951455
    outer loop
      vertex 48.269418624868166 2.569418624868166 14.836520502049517
      vertex 48.005572809000085 -2.2000000029802322 14.878309573927755
      vertex 48.30589285606695 2.561498686455594 14.830743551354832
    endloop
  endfacet
  facet normal 0.1564344650402338 -2.7733163586639697e-16 0.9876883405951371
    outer loop
      vertex 48.30589285606695 2.561498686455594 14.830743551354832
      vertex 48.005572809000085 -2.2000000029802322 14.878309573927755
      vertex 48.5 2.8 14.8
    endloop
  endfacet
  facet normal 0.15643446504023348 0 0.9876883405951373
    outer loop
      vertex 48.30589285606695 2.561498686455594 14.830743551354832
      vertex 48.5 2.8 14.8
      vertex 48.30589285606695 2.6058928560669434 14.830743551354832
    endloop
  endfacet
  facet normal 0.7071067811865476 -3.501622736322062e-18 0.7071067811865475
    outer loop
      vertex 47.55954359633204 1.8595435963320428 15.105572809000083
      vertex 47.20557280900008 1.5055728090000837 15.459543596332043
      vertex 47.20557280900008 -2.2000000029802322 15.459543596332043
    endloop
  endfacet
  facet normal 0.45399049973954214 0 0.8910065241883703
    outer loop
      vertex 47.55954359633204 1.8595435963320428 15.105572809000083
      vertex 47.55954359633204 -2.2000000029802322 15.105572809000083
      vertex 48.005572809000085 2.3055728090000835 14.878309573927755
    endloop
  endfacet
  facet normal 0.9876883405951379 0 0.15643446504022998
    outer loop
      vertex 46.97830957392775 1.2783095739277544 15.905572809000084
      vertex 46.9 -2.2000000029802322 16.400000000000002
      vertex 46.97830957392775 -2.2000000029802322 15.905572809000084
    endloop
  endfacet
  facet normal 0.8910065241883688 0 0.453990499739545
    outer loop
      vertex 46.97830957392775 1.2783095739277544 15.905572809000084
      vertex 46.97830957392775 -2.2000000029802322 15.905572809000084
      vertex 47.20557280900008 1.5055728090000837 15.459543596332043
    endloop
  endfacet
  facet normal 0.9876883405951379 -3.255290340573376e-19 0.15643446504022998
    outer loop
      vertex 46.97830957392775 1.2783095739277544 15.905572809000084
      vertex 46.9 1.1999999999999997 16.400000000000002
      vertex 46.9 -2.2000000029802322 16.400000000000002
    endloop
  endfacet
  facet normal 0.9876883405951377 0 -0.15643446504023106
    outer loop
      vertex 46.9 1.1999999999999997 16.400000000000002
      vertex 46.97830957392775 -2.2000000029802322 16.894427190999917
      vertex 46.9 -2.2000000029802322 16.400000000000002
    endloop
  endfacet
  facet normal 0.8910065241883688 0 -0.453990499739545
    outer loop
      vertex 46.97830957392775 1.2783095739277544 16.894427190999917
      vertex 47.20557280900008 -2.2000000029802322 17.340456403667957
      vertex 46.97830957392775 -2.2000000029802322 16.894427190999917
    endloop
  endfacet
  facet normal 0.9876883405951378 -5.83994730940749e-20 -0.1564344650402311
    outer loop
      vertex 46.9 1.1999999999999997 16.400000000000002
      vertex 46.97830957392775 1.2783095739277544 16.894427190999917
      vertex 46.97830957392775 -2.2000000029802322 16.894427190999917
    endloop
  endfacet
  facet normal -0.15643446504023106 0 0.9876883405951378
    outer loop
      vertex 48.994427190999915 2.8 14.878309573927755
      vertex 48.5 -2.2000000029802322 14.8
      vertex 48.994427190999915 -2.2000000029802322 14.878309573927755
    endloop
  endfacet
  facet normal -0.4539904997395421 0 0.8910065241883702
    outer loop
      vertex 49.44045640366796 2.8 15.105572809000083
      vertex 48.994427190999915 -2.2000000029802322 14.878309573927755
      vertex 49.44045640366796 -2.2000000029802322 15.105572809000083
    endloop
  endfacet
  facet normal -0.7071067811865475 0 0.7071067811865475
    outer loop
      vertex 49.44045640366796 2.8 15.105572809000083
      vertex 49.44045640366796 -2.2000000029802322 15.105572809000083
      vertex 49.5 -2.2000000029802322 15.165116405332125
    endloop
  endfacet
  facet normal -0.7071067811865476 0 0.7071067811865476
    outer loop
      vertex 49.79442719099992 2.8 15.459543596332043
      vertex 49.5 -2.2000000029802322 15.165116405332125
      vertex 49.79442719099992 -2.180702225335134 15.459543596332043
    endloop
  endfacet
  facet normal -0.15643446504017935 -2.261531405214468e-15 0.987688340595146
    outer loop
      vertex 48.69410714393305 2.561498686455594 14.830743551354832
      vertex 48.5 -2.2000000029802322 14.8
      vertex 48.730581375131834 2.569418624868166 14.836520502049517
    endloop
  endfacet
  facet normal -0.1564344650402518 1.3288362154157628e-15 0.9876883405951343
    outer loop
      vertex 48.730581375131834 2.569418624868166 14.836520502049517
      vertex 48.5 -2.2000000029802322 14.8
      vertex 48.8398811205657 2.659216630267122 14.853831881057676
    endloop
  endfacet
  facet normal -0.15643446504023348 0 0.9876883405951373
    outer loop
      vertex 48.5 2.8 14.8
      vertex 48.5 -2.2000000029802322 14.8
      vertex 48.69410714393305 2.561498686455594 14.830743551354832
    endloop
  endfacet
  facet normal -0.15643446504019595 -2.6758270323818066e-15 0.9876883405951433
    outer loop
      vertex 48.8398811205657 2.659216630267122 14.853831881057676
      vertex 48.5 -2.2000000029802322 14.8
      vertex 48.88522174286853 2.8 14.861013130145075
    endloop
  endfacet
  facet normal -0.15643446504023548 4.421388356395943e-16 0.9876883405951371
    outer loop
      vertex 48.88522174286853 2.8 14.861013130145075
      vertex 48.5 -2.2000000029802322 14.8
      vertex 48.994427190999915 2.8 14.878309573927755
    endloop
  endfacet
  facet normal -0.4539904997395412 0 0.8910065241883708
    outer loop
      vertex 48.994427190999915 2.8 14.878309573927755
      vertex 48.994427190999915 -2.2000000029802322 14.878309573927755
      vertex 49.28754838251306 2.8 15.02766228078983
    endloop
  endfacet
  facet normal 0 -1 0
    outer loop
      vertex 48.5 2.8 14.8
      vertex 48.69410714393305 2.8 14.830743551354832
      vertex 48.5 2.8 14.830743551354832
    endloop
  endfacet
  facet normal -0.15643446504023348 1.4467878171645442e-20 0.9876883405951373
    outer loop
      vertex 48.5 2.8 14.8
      vertex 48.69410714393305 2.561498686455594 14.830743551354832
      vertex 48.69410714393305 2.8 14.830743551354832
    endloop
  endfacet
  facet normal 0 -1 0
    outer loop
      vertex 48.88522174286853 2.8 14.861013130145075
      vertex 48.994427190999915 2.8 14.878309573927755
      vertex 49.28754838251306 2.8 15.02766228078983
    endloop
  endfacet
  facet normal -0.4539904997395402 -7.653866919587528e-17 0.8910065241883713
    outer loop
      vertex 49.28754838251306 2.8 15.02766228078983
      vertex 48.994427190999915 -2.2000000029802322 14.878309573927755
      vertex 49.369951213554685 2.7046758151518526 15.069648620315927
    endloop
  endfacet
  facet normal -0.4539904997395994 5.635772371442401e-15 0.891006524188341
    outer loop
      vertex 49.369951213554685 2.7046758151518526 15.069648620315927
      vertex 48.994427190999915 -2.2000000029802322 14.878309573927755
      vertex 49.408610017068824 2.8 15.089346264553388
    endloop
  endfacet
  facet normal -0.4539904997394995 -4.784683835693208e-15 0.891006524188392
    outer loop
      vertex 49.408610017068824 2.8 15.089346264553388
      vertex 48.994427190999915 -2.2000000029802322 14.878309573927755
      vertex 49.44045640366796 2.8 15.105572809000083
    endloop
  endfacet
  facet normal -0.7071067811865475 5.868721242161145e-19 0.7071067811865475
    outer loop
      vertex 49.44045640366796 2.8 15.105572809000083
      vertex 49.5 -2.2000000029802322 15.165116405332125
      vertex 49.79442719099992 2.8 15.459543596332043
    endloop
  endfacet
  facet normal -0.8910065241883919 0 0.45399049973949945
    outer loop
      vertex 49.79442719099992 2.8 15.459543596332043
      vertex 49.79442719099992 -2.180702225335134 15.459543596332043
      vertex 49.810653735446614 2.8 15.491389982931178
    endloop
  endfacet
  facet normal -0.8910065241883337 -9.202659894903817e-16 0.45399049973961375
    outer loop
      vertex 49.810653735446614 2.8 15.491389982931178
      vertex 49.79442719099992 -2.180702225335134 15.459543596332043
      vertex 49.82069018648069 2.7514299018675556 15.511087627168639
    endloop
  endfacet
  facet normal -0.8910065241883759 1.6787533741571263e-16 0.4539904997395311
    outer loop
      vertex 49.82069018648069 2.7514299018675556 15.511087627168639
      vertex 49.79442719099992 -2.180702225335134 15.459543596332043
      vertex 49.87233771921017 2.8 15.612451617486947
    endloop
  endfacet
  facet normal -0.8910065241883662 -5.587061928413249e-16 0.45399049973954986
    outer loop
      vertex 49.87233771921017 2.8 15.612451617486947
      vertex 49.79442719099992 -2.180702225335134 15.459543596332043
      vertex 50.02169042607225 2.8 15.905572809000084
    endloop
  endfacet
  facet normal 0 -1 0
    outer loop
      vertex 49.408610017068824 2.8 15.089346264553388
      vertex 49.44045640366796 2.8 15.105572809000083
      vertex 49.79442719099992 2.8 15.459543596332043
    endloop
  endfacet
  facet normal 0 -1 0
    outer loop
      vertex 49.408610017068824 2.8 15.089346264553388
      vertex 49.79442719099992 2.8 15.459543596332043
      vertex 49.810653735446614 2.8 15.491389982931178
    endloop
  endfacet
  facet normal -0.8910065241883689 0 0.453990499739545
    outer loop
      vertex 50.02169042607225 2.8 15.905572809000084
      vertex 49.79442719099992 -2.180702225335134 15.459543596332043
      vertex 50.02169042607225 -2.1658066059378998 15.905572809000084
    endloop
  endfacet
  facet normal -0.9876883405951379 0 0.15643446504022998
    outer loop
      vertex 50.1 2.8 16.400000000000002
      vertex 50.02169042607225 -2.1658066059378998 15.905572809000084
      vertex 50.1 -2.1606739252910887 16.400000000000002
    endloop
  endfacet
  facet normal -0.9876883405951378 0 -0.1564344650402311
    outer loop
      vertex 50.02169042607225 2.8 16.894427190999917
      vertex 50.1 -2.1606739252910887 16.400000000000002
      vertex 50.02169042607225 -2.1658066059378998 16.894427190999917
    endloop
  endfacet
  facet normal -0.987688340595142 0 0.1564344650402041
    outer loop
      vertex 50.02169042607225 2.8 15.905572809000084
      vertex 50.02169042607225 -2.1658066059378998 15.905572809000084
      vertex 50.038986869854924 2.8 16.014778257131468
    endloop
  endfacet
  facet normal -0.987688340595135 -9.86024096947727e-16 0.15643446504024783
    outer loop
      vertex 50.038986869854924 2.8 16.014778257131468
      vertex 50.02169042607225 -2.1658066059378998 15.905572809000084
      vertex 50.05056116565559 2.7060124655100077 16.087855484774195
    endloop
  endfacet
  facet normal -0.987688340595136 -7.434225501380853e-16 0.1564344650402415
    outer loop
      vertex 50.05056116565559 2.7060124655100077 16.087855484774195
      vertex 50.02169042607225 -2.1658066059378998 15.905572809000084
      vertex 50.06925644864517 2.8 16.205892856066946
    endloop
  endfacet
  facet normal -0.9876883405951377 -7.32360900495913e-17 0.15643446504023067
    outer loop
      vertex 50.06925644864517 2.8 16.205892856066946
      vertex 50.02169042607225 -2.1658066059378998 15.905572809000084
      vertex 50.1 2.8 16.400000000000002
    endloop
  endfacet
  facet normal 0 -1 0
    outer loop
      vertex 49.87233771921017 2.8 15.612451617486947
      vertex 50.02169042607225 2.8 15.905572809000084
      vertex 50.038986869854924 2.8 16.014778257131468
    endloop
  endfacet
  facet normal -0.9876883405951377 0 -0.15643446504023067
    outer loop
      vertex 50.1 2.8 16.400000000000002
      vertex 50.1 -2.1606739252910887 16.400000000000002
      vertex 50.06925644864517 2.8 16.59410714393306
    endloop
  endfacet
  facet normal -0.9876883405951355 5.768246155762791e-16 -0.15643446504024508
    outer loop
      vertex 50.06925644864517 2.8 16.59410714393306
      vertex 50.1 -2.1606739252910887 16.400000000000002
      vertex 50.05056116565559 2.7060124655100077 16.712144515225805
    endloop
  endfacet
  facet normal -0.9876883405951347 9.15286453300433e-16 -0.15643446504025021
    outer loop
      vertex 50.05056116565559 2.7060124655100077 16.712144515225805
      vertex 50.1 -2.1606739252910887 16.400000000000002
      vertex 50.038986869854924 2.8 16.785221742868533
    endloop
  endfacet
  facet normal -0.987688340595142 -2.755540140364269e-15 -0.15643446504020408
    outer loop
      vertex 50.038986869854924 2.8 16.785221742868533
      vertex 50.1 -2.1606739252910887 16.400000000000002
      vertex 50.02169042607225 2.8 16.894427190999917
    endloop
  endfacet
  facet normal -0.8910065241883663 0 -0.45399049973954997
    outer loop
      vertex 50.02169042607225 2.8 16.894427190999917
      vertex 50.02169042607225 -2.1658066059378998 16.894427190999917
      vertex 49.87233771921017 2.8 17.187548382513054
    endloop
  endfacet
  facet normal 0 -1 0
    outer loop
      vertex 50.06925644864517 2.8 16.205892856066946
      vertex 50.1 2.8 16.400000000000002
      vertex 50.06925644864517 2.8 16.59410714393306
    endloop
  endfacet
  facet normal 0 -1 0
    outer loop
      vertex 50.038986869854924 2.8 16.785221742868533
      vertex 50.02169042607225 2.8 16.894427190999917
      vertex 49.87233771921017 2.8 17.187548382513054
    endloop
  endfacet
  facet normal 0.8910065241883688 1.7840490713441795e-18 -0.4539904997395449
    outer loop
      vertex 46.97830957392775 1.2783095739277544 16.894427190999917
      vertex 47.20557280900008 1.5055728090000837 17.340456403667957
      vertex 47.20557280900008 -2.2000000029802322 17.340456403667957
    endloop
  endfacet
  facet normal 0.7164817630093357 0 -0.6976058222771897
    outer loop
      vertex 47.20557280900008 1.5055728090000837 17.340456403667957
      vertex 48.49646446609407 -2.2000000029802322 18.666277233702885
      vertex 47.20557280900008 -2.2000000029802322 17.340456403667957
    endloop
  endfacet
  facet normal 0.7164817630093357 1.7743866150973934e-18 -0.6976058222771898
    outer loop
      vertex 47.20557280900008 1.5055728090000837 17.340456403667957
      vertex 48.49646446609407 2.7964644660940667 18.666277233702885
      vertex 48.49646446609407 -2.2000000029802322 18.666277233702885
    endloop
  endfacet
  facet normal 0.6494480483319675 0 -0.7604059655985075
    outer loop
      vertex 48.49646446609407 2.7964644660940667 18.666277233702885
      vertex 48.497061073738536 -2.2000000029802322 18.666786784768828
      vertex 48.49646446609407 -2.2000000029802322 18.666277233702885
    endloop
  endfacet
  facet normal 0.5224985647172022 0 -0.8526401643533241
    outer loop
      vertex 48.497061073738536 2.7970610737385373 18.666786784768828
      vertex 48.4977300475013 -2.2000000029802322 18.667196732417896
      vertex 48.497061073738536 -2.2000000029802322 18.666786784768828
    endloop
  endfacet
  facet normal 0.38268343236062874 0 -0.9238795325131347
    outer loop
      vertex 48.4977300475013 2.797730047501302 18.667196732417896
      vertex 48.49845491502813 -2.2000000029802322 18.667496982378427
      vertex 48.4977300475013 -2.2000000029802322 18.667196732417896
    endloop
  endfacet
  facet normal 0.23344536385863024 0 -0.9723699203970225
    outer loop
      vertex 48.49845491502813 2.798454915028125 18.667496982378427
      vertex 48.4992178276748 -2.2000000029802322 18.66768014149993
      vertex 48.49845491502813 -2.2000000029802322 18.667496982378427
    endloop
  endfacet
  facet normal 0.0784590957265482 0 -0.99691733373323
    outer loop
      vertex 48.4992178276748 2.7992178276747985 18.66768014149993
      vertex 48.5 -2.2000000029802322 18.667741699796952
      vertex 48.4992178276748 -2.2000000029802322 18.66768014149993
    endloop
  endfacet
  facet normal 0.6494480483319675 -4.442180757837394e-21 -0.7604059655985075
    outer loop
      vertex 48.49646446609407 2.7964644660940667 18.666277233702885
      vertex 48.497061073738536 2.7970610737385373 18.666786784768828
      vertex 48.497061073738536 -2.2000000029802322 18.666786784768828
    endloop
  endfacet
  facet normal 0.5224985647172022 -8.710408751585575e-22 -0.8526401643533242
    outer loop
      vertex 48.497061073738536 2.7970610737385373 18.666786784768828
      vertex 48.4977300475013 2.797730047501302 18.667196732417896
      vertex 48.4977300475013 -2.2000000029802322 18.667196732417896
    endloop
  endfacet
  facet normal 0.38268343236062863 0 -0.9238795325131346
    outer loop
      vertex 48.49845491502813 2.798454915028125 18.667496982378427
      vertex 48.49845491502813 -2.2000000029802322 18.667496982378427
      vertex 48.4977300475013 2.797730047501302 18.667196732417896
    endloop
  endfacet
  facet normal 0.23344536385863018 0 -0.9723699203970224
    outer loop
      vertex 48.4992178276748 2.7992178276747985 18.66768014149993
      vertex 48.4992178276748 -2.2000000029802322 18.66768014149993
      vertex 48.49845491502813 2.798454915028125 18.667496982378427
    endloop
  endfacet
  facet normal 0.0784590957265482 -4.686229630672674e-22 -0.99691733373323
    outer loop
      vertex 48.4992178276748 2.7992178276747985 18.66768014149993
      vertex 48.5 2.8 18.667741699796952
      vertex 48.5 -2.2000000029802322 18.667741699796952
    endloop
  endfacet
  facet normal -0.8910065241883688 0 -0.453990499739545
    outer loop
      vertex 49.79442719099992 2.8 17.340456403667957
      vertex 50.02169042607225 -2.1658066059378998 16.894427190999917
      vertex 49.79442719099992 -2.180702225335134 17.340456403667957
    endloop
  endfacet
  facet normal -0.7164817630093355 0 -0.6976058222771899
    outer loop
      vertex 49.79442719099992 2.8 17.340456403667957
      vertex 49.79442719099992 -2.180702225335134 17.340456403667957
      vertex 49.5 -2.2000000029802322 17.64285025725837
    endloop
  endfacet
  facet normal -0.7164817630093357 0 -0.6976058222771898
    outer loop
      vertex 48.50353553390593 2.8 18.666277233702885
      vertex 49.5 -2.2000000029802322 17.64285025725837
      vertex 48.50353553390593 -2.2000000029802322 18.666277233702885
    endloop
  endfacet
  facet normal -0.8910065241883818 -2.269956650305136e-15 -0.4539904997395194
    outer loop
      vertex 49.82069018648069 2.7514299018675556 17.288912372831366
      vertex 49.87233771921017 2.8 17.187548382513054
      vertex 50.02169042607225 -2.1658066059378998 16.894427190999917
    endloop
  endfacet
  facet normal -0.8910065241883235 9.287813762144127e-15 -0.4539904997396337
    outer loop
      vertex 49.82069018648069 2.7514299018675556 17.288912372831366
      vertex 50.02169042607225 -2.1658066059378998 16.894427190999917
      vertex 49.810653735446614 2.8 17.308610017068826
    endloop
  endfacet
  facet normal -0.8910065241883715 -5.911878747373435e-16 -0.45399049973953964
    outer loop
      vertex 49.810653735446614 2.8 17.308610017068826
      vertex 50.02169042607225 -2.1658066059378998 16.894427190999917
      vertex 49.79442719099992 2.8 17.340456403667957
    endloop
  endfacet
  facet normal 0 -1 0
    outer loop
      vertex 49.38891237283136 2.8 17.730351379684073
      vertex 49.810653735446614 2.8 17.308610017068826
      vertex 49.79442719099992 2.8 17.340456403667957
    endloop
  endfacet
  facet normal -0.7164817630093356 1.1117228518339335e-17 -0.6976058222771898
    outer loop
      vertex 49.79442719099992 2.8 17.340456403667957
      vertex 49.5 -2.2000000029802322 17.64285025725837
      vertex 48.50353553390593 2.8 18.666277233702885
    endloop
  endfacet
  facet normal 0 -1 0
    outer loop
      vertex 49.38891237283136 2.8 17.730351379684073
      vertex 48.50353553390593 2.8 18.666277233702885
      vertex 48.8121445152258 2.8 17.96925644864517
    endloop
  endfacet
  facet normal 0 -1 0
    outer loop
      vertex 49.38891237283136 2.8 17.730351379684073
      vertex 49.79442719099992 2.8 17.340456403667957
      vertex 48.50353553390593 2.8 18.666277233702885
    endloop
  endfacet
  facet normal 0 -1 0
    outer loop
      vertex 48.5 2.8 17.96925644864517
      vertex 48.8121445152258 2.8 17.96925644864517
      vertex 48.5 2.8 18.667741699796952
    endloop
  endfacet
  facet normal 0 -1 0
    outer loop
      vertex 48.8121445152258 2.8 17.96925644864517
      vertex 48.5007821723252 2.8 18.66768014149993
      vertex 48.5 2.8 18.667741699796952
    endloop
  endfacet
  facet normal 0 -1 0
    outer loop
      vertex 48.8121445152258 2.8 17.96925644864517
      vertex 48.50154508497187 2.8 18.667496982378427
      vertex 48.5007821723252 2.8 18.66768014149993
    endloop
  endfacet
  facet normal 0 -1 0
    outer loop
      vertex 48.8121445152258 2.8 17.96925644864517
      vertex 48.5022699524987 2.8 18.667196732417896
      vertex 48.50154508497187 2.8 18.667496982378427
    endloop
  endfacet
  facet normal 0 -1 0
    outer loop
      vertex 48.8121445152258 2.8 17.96925644864517
      vertex 48.502938926261464 2.8 18.666786784768828
      vertex 48.5022699524987 2.8 18.667196732417896
    endloop
  endfacet
  facet normal 0 -1 0
    outer loop
      vertex 48.8121445152258 2.8 17.96925644864517
      vertex 48.50353553390593 2.8 18.666277233702885
      vertex 48.502938926261464 2.8 18.666786784768828
    endloop
  endfacet
  facet normal -0.0784590957265482 0 -0.99691733373323
    outer loop
      vertex 48.5 2.8 18.667741699796952
      vertex 48.5007821723252 -2.2000000029802322 18.66768014149993
      vertex 48.5 -2.2000000029802322 18.667741699796952
    endloop
  endfacet
  facet normal -0.2334453638586302 0 -0.9723699203970223
    outer loop
      vertex 48.5007821723252 2.8 18.66768014149993
      vertex 48.50154508497187 -2.2000000029802322 18.667496982378427
      vertex 48.5007821723252 -2.2000000029802322 18.66768014149993
    endloop
  endfacet
  facet normal -0.3826834323606287 0 -0.9238795325131346
    outer loop
      vertex 48.50154508497187 2.8 18.667496982378427
      vertex 48.5022699524987 -2.2000000029802322 18.667196732417896
      vertex 48.50154508497187 -2.2000000029802322 18.667496982378427
    endloop
  endfacet
  facet normal -0.5224985647172022 0 -0.852640164353324
    outer loop
      vertex 48.5022699524987 2.8 18.667196732417896
      vertex 48.502938926261464 -2.2000000029802322 18.666786784768828
      vertex 48.5022699524987 -2.2000000029802322 18.667196732417896
    endloop
  endfacet
  facet normal -0.6494480483319675 0 -0.7604059655985075
    outer loop
      vertex 48.502938926261464 2.8 18.666786784768828
      vertex 48.50353553390593 -2.2000000029802322 18.666277233702885
      vertex 48.502938926261464 -2.2000000029802322 18.666786784768828
    endloop
  endfacet
  facet normal -0.0784590957265482 0 -0.99691733373323
    outer loop
      vertex 48.5007821723252 2.8 18.66768014149993
      vertex 48.5007821723252 -2.2000000029802322 18.66768014149993
      vertex 48.5 2.8 18.667741699796952
    endloop
  endfacet
  facet normal -0.2334453638586302 3.351999708992967e-21 -0.9723699203970223
    outer loop
      vertex 48.5007821723252 2.8 18.66768014149993
      vertex 48.50154508497187 2.8 18.667496982378427
      vertex 48.50154508497187 -2.2000000029802322 18.667496982378427
    endloop
  endfacet
  facet normal -0.3826834323606287 -8.78225661154713e-22 -0.9238795325131346
    outer loop
      vertex 48.50154508497187 2.8 18.667496982378427
      vertex 48.5022699524987 2.8 18.667196732417896
      vertex 48.5022699524987 -2.2000000029802322 18.667196732417896
    endloop
  endfacet
  facet normal -0.5224985647172022 8.706454308765862e-22 -0.852640164353324
    outer loop
      vertex 48.5022699524987 2.8 18.667196732417896
      vertex 48.502938926261464 2.8 18.666786784768828
      vertex 48.502938926261464 -2.2000000029802322 18.666786784768828
    endloop
  endfacet
  facet normal -0.6494480483319675 4.439569709501476e-21 -0.7604059655985075
    outer loop
      vertex 48.502938926261464 2.8 18.666786784768828
      vertex 48.50353553390593 2.8 18.666277233702885
      vertex 48.50353553390593 -2.2000000029802322 18.666277233702885
    endloop
  endfacet
  facet normal 0.7002145072825552 0.13928132531713175 0.7002145072825553
    outer loop
      vertex 40.630048786445315 2.7046758151518526 15.069648620315927
      vertex 40.61108762716864 2.8 15.069648620315927
      vertex 40.591389982931176 2.8 15.089346264553388
    endloop
  endfacet
  facet normal 0.38157953112892035 0.07590088788046141 0.9212144791753932
    outer loop
      vertex 40.630048786445315 2.7046758151518526 15.069648620315927
      vertex 40.71245161748694 2.8 15.02766228078983
      vertex 40.61108762716864 2.8 15.069648620315927
    endloop
  endfacet
  facet normal 0.7002145072825524 -0.13928132531716012 0.7002145072825524
    outer loop
      vertex 40.61108762716864 2.8 15.069648620315927
      vertex 40.678752052545065 3.1401720379069022 15.069648620315927
      vertex 40.591389982931176 2.8 15.089346264553388
    endloop
  endfacet
  facet normal 0.3815795311289199 -0.07590088788047707 0.921214479175392
    outer loop
      vertex 40.61108762716864 2.8 15.069648620315927
      vertex 40.71245161748694 2.8 15.02766228078983
      vertex 40.678752052545065 3.1401720379069022 15.069648620315927
    endloop
  endfacet
  facet normal 0.7002145072825524 -0.1392813253171601 0.7002145072825524
    outer loop
      vertex 40.591389982931176 2.8 15.089346264553388
      vertex 40.678752052545065 3.1401720379069022 15.069648620315927
      vertex 40.189346264553386 2.8 15.491389982931178
    endloop
  endfacet
  facet normal 0.7002145072825553 0.13928132531713128 0.7002145072825553
    outer loop
      vertex 40.17930981351931 2.7514299018675556 15.511087627168639
      vertex 40.189346264553386 2.8 15.491389982931178
      vertex 40.169648620315925 2.8 15.511087627168639
    endloop
  endfacet
  facet normal 0.9086633352183381 0.1807443751593461 0.37638067707859785
    outer loop
      vertex 40.17930981351931 2.7514299018675556 15.511087627168639
      vertex 40.169648620315925 2.8 15.511087627168639
      vertex 40.12766228078983 2.8 15.612451617486947
    endloop
  endfacet
  facet normal 0.7002145072825533 -0.13928132531715892 0.7002145072825517
    outer loop
      vertex 40.678752052545065 3.1401720379069022 15.069648620315927
      vertex 40.169648620315925 2.8 15.511087627168639
      vertex 40.189346264553386 2.8 15.491389982931178
    endloop
  endfacet
  facet normal 0.9086633352183165 0.18074437515938488 0.3763806770786312
    outer loop
      vertex 39.961013130145076 2.8 16.014778257131468
      vertex 39.93074355135483 2.8 16.087855484774195
      vertex 39.94943883434441 2.7060124655100077 16.087855484774195
    endloop
  endfacet
  facet normal 0.9807852804032274 0.19509032201614251 -4.244637373621923e-18
    outer loop
      vertex 39.94943883434441 2.7060124655100077 16.087855484774195
      vertex 39.93074355135483 2.8 16.087855484774195
      vertex 39.93074355135483 2.8 16.205892856066946
    endloop
  endfacet
  facet normal 0.9807852804032277 0.19509032201614254 0
    outer loop
      vertex 39.93074355135483 2.8 16.59410714393306
      vertex 39.93074355135483 2.8 16.712144515225805
      vertex 39.94943883434441 2.7060124655100077 16.712144515225805
    endloop
  endfacet
  facet normal 0.9086633352183165 0.18074437515938488 -0.3763806770786312
    outer loop
      vertex 39.94943883434441 2.7060124655100077 16.712144515225805
      vertex 39.93074355135483 2.8 16.712144515225805
      vertex 39.961013130145076 2.8 16.785221742868533
    endloop
  endfacet
  facet normal 0.9086633352183329 -0.1807443751593772 0.3763806770785956
    outer loop
      vertex 40.169648620315925 2.8 15.511087627168639
      vertex 40.27091558926173 3.3091034322291337 15.511087627168639
      vertex 40.12766228078983 2.8 15.612451617486947
    endloop
  endfacet
  facet normal 0.7002145072825511 -0.1392813253171552 0.7002145072825547
    outer loop
      vertex 40.678752052545065 3.1401720379069022 15.069648620315927
      vertex 40.27091558926173 3.3091034322291337 15.511087627168639
      vertex 40.169648620315925 2.8 15.511087627168639
    endloop
  endfacet
  facet normal 0.5936131960090977 -0.3966396567602825 0.700214507282554
    outer loop
      vertex 40.678752052545065 3.1401720379069022 15.069648620315927
      vertex 40.55929951806451 3.7407004819354865 15.511087627168639
      vertex 40.27091558926173 3.3091034322291337 15.511087627168639
    endloop
  endfacet
  facet normal 0.9086633352183319 -0.18074437515937636 0.37638067707859835
    outer loop
      vertex 40.12766228078983 2.8 15.612451617486947
      vertex 40.27091558926173 3.3091034322291337 15.511087627168639
      vertex 39.961013130145076 2.8 16.014778257131468
    endloop
  endfacet
  facet normal 0.9086633352183249 -0.18074437515933595 0.3763806770786345
    outer loop
      vertex 40.27091558926173 3.3091034322291337 15.511087627168639
      vertex 39.93074355135483 2.8 16.087855484774195
      vertex 39.961013130145076 2.8 16.014778257131468
    endloop
  endfacet
  facet normal 0.9086633352183304 -0.1807443751593786 0.3763806770786005
    outer loop
      vertex 40.27091558926173 3.3091034322291337 15.511087627168639
      vertex 40.05019608583538 3.400528444028584 16.087855484774195
      vertex 39.93074355135483 2.8 16.087855484774195
    endloop
  endfacet
  facet normal 0.7703275794849849 -0.51471643281195 0.37638067707860035
    outer loop
      vertex 40.27091558926173 3.3091034322291337 15.511087627168639
      vertex 40.55929951806451 3.7407004819354865 15.511087627168639
      vertex 40.05019608583538 3.400528444028584 16.087855484774195
    endloop
  endfacet
  facet normal 0.7703275794849853 -0.5147164328119487 0.3763806770786014
    outer loop
      vertex 40.05019608583538 3.400528444028584 16.087855484774195
      vertex 40.55929951806451 3.7407004819354865 15.511087627168639
      vertex 40.390368123742284 3.909631876257718 16.087855484774195
    endloop
  endfacet
  facet normal 0.5147164328119488 -0.7703275794849846 0.3763806770786024
    outer loop
      vertex 40.55929951806451 3.7407004819354865 15.511087627168639
      vertex 40.89947155597142 4.2498039141646204 16.087855484774195
      vertex 40.390368123742284 3.909631876257718 16.087855484774195
    endloop
  endfacet
  facet normal 0.9807852804032295 -0.1950903220161332 7.996908031166012e-18
    outer loop
      vertex 39.93074355135483 2.8 16.087855484774195
      vertex 40.05019608583538 3.400528444028584 16.087855484774195
      vertex 40.05019608583538 3.400528444028584 16.712144515225805
    endloop
  endfacet
  facet normal 0.9807852804032294 -0.19509032201613313 0
    outer loop
      vertex 39.93074355135483 2.8 16.087855484774195
      vertex 40.05019608583538 3.400528444028584 16.712144515225805
      vertex 39.93074355135483 2.8 16.205892856066946
    endloop
  endfacet
  facet normal 0.8314696123025449 -0.5555702330196028 5.8940074817837686e-18
    outer loop
      vertex 40.05019608583538 3.400528444028584 16.087855484774195
      vertex 40.390368123742284 3.909631876257718 16.087855484774195
      vertex 40.390368123742284 3.909631876257718 16.712144515225805
    endloop
  endfacet
  facet normal 0.5555702330196032 -0.8314696123025446 0
    outer loop
      vertex 40.390368123742284 3.909631876257718 16.087855484774195
      vertex 40.89947155597142 4.2498039141646204 16.087855484774195
      vertex 40.390368123742284 3.909631876257718 16.712144515225805
    endloop
  endfacet
  facet normal 0.9807852804032295 -0.19509032201613313 0
    outer loop
      vertex 39.93074355135483 2.8 16.205892856066946
      vertex 40.05019608583538 3.400528444028584 16.712144515225805
      vertex 39.93074355135483 2.8 16.59410714393306
    endloop
  endfacet
  facet normal 0.8314696123025449 -0.5555702330196028 0
    outer loop
      vertex 40.05019608583538 3.400528444028584 16.087855484774195
      vertex 40.390368123742284 3.909631876257718 16.712144515225805
      vertex 40.05019608583538 3.400528444028584 16.712144515225805
    endloop
  endfacet
  facet normal 0.9807852804032294 -0.19509032201613316 0
    outer loop
      vertex 39.93074355135483 2.8 16.59410714393306
      vertex 40.05019608583538 3.400528444028584 16.712144515225805
      vertex 39.93074355135483 2.8 16.712144515225805
    endloop
  endfacet
  facet normal 0.9086633352183313 -0.18074437515937877 -0.3763806770785985
    outer loop
      vertex 39.93074355135483 2.8 16.712144515225805
      vertex 40.05019608583538 3.400528444028584 16.712144515225805
      vertex 40.27091558926173 3.3091034322291337 17.288912372831366
    endloop
  endfacet
  facet normal 0.9086633352183253 -0.1807443751593337 -0.3763806770786348
    outer loop
      vertex 39.93074355135483 2.8 16.712144515225805
      vertex 40.27091558926173 3.3091034322291337 17.288912372831366
      vertex 39.961013130145076 2.8 16.785221742868533
    endloop
  endfacet
  facet normal 0.9086633352183322 -0.1807443751593738 -0.3763806770785985
    outer loop
      vertex 39.961013130145076 2.8 16.785221742868533
      vertex 40.27091558926173 3.3091034322291337 17.288912372831366
      vertex 40.12766228078983 2.8 17.187548382513054
    endloop
  endfacet
  facet normal 0.7703275794849856 -0.5147164328119505 -0.3763806770785984
    outer loop
      vertex 40.05019608583538 3.400528444028584 16.712144515225805
      vertex 40.55929951806451 3.7407004819354865 17.288912372831366
      vertex 40.27091558926173 3.3091034322291337 17.288912372831366
    endloop
  endfacet
  facet normal 0.7703275794849859 -0.5147164328119491 -0.37638067707859946
    outer loop
      vertex 40.05019608583538 3.400528444028584 16.712144515225805
      vertex 40.390368123742284 3.909631876257718 16.712144515225805
      vertex 40.55929951806451 3.7407004819354865 17.288912372831366
    endloop
  endfacet
  facet normal 0.5147164328119492 -0.7703275794849854 -0.37638067707860046
    outer loop
      vertex 40.390368123742284 3.909631876257718 16.712144515225805
      vertex 40.89947155597142 4.2498039141646204 16.712144515225805
      vertex 40.55929951806451 3.7407004819354865 17.288912372831366
    endloop
  endfacet
  facet normal 0.38157953112890736 0.07590088788046162 0.9212144791753986
    outer loop
      vertex 41.11477825713147 2.8 14.861013130145075
      vertex 41.21161607119722 2.6805474655194512 14.830743551354832
      vertex 41.1878554847742 2.8 14.830743551354832
    endloop
  endfacet
  facet normal 0.38157953112892523 0.0759008878804783 0.9212144791753899
    outer loop
      vertex 41.11477825713147 2.8 14.861013130145075
      vertex 41.1601188794343 2.659216630267122 14.853831881057676
      vertex 41.21161607119722 2.6805474655194512 14.830743551354832
    endloop
  endfacet
  facet normal 0.38157953112890663 -0.07590088788048652 0.9212144791753968
    outer loop
      vertex 40.678752052545065 3.1401720379069022 15.069648620315927
      vertex 41.11477825713147 2.8 14.861013130145075
      vertex 41.1878554847742 2.8 14.830743551354832
    endloop
  endfacet
  facet normal 0.3234875065415273 0.2161474415047557 0.921214479175449
    outer loop
      vertex 41.27928049657365 2.579280496573645 14.830743551354832
      vertex 41.1601188794343 2.659216630267122 14.853831881057676
      vertex 41.269418624868166 2.569418624868166 14.836520502049517
    endloop
  endfacet
  facet normal 0.21614744150480797 0.32348750654150193 0.9212144791754455
    outer loop
      vertex 41.27928049657365 2.579280496573645 14.830743551354832
      vertex 41.269418624868166 2.569418624868166 14.836520502049517
      vertex 41.30589285606695 2.561498686455594 14.830743551354832
    endloop
  endfacet
  facet normal 0.3234875065416071 0.21614744150489204 0.9212144791753889
    outer loop
      vertex 41.27928049657365 2.579280496573645 14.830743551354832
      vertex 41.21161607119722 2.6805474655194512 14.830743551354832
      vertex 41.1601188794343 2.659216630267122 14.853831881057676
    endloop
  endfacet
  facet normal 0 0 1
    outer loop
      vertex 41.27928049657365 2.579280496573645 14.830743551354832
      vertex 41.27928049657365 3.0207195034263545 14.830743551354832
      vertex 41.21161607119722 2.6805474655194512 14.830743551354832
    endloop
  endfacet
  facet normal 0 0 1
    outer loop
      vertex 41.27928049657365 2.579280496573645 14.830743551354832
      vertex 41.30589285606695 2.561498686455594 14.830743551354832
      vertex 41.27928049657365 3.0207195034263545 14.830743551354832
    endloop
  endfacet
  facet normal 0 0 1
    outer loop
      vertex 41.21161607119722 2.6805474655194512 14.830743551354832
      vertex 41.21161607119722 2.9194525344805484 14.830743551354832
      vertex 41.1878554847742 2.8 14.830743551354832
    endloop
  endfacet
  facet normal 0 0 1
    outer loop
      vertex 41.21161607119722 2.6805474655194512 14.830743551354832
      vertex 41.27928049657365 3.0207195034263545 14.830743551354832
      vertex 41.21161607119722 2.9194525344805484 14.830743551354832
    endloop
  endfacet
  facet normal 0 0 1
    outer loop
      vertex 41.30589285606695 2.561498686455594 14.830743551354832
      vertex 41.30589285606695 2.8 14.830743551354832
      vertex 41.27928049657365 3.0207195034263545 14.830743551354832
    endloop
  endfacet
  facet normal 0 0 1
    outer loop
      vertex 41.30589285606695 2.8 14.830743551354832
      vertex 41.5 2.8 14.830743551354832
      vertex 41.5 2.994107143933056 14.830743551354832
    endloop
  endfacet
  facet normal 0 0 1
    outer loop
      vertex 41.69410714393305 2.561498686455594 14.830743551354832
      vertex 41.72071950342635 2.579280496573645 14.830743551354832
      vertex 41.69410714393305 2.6058928560669434 14.830743551354832
    endloop
  endfacet
  facet normal -0.21614744150493065 0.32348750654168557 0.9212144791753522
    outer loop
      vertex 41.69410714393305 2.561498686455594 14.830743551354832
      vertex 41.730581375131834 2.5694186248681667 14.83652050204952
      vertex 41.72071950342635 2.579280496573645 14.830743551354832
    endloop
  endfacet
  facet normal -0.3234875065416555 0.21614744150492857 0.9212144791753633
    outer loop
      vertex 41.72071950342635 2.579280496573645 14.830743551354832
      vertex 41.730581375131834 2.5694186248681667 14.83652050204952
      vertex 41.738501313544404 2.6058928560669434 14.830743551354832
    endloop
  endfacet
  facet normal 0 0 1
    outer loop
      vertex 41.69410714393305 2.6058928560669434 14.830743551354832
      vertex 41.72071950342635 2.579280496573645 14.830743551354832
      vertex 41.738501313544404 2.6058928560669434 14.830743551354832
    endloop
  endfacet
  facet normal 0.38157953112891246 -0.0759008878804782 0.9212144791753951
    outer loop
      vertex 40.71245161748694 2.8 15.02766228078983
      vertex 41.11477825713147 2.8 14.861013130145075
      vertex 40.678752052545065 3.1401720379069022 15.069648620315927
    endloop
  endfacet
  facet normal 0.38157953112891996 -0.07590088788046416 0.9212144791753931
    outer loop
      vertex 40.678752052545065 3.1401720379069022 15.069648620315927
      vertex 41.1878554847742 2.8 14.830743551354832
      vertex 41.21161607119722 2.9194525344805484 14.830743551354832
    endloop
  endfacet
  facet normal 0.3234875065415926 -0.21614744150488238 0.9212144791753962
    outer loop
      vertex 41.21161607119722 2.9194525344805484 14.830743551354832
      vertex 41.27928049657365 3.0207195034263545 14.830743551354832
      vertex 40.87144403329032 3.4285559667096814 15.069648620315927
    endloop
  endfacet
  facet normal 0 0 1
    outer loop
      vertex 41.30589285606695 2.8 14.830743551354832
      vertex 41.38054746551945 3.088383928802779 14.830743551354832
      vertex 41.27928049657365 3.0207195034263545 14.830743551354832
    endloop
  endfacet
  facet normal 0 0 1
    outer loop
      vertex 41.30589285606695 2.8 14.830743551354832
      vertex 41.5 3.112144515225805 14.830743551354832
      vertex 41.38054746551945 3.088383928802779 14.830743551354832
    endloop
  endfacet
  facet normal 0.2161474415048854 -0.32348750654159714 0.9212144791753939
    outer loop
      vertex 41.27928049657365 3.0207195034263545 14.830743551354832
      vertex 41.38054746551945 3.088383928802779 14.830743551354832
      vertex 41.1598279620931 3.621247947454939 15.069648620315927
    endloop
  endfacet
  facet normal 0 0 1
    outer loop
      vertex 41.30589285606695 2.8 14.830743551354832
      vertex 41.5 2.994107143933056 14.830743551354832
      vertex 41.5 3.112144515225805 14.830743551354832
    endloop
  endfacet
  facet normal 0 0 1
    outer loop
      vertex 41.5 2.994107143933056 14.830743551354832
      vertex 41.61945253448055 3.088383928802779 14.830743551354832
      vertex 41.5 3.112144515225805 14.830743551354832
    endloop
  endfacet
  facet normal 0.07590088788046918 -0.38157953112891113 0.9212144791753965
    outer loop
      vertex 41.38054746551945 3.088383928802779 14.830743551354832
      vertex 41.5 3.112144515225805 14.830743551354832
      vertex 41.5 3.1852217428685314 14.861013130145075
    endloop
  endfacet
  facet normal -0.07590088788047725 -0.38157953112891085 0.9212144791753958
    outer loop
      vertex 41.5 3.112144515225805 14.830743551354832
      vertex 41.64078336973288 3.1398811205656987 14.853831881057676
      vertex 41.5 3.1852217428685314 14.861013130145075
    endloop
  endfacet
  facet normal 0 0 1
    outer loop
      vertex 41.5 2.994107143933056 14.830743551354832
      vertex 41.72071950342635 3.0207195034263545 14.830743551354832
      vertex 41.61945253448055 3.088383928802779 14.830743551354832
    endloop
  endfacet
  facet normal 0 0 1
    outer loop
      vertex 41.5 2.994107143933056 14.830743551354832
      vertex 41.738501313544404 2.994107143933056 14.830743551354832
      vertex 41.72071950342635 3.0207195034263545 14.830743551354832
    endloop
  endfacet
  facet normal -0.2161474415048774 -0.3234875065416168 0.9212144791753889
    outer loop
      vertex 41.61945253448055 3.088383928802779 14.830743551354832
      vertex 41.730581375131834 3.030581375131834 14.836520502049517
      vertex 41.64078336973288 3.1398811205656987 14.853831881057676
    endloop
  endfacet
  facet normal -0.07590088788047264 -0.38157953112892845 0.9212144791753889
    outer loop
      vertex 41.5 3.112144515225805 14.830743551354832
      vertex 41.61945253448055 3.088383928802779 14.830743551354832
      vertex 41.64078336973288 3.1398811205656987 14.853831881057676
    endloop
  endfacet
  facet normal 0.07590088788047193 -0.38157953112891396 0.9212144791753949
    outer loop
      vertex 41.38054746551945 3.088383928802779 14.830743551354832
      vertex 41.5 3.1852217428685314 14.861013130145075
      vertex 41.5 3.5875483825130576 15.02766228078983
    endloop
  endfacet
  facet normal -0.32348750654147684 -0.2161474415048092 0.9212144791754542
    outer loop
      vertex 41.72071950342635 3.0207195034263545 14.830743551354832
      vertex 41.738501313544404 2.994107143933056 14.830743551354832
      vertex 41.730581375131834 3.030581375131834 14.836520502049517
    endloop
  endfacet
  facet normal -0.21614744150481646 -0.32348750654149394 0.9212144791754463
    outer loop
      vertex 41.61945253448055 3.088383928802779 14.830743551354832
      vertex 41.72071950342635 3.0207195034263545 14.830743551354832
      vertex 41.730581375131834 3.030581375131834 14.836520502049517
    endloop
  endfacet
  facet normal 0.3234875065416041 -0.2161474415048737 0.9212144791753942
    outer loop
      vertex 40.678752052545065 3.1401720379069022 15.069648620315927
      vertex 41.21161607119722 2.9194525344805484 14.830743551354832
      vertex 40.87144403329032 3.4285559667096814 15.069648620315927
    endloop
  endfacet
  facet normal 0.216147441504876 -0.3234875065415996 0.9212144791753952
    outer loop
      vertex 41.27928049657365 3.0207195034263545 14.830743551354832
      vertex 41.1598279620931 3.621247947454939 15.069648620315927
      vertex 40.87144403329032 3.4285559667096814 15.069648620315927
    endloop
  endfacet
  facet normal 0.5936131960091072 -0.39663965676027685 0.700214507282549
    outer loop
      vertex 40.678752052545065 3.1401720379069022 15.069648620315927
      vertex 40.87144403329032 3.4285559667096814 15.069648620315927
      vertex 40.55929951806451 3.7407004819354865 15.511087627168639
    endloop
  endfacet
  facet normal 0.39663965676028307 -0.5936131960091021 0.70021450728255
    outer loop
      vertex 40.87144403329032 3.4285559667096814 15.069648620315927
      vertex 41.1598279620931 3.621247947454939 15.069648620315927
      vertex 40.99089656777087 4.029084410738266 15.511087627168639
    endloop
  endfacet
  facet normal 0.07590088788047186 -0.3815795311289146 0.9212144791753947
    outer loop
      vertex 41.38054746551945 3.088383928802779 14.830743551354832
      vertex 41.5 3.6889123728313633 15.069648620315927
      vertex 41.1598279620931 3.621247947454939 15.069648620315927
    endloop
  endfacet
  facet normal 0.07590088788048796 -0.3815795311289166 0.9212144791753926
    outer loop
      vertex 41.38054746551945 3.088383928802779 14.830743551354832
      vertex 41.5 3.5875483825130576 15.02766228078983
      vertex 41.5 3.6889123728313633 15.069648620315927
    endloop
  endfacet
  facet normal 0.13928132531715873 -0.700214507282584 0.700214507282521
    outer loop
      vertex 41.1598279620931 3.621247947454939 15.069648620315927
      vertex 41.5 3.6889123728313633 15.069648620315927
      vertex 41.5 3.708610017068822 15.089346264553388
    endloop
  endfacet
  facet normal -0.07590088788047285 -0.3815795311289172 0.9212144791753936
    outer loop
      vertex 41.5 3.5875483825130576 15.02766228078983
      vertex 41.595324184848145 3.6699512135546826 15.069648620315927
      vertex 41.5 3.6889123728313633 15.069648620315927
    endloop
  endfacet
  facet normal -0.13928132531715964 -0.7002145072825842 0.700214507282521
    outer loop
      vertex 41.5 3.6889123728313633 15.069648620315927
      vertex 41.595324184848145 3.6699512135546826 15.069648620315927
      vertex 41.5 3.708610017068822 15.089346264553388
    endloop
  endfacet
  facet normal 0.13928132531714874 -0.7002145072825529 0.7002145072825544
    outer loop
      vertex 41.1598279620931 3.621247947454939 15.069648620315927
      vertex 41.5 3.708610017068822 15.089346264553388
      vertex 41.5 4.110653735446613 15.491389982931178
    endloop
  endfacet
  facet normal 0.39663965676028257 -0.5936131960091021 0.7002145072825502
    outer loop
      vertex 40.87144403329032 3.4285559667096814 15.069648620315927
      vertex 40.99089656777087 4.029084410738266 15.511087627168639
      vertex 40.55929951806451 3.7407004819354865 15.511087627168639
    endloop
  endfacet
  facet normal 0.1392813253171553 -0.7002145072825552 0.7002145072825506
    outer loop
      vertex 41.1598279620931 3.621247947454939 15.069648620315927
      vertex 41.5 4.130351379684073 15.511087627168639
      vertex 40.99089656777087 4.029084410738266 15.511087627168639
    endloop
  endfacet
  facet normal 0.13928132531719112 -0.7002145072825654 0.7002145072825334
    outer loop
      vertex 41.1598279620931 3.621247947454939 15.069648620315927
      vertex 41.5 4.110653735446613 15.491389982931178
      vertex 41.5 4.130351379684073 15.511087627168639
    endloop
  endfacet
  facet normal 0.18074437515937516 -0.9086633352183275 0.37638067707860934
    outer loop
      vertex 40.99089656777087 4.029084410738266 15.511087627168639
      vertex 41.5 4.130351379684073 15.511087627168639
      vertex 41.5 4.172337719210172 15.612451617486947
    endloop
  endfacet
  facet normal -0.13928132531715948 -0.7002145072825684 0.7002145072825368
    outer loop
      vertex 41.5 4.110653735446613 15.491389982931178
      vertex 41.548570098132444 4.120690186480686 15.511087627168639
      vertex 41.5 4.130351379684073 15.511087627168639
    endloop
  endfacet
  facet normal -0.1807443751593772 -0.9086633352183272 0.3763806770786092
    outer loop
      vertex 41.5 4.130351379684073 15.511087627168639
      vertex 41.548570098132444 4.120690186480686 15.511087627168639
      vertex 41.5 4.172337719210172 15.612451617486947
    endloop
  endfacet
  facet normal 0.5147164328119466 -0.7703275794849853 0.37638067707860434
    outer loop
      vertex 40.55929951806451 3.7407004819354865 15.511087627168639
      vertex 40.99089656777087 4.029084410738266 15.511087627168639
      vertex 40.89947155597142 4.2498039141646204 16.087855484774195
    endloop
  endfacet
  facet normal 0.1807443751593734 -0.90866333521833 0.376380677078604
    outer loop
      vertex 40.99089656777087 4.029084410738266 15.511087627168639
      vertex 41.5 4.369256448645168 16.087855484774195
      vertex 40.89947155597142 4.2498039141646204 16.087855484774195
    endloop
  endfacet
  facet normal 0.180744375159378 -0.9086633352183309 0.3763806770786
    outer loop
      vertex 40.99089656777087 4.029084410738266 15.511087627168639
      vertex 41.5 4.172337719210172 15.612451617486947
      vertex 41.5 4.338986869854924 16.014778257131468
    endloop
  endfacet
  facet normal 0.1807443751593736 -0.9086633352183301 0.3763806770786036
    outer loop
      vertex 40.99089656777087 4.029084410738266 15.511087627168639
      vertex 41.5 4.338986869854924 16.014778257131468
      vertex 41.5 4.369256448645168 16.087855484774195
    endloop
  endfacet
  facet normal 0.19509032201612786 -0.9807852804032304 0
    outer loop
      vertex 40.89947155597142 4.2498039141646204 16.087855484774195
      vertex 41.5 4.369256448645168 16.087855484774195
      vertex 40.89947155597142 4.2498039141646204 16.712144515225805
    endloop
  endfacet
  facet normal -0.1807443751593738 -0.9086633352183302 0.3763806770786037
    outer loop
      vertex 41.5 4.338986869854924 16.014778257131468
      vertex 41.59398753448999 4.350561165655587 16.087855484774195
      vertex 41.5 4.369256448645168 16.087855484774195
    endloop
  endfacet
  facet normal -0.19509032201612828 -0.9807852804032304 0
    outer loop
      vertex 41.5 4.369256448645168 16.087855484774195
      vertex 41.59398753448999 4.350561165655587 16.087855484774195
      vertex 41.5 4.369256448645168 16.205892856066946
    endloop
  endfacet
  facet normal 0.1950903220161278 -0.9807852804032305 -3.071859581358528e-17
    outer loop
      vertex 40.89947155597142 4.2498039141646204 16.712144515225805
      vertex 41.5 4.369256448645168 16.087855484774195
      vertex 41.5 4.369256448645168 16.205892856066946
    endloop
  endfacet
  facet normal 0.5555702330196032 -0.8314696123025446 1.3688455015133423e-18
    outer loop
      vertex 40.390368123742284 3.909631876257718 16.712144515225805
      vertex 40.89947155597142 4.2498039141646204 16.087855484774195
      vertex 40.89947155597142 4.2498039141646204 16.712144515225805
    endloop
  endfacet
  facet normal 0.18074437515937355 -0.9086633352183309 -0.376380677078602
    outer loop
      vertex 40.89947155597142 4.2498039141646204 16.712144515225805
      vertex 41.5 4.369256448645168 16.712144515225805
      vertex 40.99089656777087 4.029084410738266 17.288912372831366
    endloop
  endfacet
  facet normal 0.514716432811947 -0.770327579484986 -0.37638067707860234
    outer loop
      vertex 40.89947155597142 4.2498039141646204 16.712144515225805
      vertex 40.99089656777087 4.029084410738266 17.288912372831366
      vertex 40.55929951806451 3.7407004819354865 17.288912372831366
    endloop
  endfacet
  facet normal 0.18074437515937547 -0.9086633352183313 -0.3763806770786001
    outer loop
      vertex 41.5 4.338986869854924 16.785221742868533
      vertex 41.5 4.172337719210172 17.187548382513054
      vertex 40.99089656777087 4.029084410738266 17.288912372831366
    endloop
  endfacet
  facet normal 0.19509032201612786 -0.9807852804032305 -9.340053709951582e-18
    outer loop
      vertex 40.89947155597142 4.2498039141646204 16.712144515225805
      vertex 41.5 4.369256448645168 16.205892856066946
      vertex 41.5 4.369256448645168 16.59410714393306
    endloop
  endfacet
  facet normal 0.19509032201612786 -0.9807852804032305 -3.071859581358622e-17
    outer loop
      vertex 40.89947155597142 4.2498039141646204 16.712144515225805
      vertex 41.5 4.369256448645168 16.59410714393306
      vertex 41.5 4.369256448645168 16.712144515225805
    endloop
  endfacet
  facet normal -0.19509032201612828 -0.9807852804032304 0
    outer loop
      vertex 41.5 4.369256448645168 16.59410714393306
      vertex 41.59398753448999 4.350561165655587 16.712144515225805
      vertex 41.5 4.369256448645168 16.712144515225805
    endloop
  endfacet
  facet normal -0.1807443751593738 -0.9086633352183302 -0.3763806770786037
    outer loop
      vertex 41.5 4.369256448645168 16.712144515225805
      vertex 41.59398753448999 4.350561165655587 16.712144515225805
      vertex 41.5 4.338986869854924 16.785221742868533
    endloop
  endfacet
  facet normal 0.1807443751593713 -0.9086633352183305 -0.37638067707860384
    outer loop
      vertex 41.5 4.369256448645168 16.712144515225805
      vertex 41.5 4.338986869854924 16.785221742868533
      vertex 40.99089656777087 4.029084410738266 17.288912372831366
    endloop
  endfacet
  facet normal 0.9086633352183426 0.18074437515934702 -0.37638067707858647
    outer loop
      vertex 40.12766228078983 2.8 17.187548382513054
      vertex 40.169648620315925 2.8 17.288912372831366
      vertex 40.17930981351931 2.7514299018675556 17.288912372831366
    endloop
  endfacet
  facet normal 0.7002145072825553 0.13928132531713128 -0.7002145072825554
    outer loop
      vertex 40.17930981351931 2.7514299018675556 17.288912372831366
      vertex 40.169648620315925 2.8 17.288912372831366
      vertex 40.189346264553386 2.8 17.308610017068826
    endloop
  endfacet
  facet normal 0.7002145072825517 -0.13928132531716733 -0.7002145072825517
    outer loop
      vertex 40.169648620315925 2.8 17.288912372831366
      vertex 40.678752052545065 3.1401720379069022 17.730351379684073
      vertex 40.189346264553386 2.8 17.308610017068826
    endloop
  endfacet
  facet normal 0.7002145072825496 -0.13928132531715953 -0.7002145072825555
    outer loop
      vertex 40.189346264553386 2.8 17.308610017068826
      vertex 40.678752052545065 3.1401720379069022 17.730351379684073
      vertex 40.61108762716864 2.8 17.730351379684073
    endloop
  endfacet
  facet normal 0.9086633352183373 -0.18074437515937808 -0.3763806770785843
    outer loop
      vertex 40.12766228078983 2.8 17.187548382513054
      vertex 40.27091558926173 3.3091034322291337 17.288912372831366
      vertex 40.169648620315925 2.8 17.288912372831366
    endloop
  endfacet
  facet normal 0.7002145072825484 -0.13928132531715468 -0.7002145072825575
    outer loop
      vertex 40.169648620315925 2.8 17.288912372831366
      vertex 40.27091558926173 3.3091034322291337 17.288912372831366
      vertex 40.678752052545065 3.1401720379069022 17.730351379684073
    endloop
  endfacet
  facet normal 0.5936131960090952 -0.3966396567602809 -0.7002145072825569
    outer loop
      vertex 40.27091558926173 3.3091034322291337 17.288912372831366
      vertex 40.55929951806451 3.7407004819354865 17.288912372831366
      vertex 40.678752052545065 3.1401720379069022 17.730351379684073
    endloop
  endfacet
  facet normal 0.3815795311289131 -0.07590088788047572 -0.921214479175395
    outer loop
      vertex 40.61108762716864 2.8 17.730351379684073
      vertex 40.678752052545065 3.1401720379069022 17.730351379684073
      vertex 41.1878554847742 2.8 17.96925644864517
    endloop
  endfacet
  facet normal 0 0 -1
    outer loop
      vertex 41.1878554847742 2.8 17.96925644864517
      vertex 41.21161607119722 2.9194525344805484 17.96925644864517
      vertex 41.5 2.8 17.96925644864517
    endloop
  endfacet
  facet normal 0.39663965676028107 -0.5936131960090998 -0.700214507282553
    outer loop
      vertex 40.55929951806451 3.7407004819354865 17.288912372831366
      vertex 40.99089656777087 4.029084410738266 17.288912372831366
      vertex 40.87144403329032 3.4285559667096814 17.730351379684073
    endloop
  endfacet
  facet normal 0.18074437515937605 -0.908663335218332 -0.37638067707859807
    outer loop
      vertex 40.99089656777087 4.029084410738266 17.288912372831366
      vertex 41.5 4.172337719210172 17.187548382513054
      vertex 41.5 4.130351379684073 17.288912372831366
    endloop
  endfacet
  facet normal -0.18074437515937802 -0.9086633352183318 -0.3763806770785979
    outer loop
      vertex 41.5 4.172337719210172 17.187548382513054
      vertex 41.548570098132444 4.120690186480686 17.288912372831366
      vertex 41.5 4.130351379684073 17.288912372831366
    endloop
  endfacet
  facet normal 0.13928132531715473 -0.7002145072825525 -0.7002145072825535
    outer loop
      vertex 40.99089656777087 4.029084410738266 17.288912372831366
      vertex 41.5 4.130351379684073 17.288912372831366
      vertex 41.1598279620931 3.621247947454939 17.730351379684073
    endloop
  endfacet
  facet normal 0.13928132531719906 -0.7002145072825651 -0.7002145072825322
    outer loop
      vertex 41.1598279620931 3.621247947454939 17.730351379684073
      vertex 41.5 4.130351379684073 17.288912372831366
      vertex 41.5 4.110653735446613 17.308610017068826
    endloop
  endfacet
  facet normal -0.13928132531715948 -0.7002145072825684 -0.7002145072825368
    outer loop
      vertex 41.5 4.130351379684073 17.288912372831366
      vertex 41.548570098132444 4.120690186480686 17.288912372831366
      vertex 41.5 4.110653735446613 17.308610017068826
    endloop
  endfacet
  facet normal 0.593613196009105 -0.39663965676027524 -0.7002145072825519
    outer loop
      vertex 40.678752052545065 3.1401720379069022 17.730351379684073
      vertex 40.55929951806451 3.7407004819354865 17.288912372831366
      vertex 40.87144403329032 3.4285559667096814 17.730351379684073
    endloop
  endfacet
  facet normal 0.3234875065416041 -0.2161474415048737 -0.9212144791753942
    outer loop
      vertex 40.678752052545065 3.1401720379069022 17.730351379684073
      vertex 40.87144403329032 3.4285559667096814 17.730351379684073
      vertex 41.21161607119722 2.9194525344805484 17.96925644864517
    endloop
  endfacet
  facet normal 0.21614744150487594 -0.3234875065415995 -0.9212144791753952
    outer loop
      vertex 41.27928049657365 3.0207195034263545 17.96925644864517
      vertex 40.87144403329032 3.4285559667096814 17.730351379684073
      vertex 41.1598279620931 3.621247947454939 17.730351379684073
    endloop
  endfacet
  facet normal 0.39663965676028157 -0.5936131960090998 -0.7002145072825529
    outer loop
      vertex 40.87144403329032 3.4285559667096814 17.730351379684073
      vertex 40.99089656777087 4.029084410738266 17.288912372831366
      vertex 41.1598279620931 3.621247947454939 17.730351379684073
    endloop
  endfacet
  facet normal 0.07590088788047175 -0.3815795311289146 -0.9212144791753948
    outer loop
      vertex 41.38054746551945 3.088383928802779 17.96925644864517
      vertex 41.1598279620931 3.621247947454939 17.730351379684073
      vertex 41.5 3.6889123728313633 17.730351379684073
    endloop
  endfacet
  facet normal 0.13928132531715212 -0.700214507282551 -0.7002145072825555
    outer loop
      vertex 41.1598279620931 3.621247947454939 17.730351379684073
      vertex 41.5 4.110653735446613 17.308610017068826
      vertex 41.5 3.6889123728313633 17.730351379684073
    endloop
  endfacet
  facet normal 0.38157953112891985 -0.07590088788046409 -0.9212144791753931
    outer loop
      vertex 40.678752052545065 3.1401720379069022 17.730351379684073
      vertex 41.21161607119722 2.9194525344805484 17.96925644864517
      vertex 41.1878554847742 2.8 17.96925644864517
    endloop
  endfacet
  facet normal 0.3234875065415926 -0.21614744150488238 -0.9212144791753962
    outer loop
      vertex 41.21161607119722 2.9194525344805484 17.96925644864517
      vertex 40.87144403329032 3.4285559667096814 17.730351379684073
      vertex 41.27928049657365 3.0207195034263545 17.96925644864517
    endloop
  endfacet
  facet normal 0.21614744150488543 -0.3234875065415972 -0.9212144791753939
    outer loop
      vertex 41.27928049657365 3.0207195034263545 17.96925644864517
      vertex 41.1598279620931 3.621247947454939 17.730351379684073
      vertex 41.38054746551945 3.088383928802779 17.96925644864517
    endloop
  endfacet
  facet normal 0 0 -1
    outer loop
      vertex 41.21161607119722 2.9194525344805484 17.96925644864517
      vertex 41.27928049657365 3.0207195034263545 17.96925644864517
      vertex 41.5 3.112144515225805 17.96925644864517
    endloop
  endfacet
  facet normal 0 0 -1
    outer loop
      vertex 41.21161607119722 2.9194525344805484 17.96925644864517
      vertex 41.5 3.112144515225805 17.96925644864517
      vertex 41.5 2.8 17.96925644864517
    endloop
  endfacet
  facet normal 0 0 -1
    outer loop
      vertex 41.27928049657365 3.0207195034263545 17.96925644864517
      vertex 41.38054746551945 3.088383928802779 17.96925644864517
      vertex 41.5 3.112144515225805 17.96925644864517
    endloop
  endfacet
  facet normal 0.07590088788046982 -0.38157953112891424 -0.921214479175395
    outer loop
      vertex 41.38054746551945 3.088383928802779 17.96925644864517
      vertex 41.5 3.6889123728313633 17.730351379684073
      vertex 41.5 3.112144515225805 17.96925644864517
    endloop
  endfacet
  facet normal 0.32348750654147684 0.21614744150480922 0.9212144791754542
    outer loop
      vertex 48.261498686455596 2.6058928560669434 14.830743551354832
      vertex 48.269418624868166 2.569418624868166 14.836520502049517
      vertex 48.27928049657365 2.579280496573645 14.830743551354832
    endloop
  endfacet
  facet normal 0.21614744150480797 0.32348750654150193 0.9212144791754455
    outer loop
      vertex 48.27928049657365 2.579280496573645 14.830743551354832
      vertex 48.269418624868166 2.569418624868166 14.836520502049517
      vertex 48.30589285606695 2.561498686455594 14.830743551354832
    endloop
  endfacet
  facet normal 0 0 1
    outer loop
      vertex 48.261498686455596 2.6058928560669434 14.830743551354832
      vertex 48.27928049657365 2.579280496573645 14.830743551354832
      vertex 48.30589285606695 2.6058928560669434 14.830743551354832
    endloop
  endfacet
  facet normal 0 0 1
    outer loop
      vertex 48.27928049657365 2.579280496573645 14.830743551354832
      vertex 48.30589285606695 2.561498686455594 14.830743551354832
      vertex 48.30589285606695 2.6058928560669434 14.830743551354832
    endloop
  endfacet
  facet normal 0.32348750654147684 -0.2161474415048092 0.9212144791754542
    outer loop
      vertex 48.261498686455596 2.994107143933056 14.830743551354832
      vertex 48.27928049657365 3.0207195034263545 14.830743551354832
      vertex 48.269418624868166 3.030581375131834 14.836520502049517
    endloop
  endfacet
  facet normal 0 0 1
    outer loop
      vertex 48.261498686455596 2.994107143933056 14.830743551354832
      vertex 48.38054746551945 3.088383928802779 14.830743551354832
      vertex 48.27928049657365 3.0207195034263545 14.830743551354832
    endloop
  endfacet
  facet normal 0.21614744150476897 -0.32348750654153874 0.9212144791754417
    outer loop
      vertex 48.27928049657365 3.0207195034263545 14.830743551354832
      vertex 48.35921663026712 3.139881120565698 14.853831881057676
      vertex 48.269418624868166 3.030581375131834 14.836520502049517
    endloop
  endfacet
  facet normal 0.21614744150489618 -0.32348750654161323 0.9212144791753858
    outer loop
      vertex 48.27928049657365 3.0207195034263545 14.830743551354832
      vertex 48.38054746551945 3.088383928802779 14.830743551354832
      vertex 48.35921663026712 3.139881120565698 14.853831881057676
    endloop
  endfacet
  facet normal 0 0 1
    outer loop
      vertex 48.261498686455596 2.994107143933056 14.830743551354832
      vertex 48.5 3.112144515225805 14.830743551354832
      vertex 48.38054746551945 3.088383928802779 14.830743551354832
    endloop
  endfacet
  facet normal 0 0 1
    outer loop
      vertex 48.261498686455596 2.994107143933056 14.830743551354832
      vertex 48.5 2.994107143933056 14.830743551354832
      vertex 48.5 3.112144515225805 14.830743551354832
    endloop
  endfacet
  facet normal 0.07590088788048589 -0.3815795311289289 0.9212144791753876
    outer loop
      vertex 48.38054746551945 3.088383928802779 14.830743551354832
      vertex 48.5 3.1852217428685314 14.861013130145075
      vertex 48.35921663026712 3.139881120565698 14.853831881057676
    endloop
  endfacet
  facet normal 0.07590088788046918 -0.38157953112891113 0.9212144791753965
    outer loop
      vertex 48.38054746551945 3.088383928802779 14.830743551354832
      vertex 48.5 3.112144515225805 14.830743551354832
      vertex 48.5 3.1852217428685314 14.861013130145075
    endloop
  endfacet
  facet normal 0.07590088788047286 -0.3815795311289172 0.9212144791753936
    outer loop
      vertex 48.404675815151855 3.6699512135546826 15.069648620315927
      vertex 48.5 3.5875483825130576 15.02766228078983
      vertex 48.5 3.6889123728313633 15.069648620315927
    endloop
  endfacet
  facet normal 0.13928132531715964 -0.7002145072825842 0.700214507282521
    outer loop
      vertex 48.404675815151855 3.6699512135546826 15.069648620315927
      vertex 48.5 3.6889123728313633 15.069648620315927
      vertex 48.5 3.708610017068822 15.089346264553388
    endloop
  endfacet
  facet normal 0.13928132531715948 -0.7002145072825684 0.7002145072825368
    outer loop
      vertex 48.451429901867556 4.120690186480686 15.511087627168639
      vertex 48.5 4.110653735446613 15.491389982931178
      vertex 48.5 4.130351379684073 15.511087627168639
    endloop
  endfacet
  facet normal 0.1807443751593772 -0.9086633352183272 0.3763806770786092
    outer loop
      vertex 48.451429901867556 4.120690186480686 15.511087627168639
      vertex 48.5 4.130351379684073 15.511087627168639
      vertex 48.5 4.172337719210172 15.612451617486947
    endloop
  endfacet
  facet normal 0.18074437515937383 -0.9086633352183302 0.3763806770786037
    outer loop
      vertex 48.5 4.338986869854924 16.014778257131468
      vertex 48.5 4.369256448645168 16.087855484774195
      vertex 48.40601246551001 4.350561165655587 16.087855484774195
    endloop
  endfacet
  facet normal 0.19509032201612828 -0.9807852804032304 2.372853426813945e-18
    outer loop
      vertex 48.40601246551001 4.350561165655587 16.087855484774195
      vertex 48.5 4.369256448645168 16.087855484774195
      vertex 48.5 4.369256448645168 16.205892856066946
    endloop
  endfacet
  facet normal 0.19509032201612828 -0.9807852804032304 2.3728534268140164e-18
    outer loop
      vertex 48.40601246551001 4.350561165655587 16.712144515225805
      vertex 48.5 4.369256448645168 16.59410714393306
      vertex 48.5 4.369256448645168 16.712144515225805
    endloop
  endfacet
  facet normal 0.1807443751593738 -0.9086633352183302 -0.3763806770786037
    outer loop
      vertex 48.40601246551001 4.350561165655587 16.712144515225805
      vertex 48.5 4.369256448645168 16.712144515225805
      vertex 48.5 4.338986869854924 16.785221742868533
    endloop
  endfacet
  facet normal -0.21614744150480797 0.32348750654150193 0.9212144791754455
    outer loop
      vertex 48.69410714393305 2.561498686455594 14.830743551354832
      vertex 48.730581375131834 2.569418624868166 14.836520502049517
      vertex 48.72071950342635 2.579280496573645 14.830743551354832
    endloop
  endfacet
  facet normal 0 0 1
    outer loop
      vertex 48.5 2.8 14.830743551354832
      vertex 48.69410714393305 2.8 14.830743551354832
      vertex 48.5 2.994107143933056 14.830743551354832
    endloop
  endfacet
  facet normal 0 0 1
    outer loop
      vertex 48.69410714393305 2.561498686455594 14.830743551354832
      vertex 48.72071950342635 2.579280496573645 14.830743551354832
      vertex 48.69410714393305 2.8 14.830743551354832
    endloop
  endfacet
  facet normal 0 0 1
    outer loop
      vertex 48.5 2.994107143933056 14.830743551354832
      vertex 48.69410714393305 2.8 14.830743551354832
      vertex 48.72071950342635 3.0207195034263545 14.830743551354832
    endloop
  endfacet
  facet normal 0 0 1
    outer loop
      vertex 48.72071950342635 2.579280496573645 14.830743551354832
      vertex 48.72071950342635 3.0207195034263545 14.830743551354832
      vertex 48.69410714393305 2.8 14.830743551354832
    endloop
  endfacet
  facet normal 0 0 1
    outer loop
      vertex 48.72071950342635 2.579280496573645 14.830743551354832
      vertex 48.78838392880278 2.9194525344805484 14.830743551354832
      vertex 48.72071950342635 3.0207195034263545 14.830743551354832
    endloop
  endfacet
  facet normal -0.32348750654147923 0.2161474415048066 0.9212144791754538
    outer loop
      vertex 48.72071950342635 2.579280496573645 14.830743551354832
      vertex 48.730581375131834 2.569418624868166 14.836520502049517
      vertex 48.78838392880278 2.6805474655194512 14.830743551354832
    endloop
  endfacet
  facet normal -0.3234875065416152 0.216147441504874 0.9212144791753902
    outer loop
      vertex 48.730581375131834 2.569418624868166 14.836520502049517
      vertex 48.8398811205657 2.659216630267122 14.853831881057676
      vertex 48.78838392880278 2.6805474655194512 14.830743551354832
    endloop
  endfacet
  facet normal 0 0 1
    outer loop
      vertex 48.72071950342635 2.579280496573645 14.830743551354832
      vertex 48.78838392880278 2.6805474655194512 14.830743551354832
      vertex 48.78838392880278 2.9194525344805484 14.830743551354832
    endloop
  endfacet
  facet normal -0.38157953112892984 0.0759008878804661 0.9212144791753889
    outer loop
      vertex 48.78838392880278 2.6805474655194512 14.830743551354832
      vertex 48.8398811205657 2.659216630267122 14.853831881057676
      vertex 48.8121445152258 2.8 14.830743551354832
    endloop
  endfacet
  facet normal -0.381579531128907 0.07590088788047204 0.9212144791753978
    outer loop
      vertex 48.8398811205657 2.659216630267122 14.853831881057676
      vertex 48.88522174286853 2.8 14.861013130145075
      vertex 48.8121445152258 2.8 14.830743551354832
    endloop
  endfacet
  facet normal 0 0 1
    outer loop
      vertex 48.78838392880278 2.6805474655194512 14.830743551354832
      vertex 48.8121445152258 2.8 14.830743551354832
      vertex 48.78838392880278 2.9194525344805484 14.830743551354832
    endloop
  endfacet
  facet normal -0.38157953112890663 -0.07590088788048668 0.9212144791753968
    outer loop
      vertex 48.8121445152258 2.8 14.830743551354832
      vertex 48.88522174286853 2.8 14.861013130145075
      vertex 49.321247947454935 3.1401720379069022 15.069648620315927
    endloop
  endfacet
  facet normal -0.38157953112891246 -0.07590088788047819 0.9212144791753951
    outer loop
      vertex 48.88522174286853 2.8 14.861013130145075
      vertex 49.28754838251306 2.8 15.02766228078983
      vertex 49.321247947454935 3.1401720379069022 15.069648620315927
    endloop
  endfacet
  facet normal -0.38157953112892035 0.0759008878804614 0.9212144791753932
    outer loop
      vertex 49.28754838251306 2.8 15.02766228078983
      vertex 49.369951213554685 2.7046758151518526 15.069648620315927
      vertex 49.38891237283136 2.8 15.069648620315927
    endloop
  endfacet
  facet normal -0.3815795311289199 -0.07590088788047705 0.921214479175392
    outer loop
      vertex 49.28754838251306 2.8 15.02766228078983
      vertex 49.38891237283136 2.8 15.069648620315927
      vertex 49.321247947454935 3.1401720379069022 15.069648620315927
    endloop
  endfacet
  facet normal -0.7002145072825553 0.13928132531713178 0.7002145072825553
    outer loop
      vertex 49.369951213554685 2.7046758151518526 15.069648620315927
      vertex 49.408610017068824 2.8 15.089346264553388
      vertex 49.38891237283136 2.8 15.069648620315927
    endloop
  endfacet
  facet normal -0.7002145072825524 -0.13928132531716012 0.7002145072825524
    outer loop
      vertex 49.38891237283136 2.8 15.069648620315927
      vertex 49.408610017068824 2.8 15.089346264553388
      vertex 49.321247947454935 3.1401720379069022 15.069648620315927
    endloop
  endfacet
  facet normal -0.7002145072825524 -0.13928132531716006 0.7002145072825524
    outer loop
      vertex 49.408610017068824 2.8 15.089346264553388
      vertex 49.810653735446614 2.8 15.491389982931178
      vertex 49.321247947454935 3.1401720379069022 15.069648620315927
    endloop
  endfacet
  facet normal -0.7002145072825533 -0.13928132531715895 0.700214507282552
    outer loop
      vertex 49.321247947454935 3.1401720379069022 15.069648620315927
      vertex 49.810653735446614 2.8 15.491389982931178
      vertex 49.830351379684075 2.8 15.511087627168639
    endloop
  endfacet
  facet normal -0.7002145072825553 0.13928132531713128 0.7002145072825553
    outer loop
      vertex 49.810653735446614 2.8 15.491389982931178
      vertex 49.82069018648069 2.7514299018675556 15.511087627168639
      vertex 49.830351379684075 2.8 15.511087627168639
    endloop
  endfacet
  facet normal -0.9086633352183381 0.1807443751593461 0.37638067707859785
    outer loop
      vertex 49.82069018648069 2.7514299018675556 15.511087627168639
      vertex 49.87233771921017 2.8 15.612451617486947
      vertex 49.830351379684075 2.8 15.511087627168639
    endloop
  endfacet
  facet normal -0.9086633352183165 0.18074437515938488 0.3763806770786312
    outer loop
      vertex 50.038986869854924 2.8 16.014778257131468
      vertex 50.05056116565559 2.7060124655100077 16.087855484774195
      vertex 50.06925644864517 2.8 16.087855484774195
    endloop
  endfacet
  facet normal -0.9807852804032274 0.19509032201614251 4.244637373621923e-18
    outer loop
      vertex 50.05056116565559 2.7060124655100077 16.087855484774195
      vertex 50.06925644864517 2.8 16.205892856066946
      vertex 50.06925644864517 2.8 16.087855484774195
    endloop
  endfacet
  facet normal -0.9807852804032277 0.19509032201614254 0
    outer loop
      vertex 50.06925644864517 2.8 16.59410714393306
      vertex 50.05056116565559 2.7060124655100077 16.712144515225805
      vertex 50.06925644864517 2.8 16.712144515225805
    endloop
  endfacet
  facet normal -0.9086633352183165 0.18074437515938488 -0.37638067707863115
    outer loop
      vertex 50.05056116565559 2.7060124655100077 16.712144515225805
      vertex 50.038986869854924 2.8 16.785221742868533
      vertex 50.06925644864517 2.8 16.712144515225805
    endloop
  endfacet
  facet normal 0 0 1
    outer loop
      vertex 48.5 2.994107143933056 14.830743551354832
      vertex 48.61945253448055 3.088383928802779 14.830743551354832
      vertex 48.5 3.112144515225805 14.830743551354832
    endloop
  endfacet
  facet normal 0 0 1
    outer loop
      vertex 48.5 2.994107143933056 14.830743551354832
      vertex 48.72071950342635 3.0207195034263545 14.830743551354832
      vertex 48.61945253448055 3.088383928802779 14.830743551354832
    endloop
  endfacet
  facet normal -0.21614744150488543 -0.3234875065415972 0.9212144791753939
    outer loop
      vertex 48.61945253448055 3.088383928802779 14.830743551354832
      vertex 48.72071950342635 3.0207195034263545 14.830743551354832
      vertex 48.8401720379069 3.621247947454939 15.069648620315927
    endloop
  endfacet
  facet normal -0.07590088788047748 -0.3815795311289108 0.9212144791753958
    outer loop
      vertex 48.5 3.112144515225805 14.830743551354832
      vertex 48.8401720379069 3.621247947454939 15.069648620315927
      vertex 48.5 3.1852217428685314 14.861013130145075
    endloop
  endfacet
  facet normal -0.07590088788047 -0.3815795311289152 0.9212144791753946
    outer loop
      vertex 48.5 3.112144515225805 14.830743551354832
      vertex 48.61945253448055 3.088383928802779 14.830743551354832
      vertex 48.8401720379069 3.621247947454939 15.069648620315927
    endloop
  endfacet
  facet normal -0.38157953112891996 -0.07590088788046413 0.9212144791753931
    outer loop
      vertex 48.78838392880278 2.9194525344805484 14.830743551354832
      vertex 48.8121445152258 2.8 14.830743551354832
      vertex 49.321247947454935 3.1401720379069022 15.069648620315927
    endloop
  endfacet
  facet normal -0.3234875065415926 -0.21614744150488238 0.9212144791753962
    outer loop
      vertex 48.78838392880278 2.9194525344805484 14.830743551354832
      vertex 49.12855596670968 3.4285559667096814 15.069648620315927
      vertex 48.72071950342635 3.0207195034263545 14.830743551354832
    endloop
  endfacet
  facet normal -0.07590088788047278 -0.3815795311289139 0.9212144791753948
    outer loop
      vertex 48.5 3.1852217428685314 14.861013130145075
      vertex 48.8401720379069 3.621247947454939 15.069648620315927
      vertex 48.5 3.5875483825130576 15.02766228078983
    endloop
  endfacet
  facet normal -0.21614744150487594 -0.3234875065415995 0.9212144791753952
    outer loop
      vertex 48.72071950342635 3.0207195034263545 14.830743551354832
      vertex 49.12855596670968 3.4285559667096814 15.069648620315927
      vertex 48.8401720379069 3.621247947454939 15.069648620315927
    endloop
  endfacet
  facet normal -0.07590088788047236 -0.38157953112891724 0.9212144791753937
    outer loop
      vertex 48.5 3.5875483825130576 15.02766228078983
      vertex 48.8401720379069 3.621247947454939 15.069648620315927
      vertex 48.5 3.6889123728313633 15.069648620315927
    endloop
  endfacet
  facet normal -0.13928132531710977 -0.700214507282589 0.7002145072825259
    outer loop
      vertex 48.5 3.6889123728313633 15.069648620315927
      vertex 49.00910343222913 4.029084410738266 15.511087627168639
      vertex 48.5 3.708610017068822 15.089346264553388
    endloop
  endfacet
  facet normal -0.1392813253171531 -0.7002145072825559 0.7002145072825504
    outer loop
      vertex 48.5 3.6889123728313633 15.069648620315927
      vertex 48.8401720379069 3.621247947454939 15.069648620315927
      vertex 49.00910343222913 4.029084410738266 15.511087627168639
    endloop
  endfacet
  facet normal -0.3234875065416041 -0.2161474415048737 0.9212144791753942
    outer loop
      vertex 48.78838392880278 2.9194525344805484 14.830743551354832
      vertex 49.321247947454935 3.1401720379069022 15.069648620315927
      vertex 49.12855596670968 3.4285559667096814 15.069648620315927
    endloop
  endfacet
  facet normal -0.5936131960091072 -0.39663965676027685 0.700214507282549
    outer loop
      vertex 49.321247947454935 3.1401720379069022 15.069648620315927
      vertex 49.44070048193549 3.7407004819354865 15.511087627168639
      vertex 49.12855596670968 3.4285559667096814 15.069648620315927
    endloop
  endfacet
  facet normal -0.39663965676028307 -0.5936131960091021 0.70021450728255
    outer loop
      vertex 48.8401720379069 3.621247947454939 15.069648620315927
      vertex 49.12855596670968 3.4285559667096814 15.069648620315927
      vertex 49.00910343222913 4.029084410738266 15.511087627168639
    endloop
  endfacet
  facet normal -0.13928132531715598 -0.7002145072825522 0.7002145072825537
    outer loop
      vertex 48.5 3.708610017068822 15.089346264553388
      vertex 49.00910343222913 4.029084410738266 15.511087627168639
      vertex 48.5 4.110653735446613 15.491389982931178
    endloop
  endfacet
  facet normal -0.13928132531715795 -0.7002145072825685 0.7002145072825369
    outer loop
      vertex 48.5 4.110653735446613 15.491389982931178
      vertex 49.00910343222913 4.029084410738266 15.511087627168639
      vertex 48.5 4.130351379684073 15.511087627168639
    endloop
  endfacet
  facet normal -0.18074437515937516 -0.9086633352183275 0.37638067707860934
    outer loop
      vertex 48.5 4.130351379684073 15.511087627168639
      vertex 49.00910343222913 4.029084410738266 15.511087627168639
      vertex 48.5 4.172337719210172 15.612451617486947
    endloop
  endfacet
  facet normal -0.39663965676028257 -0.5936131960091021 0.7002145072825502
    outer loop
      vertex 49.12855596670968 3.4285559667096814 15.069648620315927
      vertex 49.44070048193549 3.7407004819354865 15.511087627168639
      vertex 49.00910343222913 4.029084410738266 15.511087627168639
    endloop
  endfacet
  facet normal -0.7002145072825511 -0.1392813253171552 0.7002145072825547
    outer loop
      vertex 49.321247947454935 3.1401720379069022 15.069648620315927
      vertex 49.830351379684075 2.8 15.511087627168639
      vertex 49.72908441073827 3.3091034322291337 15.511087627168639
    endloop
  endfacet
  facet normal -0.5936131960090978 -0.39663965676028246 0.7002145072825541
    outer loop
      vertex 49.321247947454935 3.1401720379069022 15.069648620315927
      vertex 49.72908441073827 3.3091034322291337 15.511087627168639
      vertex 49.44070048193549 3.7407004819354865 15.511087627168639
    endloop
  endfacet
  facet normal -0.9086633352183329 -0.1807443751593772 0.3763806770785956
    outer loop
      vertex 49.830351379684075 2.8 15.511087627168639
      vertex 49.87233771921017 2.8 15.612451617486947
      vertex 49.72908441073827 3.3091034322291337 15.511087627168639
    endloop
  endfacet
  facet normal -0.18074437515937797 -0.9086633352183309 0.37638067707859996
    outer loop
      vertex 48.5 4.172337719210172 15.612451617486947
      vertex 49.00910343222913 4.029084410738266 15.511087627168639
      vertex 48.5 4.338986869854924 16.014778257131468
    endloop
  endfacet
  facet normal -0.18074437515937342 -0.9086633352183301 0.376380677078604
    outer loop
      vertex 48.5 4.369256448645168 16.087855484774195
      vertex 49.00910343222913 4.029084410738266 15.511087627168639
      vertex 49.10052844402858 4.2498039141646204 16.087855484774195
    endloop
  endfacet
  facet normal -0.5147164328119466 -0.7703275794849853 0.37638067707860434
    outer loop
      vertex 49.00910343222913 4.029084410738266 15.511087627168639
      vertex 49.44070048193549 3.7407004819354865 15.511087627168639
      vertex 49.10052844402858 4.2498039141646204 16.087855484774195
    endloop
  endfacet
  facet normal -0.5147164328119488 -0.7703275794849846 0.3763806770786024
    outer loop
      vertex 49.44070048193549 3.7407004819354865 15.511087627168639
      vertex 49.609631876257716 3.909631876257718 16.087855484774195
      vertex 49.10052844402858 4.2498039141646204 16.087855484774195
    endloop
  endfacet
  facet normal -0.5555702330196032 -0.8314696123025446 0
    outer loop
      vertex 49.10052844402858 4.2498039141646204 16.087855484774195
      vertex 49.609631876257716 3.909631876257718 16.087855484774195
      vertex 49.10052844402858 4.2498039141646204 16.712144515225805
    endloop
  endfacet
  facet normal -0.18074437515937386 -0.9086633352183301 0.3763806770786037
    outer loop
      vertex 48.5 4.338986869854924 16.014778257131468
      vertex 49.00910343222913 4.029084410738266 15.511087627168639
      vertex 48.5 4.369256448645168 16.087855484774195
    endloop
  endfacet
  facet normal -0.19509032201612786 -0.9807852804032305 0
    outer loop
      vertex 48.5 4.369256448645168 16.087855484774195
      vertex 49.10052844402858 4.2498039141646204 16.087855484774195
      vertex 48.5 4.369256448645168 16.205892856066946
    endloop
  endfacet
  facet normal -0.19509032201612786 -0.9807852804032305 0
    outer loop
      vertex 48.5 4.369256448645168 16.205892856066946
      vertex 49.10052844402858 4.2498039141646204 16.087855484774195
      vertex 48.5 4.369256448645168 16.59410714393306
    endloop
  endfacet
  facet normal -0.7703275794849849 -0.51471643281195 0.3763806770786004
    outer loop
      vertex 49.44070048193549 3.7407004819354865 15.511087627168639
      vertex 49.72908441073827 3.3091034322291337 15.511087627168639
      vertex 49.94980391416462 3.400528444028584 16.087855484774195
    endloop
  endfacet
  facet normal -0.9086633352183319 -0.18074437515937636 0.37638067707859835
    outer loop
      vertex 49.87233771921017 2.8 15.612451617486947
      vertex 50.038986869854924 2.8 16.014778257131468
      vertex 49.72908441073827 3.3091034322291337 15.511087627168639
    endloop
  endfacet
  facet normal -0.9086633352183248 -0.18074437515933606 0.3763806770786348
    outer loop
      vertex 49.72908441073827 3.3091034322291337 15.511087627168639
      vertex 50.038986869854924 2.8 16.014778257131468
      vertex 50.06925644864517 2.8 16.087855484774195
    endloop
  endfacet
  facet normal -0.9086633352183304 -0.18074437515937855 0.3763806770786005
    outer loop
      vertex 49.72908441073827 3.3091034322291337 15.511087627168639
      vertex 50.06925644864517 2.8 16.087855484774195
      vertex 49.94980391416462 3.400528444028584 16.087855484774195
    endloop
  endfacet
  facet normal -0.7703275794849853 -0.5147164328119487 0.3763806770786014
    outer loop
      vertex 49.44070048193549 3.7407004819354865 15.511087627168639
      vertex 49.94980391416462 3.400528444028584 16.087855484774195
      vertex 49.609631876257716 3.909631876257718 16.087855484774195
    endloop
  endfacet
  facet normal -0.8314696123025449 -0.5555702330196028 -5.8940074817837686e-18
    outer loop
      vertex 49.609631876257716 3.909631876257718 16.087855484774195
      vertex 49.94980391416462 3.400528444028584 16.087855484774195
      vertex 49.94980391416462 3.400528444028584 16.712144515225805
    endloop
  endfacet
  facet normal -0.9807852804032294 -0.19509032201613313 0
    outer loop
      vertex 50.06925644864517 2.8 16.087855484774195
      vertex 50.06925644864517 2.8 16.205892856066946
      vertex 49.94980391416462 3.400528444028584 16.087855484774195
    endloop
  endfacet
  facet normal -0.9807852804032295 -0.19509032201613313 0
    outer loop
      vertex 50.06925644864517 2.8 16.205892856066946
      vertex 50.06925644864517 2.8 16.59410714393306
      vertex 49.94980391416462 3.400528444028584 16.087855484774195
    endloop
  endfacet
  facet normal -0.5555702330196032 -0.8314696123025446 -1.3688455015133423e-18
    outer loop
      vertex 49.10052844402858 4.2498039141646204 16.712144515225805
      vertex 49.609631876257716 3.909631876257718 16.087855484774195
      vertex 49.609631876257716 3.909631876257718 16.712144515225805
    endloop
  endfacet
  facet normal -0.18074437515937355 -0.9086633352183309 -0.376380677078602
    outer loop
      vertex 48.5 4.369256448645168 16.712144515225805
      vertex 49.10052844402858 4.2498039141646204 16.712144515225805
      vertex 49.00910343222913 4.029084410738266 17.288912372831366
    endloop
  endfacet
  facet normal -0.18074437515937547 -0.9086633352183313 -0.3763806770786001
    outer loop
      vertex 48.5 4.338986869854924 16.785221742868533
      vertex 49.00910343222913 4.029084410738266 17.288912372831366
      vertex 48.5 4.172337719210172 17.187548382513054
    endloop
  endfacet
  facet normal -0.5147164328119492 -0.7703275794849854 -0.37638067707860046
    outer loop
      vertex 49.10052844402858 4.2498039141646204 16.712144515225805
      vertex 49.609631876257716 3.909631876257718 16.712144515225805
      vertex 49.44070048193549 3.7407004819354865 17.288912372831366
    endloop
  endfacet
  facet normal -0.514716432811947 -0.770327579484986 -0.37638067707860234
    outer loop
      vertex 49.10052844402858 4.2498039141646204 16.712144515225805
      vertex 49.44070048193549 3.7407004819354865 17.288912372831366
      vertex 49.00910343222913 4.029084410738266 17.288912372831366
    endloop
  endfacet
  facet normal -0.19509032201612786 -0.9807852804032305 0
    outer loop
      vertex 48.5 4.369256448645168 16.59410714393306
      vertex 49.10052844402858 4.2498039141646204 16.087855484774195
      vertex 48.5 4.369256448645168 16.712144515225805
    endloop
  endfacet
  facet normal -0.19509032201612786 -0.9807852804032304 5.8081147077293576e-18
    outer loop
      vertex 48.5 4.369256448645168 16.712144515225805
      vertex 49.10052844402858 4.2498039141646204 16.087855484774195
      vertex 49.10052844402858 4.2498039141646204 16.712144515225805
    endloop
  endfacet
  facet normal -0.18074437515937133 -0.9086633352183305 -0.37638067707860384
    outer loop
      vertex 48.5 4.369256448645168 16.712144515225805
      vertex 49.00910343222913 4.029084410738266 17.288912372831366
      vertex 48.5 4.338986869854924 16.785221742868533
    endloop
  endfacet
  facet normal -0.8314696123025449 -0.5555702330196028 0
    outer loop
      vertex 49.609631876257716 3.909631876257718 16.087855484774195
      vertex 49.94980391416462 3.400528444028584 16.712144515225805
      vertex 49.609631876257716 3.909631876257718 16.712144515225805
    endloop
  endfacet
  facet normal -0.9807852804032294 -0.19509032201613316 0
    outer loop
      vertex 50.06925644864517 2.8 16.59410714393306
      vertex 50.06925644864517 2.8 16.712144515225805
      vertex 49.94980391416462 3.400528444028584 16.087855484774195
    endloop
  endfacet
  facet normal -0.9807852804032295 -0.1950903220161332 -7.996908031166012e-18
    outer loop
      vertex 50.06925644864517 2.8 16.712144515225805
      vertex 49.94980391416462 3.400528444028584 16.712144515225805
      vertex 49.94980391416462 3.400528444028584 16.087855484774195
    endloop
  endfacet
  facet normal -0.9086633352183313 -0.18074437515937877 -0.37638067707859857
    outer loop
      vertex 50.06925644864517 2.8 16.712144515225805
      vertex 49.72908441073827 3.3091034322291337 17.288912372831366
      vertex 49.94980391416462 3.400528444028584 16.712144515225805
    endloop
  endfacet
  facet normal -0.7703275794849855 -0.5147164328119505 -0.37638067707859835
    outer loop
      vertex 49.94980391416462 3.400528444028584 16.712144515225805
      vertex 49.72908441073827 3.3091034322291337 17.288912372831366
      vertex 49.44070048193549 3.7407004819354865 17.288912372831366
    endloop
  endfacet
  facet normal -0.9086633352183253 -0.1807443751593337 -0.3763806770786348
    outer loop
      vertex 50.06925644864517 2.8 16.712144515225805
      vertex 50.038986869854924 2.8 16.785221742868533
      vertex 49.72908441073827 3.3091034322291337 17.288912372831366
    endloop
  endfacet
  facet normal -0.9086633352183322 -0.1807443751593738 -0.3763806770785985
    outer loop
      vertex 50.038986869854924 2.8 16.785221742868533
      vertex 49.87233771921017 2.8 17.187548382513054
      vertex 49.72908441073827 3.3091034322291337 17.288912372831366
    endloop
  endfacet
  facet normal -0.7703275794849859 -0.5147164328119491 -0.3763806770785994
    outer loop
      vertex 49.609631876257716 3.909631876257718 16.712144515225805
      vertex 49.94980391416462 3.400528444028584 16.712144515225805
      vertex 49.44070048193549 3.7407004819354865 17.288912372831366
    endloop
  endfacet
  facet normal 0.18074437515937805 -0.9086633352183318 -0.3763806770785979
    outer loop
      vertex 48.5 4.172337719210172 17.187548382513054
      vertex 48.5 4.130351379684073 17.288912372831366
      vertex 48.451429901867556 4.120690186480686 17.288912372831366
    endloop
  endfacet
  facet normal 0.13928132531715948 -0.7002145072825684 -0.7002145072825369
    outer loop
      vertex 48.451429901867556 4.120690186480686 17.288912372831366
      vertex 48.5 4.130351379684073 17.288912372831366
      vertex 48.5 4.110653735446613 17.308610017068826
    endloop
  endfacet
  facet normal -0.3815795311289131 -0.07590088788047572 -0.921214479175395
    outer loop
      vertex 49.38891237283136 2.8 17.730351379684073
      vertex 48.8121445152258 2.8 17.96925644864517
      vertex 49.321247947454935 3.1401720379069022 17.730351379684073
    endloop
  endfacet
  facet normal -0.9086633352183426 0.18074437515934696 -0.37638067707858647
    outer loop
      vertex 49.82069018648069 2.7514299018675556 17.288912372831366
      vertex 49.830351379684075 2.8 17.288912372831366
      vertex 49.87233771921017 2.8 17.187548382513054
    endloop
  endfacet
  facet normal -0.7002145072825517 -0.1392813253171686 -0.7002145072825515
    outer loop
      vertex 49.321247947454935 3.1401720379069022 17.730351379684073
      vertex 49.830351379684075 2.8 17.288912372831366
      vertex 49.810653735446614 2.8 17.308610017068826
    endloop
  endfacet
  facet normal -0.7002145072825553 0.13928132531713128 -0.7002145072825553
    outer loop
      vertex 49.82069018648069 2.7514299018675556 17.288912372831366
      vertex 49.810653735446614 2.8 17.308610017068826
      vertex 49.830351379684075 2.8 17.288912372831366
    endloop
  endfacet
  facet normal -0.7002145072825496 -0.13928132531715953 -0.7002145072825555
    outer loop
      vertex 49.38891237283136 2.8 17.730351379684073
      vertex 49.321247947454935 3.1401720379069022 17.730351379684073
      vertex 49.810653735446614 2.8 17.308610017068826
    endloop
  endfacet
  facet normal 0 0 -1
    outer loop
      vertex 48.5 2.8 17.96925644864517
      vertex 48.5 3.112144515225805 17.96925644864517
      vertex 48.8121445152258 2.8 17.96925644864517
    endloop
  endfacet
  facet normal 0 0 -1
    outer loop
      vertex 48.78838392880278 2.9194525344805484 17.96925644864517
      vertex 48.8121445152258 2.8 17.96925644864517
      vertex 48.72071950342635 3.0207195034263545 17.96925644864517
    endloop
  endfacet
  facet normal -0.18074437515937605 -0.9086633352183321 -0.376380677078598
    outer loop
      vertex 48.5 4.172337719210172 17.187548382513054
      vertex 49.00910343222913 4.029084410738266 17.288912372831366
      vertex 48.5 4.130351379684073 17.288912372831366
    endloop
  endfacet
  facet normal -0.13928132531719944 -0.7002145072825643 -0.7002145072825328
    outer loop
      vertex 48.5 4.130351379684073 17.288912372831366
      vertex 48.8401720379069 3.621247947454939 17.730351379684073
      vertex 48.5 4.110653735446613 17.308610017068826
    endloop
  endfacet
  facet normal -0.13928132531715473 -0.7002145072825525 -0.7002145072825535
    outer loop
      vertex 48.5 4.130351379684073 17.288912372831366
      vertex 49.00910343222913 4.029084410738266 17.288912372831366
      vertex 48.8401720379069 3.621247947454939 17.730351379684073
    endloop
  endfacet
  facet normal -0.39663965676028107 -0.5936131960090998 -0.700214507282553
    outer loop
      vertex 49.00910343222913 4.029084410738266 17.288912372831366
      vertex 49.44070048193549 3.7407004819354865 17.288912372831366
      vertex 49.12855596670968 3.4285559667096814 17.730351379684073
    endloop
  endfacet
  facet normal -0.07590088788047186 -0.3815795311289146 -0.9212144791753947
    outer loop
      vertex 48.61945253448055 3.088383928802779 17.96925644864517
      vertex 48.5 3.6889123728313633 17.730351379684073
      vertex 48.8401720379069 3.621247947454939 17.730351379684073
    endloop
  endfacet
  facet normal -0.216147441504876 -0.3234875065415996 -0.9212144791753952
    outer loop
      vertex 48.72071950342635 3.0207195034263545 17.96925644864517
      vertex 48.8401720379069 3.621247947454939 17.730351379684073
      vertex 49.12855596670968 3.4285559667096814 17.730351379684073
    endloop
  endfacet
  facet normal -0.13928132531715212 -0.700214507282551 -0.7002145072825555
    outer loop
      vertex 48.5 3.6889123728313633 17.730351379684073
      vertex 48.5 4.110653735446613 17.308610017068826
      vertex 48.8401720379069 3.621247947454939 17.730351379684073
    endloop
  endfacet
  facet normal -0.593613196009105 -0.39663965676027524 -0.7002145072825519
    outer loop
      vertex 49.321247947454935 3.1401720379069022 17.730351379684073
      vertex 49.12855596670968 3.4285559667096814 17.730351379684073
      vertex 49.44070048193549 3.7407004819354865 17.288912372831366
    endloop
  endfacet
  facet normal -0.3234875065416041 -0.2161474415048737 -0.9212144791753942
    outer loop
      vertex 49.321247947454935 3.1401720379069022 17.730351379684073
      vertex 48.78838392880278 2.9194525344805484 17.96925644864517
      vertex 49.12855596670968 3.4285559667096814 17.730351379684073
    endloop
  endfacet
  facet normal -0.39663965676028157 -0.5936131960090998 -0.7002145072825529
    outer loop
      vertex 49.00910343222913 4.029084410738266 17.288912372831366
      vertex 49.12855596670968 3.4285559667096814 17.730351379684073
      vertex 48.8401720379069 3.621247947454939 17.730351379684073
    endloop
  endfacet
  facet normal -0.9086633352183373 -0.18074437515937808 -0.3763806770785843
    outer loop
      vertex 49.830351379684075 2.8 17.288912372831366
      vertex 49.72908441073827 3.3091034322291337 17.288912372831366
      vertex 49.87233771921017 2.8 17.187548382513054
    endloop
  endfacet
  facet normal -0.7002145072825484 -0.13928132531715465 -0.7002145072825576
    outer loop
      vertex 49.321247947454935 3.1401720379069022 17.730351379684073
      vertex 49.72908441073827 3.3091034322291337 17.288912372831366
      vertex 49.830351379684075 2.8 17.288912372831366
    endloop
  endfacet
  facet normal -0.5936131960090953 -0.39663965676028096 -0.7002145072825569
    outer loop
      vertex 49.321247947454935 3.1401720379069022 17.730351379684073
      vertex 49.44070048193549 3.7407004819354865 17.288912372831366
      vertex 49.72908441073827 3.3091034322291337 17.288912372831366
    endloop
  endfacet
  facet normal -0.21614744150488543 -0.3234875065415972 -0.9212144791753939
    outer loop
      vertex 48.61945253448055 3.088383928802779 17.96925644864517
      vertex 48.8401720379069 3.621247947454939 17.730351379684073
      vertex 48.72071950342635 3.0207195034263545 17.96925644864517
    endloop
  endfacet
  facet normal 0 0 -1
    outer loop
      vertex 48.5 3.112144515225805 17.96925644864517
      vertex 48.61945253448055 3.088383928802779 17.96925644864517
      vertex 48.8121445152258 2.8 17.96925644864517
    endloop
  endfacet
  facet normal 0 0 -1
    outer loop
      vertex 48.61945253448055 3.088383928802779 17.96925644864517
      vertex 48.72071950342635 3.0207195034263545 17.96925644864517
      vertex 48.8121445152258 2.8 17.96925644864517
    endloop
  endfacet
  facet normal -0.07590088788046981 -0.3815795311289142 -0.921214479175395
    outer loop
      vertex 48.5 3.112144515225805 17.96925644864517
      vertex 48.5 3.6889123728313633 17.730351379684073
      vertex 48.61945253448055 3.088383928802779 17.96925644864517
    endloop
  endfacet
  facet normal -0.38157953112891996 -0.07590088788046416 -0.9212144791753931
    outer loop
      vertex 49.321247947454935 3.1401720379069022 17.730351379684073
      vertex 48.8121445152258 2.8 17.96925644864517
      vertex 48.78838392880278 2.9194525344805484 17.96925644864517
    endloop
  endfacet
  facet normal -0.3234875065415926 -0.21614744150488238 -0.9212144791753962
    outer loop
      vertex 48.78838392880278 2.9194525344805484 17.96925644864517
      vertex 48.72071950342635 3.0207195034263545 17.96925644864517
      vertex 49.12855596670968 3.4285559667096814 17.730351379684073
    endloop
  endfacet
  facet normal 1 0 0
    outer loop
      vertex 41.5 2.8 14.8
      vertex 41.5 2.994107143933056 14.830743551354832
      vertex 41.5 2.8 14.830743551354832
    endloop
  endfacet
  facet normal 0 0.15643446504023065 0.9876883405951377
    outer loop
      vertex 41.69410714393305 2.6058928560669434 14.830743551354832
      vertex 41.738501313544404 2.6058928560669434 14.830743551354832
      vertex 41.5 2.8 14.8
    endloop
  endfacet
  facet normal 5.927149885276904e-14 0.1564344650402797 0.9876883405951299
    outer loop
      vertex 41.730581375131834 2.5694186248681667 14.83652050204952
      vertex 41.994427190999915 2.3055728090000835 14.878309573927755
      vertex 41.738501313544404 2.6058928560669434 14.830743551354832
    endloop
  endfacet
  facet normal 1.4545926932374674e-17 0.1564344650402307 0.9876883405951377
    outer loop
      vertex 41.738501313544404 2.6058928560669434 14.830743551354832
      vertex 48.005572809000085 2.3055728090000835 14.878309573927755
      vertex 41.5 2.8 14.8
    endloop
  endfacet
  facet normal 0 -0.1564344650402307 0.9876883405951378
    outer loop
      vertex 41.5 2.8 14.8
      vertex 48.5 2.8 14.8
      vertex 41.5 2.994107143933056 14.830743551354832
    endloop
  endfacet
  facet normal 4.368329760551912e-19 0.15643446504023045 0.9876883405951379
    outer loop
      vertex 41.738501313544404 2.6058928560669434 14.830743551354832
      vertex 41.994427190999915 2.3055728090000835 14.878309573927755
      vertex 48.005572809000085 2.3055728090000835 14.878309573927755
    endloop
  endfacet
  facet normal 0 -0.1564344650402307 0.9876883405951378
    outer loop
      vertex 41.5 2.994107143933056 14.830743551354832
      vertex 48.5 2.8 14.8
      vertex 41.738501313544404 2.994107143933056 14.830743551354832
    endloop
  endfacet
  facet normal 1.0657192507251218e-15 -0.15643446504019448 0.9876883405951435
    outer loop
      vertex 41.730581375131834 3.030581375131834 14.836520502049517
      vertex 41.738501313544404 2.994107143933056 14.830743551354832
      vertex 48.5 2.8 14.8
    endloop
  endfacet
  facet normal -1.0997776720323552e-18 0.4539904997395449 0.8910065241883688
    outer loop
      vertex 42.44045640366796 1.8595435963320428 15.105572809000083
      vertex 48.005572809000085 2.3055728090000835 14.878309573927755
      vertex 41.994427190999915 2.3055728090000835 14.878309573927755
    endloop
  endfacet
  facet normal 0 0.891006524188368 0.45399049973954636
    outer loop
      vertex 42.79442719099992 1.5055728090000837 15.459543596332043
      vertex 43.02169042607225 1.2783095739277544 15.905572809000084
      vertex 47.20557280900008 1.5055728090000837 15.459543596332043
    endloop
  endfacet
  facet normal 0 0.7071067811865485 0.7071067811865466
    outer loop
      vertex 42.44045640366796 1.8595435963320428 15.105572809000083
      vertex 42.79442719099992 1.5055728090000837 15.459543596332043
      vertex 47.55954359633204 1.8595435963320428 15.105572809000083
    endloop
  endfacet
  facet normal 0 0.9876883405951378 0.15643446504023084
    outer loop
      vertex 43.02169042607225 1.2783095739277544 15.905572809000084
      vertex 43.1 1.1999999999999997 16.400000000000002
      vertex 46.97830957392775 1.2783095739277544 15.905572809000084
    endloop
  endfacet
  facet normal 0 0.9876883405951375 -0.15643446504023195
    outer loop
      vertex 43.1 1.1999999999999997 16.400000000000002
      vertex 43.02169042607225 1.2783095739277544 16.894427190999917
      vertex 46.9 1.1999999999999997 16.400000000000002
    endloop
  endfacet
  facet normal 0 0.8910065241883681 -0.45399049973954636
    outer loop
      vertex 43.02169042607225 1.2783095739277544 16.894427190999917
      vertex 42.79442719099992 1.5055728090000837 17.340456403667957
      vertex 46.97830957392775 1.2783095739277544 16.894427190999917
    endloop
  endfacet
  facet normal 1 0 0
    outer loop
      vertex 41.5 3.1852217428685314 14.861013130145075
      vertex 41.5 3.294427190999916 14.878309573927755
      vertex 41.5 3.5875483825130576 15.02766228078983
    endloop
  endfacet
  facet normal 1 0 0
    outer loop
      vertex 41.5 3.708610017068822 15.089346264553388
      vertex 41.5 3.740456403667957 15.105572809000083
      vertex 41.5 4.094427190999916 15.459543596332043
    endloop
  endfacet
  facet normal 1 0 0
    outer loop
      vertex 41.5 3.708610017068822 15.089346264553388
      vertex 41.5 4.094427190999916 15.459543596332043
      vertex 41.5 4.110653735446613 15.491389982931178
    endloop
  endfacet
  facet normal -2.6569389916419243e-16 -0.15643446504023423 0.9876883405951373
    outer loop
      vertex 41.5 3.1852217428685314 14.861013130145075
      vertex 48.5 2.8 14.8
      vertex 41.5 3.294427190999916 14.878309573927755
    endloop
  endfacet
  facet normal 0 -0.4539904997395445 0.8910065241883691
    outer loop
      vertex 41.5 3.294427190999916 14.878309573927755
      vertex 48.5 3.294427190999916 14.878309573927755
      vertex 41.5 3.5875483825130576 15.02766228078983
    endloop
  endfacet
  facet normal 2.135994265317242e-15 -0.1564344650401916 0.9876883405951439
    outer loop
      vertex 41.5 3.1852217428685314 14.861013130145075
      vertex 41.64078336973288 3.1398811205656987 14.853831881057676
      vertex 48.5 2.8 14.8
    endloop
  endfacet
  facet normal -9.700970517162064e-16 -0.15643446504025277 0.9876883405951343
    outer loop
      vertex 41.64078336973288 3.1398811205656987 14.853831881057676
      vertex 41.730581375131834 3.030581375131834 14.836520502049517
      vertex 48.5 2.8 14.8
    endloop
  endfacet
  facet normal -1.6938681906596104e-16 -0.4539904997395477 0.8910065241883675
    outer loop
      vertex 41.5 3.5875483825130576 15.02766228078983
      vertex 48.5 3.294427190999916 14.878309573927755
      vertex 41.595324184848145 3.6699512135546826 15.069648620315927
    endloop
  endfacet
  facet normal 3.6485449030067534e-15 -0.4539904997394995 0.891006524188392
    outer loop
      vertex 41.5 3.708610017068822 15.089346264553388
      vertex 48.5 3.294427190999916 14.878309573927755
      vertex 41.5 3.740456403667957 15.105572809000083
    endloop
  endfacet
  facet normal -2.7589880580789516e-15 -0.45399049973958544 0.8910065241883481
    outer loop
      vertex 41.595324184848145 3.6699512135546826 15.069648620315927
      vertex 48.5 3.294427190999916 14.878309573927755
      vertex 41.5 3.708610017068822 15.089346264553388
    endloop
  endfacet
  facet normal 0 -0.7071067811865483 0.7071067811865466
    outer loop
      vertex 41.5 3.740456403667957 15.105572809000083
      vertex 48.5 3.740456403667957 15.105572809000083
      vertex 41.5 4.094427190999916 15.459543596332043
    endloop
  endfacet
  facet normal 0 -0.8910065241883718 0.453990499739539
    outer loop
      vertex 41.5 4.094427190999916 15.459543596332043
      vertex 48.5 4.094427190999916 15.459543596332043
      vertex 41.5 4.110653735446613 15.491389982931178
    endloop
  endfacet
  facet normal -1.0821058447622389e-16 -0.8910065241883814 0.45399049973952005
    outer loop
      vertex 41.5 4.110653735446613 15.491389982931178
      vertex 48.5 4.094427190999916 15.459543596332043
      vertex 41.548570098132444 4.120690186480686 15.511087627168639
    endloop
  endfacet
  facet normal 2.2678528944579346e-16 -0.8910065241883631 0.453990499739556
    outer loop
      vertex 41.5 4.172337719210172 15.612451617486947
      vertex 41.548570098132444 4.120690186480686 15.511087627168639
      vertex 48.5 4.094427190999916 15.459543596332043
    endloop
  endfacet
  facet normal -5.83065174530391e-17 -0.8910065241883685 0.45399049973954564
    outer loop
      vertex 41.5 4.172337719210172 15.612451617486947
      vertex 48.5 4.094427190999916 15.459543596332043
      vertex 41.5 4.321690426072245 15.905572809000084
    endloop
  endfacet
  facet normal 1 0 0
    outer loop
      vertex 41.5 4.172337719210172 15.612451617486947
      vertex 41.5 4.321690426072245 15.905572809000084
      vertex 41.5 4.338986869854924 16.014778257131468
    endloop
  endfacet
  facet normal 1 0 0
    outer loop
      vertex 41.5 4.369256448645168 16.205892856066946
      vertex 41.5 4.3999999999999995 16.400000000000002
      vertex 41.5 4.369256448645168 16.59410714393306
    endloop
  endfacet
  facet normal 1 0 0
    outer loop
      vertex 41.5 4.338986869854924 16.785221742868533
      vertex 41.5 4.321690426072245 16.894427190999917
      vertex 41.5 4.172337719210172 17.187548382513054
    endloop
  endfacet
  facet normal 0 -0.9876883405951383 0.15643446504022762
    outer loop
      vertex 41.5 4.321690426072245 15.905572809000084
      vertex 48.5 4.321690426072245 15.905572809000084
      vertex 41.5 4.338986869854924 16.014778257131468
    endloop
  endfacet
  facet normal 1.5320233790932366e-16 -0.9876883405951367 0.1564344650402372
    outer loop
      vertex 41.5 4.338986869854924 16.014778257131468
      vertex 48.5 4.321690426072245 15.905572809000084
      vertex 41.59398753448999 4.350561165655587 16.087855484774195
    endloop
  endfacet
  facet normal -1.402891094628849e-16 -0.9876883405951384 0.15643446504022632
    outer loop
      vertex 41.5 4.369256448645168 16.205892856066946
      vertex 41.59398753448999 4.350561165655587 16.087855484774195
      vertex 48.5 4.321690426072245 15.905572809000084
    endloop
  endfacet
  facet normal 5.118598404289026e-17 -0.9876883405951378 0.1564344650402307
    outer loop
      vertex 41.5 4.369256448645168 16.205892856066946
      vertex 48.5 4.321690426072245 15.905572809000084
      vertex 41.5 4.3999999999999995 16.400000000000002
    endloop
  endfacet
  facet normal 0 -0.9876883405951378 -0.1564344650402307
    outer loop
      vertex 41.5 4.3999999999999995 16.400000000000002
      vertex 48.5 4.3999999999999995 16.400000000000002
      vertex 41.5 4.369256448645168 16.59410714393306
    endloop
  endfacet
  facet normal -9.263624442239862e-18 -0.9876883405951378 -0.15643446504023104
    outer loop
      vertex 41.5 4.369256448645168 16.59410714393306
      vertex 48.5 4.3999999999999995 16.400000000000002
      vertex 41.59398753448999 4.350561165655587 16.712144515225805
    endloop
  endfacet
  facet normal -3.220062183401393e-16 -0.9876883405951365 -0.15643446504023775
    outer loop
      vertex 41.5 4.338986869854924 16.785221742868533
      vertex 41.59398753448999 4.350561165655587 16.712144515225805
      vertex 48.5 4.3999999999999995 16.400000000000002
    endloop
  endfacet
  facet normal 2.5105111873049566e-16 -0.9876883405951383 -0.15643446504022762
    outer loop
      vertex 41.5 4.338986869854924 16.785221742868533
      vertex 48.5 4.3999999999999995 16.400000000000002
      vertex 41.5 4.321690426072245 16.894427190999917
    endloop
  endfacet
  facet normal 0 -0.8910065241883685 -0.45399049973954564
    outer loop
      vertex 41.5 4.321690426072245 16.894427190999917
      vertex 48.5 4.321690426072245 16.894427190999917
      vertex 41.5 4.172337719210172 17.187548382513054
    endloop
  endfacet
  facet normal 1 0 0
    outer loop
      vertex 41.5 2.8 17.96925644864517
      vertex 41.5 3.112144515225805 17.96925644864517
      vertex 41.5 2.8 18.667741699796952
    endloop
  endfacet
  facet normal 1 0 0
    outer loop
      vertex 41.5 3.112144515225805 17.96925644864517
      vertex 41.5 2.800782172325201 18.66768014149993
      vertex 41.5 2.8 18.667741699796952
    endloop
  endfacet
  facet normal 0 0.7164817630093366 -0.6976058222771888
    outer loop
      vertex 42.79442719099992 1.5055728090000837 17.340456403667957
      vertex 41.50353553390593 2.7964644660940667 18.666277233702885
      vertex 47.20557280900008 1.5055728090000837 17.340456403667957
    endloop
  endfacet
  facet normal 2.740025501424662e-21 -0.522498564716698 -0.8526401643536332
    outer loop
      vertex 41.5 2.8022699524986976 18.667196732417896
      vertex 41.5 2.8029389262614623 18.666786784768828
      vertex 48.5 2.8029389262614623 18.666786784768828
    endloop
  endfacet
  facet normal 0 -0.3826834323626298 -0.9238795325123057
    outer loop
      vertex 41.5 2.8022699524986976 18.667196732417896
      vertex 48.5 2.8022699524986976 18.667196732417896
      vertex 41.5 2.801545084971875 18.667496982378427
    endloop
  endfacet
  facet normal 0 -0.23344536385785933 -0.9723699203972075
    outer loop
      vertex 41.5 2.801545084971875 18.667496982378427
      vertex 48.5 2.801545084971875 18.667496982378427
      vertex 41.5 2.800782172325201 18.66768014149993
    endloop
  endfacet
  facet normal 0 -0.07845909572663674 -0.9969173337332231
    outer loop
      vertex 41.5 2.800782172325201 18.66768014149993
      vertex 48.5 2.800782172325201 18.66768014149993
      vertex 41.5 2.8 18.667741699796952
    endloop
  endfacet
  facet normal 0 0.6494480483302904 -0.7604059655999399
    outer loop
      vertex 41.50353553390593 2.7964644660940667 18.666277233702885
      vertex 41.502938926261464 2.7970610737385373 18.666786784768828
      vertex 48.49646446609407 2.7964644660940667 18.666277233702885
    endloop
  endfacet
  facet normal -5.936337392450597e-22 0.07845909572663673 -0.9969173337332231
    outer loop
      vertex 41.5 2.8 18.667741699796952
      vertex 48.4992178276748 2.7992178276747985 18.66768014149993
      vertex 41.5007821723252 2.7992178276747985 18.66768014149993
    endloop
  endfacet
  facet normal 0 0.23344536385785933 -0.9723699203972074
    outer loop
      vertex 41.50154508497187 2.798454915028125 18.667496982378427
      vertex 41.5007821723252 2.7992178276747985 18.66768014149993
      vertex 48.49845491502813 2.798454915028125 18.667496982378427
    endloop
  endfacet
  facet normal -2.190766188818632e-21 0.38268343236262975 -0.9238795325123057
    outer loop
      vertex 41.50154508497187 2.798454915028125 18.667496982378427
      vertex 48.4977300475013 2.797730047501302 18.667196732417896
      vertex 41.5022699524987 2.797730047501302 18.667196732417896
    endloop
  endfacet
  facet normal -2.7423282158278186e-21 0.5224985647166979 -0.8526401643536331
    outer loop
      vertex 41.5022699524987 2.797730047501302 18.667196732417896
      vertex 48.497061073738536 2.7970610737385373 18.666786784768828
      vertex 41.502938926261464 2.7970610737385373 18.666786784768828
    endloop
  endfacet
  facet normal -2.0811488467898385e-21 -0.6494480483302902 -0.7604059655999398
    outer loop
      vertex 41.5 2.8029389262614623 18.666786784768828
      vertex 41.5 2.803535533905933 18.666277233702885
      vertex 48.5 2.803535533905933 18.666277233702885
    endloop
  endfacet
  facet normal 1 0 0
    outer loop
      vertex 41.5 3.6889123728313633 17.730351379684073
      vertex 41.5 4.110653735446613 17.308610017068826
      vertex 41.5 4.094427190999916 17.340456403667957
    endloop
  endfacet
  facet normal 1 0 0
    outer loop
      vertex 41.5 3.6889123728313633 17.730351379684073
      vertex 41.5 4.094427190999916 17.340456403667957
      vertex 41.5 2.8029389262614623 18.666786784768828
    endloop
  endfacet
  facet normal 1 0 0
    outer loop
      vertex 41.5 3.112144515225805 17.96925644864517
      vertex 41.5 3.6889123728313633 17.730351379684073
      vertex 41.5 2.800782172325201 18.66768014149993
    endloop
  endfacet
  facet normal 1 0 0
    outer loop
      vertex 41.5 4.094427190999916 17.340456403667957
      vertex 41.5 2.803535533905933 18.666277233702885
      vertex 41.5 2.8029389262614623 18.666786784768828
    endloop
  endfacet
  facet normal 1 0 0
    outer loop
      vertex 41.5 3.6889123728313633 17.730351379684073
      vertex 41.5 2.801545084971875 18.667496982378427
      vertex 41.5 2.800782172325201 18.66768014149993
    endloop
  endfacet
  facet normal 1 0 0
    outer loop
      vertex 41.5 3.6889123728313633 17.730351379684073
      vertex 41.5 2.8022699524986976 18.667196732417896
      vertex 41.5 2.801545084971875 18.667496982378427
    endloop
  endfacet
  facet normal 1 0 0
    outer loop
      vertex 41.5 3.6889123728313633 17.730351379684073
      vertex 41.5 2.8029389262614623 18.666786784768828
      vertex 41.5 2.8022699524986976 18.667196732417896
    endloop
  endfacet
  facet normal 1.183666310820385e-16 -0.8910065241883696 -0.4539904997395434
    outer loop
      vertex 41.5 4.172337719210172 17.187548382513054
      vertex 48.5 4.321690426072245 16.894427190999917
      vertex 41.548570098132444 4.120690186480686 17.288912372831366
    endloop
  endfacet
  facet normal 2.0874471967013802e-15 -0.8910065241883838 -0.45399049973951583
    outer loop
      vertex 41.5 4.110653735446613 17.308610017068826
      vertex 41.548570098132444 4.120690186480686 17.288912372831366
      vertex 48.5 4.321690426072245 16.894427190999917
    endloop
  endfacet
  facet normal -2.631912128062603e-15 -0.8910065241883514 -0.45399049973957917
    outer loop
      vertex 41.5 4.110653735446613 17.308610017068826
      vertex 48.5 4.321690426072245 16.894427190999917
      vertex 41.5 4.094427190999916 17.340456403667957
    endloop
  endfacet
  facet normal 0 -0.7164817630093366 -0.6976058222771888
    outer loop
      vertex 41.5 4.094427190999916 17.340456403667957
      vertex 48.5 4.094427190999916 17.340456403667957
      vertex 41.5 2.803535533905933 18.666277233702885
    endloop
  endfacet
  facet normal 3.493503319584659e-16 0.15643446504023503 0.987688340595137
    outer loop
      vertex 41.5 2.8 14.8
      vertex 48.005572809000085 2.3055728090000835 14.878309573927755
      vertex 48.269418624868166 2.569418624868166 14.836520502049517
    endloop
  endfacet
  facet normal -1.0649462480274716e-15 0.1564344650401945 0.9876883405951435
    outer loop
      vertex 41.5 2.8 14.8
      vertex 48.269418624868166 2.569418624868166 14.836520502049517
      vertex 48.261498686455596 2.6058928560669434 14.830743551354832
    endloop
  endfacet
  facet normal 7.320120338116111e-18 0.1564344650402312 0.9876883405951377
    outer loop
      vertex 41.5 2.8 14.8
      vertex 48.261498686455596 2.6058928560669434 14.830743551354832
      vertex 48.30589285606695 2.6058928560669434 14.830743551354832
    endloop
  endfacet
  facet normal 0 0.1564344650402307 0.9876883405951378
    outer loop
      vertex 41.5 2.8 14.8
      vertex 48.30589285606695 2.6058928560669434 14.830743551354832
      vertex 48.5 2.8 14.8
    endloop
  endfacet
  facet normal 0 0.7071067811865485 0.7071067811865467
    outer loop
      vertex 42.79442719099992 1.5055728090000837 15.459543596332043
      vertex 47.20557280900008 1.5055728090000837 15.459543596332043
      vertex 47.55954359633204 1.8595435963320428 15.105572809000083
    endloop
  endfacet
  facet normal 0 0.453990499739545 0.8910065241883688
    outer loop
      vertex 42.44045640366796 1.8595435963320428 15.105572809000083
      vertex 47.55954359633204 1.8595435963320428 15.105572809000083
      vertex 48.005572809000085 2.3055728090000835 14.878309573927755
    endloop
  endfacet
  facet normal 0 -0.1564344650402307 0.9876883405951378
    outer loop
      vertex 48.261498686455596 2.994107143933056 14.830743551354832
      vertex 48.5 2.8 14.8
      vertex 48.5 2.994107143933056 14.830743551354832
    endloop
  endfacet
  facet normal -1 0 0
    outer loop
      vertex 48.5 2.8 14.8
      vertex 48.5 2.8 14.830743551354832
      vertex 48.5 2.994107143933056 14.830743551354832
    endloop
  endfacet
  facet normal 0 0.8910065241883681 0.45399049973954636
    outer loop
      vertex 43.02169042607225 1.2783095739277544 15.905572809000084
      vertex 46.97830957392775 1.2783095739277544 15.905572809000084
      vertex 47.20557280900008 1.5055728090000837 15.459543596332043
    endloop
  endfacet
  facet normal 0 0.9876883405951378 0.15643446504023087
    outer loop
      vertex 43.1 1.1999999999999997 16.400000000000002
      vertex 46.9 1.1999999999999997 16.400000000000002
      vertex 46.97830957392775 1.2783095739277544 15.905572809000084
    endloop
  endfacet
  facet normal 0 0.9876883405951375 -0.15643446504023195
    outer loop
      vertex 43.02169042607225 1.2783095739277544 16.894427190999917
      vertex 46.97830957392775 1.2783095739277544 16.894427190999917
      vertex 46.9 1.1999999999999997 16.400000000000002
    endloop
  endfacet
  facet normal 1.6081124149203603e-15 -0.1564344650401951 0.9876883405951435
    outer loop
      vertex 41.5 3.294427190999916 14.878309573927755
      vertex 48.261498686455596 2.994107143933056 14.830743551354832
      vertex 48.269418624868166 3.030581375131834 14.836520502049517
    endloop
  endfacet
  facet normal -6.9152018368328555e-16 -0.1564344650402527 0.9876883405951343
    outer loop
      vertex 41.5 3.294427190999916 14.878309573927755
      vertex 48.269418624868166 3.030581375131834 14.836520502049517
      vertex 48.35921663026712 3.139881120565698 14.853831881057676
    endloop
  endfacet
  facet normal -1.2499584017190459e-17 -0.1564344650402307 0.9876883405951378
    outer loop
      vertex 41.5 3.294427190999916 14.878309573927755
      vertex 48.5 2.8 14.8
      vertex 48.261498686455596 2.994107143933056 14.830743551354832
    endloop
  endfacet
  facet normal 5.967478786346495e-16 -0.15643446504019687 0.9876883405951431
    outer loop
      vertex 41.5 3.294427190999916 14.878309573927755
      vertex 48.35921663026712 3.139881120565698 14.853831881057676
      vertex 48.5 3.1852217428685314 14.861013130145075
    endloop
  endfacet
  facet normal 0 -0.15643446504023423 0.9876883405951373
    outer loop
      vertex 41.5 3.294427190999916 14.878309573927755
      vertex 48.5 3.1852217428685314 14.861013130145075
      vertex 48.5 3.294427190999916 14.878309573927755
    endloop
  endfacet
  facet normal 3.909983518668175e-17 -0.4539904997395445 0.8910065241883691
    outer loop
      vertex 41.5 3.740456403667957 15.105572809000083
      vertex 48.5 3.294427190999916 14.878309573927755
      vertex 48.5 3.5875483825130576 15.02766228078983
    endloop
  endfacet
  facet normal -5.36201820003447e-17 -0.4539904997395479 0.8910065241883673
    outer loop
      vertex 41.5 3.740456403667957 15.105572809000083
      vertex 48.5 3.5875483825130576 15.02766228078983
      vertex 48.404675815151855 3.6699512135546826 15.069648620315927
    endloop
  endfacet
  facet normal -4.567314826743232e-16 -0.45399049973957917 0.8910065241883514
    outer loop
      vertex 41.5 3.740456403667957 15.105572809000083
      vertex 48.404675815151855 3.6699512135546826 15.069648620315927
      vertex 48.5 3.708610017068822 15.089346264553388
    endloop
  endfacet
  facet normal 0 -0.4539904997394995 0.891006524188392
    outer loop
      vertex 41.5 3.740456403667957 15.105572809000083
      vertex 48.5 3.708610017068822 15.089346264553388
      vertex 48.5 3.740456403667957 15.105572809000083
    endloop
  endfacet
  facet normal 0 -0.7071067811865483 0.7071067811865466
    outer loop
      vertex 41.5 4.094427190999916 15.459543596332043
      vertex 48.5 3.740456403667957 15.105572809000083
      vertex 48.5 4.094427190999916 15.459543596332043
    endloop
  endfacet
  facet normal -5.782891113794367e-16 -0.8910065241883718 0.453990499739539
    outer loop
      vertex 41.5 4.321690426072245 15.905572809000084
      vertex 48.5 4.094427190999916 15.459543596332043
      vertex 48.5 4.110653735446613 15.491389982931178
    endloop
  endfacet
  facet normal -2.323397949470465e-15 -0.8910065241883841 0.45399049973951466
    outer loop
      vertex 41.5 4.321690426072245 15.905572809000084
      vertex 48.5 4.110653735446613 15.491389982931178
      vertex 48.451429901867556 4.120690186480686 15.511087627168639
    endloop
  endfacet
  facet normal -1 0 0
    outer loop
      vertex 48.5 3.1852217428685314 14.861013130145075
      vertex 48.5 3.5875483825130576 15.02766228078983
      vertex 48.5 3.294427190999916 14.878309573927755
    endloop
  endfacet
  facet normal -1 0 0
    outer loop
      vertex 48.5 3.708610017068822 15.089346264553388
      vertex 48.5 4.110653735446613 15.491389982931178
      vertex 48.5 3.740456403667957 15.105572809000083
    endloop
  endfacet
  facet normal -1 0 0
    outer loop
      vertex 48.5 3.740456403667957 15.105572809000083
      vertex 48.5 4.110653735446613 15.491389982931178
      vertex 48.5 4.094427190999916 15.459543596332043
    endloop
  endfacet
  facet normal 5.312837159974126e-16 -0.8910065241883633 0.4539904997395557
    outer loop
      vertex 41.5 4.321690426072245 15.905572809000084
      vertex 48.451429901867556 4.120690186480686 15.511087627168639
      vertex 48.5 4.172337719210172 15.612451617486947
    endloop
  endfacet
  facet normal 0 -0.8910065241883685 0.45399049973954564
    outer loop
      vertex 41.5 4.321690426072245 15.905572809000084
      vertex 48.5 4.172337719210172 15.612451617486947
      vertex 48.5 4.321690426072245 15.905572809000084
    endloop
  endfacet
  facet normal -1.7187937952180959e-16 -0.9876883405951383 0.15643446504022762
    outer loop
      vertex 41.5 4.3999999999999995 16.400000000000002
      vertex 48.5 4.321690426072245 15.905572809000084
      vertex 48.5 4.338986869854924 16.014778257131468
    endloop
  endfacet
  facet normal 4.0749669251669537e-16 -0.9876883405951365 0.15643446504023792
    outer loop
      vertex 41.5 4.3999999999999995 16.400000000000002
      vertex 48.5 4.338986869854924 16.014778257131468
      vertex 48.40601246551001 4.350561165655587 16.087855484774195
    endloop
  endfacet
  facet normal -1.182410040993414e-16 -0.9876883405951384 0.15643446504022654
    outer loop
      vertex 41.5 4.3999999999999995 16.400000000000002
      vertex 48.40601246551001 4.350561165655587 16.087855484774195
      vertex 48.5 4.369256448645168 16.205892856066946
    endloop
  endfacet
  facet normal 0 -0.9876883405951378 0.1564344650402307
    outer loop
      vertex 41.5 4.3999999999999995 16.400000000000002
      vertex 48.5 4.369256448645168 16.205892856066946
      vertex 48.5 4.3999999999999995 16.400000000000002
    endloop
  endfacet
  facet normal 2.7653197889409508e-17 -0.9876883405951378 -0.1564344650402307
    outer loop
      vertex 41.5 4.321690426072245 16.894427190999917
      vertex 48.5 4.3999999999999995 16.400000000000002
      vertex 48.5 4.369256448645168 16.59410714393306
    endloop
  endfacet
  facet normal 1.3835663153934395e-17 -0.9876883405951377 -0.15643446504023095
    outer loop
      vertex 41.5 4.321690426072245 16.894427190999917
      vertex 48.5 4.369256448645168 16.59410714393306
      vertex 48.40601246551001 4.350561165655587 16.712144515225805
    endloop
  endfacet
  facet normal -1.529389458260106e-16 -0.9876883405951367 -0.1564344650402372
    outer loop
      vertex 41.5 4.321690426072245 16.894427190999917
      vertex 48.40601246551001 4.350561165655587 16.712144515225805
      vertex 48.5 4.338986869854924 16.785221742868533
    endloop
  endfacet
  facet normal 0 -0.9876883405951383 -0.15643446504022762
    outer loop
      vertex 41.5 4.321690426072245 16.894427190999917
      vertex 48.5 4.338986869854924 16.785221742868533
      vertex 48.5 4.321690426072245 16.894427190999917
    endloop
  endfacet
  facet normal -1 0 0
    outer loop
      vertex 48.5 4.172337719210172 15.612451617486947
      vertex 48.5 4.338986869854924 16.014778257131468
      vertex 48.5 4.321690426072245 15.905572809000084
    endloop
  endfacet
  facet normal -1 0 0
    outer loop
      vertex 48.5 4.369256448645168 16.205892856066946
      vertex 48.5 4.369256448645168 16.59410714393306
      vertex 48.5 4.3999999999999995 16.400000000000002
    endloop
  endfacet
  facet normal -1 0 0
    outer loop
      vertex 48.5 4.338986869854924 16.785221742868533
      vertex 48.5 4.172337719210172 17.187548382513054
      vertex 48.5 4.321690426072245 16.894427190999917
    endloop
  endfacet
  facet normal 0 0.891006524188368 -0.45399049973954636
    outer loop
      vertex 42.79442719099992 1.5055728090000837 17.340456403667957
      vertex 47.20557280900008 1.5055728090000837 17.340456403667957
      vertex 46.97830957392775 1.2783095739277544 16.894427190999917
    endloop
  endfacet
  facet normal 0 0.7164817630093366 -0.6976058222771888
    outer loop
      vertex 41.50353553390593 2.7964644660940667 18.666277233702885
      vertex 48.49646446609407 2.7964644660940667 18.666277233702885
      vertex 47.20557280900008 1.5055728090000837 17.340456403667957
    endloop
  endfacet
  facet normal -1 0 0
    outer loop
      vertex 48.5 2.8 17.96925644864517
      vertex 48.5 2.800782172325201 18.66768014149993
      vertex 48.5 3.112144515225805 17.96925644864517
    endloop
  endfacet
  facet normal -1 0 0
    outer loop
      vertex 48.5 2.8 17.96925644864517
      vertex 48.5 2.8 18.667741699796952
      vertex 48.5 2.800782172325201 18.66768014149993
    endloop
  endfacet
  facet normal -1 0 0
    outer loop
      vertex 48.5 3.112144515225805 17.96925644864517
      vertex 48.5 2.800782172325201 18.66768014149993
      vertex 48.5 2.801545084971875 18.667496982378427
    endloop
  endfacet
  facet normal -1 0 0
    outer loop
      vertex 48.5 3.112144515225805 17.96925644864517
      vertex 48.5 2.801545084971875 18.667496982378427
      vertex 48.5 2.8022699524986976 18.667196732417896
    endloop
  endfacet
  facet normal -1 0 0
    outer loop
      vertex 48.5 3.112144515225805 17.96925644864517
      vertex 48.5 2.8022699524986976 18.667196732417896
      vertex 48.5 2.8029389262614623 18.666786784768828
    endloop
  endfacet
  facet normal 0 0.6494480483302902 -0.7604059655999398
    outer loop
      vertex 41.502938926261464 2.7970610737385373 18.666786784768828
      vertex 48.497061073738536 2.7970610737385373 18.666786784768828
      vertex 48.49646446609407 2.7964644660940667 18.666277233702885
    endloop
  endfacet
  facet normal 0 0.23344536385785933 -0.9723699203972075
    outer loop
      vertex 41.5007821723252 2.7992178276747985 18.66768014149993
      vertex 48.4992178276748 2.7992178276747985 18.66768014149993
      vertex 48.49845491502813 2.798454915028125 18.667496982378427
    endloop
  endfacet
  facet normal 0 0.38268343236262986 -0.9238795325123057
    outer loop
      vertex 41.50154508497187 2.798454915028125 18.667496982378427
      vertex 48.49845491502813 2.798454915028125 18.667496982378427
      vertex 48.4977300475013 2.797730047501302 18.667196732417896
    endloop
  endfacet
  facet normal 0 0.522498564716698 -0.8526401643536332
    outer loop
      vertex 41.5022699524987 2.797730047501302 18.667196732417896
      vertex 48.4977300475013 2.797730047501302 18.667196732417896
      vertex 48.497061073738536 2.7970610737385373 18.666786784768828
    endloop
  endfacet
  facet normal 0 0.07845909572663674 -0.9969173337332231
    outer loop
      vertex 41.5 2.8 18.667741699796952
      vertex 48.5 2.8 18.667741699796952
      vertex 48.4992178276748 2.7992178276747985 18.66768014149993
    endloop
  endfacet
  facet normal 0 -0.522498564716698 -0.8526401643536332
    outer loop
      vertex 41.5 2.8022699524986976 18.667196732417896
      vertex 48.5 2.8029389262614623 18.666786784768828
      vertex 48.5 2.8022699524986976 18.667196732417896
    endloop
  endfacet
  facet normal 0 -0.3826834323626298 -0.9238795325123057
    outer loop
      vertex 41.5 2.801545084971875 18.667496982378427
      vertex 48.5 2.8022699524986976 18.667196732417896
      vertex 48.5 2.801545084971875 18.667496982378427
    endloop
  endfacet
  facet normal 0 -0.23344536385785933 -0.9723699203972075
    outer loop
      vertex 41.5 2.800782172325201 18.66768014149993
      vertex 48.5 2.801545084971875 18.667496982378427
      vertex 48.5 2.800782172325201 18.66768014149993
    endloop
  endfacet
  facet normal 0 -0.07845909572663674 -0.9969173337332231
    outer loop
      vertex 41.5 2.8 18.667741699796952
      vertex 48.5 2.800782172325201 18.66768014149993
      vertex 48.5 2.8 18.667741699796952
    endloop
  endfacet
  facet normal 0 -0.6494480483302902 -0.7604059655999398
    outer loop
      vertex 41.5 2.8029389262614623 18.666786784768828
      vertex 48.5 2.803535533905933 18.666277233702885
      vertex 48.5 2.8029389262614623 18.666786784768828
    endloop
  endfacet
  facet normal 5.818897098173179e-17 -0.8910065241883685 -0.45399049973954564
    outer loop
      vertex 41.5 4.094427190999916 17.340456403667957
      vertex 48.5 4.321690426072245 16.894427190999917
      vertex 48.5 4.172337719210172 17.187548382513054
    endloop
  endfacet
  facet normal 1.2341658497614306e-16 -0.8910065241883696 -0.4539904997395433
    outer loop
      vertex 41.5 4.094427190999916 17.340456403667957
      vertex 48.5 4.172337719210172 17.187548382513054
      vertex 48.451429901867556 4.120690186480686 17.288912372831366
    endloop
  endfacet
  facet normal 3.36228275900784e-16 -0.8910065241883813 -0.45399049973952055
    outer loop
      vertex 41.5 4.094427190999916 17.340456403667957
      vertex 48.451429901867556 4.120690186480686 17.288912372831366
      vertex 48.5 4.110653735446613 17.308610017068826
    endloop
  endfacet
  facet normal 0 -0.8910065241883514 -0.45399049973957917
    outer loop
      vertex 41.5 4.094427190999916 17.340456403667957
      vertex 48.5 4.110653735446613 17.308610017068826
      vertex 48.5 4.094427190999916 17.340456403667957
    endloop
  endfacet
  facet normal 0 -0.7164817630093366 -0.6976058222771888
    outer loop
      vertex 41.5 2.803535533905933 18.666277233702885
      vertex 48.5 4.094427190999916 17.340456403667957
      vertex 48.5 2.803535533905933 18.666277233702885
    endloop
  endfacet
  facet normal -1 0 0
    outer loop
      vertex 48.5 3.6889123728313633 17.730351379684073
      vertex 48.5 4.094427190999916 17.340456403667957
      vertex 48.5 4.110653735446613 17.308610017068826
    endloop
  endfacet
  facet normal -1 0 0
    outer loop
      vertex 48.5 3.6889123728313633 17.730351379684073
      vertex 48.5 2.8029389262614623 18.666786784768828
      vertex 48.5 4.094427190999916 17.340456403667957
    endloop
  endfacet
  facet normal -1 0 0
    outer loop
      vertex 48.5 3.112144515225805 17.96925644864517
      vertex 48.5 2.8029389262614623 18.666786784768828
      vertex 48.5 3.6889123728313633 17.730351379684073
    endloop
  endfacet
  facet normal -1 0 0
    outer loop
      vertex 48.5 4.094427190999916 17.340456403667957
      vertex 48.5 2.8029389262614623 18.666786784768828
      vertex 48.5 2.803535533905933 18.666277233702885
    endloop
  endfacet
  facet normal 7.542599324093041e-16 0.15643446504023112 0.9876883405951378
    outer loop
      vertex 59.196140480037684 57.768595471793084 15.236650876688618
      vertex 58 58 15.200000000000003
      vertex 58 57.629179606750064 15.258732180445818
    endloop
  endfacet
  facet normal 0 -0.1564344650402311 0.9876883405951378
    outer loop
      vertex 59.21 58 15.200000000000003
      vertex 58 58.370820393249936 15.258732180445818
      vertex 58 58 15.200000000000003
    endloop
  endfacet
  facet normal 0 0.1564344650402374 0.9876883405951367
    outer loop
      vertex 59.215573856213 57.629179606750064 15.258732180445818
      vertex 59.196140480037684 57.768595471793084 15.236650876688618
      vertex 58 57.629179606750064 15.258732180445818
    endloop
  endfacet
  facet normal 8.397436076919216e-19 0.4539904997395287 0.8910065241883771
    outer loop
      vertex 59.19889096278012 57.54503112565547 15.301607973099813
      vertex 59.215573856213 57.629179606750064 15.258732180445818
      vertex 58 57.629179606750064 15.258732180445818
    endloop
  endfacet
  facet normal -6.273652257678638e-19 0.15643446504022732 0.9876883405951384
    outer loop
      vertex 59.196140480037684 57.768595471793084 15.236650876688618
      vertex 59.21 58 15.200000000000003
      vertex 58 58 15.200000000000003
    endloop
  endfacet
  facet normal 1.2209368726433177e-15 -0.1564344650402272 0.9876883405951384
    outer loop
      vertex 59.21 58 15.200000000000003
      vertex 59.196140480037684 58.231404528206916 15.236650876688618
      vertex 58 58.370820393249936 15.258732180445818
    endloop
  endfacet
  facet normal -3.361942645163941e-16 0.45399049973954014 0.8910065241883713
    outer loop
      vertex 59.20349879699981 57.3369275952422 15.40764201797501
      vertex 58 57.629179606750064 15.258732180445818
      vertex 58 57.29465769724903 15.429179606750065
    endloop
  endfacet
  facet normal -1.0498400861288973e-15 0.7071067811865521 0.7071067811865428
    outer loop
      vertex 59.195226008714165 57.16191865199955 15.561918651999548
      vertex 58 57.29465769724903 15.429179606750065
      vertex 58 57.02917960675006 15.694657697249035
    endloop
  endfacet
  facet normal 0 0.7071067811865569 0.707106781186538
    outer loop
      vertex 59.21371494870845 57.29465769724903 15.429179606750065
      vertex 58 57.29465769724903 15.429179606750065
      vertex 59.195226008714165 57.16191865199955 15.561918651999548
    endloop
  endfacet
  facet normal 1.5683036398961242e-15 0.4539904997395464 0.891006524188368
    outer loop
      vertex 59.20349879699981 57.3369275952422 15.40764201797501
      vertex 59.19889096278012 57.54503112565547 15.301607973099813
      vertex 58 57.629179606750064 15.258732180445818
    endloop
  endfacet
  facet normal 3.0615945823656453e-19 0.4539904997395326 0.8910065241883751
    outer loop
      vertex 59.20349879699981 57.3369275952422 15.40764201797501
      vertex 58 57.29465769724903 15.429179606750065
      vertex 59.21371494870845 57.29465769724903 15.429179606750065
    endloop
  endfacet
  facet normal 0 0.7071067811865475 0.7071067811865475
    outer loop
      vertex 59.21371494870845 57.02917960675006 15.694657697249035
      vertex 59.195226008714165 57.16191865199955 15.561918651999548
      vertex 58 57.02917960675006 15.694657697249035
    endloop
  endfacet
  facet normal 1.0015530775761036e-18 -0.1564344650402374 0.9876883405951367
    outer loop
      vertex 59.196140480037684 58.231404528206916 15.236650876688618
      vertex 59.215573856213 58.370820393249936 15.258732180445818
      vertex 58 58.370820393249936 15.258732180445818
    endloop
  endfacet
  facet normal 0 -0.4539904997395287 0.8910065241883771
    outer loop
      vertex 59.215573856213 58.370820393249936 15.258732180445818
      vertex 59.19889096278012 58.45496887434453 15.301607973099813
      vertex 58 58.370820393249936 15.258732180445818
    endloop
  endfacet
  facet normal 1.0148364679483183e-15 -0.4539904997395402 0.8910065241883713
    outer loop
      vertex 59.19889096278012 58.45496887434453 15.301607973099813
      vertex 58 58.70534230275097 15.429179606750065
      vertex 58 58.370820393249936 15.258732180445818
    endloop
  endfacet
  facet normal -1.052559793197032e-15 -0.7071067811865521 0.7071067811865428
    outer loop
      vertex 59.195226008714165 58.83808134800045 15.561918651999548
      vertex 58 58.97082039324994 15.694657697249035
      vertex 58 58.70534230275097 15.429179606750065
    endloop
  endfacet
  facet normal -6.125883767879544e-16 -0.4539904997395464 0.8910065241883681
    outer loop
      vertex 59.19889096278012 58.45496887434453 15.301607973099813
      vertex 59.20349879699981 58.6630724047578 15.40764201797501
      vertex 58 58.70534230275097 15.429179606750065
    endloop
  endfacet
  facet normal -3.0615945823656453e-19 -0.4539904997395326 0.8910065241883751
    outer loop
      vertex 59.20349879699981 58.6630724047578 15.40764201797501
      vertex 59.21371494870845 58.70534230275097 15.429179606750065
      vertex 58 58.70534230275097 15.429179606750065
    endloop
  endfacet
  facet normal 0 -0.7071067811865569 0.707106781186538
    outer loop
      vertex 59.21371494870845 58.70534230275097 15.429179606750065
      vertex 59.195226008714165 58.83808134800045 15.561918651999548
      vertex 58 58.70534230275097 15.429179606750065
    endloop
  endfacet
  facet normal 9.602063843819375e-19 -0.7071067811865475 0.7071067811865476
    outer loop
      vertex 59.195226008714165 58.83808134800045 15.561918651999548
      vertex 59.21371494870845 58.97082039324994 15.694657697249035
      vertex 58 58.97082039324994 15.694657697249035
    endloop
  endfacet
  facet normal -2.925115124066297e-15 0.8910065241883635 0.4539904997395553
    outer loop
      vertex 59.19889096278012 56.901607973099814 15.945031125655468
      vertex 58 57.02917960675006 15.694657697249035
      vertex 58 56.85873218044581 16.029179606750063
    endloop
  endfacet
  facet normal 0 0.8910065241883467 0.4539904997395884
    outer loop
      vertex 59.215573856213 56.85873218044581 16.029179606750063
      vertex 59.19889096278012 56.901607973099814 15.945031125655468
      vertex 58 56.85873218044581 16.029179606750063
    endloop
  endfacet
  facet normal 0 0.987688340595138 0.15643446504022962
    outer loop
      vertex 59.21 56.8 16.400000000000002
      vertex 58 56.85873218044581 16.029179606750063
      vertex 58 56.8 16.400000000000002
    endloop
  endfacet
  facet normal 0 0.9876883405951405 0.15643446504021283
    outer loop
      vertex 59.215573856213 56.85873218044581 16.029179606750063
      vertex 58 56.85873218044581 16.029179606750063
      vertex 59.196140480037684 56.836650876688616 16.168595471793083
    endloop
  endfacet
  facet normal -3.2348141370381616e-15 0.9876883405951362 0.1564344650402399
    outer loop
      vertex 59.196140480037684 56.836650876688616 16.168595471793083
      vertex 58 56.85873218044581 16.029179606750063
      vertex 59.21 56.8 16.400000000000002
    endloop
  endfacet
  facet normal -2.17777101571415e-15 0.9876883405951378 -0.1564344650402311
    outer loop
      vertex 59.196140480037684 56.836650876688616 16.631404528206918
      vertex 58 56.8 16.400000000000002
      vertex 58 56.85873218044581 16.770820393249938
    endloop
  endfacet
  facet normal 0 0.9876883405951359 -0.15643446504024205
    outer loop
      vertex 59.21 56.8 16.400000000000002
      vertex 58 56.8 16.400000000000002
      vertex 59.196140480037684 56.836650876688616 16.631404528206918
    endloop
  endfacet
  facet normal 7.620278980939422e-19 0.9876883405951405 -0.15643446504021283
    outer loop
      vertex 59.196140480037684 56.836650876688616 16.631404528206918
      vertex 58 56.85873218044581 16.770820393249938
      vertex 59.215573856213 56.85873218044581 16.770820393249938
    endloop
  endfacet
  facet normal 0 0.8910065241883467 -0.4539904997395884
    outer loop
      vertex 59.215573856213 56.85873218044581 16.770820393249938
      vertex 58 56.85873218044581 16.770820393249938
      vertex 59.19889096278012 56.901607973099814 16.854968874344532
    endloop
  endfacet
  facet normal -4.7912423459693875e-15 0.8910065241883743 -0.45399049973953415
    outer loop
      vertex 59.19889096278012 56.901607973099814 16.854968874344532
      vertex 58 56.85873218044581 16.770820393249938
      vertex 59.20349879699981 57.00764201797501 17.0630724047578
    endloop
  endfacet
  facet normal 0 0.8910065241883443 0.4539904997395932
    outer loop
      vertex 59.21371494870845 57.02917960675006 15.694657697249035
      vertex 58 57.02917960675006 15.694657697249035
      vertex 59.20349879699981 57.00764201797501 15.7369275952422
    endloop
  endfacet
  facet normal 2.6036115264342574e-15 0.8910065241883742 0.45399049973953437
    outer loop
      vertex 59.20349879699981 57.00764201797501 15.7369275952422
      vertex 58 57.02917960675006 15.694657697249035
      vertex 59.19889096278012 56.901607973099814 15.945031125655468
    endloop
  endfacet
  facet normal 1.6741042875849518e-15 -0.8910065241883636 0.45399049973955535
    outer loop
      vertex 59.20349879699981 58.99235798202499 15.7369275952422
      vertex 58 59.14126781955419 16.029179606750063
      vertex 58 58.97082039324994 15.694657697249035
    endloop
  endfacet
  facet normal 0 -0.8910065241883443 0.4539904997395932
    outer loop
      vertex 59.21371494870845 58.97082039324994 15.694657697249035
      vertex 59.20349879699981 58.99235798202499 15.7369275952422
      vertex 58 58.97082039324994 15.694657697249035
    endloop
  endfacet
  facet normal -4.79603641543904e-15 -0.8910065241883743 0.45399049973953426
    outer loop
      vertex 59.20349879699981 58.99235798202499 15.7369275952422
      vertex 59.19889096278012 59.098392026900186 15.945031125655468
      vertex 58 59.14126781955419 16.029179606750063
    endloop
  endfacet
  facet normal 1.7619885667748845e-18 -0.8910065241883467 0.45399049973958844
    outer loop
      vertex 59.19889096278012 59.098392026900186 15.945031125655468
      vertex 59.215573856213 59.14126781955419 16.029179606750063
      vertex 58 59.14126781955419 16.029179606750063
    endloop
  endfacet
  facet normal -2.0039441504103943e-15 -0.9876883405951379 0.15643446504022962
    outer loop
      vertex 59.196140480037684 59.163349123311384 16.168595471793083
      vertex 58 59.2 16.400000000000002
      vertex 58 59.14126781955419 16.029179606750063
    endloop
  endfacet
  facet normal 0 -0.9876883405951405 0.15643446504021283
    outer loop
      vertex 59.215573856213 59.14126781955419 16.029179606750063
      vertex 59.196140480037684 59.163349123311384 16.168595471793083
      vertex 58 59.14126781955419 16.029179606750063
    endloop
  endfacet
  facet normal 4.894954498572372e-19 -0.9876883405951363 0.15643446504023972
    outer loop
      vertex 59.196140480037684 59.163349123311384 16.168595471793083
      vertex 59.21 59.2 16.400000000000002
      vertex 58 59.2 16.400000000000002
    endloop
  endfacet
  facet normal 5.032731752917218e-16 0.8910065241883655 -0.4539904997395515
    outer loop
      vertex 59.20349879699981 57.00764201797501 17.0630724047578
      vertex 58 56.85873218044581 16.770820393249938
      vertex 58 57.02917960675006 17.10534230275097
    endloop
  endfacet
  facet normal 1.7642868155642435e-19 0.8910065241883596 -0.4539904997395629
    outer loop
      vertex 59.20349879699981 57.00764201797501 17.0630724047578
      vertex 58 57.02917960675006 17.10534230275097
      vertex 59.21371494870845 57.02917960675006 17.10534230275097
    endloop
  endfacet
  facet normal 0 -0.9876883405951378 -0.1564344650402311
    outer loop
      vertex 59.21 59.2 16.400000000000002
      vertex 58 59.14126781955419 16.770820393249938
      vertex 58 59.2 16.400000000000002
    endloop
  endfacet
  facet normal -3.514479120329153e-15 -0.9876883405951359 -0.15643446504024228
    outer loop
      vertex 59.21 59.2 16.400000000000002
      vertex 59.196140480037684 59.163349123311384 16.631404528206918
      vertex 58 59.14126781955419 16.770820393249938
    endloop
  endfacet
  facet normal -7.620278980939422e-19 -0.9876883405951405 -0.15643446504021283
    outer loop
      vertex 59.196140480037684 59.163349123311384 16.631404528206918
      vertex 59.215573856213 59.14126781955419 16.770820393249938
      vertex 58 59.14126781955419 16.770820393249938
    endloop
  endfacet
  facet normal -3.2604093996549627e-15 -0.8910065241883655 -0.45399049973955147
    outer loop
      vertex 59.19889096278012 59.098392026900186 16.854968874344532
      vertex 58 58.97082039324994 17.10534230275097
      vertex 58 59.14126781955419 16.770820393249938
    endloop
  endfacet
  facet normal -1.7619885667748845e-18 -0.8910065241883467 -0.4539904997395884
    outer loop
      vertex 59.19889096278012 59.098392026900186 16.854968874344532
      vertex 58 59.14126781955419 16.770820393249938
      vertex 59.215573856213 59.14126781955419 16.770820393249938
    endloop
  endfacet
  facet normal 1.2613570543030996e-15 -0.8910065241883742 -0.45399049973953426
    outer loop
      vertex 59.19889096278012 59.098392026900186 16.854968874344532
      vertex 59.20349879699981 58.99235798202499 17.0630724047578
      vertex 58 58.97082039324994 17.10534230275097
    endloop
  endfacet
  facet normal -1.7642868155642435e-19 -0.8910065241883596 -0.4539904997395629
    outer loop
      vertex 59.20349879699981 58.99235798202499 17.0630724047578
      vertex 59.21371494870845 58.97082039324994 17.10534230275097
      vertex 58 58.97082039324994 17.10534230275097
    endloop
  endfacet
  facet normal -3.154959672522961e-15 0.7071067811865521 -0.7071067811865428
    outer loop
      vertex 59.195226008714165 57.16191865199955 17.238081348000453
      vertex 58 57.02917960675006 17.10534230275097
      vertex 58 57.29465769724903 17.37082039324994
    endloop
  endfacet
  facet normal 0 0.707106781186538 -0.707106781186557
    outer loop
      vertex 59.21371494870845 57.02917960675006 17.10534230275097
      vertex 58 57.02917960675006 17.10534230275097
      vertex 59.195226008714165 57.16191865199955 17.238081348000453
    endloop
  endfacet
  facet normal 3.250966976965777e-18 0.7071067811865664 -0.7071067811865286
    outer loop
      vertex 59.195226008714165 57.16191865199955 17.238081348000453
      vertex 58 57.29465769724903 17.37082039324994
      vertex 59.21371494870845 57.29465769724903 17.37082039324994
    endloop
  endfacet
  facet normal 0 0.45399049973947314 -0.8910065241884053
    outer loop
      vertex 59.21371494870845 57.29465769724903 17.37082039324994
      vertex 58 57.29465769724903 17.37082039324994
      vertex 59.20349879699981 57.3369275952422 17.39235798202499
    endloop
  endfacet
  facet normal -3.237025565405275e-15 0.45399049973954636 -0.8910065241883681
    outer loop
      vertex 59.20349879699981 57.3369275952422 17.39235798202499
      vertex 58 57.29465769724903 17.37082039324994
      vertex 59.19889096278012 57.54503112565547 17.498392026900188
    endloop
  endfacet
  facet normal -1.624217685157936e-15 0.4539904997395402 -0.8910065241883713
    outer loop
      vertex 59.19889096278012 57.54503112565547 17.498392026900188
      vertex 58 57.29465769724903 17.37082039324994
      vertex 58 57.629179606750064 17.541267819554186
    endloop
  endfacet
  facet normal 0 0.1564344650402311 -0.9876883405951378
    outer loop
      vertex 59.21 58 17.6
      vertex 58 57.629179606750064 17.541267819554186
      vertex 58 58 17.6
    endloop
  endfacet
  facet normal 7.542599324093041e-16 -0.15643446504023112 -0.9876883405951378
    outer loop
      vertex 59.196140480037684 58.231404528206916 17.563349123311387
      vertex 58 58 17.6
      vertex 58 58.370820393249936 17.541267819554186
    endloop
  endfacet
  facet normal 4.611224795415037e-19 0.4539904997395585 -0.8910065241883618
    outer loop
      vertex 59.19889096278012 57.54503112565547 17.498392026900188
      vertex 58 57.629179606750064 17.541267819554186
      vertex 59.215573856213 57.629179606750064 17.541267819554186
    endloop
  endfacet
  facet normal 0 0.1564344650402374 -0.9876883405951367
    outer loop
      vertex 59.215573856213 57.629179606750064 17.541267819554186
      vertex 58 57.629179606750064 17.541267819554186
      vertex 59.196140480037684 57.768595471793084 17.563349123311387
    endloop
  endfacet
  facet normal 1.2202015381788676e-15 0.1564344650402272 -0.9876883405951382
    outer loop
      vertex 59.196140480037684 57.768595471793084 17.563349123311387
      vertex 58 57.629179606750064 17.541267819554186
      vertex 59.21 58 17.6
    endloop
  endfacet
  facet normal 0 -0.1564344650402273 -0.9876883405951384
    outer loop
      vertex 59.21 58 17.6
      vertex 58 58 17.6
      vertex 59.196140480037684 58.231404528206916 17.563349123311387
    endloop
  endfacet
  facet normal -3.15223996545477e-15 -0.7071067811865521 -0.7071067811865428
    outer loop
      vertex 59.195226008714165 58.83808134800045 17.238081348000453
      vertex 58 58.70534230275097 17.37082039324994
      vertex 58 58.97082039324994 17.10534230275097
    endloop
  endfacet
  facet normal -2.9661706397486158e-15 -0.45399049973954014 -0.8910065241883713
    outer loop
      vertex 59.20349879699981 58.6630724047578 17.39235798202499
      vertex 58 58.370820393249936 17.541267819554186
      vertex 58 58.70534230275097 17.37082039324994
    endloop
  endfacet
  facet normal -3.250966976965777e-18 -0.7071067811865663 -0.7071067811865286
    outer loop
      vertex 59.195226008714165 58.83808134800045 17.238081348000453
      vertex 59.21371494870845 58.70534230275097 17.37082039324994
      vertex 58 58.70534230275097 17.37082039324994
    endloop
  endfacet
  facet normal 0 -0.45399049973947314 -0.8910065241884053
    outer loop
      vertex 59.21371494870845 58.70534230275097 17.37082039324994
      vertex 59.20349879699981 58.6630724047578 17.39235798202499
      vertex 58 58.70534230275097 17.37082039324994
    endloop
  endfacet
  facet normal -2.105586680673842e-18 -0.707106781186538 -0.707106781186557
    outer loop
      vertex 59.195226008714165 58.83808134800045 17.238081348000453
      vertex 58 58.97082039324994 17.10534230275097
      vertex 59.21371494870845 58.97082039324994 17.10534230275097
    endloop
  endfacet
  facet normal -4.611224795415037e-19 -0.4539904997395585 -0.8910065241883618
    outer loop
      vertex 59.19889096278012 58.45496887434453 17.498392026900188
      vertex 59.215573856213 58.370820393249936 17.541267819554186
      vertex 58 58.370820393249936 17.541267819554186
    endloop
  endfacet
  facet normal -1.0788642928126232e-15 -0.4539904997395464 -0.891006524188368
    outer loop
      vertex 59.19889096278012 58.45496887434453 17.498392026900188
      vertex 58 58.370820393249936 17.541267819554186
      vertex 59.20349879699981 58.6630724047578 17.39235798202499
    endloop
  endfacet
  facet normal -1.0015530775761036e-18 -0.1564344650402374 -0.9876883405951367
    outer loop
      vertex 59.196140480037684 58.231404528206916 17.563349123311387
      vertex 58 58.370820393249936 17.541267819554186
      vertex 59.215573856213 58.370820393249936 17.541267819554186
    endloop
  endfacet
  facet normal 8.416031231974832e-16 0.15643446504023037 0.9876883405951378
    outer loop
      vertex 59.196140480037684 11.768595471793082 15.236650876688618
      vertex 58 12 15.200000000000003
      vertex 58 11.629179606750062 15.258732180445818
    endloop
  endfacet
  facet normal 8.397436076919216e-19 0.4539904997395287 0.8910065241883771
    outer loop
      vertex 59.19889096278012 11.545031125655468 15.301607973099813
      vertex 59.215573856213 11.629179606750062 15.258732180445818
      vertex 58 11.629179606750062 15.258732180445818
    endloop
  endfacet
  facet normal 2.2456019003949554e-18 0.1564344650402261 0.9876883405951385
    outer loop
      vertex 59.196140480037684 11.768595471793082 15.236650876688618
      vertex 59.21 12 15.200000000000003
      vertex 58 12 15.200000000000003
    endloop
  endfacet
  facet normal 0 0.1564344650402374 0.9876883405951367
    outer loop
      vertex 59.215573856213 11.629179606750062 15.258732180445818
      vertex 59.196140480037684 11.768595471793082 15.236650876688618
      vertex 58 11.629179606750062 15.258732180445818
    endloop
  endfacet
  facet normal 1.0522690186536687e-15 0.7071067811865476 0.7071067811865476
    outer loop
      vertex 59.195226008714165 11.161918651999548 15.561918651999548
      vertex 58 11.294657697249033 15.429179606750065
      vertex 58 11.029179606750063 15.694657697249035
    endloop
  endfacet
  facet normal 1.4202404445996591e-15 0.4539904997395459 0.8910065241883683
    outer loop
      vertex 59.20349879699981 11.3369275952422 15.40764201797501
      vertex 58 11.629179606750062 15.258732180445818
      vertex 58 11.294657697249033 15.429179606750065
    endloop
  endfacet
  facet normal -2.6782768288475045e-18 0.7071067811865428 0.7071067811865522
    outer loop
      vertex 59.195226008714165 11.161918651999548 15.561918651999548
      vertex 59.21371494870845 11.294657697249033 15.429179606750065
      vertex 58 11.294657697249033 15.429179606750065
    endloop
  endfacet
  facet normal -1.5328965325278859e-18 0.7071067811865523 0.7071067811865428
    outer loop
      vertex 59.195226008714165 11.161918651999548 15.561918651999548
      vertex 58 11.029179606750063 15.694657697249035
      vertex 59.21371494870845 11.029179606750063 15.694657697249035
    endloop
  endfacet
  facet normal 1.5683036398961242e-15 0.4539904997395464 0.891006524188368
    outer loop
      vertex 59.20349879699981 11.3369275952422 15.40764201797501
      vertex 59.19889096278012 11.545031125655468 15.301607973099813
      vertex 58 11.629179606750062 15.258732180445818
    endloop
  endfacet
  facet normal -4.1772275145294294e-19 0.45399049973957806 0.891006524188352
    outer loop
      vertex 59.20349879699981 11.3369275952422 15.40764201797501
      vertex 58 11.294657697249033 15.429179606750065
      vertex 59.21371494870845 11.294657697249033 15.429179606750065
    endloop
  endfacet
  facet normal 0 -0.15643446504023034 0.9876883405951378
    outer loop
      vertex 59.21 12 15.200000000000003
      vertex 58 12.370820393249938 15.258732180445818
      vertex 58 12 15.200000000000003
    endloop
  endfacet
  facet normal 1.3589595671140157e-15 -0.15643446504022604 0.9876883405951385
    outer loop
      vertex 59.21 12 15.200000000000003
      vertex 59.196140480037684 12.231404528206918 15.236650876688618
      vertex 58 12.370820393249938 15.258732180445818
    endloop
  endfacet
  facet normal 1.0015530775761036e-18 -0.1564344650402374 0.9876883405951367
    outer loop
      vertex 59.196140480037684 12.231404528206918 15.236650876688618
      vertex 59.215573856213 12.370820393249938 15.258732180445818
      vertex 58 12.370820393249938 15.258732180445818
    endloop
  endfacet
  facet normal 0 -0.4539904997395287 0.8910065241883771
    outer loop
      vertex 59.215573856213 12.370820393249938 15.258732180445818
      vertex 59.19889096278012 12.454968874344532 15.301607973099813
      vertex 58 12.370820393249938 15.258732180445818
    endloop
  endfacet
  facet normal 1.5224582619596824e-15 -0.45399049973954586 0.8910065241883683
    outer loop
      vertex 59.19889096278012 12.454968874344532 15.301607973099813
      vertex 58 12.705342302750967 15.429179606750065
      vertex 58 12.370820393249938 15.258732180445818
    endloop
  endfacet
  facet normal 1.0501308606722328e-15 -0.7071067811865476 0.7071067811865476
    outer loop
      vertex 59.195226008714165 12.838081348000452 15.561918651999548
      vertex 58 12.970820393249937 15.694657697249035
      vertex 58 12.705342302750967 15.429179606750065
    endloop
  endfacet
  facet normal 1.3977354455900797e-15 -0.4539904997395464 0.8910065241883681
    outer loop
      vertex 59.19889096278012 12.454968874344532 15.301607973099813
      vertex 59.20349879699981 12.6630724047578 15.40764201797501
      vertex 58 12.705342302750967 15.429179606750065
    endloop
  endfacet
  facet normal 4.1772275145294294e-19 -0.45399049973957806 0.891006524188352
    outer loop
      vertex 59.20349879699981 12.6630724047578 15.40764201797501
      vertex 59.21371494870845 12.705342302750967 15.429179606750065
      vertex 58 12.705342302750967 15.429179606750065
    endloop
  endfacet
  facet normal 0 -0.7071067811865427 0.7071067811865522
    outer loop
      vertex 59.21371494870845 12.705342302750967 15.429179606750065
      vertex 59.195226008714165 12.838081348000452 15.561918651999548
      vertex 58 12.705342302750967 15.429179606750065
    endloop
  endfacet
  facet normal 1.532896532527886e-18 -0.7071067811865523 0.7071067811865428
    outer loop
      vertex 59.195226008714165 12.838081348000452 15.561918651999548
      vertex 59.21371494870845 12.970820393249937 15.694657697249035
      vertex 58 12.970820393249937 15.694657697249035
    endloop
  endfacet
  facet normal 3.745198680032101e-16 0.8910065241883673 0.45399049973954786
    outer loop
      vertex 59.19889096278012 10.901607973099813 15.945031125655468
      vertex 58 11.029179606750063 15.694657697249035
      vertex 58 10.858732180445816 16.029179606750063
    endloop
  endfacet
  facet normal 7.560991737363146e-16 0.8910065241883681 0.4539904997395464
    outer loop
      vertex 59.20349879699981 11.00764201797501 15.7369275952422
      vertex 58 11.029179606750063 15.694657697249035
      vertex 59.19889096278012 10.901607973099813 15.945031125655468
    endloop
  endfacet
  facet normal 0 0.8910065241883594 0.45399049973956346
    outer loop
      vertex 59.21371494870845 11.029179606750063 15.694657697249035
      vertex 58 11.029179606750063 15.694657697249035
      vertex 59.20349879699981 11.00764201797501 15.7369275952422
    endloop
  endfacet
  facet normal 0 0.8910065241883695 0.45399049973954364
    outer loop
      vertex 59.215573856213 10.858732180445816 16.029179606750063
      vertex 59.19889096278012 10.901607973099813 15.945031125655468
      vertex 58 10.858732180445816 16.029179606750063
    endloop
  endfacet
  facet normal 0 0.987688340595138 0.15643446504022962
    outer loop
      vertex 59.21 10.8 16.400000000000002
      vertex 58 10.858732180445816 16.029179606750063
      vertex 58 10.8 16.400000000000002
    endloop
  endfacet
  facet normal 0 0.9876883405951367 0.1564344650402374
    outer loop
      vertex 59.215573856213 10.858732180445816 16.029179606750063
      vertex 58 10.858732180445816 16.029179606750063
      vertex 59.196140480037684 10.836650876688616 16.168595471793083
    endloop
  endfacet
  facet normal 1.4990797417718364e-15 0.9876883405951387 0.15643446504022482
    outer loop
      vertex 59.196140480037684 10.836650876688616 16.168595471793083
      vertex 58 10.858732180445816 16.029179606750063
      vertex 59.21 10.8 16.400000000000002
    endloop
  endfacet
  facet normal 6.904408650481136e-16 -0.8910065241883672 0.45399049973954775
    outer loop
      vertex 59.20349879699981 12.99235798202499 15.7369275952422
      vertex 58 13.141267819554184 16.029179606750063
      vertex 58 12.970820393249937 15.694657697249035
    endloop
  endfacet
  facet normal 0 -0.8910065241883594 0.45399049973956346
    outer loop
      vertex 59.21371494870845 12.970820393249937 15.694657697249035
      vertex 59.20349879699981 12.99235798202499 15.7369275952422
      vertex 58 12.970820393249937 15.694657697249035
    endloop
  endfacet
  facet normal 2.4555925736366894e-16 -0.891006524188368 0.4539904997395463
    outer loop
      vertex 59.20349879699981 12.99235798202499 15.7369275952422
      vertex 59.19889096278012 13.098392026900187 15.945031125655468
      vertex 58 13.141267819554184 16.029179606750063
    endloop
  endfacet
  facet normal 1.6995222573660657e-18 -0.8910065241883695 0.45399049973954364
    outer loop
      vertex 59.19889096278012 13.098392026900187 15.945031125655468
      vertex 59.215573856213 13.141267819554184 16.029179606750063
      vertex 58 13.141267819554184 16.029179606750063
    endloop
  endfacet
  facet normal 9.299585703931084e-16 -0.9876883405951379 0.15643446504022962
    outer loop
      vertex 59.196140480037684 13.163349123311384 16.168595471793083
      vertex 58 13.2 16.400000000000002
      vertex 58 13.141267819554184 16.029179606750063
    endloop
  endfacet
  facet normal 0 -0.9876883405951367 0.1564344650402374
    outer loop
      vertex 59.215573856213 13.141267819554184 16.029179606750063
      vertex 59.196140480037684 13.163349123311384 16.168595471793083
      vertex 58 13.141267819554184 16.029179606750063
    endloop
  endfacet
  facet normal 1.0006071829851067e-18 -0.9876883405951387 0.15643446504022493
    outer loop
      vertex 59.196140480037684 13.163349123311384 16.168595471793083
      vertex 59.21 13.2 16.400000000000002
      vertex 58 13.2 16.400000000000002
    endloop
  endfacet
  facet normal 7.561317050893806e-16 0.9876883405951378 -0.1564344650402311
    outer loop
      vertex 59.196140480037684 10.836650876688616 16.631404528206918
      vertex 58 10.8 16.400000000000002
      vertex 58 10.858732180445816 16.770820393249938
    endloop
  endfacet
  facet normal 0 0.9876883405951384 -0.1564344650402273
    outer loop
      vertex 59.21 10.8 16.400000000000002
      vertex 58 10.8 16.400000000000002
      vertex 59.196140480037684 10.836650876688616 16.631404528206918
    endloop
  endfacet
  facet normal 1.0015530775761036e-18 0.9876883405951367 -0.1564344650402374
    outer loop
      vertex 59.196140480037684 10.836650876688616 16.631404528206918
      vertex 58 10.858732180445816 16.770820393249938
      vertex 59.215573856213 10.858732180445816 16.770820393249938
    endloop
  endfacet
  facet normal -4.803902472450991e-16 0.8910065241883692 -0.453990499739544
    outer loop
      vertex 59.20349879699981 11.00764201797501 17.0630724047578
      vertex 58 10.858732180445816 16.770820393249938
      vertex 58 11.029179606750063 17.10534230275097
    endloop
  endfacet
  facet normal 0 0.8910065241883695 -0.45399049973954364
    outer loop
      vertex 59.215573856213 10.858732180445816 16.770820393249938
      vertex 58 10.858732180445816 16.770820393249938
      vertex 59.19889096278012 10.901607973099813 16.854968874344532
    endloop
  endfacet
  facet normal 2.42671329938476e-16 0.8910065241883681 -0.4539904997395463
    outer loop
      vertex 59.19889096278012 10.901607973099813 16.854968874344532
      vertex 58 10.858732180445816 16.770820393249938
      vertex 59.20349879699981 11.00764201797501 17.0630724047578
    endloop
  endfacet
  facet normal -8.592208940515612e-19 0.8910065241883748 -0.45399049973953315
    outer loop
      vertex 59.20349879699981 11.00764201797501 17.0630724047578
      vertex 58 11.029179606750063 17.10534230275097
      vertex 59.21371494870845 11.029179606750063 17.10534230275097
    endloop
  endfacet
  facet normal 0 -0.9876883405951378 -0.1564344650402311
    outer loop
      vertex 59.21 13.2 16.400000000000002
      vertex 58 13.141267819554184 16.770820393249938
      vertex 58 13.2 16.400000000000002
    endloop
  endfacet
  facet normal 1.2195624423440223e-15 -0.9876883405951382 -0.1564344650402272
    outer loop
      vertex 59.21 13.2 16.400000000000002
      vertex 59.196140480037684 13.163349123311384 16.631404528206918
      vertex 58 13.141267819554184 16.770820393249938
    endloop
  endfacet
  facet normal -1.0015530775761036e-18 -0.9876883405951367 -0.1564344650402374
    outer loop
      vertex 59.196140480037684 13.163349123311384 16.631404528206918
      vertex 59.215573856213 13.141267819554184 16.770820393249938
      vertex 58 13.141267819554184 16.770820393249938
    endloop
  endfacet
  facet normal 3.537163522384007e-17 -0.8910065241883692 -0.453990499739544
    outer loop
      vertex 59.19889096278012 13.098392026900187 16.854968874344532
      vertex 58 12.970820393249937 17.10534230275097
      vertex 58 13.141267819554184 16.770820393249938
    endloop
  endfacet
  facet normal 0 -0.8910065241883695 -0.45399049973954364
    outer loop
      vertex 59.215573856213 13.141267819554184 16.770820393249938
      vertex 59.19889096278012 13.098392026900187 16.854968874344532
      vertex 58 13.141267819554184 16.770820393249938
    endloop
  endfacet
  facet normal -5.810170478088988e-16 -0.8910065241883681 -0.4539904997395464
    outer loop
      vertex 59.19889096278012 13.098392026900187 16.854968874344532
      vertex 59.20349879699981 12.99235798202499 17.0630724047578
      vertex 58 12.970820393249937 17.10534230275097
    endloop
  endfacet
  facet normal 8.592208940515612e-19 -0.8910065241883748 -0.4539904997395332
    outer loop
      vertex 59.20349879699981 12.99235798202499 17.0630724047578
      vertex 59.21371494870845 12.970820393249937 17.10534230275097
      vertex 58 12.970820393249937 17.10534230275097
    endloop
  endfacet
  facet normal -1.0522690186536687e-15 0.7071067811865476 -0.7071067811865476
    outer loop
      vertex 59.195226008714165 11.161918651999548 17.238081348000453
      vertex 58 11.029179606750063 17.10534230275097
      vertex 58 11.294657697249033 17.37082039324994
    endloop
  endfacet
  facet normal 0 0.7071067811865427 -0.7071067811865522
    outer loop
      vertex 59.21371494870845 11.029179606750063 17.10534230275097
      vertex 58 11.029179606750063 17.10534230275097
      vertex 59.195226008714165 11.161918651999548 17.238081348000453
    endloop
  endfacet
  facet normal 1.5328965325278859e-18 0.7071067811865523 -0.7071067811865428
    outer loop
      vertex 59.195226008714165 11.161918651999548 17.238081348000453
      vertex 58 11.294657697249033 17.37082039324994
      vertex 59.21371494870845 11.294657697249033 17.37082039324994
    endloop
  endfacet
  facet normal 0 0.4539904997395186 -0.8910065241883822
    outer loop
      vertex 59.21371494870845 11.294657697249033 17.37082039324994
      vertex 58 11.294657697249033 17.37082039324994
      vertex 59.20349879699981 11.3369275952422 17.39235798202499
    endloop
  endfacet
  facet normal -1.2283261225597928e-15 0.45399049973954636 -0.8910065241883681
    outer loop
      vertex 59.20349879699981 11.3369275952422 17.39235798202499
      vertex 58 11.294657697249033 17.37082039324994
      vertex 59.19889096278012 11.545031125655468 17.498392026900188
    endloop
  endfacet
  facet normal -1.1165958911465634e-15 0.45399049973954586 -0.8910065241883683
    outer loop
      vertex 59.19889096278012 11.545031125655468 17.498392026900188
      vertex 58 11.294657697249033 17.37082039324994
      vertex 58 11.629179606750062 17.541267819554186
    endloop
  endfacet
  facet normal 0 0.15643446504023034 -0.9876883405951378
    outer loop
      vertex 59.21 12 17.6
      vertex 58 11.629179606750062 17.541267819554186
      vertex 58 12 17.6
    endloop
  endfacet
  facet normal 4.611224795415037e-19 0.4539904997395585 -0.8910065241883618
    outer loop
      vertex 59.19889096278012 11.545031125655468 17.498392026900188
      vertex 58 11.629179606750062 17.541267819554186
      vertex 59.215573856213 11.629179606750062 17.541267819554186
    endloop
  endfacet
  facet normal 0 0.1564344650402374 -0.9876883405951367
    outer loop
      vertex 59.215573856213 11.629179606750062 17.541267819554186
      vertex 58 11.629179606750062 17.541267819554186
      vertex 59.196140480037684 11.768595471793082 17.563349123311387
    endloop
  endfacet
  facet normal 1.3604574003473123e-15 0.156434465040226 -0.9876883405951385
    outer loop
      vertex 59.196140480037684 11.768595471793082 17.563349123311387
      vertex 58 11.629179606750062 17.541267819554186
      vertex 59.21 12 17.6
    endloop
  endfacet
  facet normal -1.209735930632596e-15 -0.4539904997395459 -0.8910065241883683
    outer loop
      vertex 59.20349879699981 12.6630724047578 17.39235798202499
      vertex 58 12.370820393249938 17.541267819554186
      vertex 58 12.705342302750967 17.37082039324994
    endloop
  endfacet
  facet normal -1.0501308606722328e-15 -0.7071067811865476 -0.7071067811865476
    outer loop
      vertex 59.195226008714165 12.838081348000452 17.238081348000453
      vertex 58 12.705342302750967 17.37082039324994
      vertex 58 12.970820393249937 17.10534230275097
    endloop
  endfacet
  facet normal 0 -0.7071067811865427 -0.7071067811865522
    outer loop
      vertex 59.21371494870845 12.970820393249937 17.10534230275097
      vertex 59.195226008714165 12.838081348000452 17.238081348000453
      vertex 58 12.970820393249937 17.10534230275097
    endloop
  endfacet
  facet normal -1.532896532527886e-18 -0.7071067811865523 -0.7071067811865428
    outer loop
      vertex 59.195226008714165 12.838081348000452 17.238081348000453
      vertex 59.21371494870845 12.705342302750967 17.37082039324994
      vertex 58 12.705342302750967 17.37082039324994
    endloop
  endfacet
  facet normal -2.2939297483402153e-19 -0.4539904997395186 -0.8910065241883822
    outer loop
      vertex 59.20349879699981 12.6630724047578 17.39235798202499
      vertex 58 12.705342302750967 17.37082039324994
      vertex 59.21371494870845 12.705342302750967 17.37082039324994
    endloop
  endfacet
  facet normal 8.416031231974832e-16 -0.15643446504023037 -0.9876883405951378
    outer loop
      vertex 59.196140480037684 12.231404528206918 17.563349123311387
      vertex 58 12 17.6
      vertex 58 12.370820393249938 17.541267819554186
    endloop
  endfacet
  facet normal 0 -0.15643446504022612 -0.9876883405951385
    outer loop
      vertex 59.21 12 17.6
      vertex 58 12 17.6
      vertex 59.196140480037684 12.231404528206918 17.563349123311387
    endloop
  endfacet
  facet normal -4.611224795415037e-19 -0.4539904997395585 -0.8910065241883618
    outer loop
      vertex 59.19889096278012 12.454968874344532 17.498392026900188
      vertex 59.215573856213 12.370820393249938 17.541267819554186
      vertex 58 12.370820393249938 17.541267819554186
    endloop
  endfacet
  facet normal -1.0788642928126232e-15 -0.4539904997395464 -0.891006524188368
    outer loop
      vertex 59.19889096278012 12.454968874344532 17.498392026900188
      vertex 58 12.370820393249938 17.541267819554186
      vertex 59.20349879699981 12.6630724047578 17.39235798202499
    endloop
  endfacet
  facet normal -1.0015530775761036e-18 -0.1564344650402374 -0.9876883405951367
    outer loop
      vertex 59.196140480037684 12.231404528206918 17.563349123311387
      vertex 58 12.370820393249938 17.541267819554186
      vertex 59.215573856213 12.370820393249938 17.541267819554186
    endloop
  endfacet
  facet normal 0 0.1564344650402374 0.9876883405951367
    outer loop
      vertex -1.2155738562129967 57.629179606750064 15.258732180445818
      vertex 0 57.629179606750064 15.258732180445818
      vertex -1.1961404800376856 57.768595471793084 15.236650876688618
    endloop
  endfacet
  facet normal 8.397436076919225e-19 0.45399049973952865 0.8910065241883771
    outer loop
      vertex -1.1988909627801163 57.54503112565547 15.301607973099813
      vertex 0 57.629179606750064 15.258732180445818
      vertex -1.2155738562129967 57.629179606750064 15.258732180445818
    endloop
  endfacet
  facet normal -1.220201538178864e-15 0.15643446504022718 0.9876883405951383
    outer loop
      vertex -1.1961404800376856 57.768595471793084 15.236650876688618
      vertex 0 57.629179606750064 15.258732180445818
      vertex -1.2099999999999997 58 15.200000000000003
    endloop
  endfacet
  facet normal 0 -0.1564344650402273 0.9876883405951384
    outer loop
      vertex -1.2099999999999997 58 15.200000000000003
      vertex 0 58 15.200000000000003
      vertex -1.1961404800376856 58.231404528206916 15.236650876688618
    endloop
  endfacet
  facet normal 0 0.15643446504023104 0.9876883405951377
    outer loop
      vertex -1.2099999999999997 58 15.200000000000003
      vertex 0 57.629179606750064 15.258732180445818
      vertex 0 58 15.200000000000003
    endloop
  endfacet
  facet normal -7.5425993240930305e-16 -0.15643446504023106 0.9876883405951377
    outer loop
      vertex -1.1961404800376856 58.231404528206916 15.236650876688618
      vertex 0 58 15.200000000000003
      vertex 0 58.370820393249936 15.258732180445818
    endloop
  endfacet
  facet normal 0 0.707106781186557 0.707106781186538
    outer loop
      vertex -1.2137149487084524 57.29465769724903 15.429179606750065
      vertex -1.1952260087141648 57.16191865199955 15.561918651999548
      vertex 0 57.29465769724903 15.429179606750065
    endloop
  endfacet
  facet normal 6.100379938315227e-16 0.4539904997395464 0.8910065241883681
    outer loop
      vertex -1.203498796999813 57.3369275952422 15.40764201797501
      vertex 0 57.29465769724903 15.429179606750065
      vertex -1.1988909627801163 57.54503112565547 15.301607973099813
    endloop
  endfacet
  facet normal 3.061594582365639e-19 0.45399049973953254 0.891006524188375
    outer loop
      vertex -1.203498796999813 57.3369275952422 15.40764201797501
      vertex -1.2137149487084524 57.29465769724903 15.429179606750065
      vertex 0 57.29465769724903 15.429179606750065
    endloop
  endfacet
  facet normal 0 0.7071067811865475 0.7071067811865475
    outer loop
      vertex -1.2137149487084524 57.02917960675006 15.694657697249035
      vertex 0 57.02917960675006 15.694657697249035
      vertex -1.1952260087141648 57.16191865199955 15.561918651999548
    endloop
  endfacet
  facet normal -1.0148364679483209e-15 0.4539904997395402 0.8910065241883712
    outer loop
      vertex -1.1988909627801163 57.54503112565547 15.301607973099813
      vertex 0 57.29465769724903 15.429179606750065
      vertex 0 57.629179606750064 15.258732180445818
    endloop
  endfacet
  facet normal 1.0525597931970323e-15 0.7071067811865522 0.7071067811865429
    outer loop
      vertex -1.1952260087141648 57.16191865199955 15.561918651999548
      vertex 0 57.02917960675006 15.694657697249035
      vertex 0 57.29465769724903 15.429179606750065
    endloop
  endfacet
  facet normal 1.0015530775761049e-18 -0.1564344650402374 0.9876883405951367
    outer loop
      vertex -1.1961404800376856 58.231404528206916 15.236650876688618
      vertex 0 58.370820393249936 15.258732180445818
      vertex -1.2155738562129967 58.370820393249936 15.258732180445818
    endloop
  endfacet
  facet normal 0 -0.45399049973952865 0.8910065241883771
    outer loop
      vertex -1.2155738562129967 58.370820393249936 15.258732180445818
      vertex 0 58.370820393249936 15.258732180445818
      vertex -1.1988909627801163 58.45496887434453 15.301607973099813
    endloop
  endfacet
  facet normal -1.5643786078564048e-15 -0.4539904997395464 0.891006524188368
    outer loop
      vertex -1.1988909627801163 58.45496887434453 15.301607973099813
      vertex 0 58.370820393249936 15.258732180445818
      vertex -1.203498796999813 58.6630724047578 15.40764201797501
    endloop
  endfacet
  facet normal -3.061594582365639e-19 -0.45399049973953254 0.891006524188375
    outer loop
      vertex -1.203498796999813 58.6630724047578 15.40764201797501
      vertex 0 58.70534230275097 15.429179606750065
      vertex -1.2137149487084524 58.70534230275097 15.429179606750065
    endloop
  endfacet
  facet normal 0 -0.707106781186557 0.707106781186538
    outer loop
      vertex -1.2137149487084524 58.70534230275097 15.429179606750065
      vertex 0 58.70534230275097 15.429179606750065
      vertex -1.1952260087141648 58.83808134800045 15.561918651999548
    endloop
  endfacet
  facet normal 9.602063843819353e-19 -0.7071067811865475 0.7071067811865475
    outer loop
      vertex -1.1952260087141648 58.83808134800045 15.561918651999548
      vertex 0 58.97082039324994 15.694657697249035
      vertex -1.2137149487084524 58.97082039324994 15.694657697249035
    endloop
  endfacet
  facet normal 3.3619426451639323e-16 -0.45399049973954014 0.8910065241883712
    outer loop
      vertex -1.203498796999813 58.6630724047578 15.40764201797501
      vertex 0 58.370820393249936 15.258732180445818
      vertex 0 58.70534230275097 15.429179606750065
    endloop
  endfacet
  facet normal 1.049840086128898e-15 -0.7071067811865522 0.7071067811865429
    outer loop
      vertex -1.1952260087141648 58.83808134800045 15.561918651999548
      vertex 0 58.70534230275097 15.429179606750065
      vertex 0 58.97082039324994 15.694657697249035
    endloop
  endfacet
  facet normal 4.79603641543906e-15 0.8910065241883742 0.45399049973953415
    outer loop
      vertex -1.2034987969998128 57.00764201797501 15.7369275952422
      vertex -1.1988909627801163 56.901607973099814 15.945031125655468
      vertex 0 56.85873218044581 16.029179606750063
    endloop
  endfacet
  facet normal 0 0.8910065241883467 0.4539904997395884
    outer loop
      vertex -1.2155738562129967 56.85873218044581 16.029179606750063
      vertex 0 56.85873218044581 16.029179606750063
      vertex -1.1988909627801163 56.901607973099814 15.945031125655468
    endloop
  endfacet
  facet normal 0 0.9876883405951405 0.15643446504021283
    outer loop
      vertex -1.2155738562129967 56.85873218044581 16.029179606750063
      vertex -1.1961404800376856 56.836650876688616 16.168595471793083
      vertex 0 56.85873218044581 16.029179606750063
    endloop
  endfacet
  facet normal -4.894954498572377e-19 0.9876883405951363 0.1564344650402397
    outer loop
      vertex -1.1961404800376856 56.836650876688616 16.168595471793083
      vertex -1.2099999999999997 56.8 16.400000000000002
      vertex 0 56.8 16.400000000000002
    endloop
  endfacet
  facet normal 2.0039441504103915e-15 0.9876883405951379 0.1564344650402296
    outer loop
      vertex -1.1961404800376856 56.836650876688616 16.168595471793083
      vertex 0 56.8 16.400000000000002
      vertex 0 56.85873218044581 16.029179606750063
    endloop
  endfacet
  facet normal 3.514479120329143e-15 0.9876883405951359 -0.15643446504024225
    outer loop
      vertex -1.2099999999999997 56.8 16.400000000000002
      vertex -1.1961404800376856 56.836650876688616 16.631404528206918
      vertex 0 56.85873218044581 16.770820393249938
    endloop
  endfacet
  facet normal 7.620278980939432e-19 0.9876883405951405 -0.15643446504021283
    outer loop
      vertex -1.1961404800376856 56.836650876688616 16.631404528206918
      vertex -1.2155738562129967 56.85873218044581 16.770820393249938
      vertex 0 56.85873218044581 16.770820393249938
    endloop
  endfacet
  facet normal 0 0.9876883405951377 -0.15643446504023104
    outer loop
      vertex -1.2099999999999997 56.8 16.400000000000002
      vertex 0 56.85873218044581 16.770820393249938
      vertex 0 56.8 16.400000000000002
    endloop
  endfacet
  facet normal 0 0.8910065241883467 -0.4539904997395884
    outer loop
      vertex -1.2155738562129967 56.85873218044581 16.770820393249938
      vertex -1.1988909627801163 56.901607973099814 16.854968874344532
      vertex 0 56.85873218044581 16.770820393249938
    endloop
  endfacet
  facet normal 3.26040939965497e-15 0.8910065241883655 -0.45399049973955147
    outer loop
      vertex -1.1988909627801163 56.901607973099814 16.854968874344532
      vertex 0 57.02917960675006 17.10534230275097
      vertex 0 56.85873218044581 16.770820393249938
    endloop
  endfacet
  facet normal 0 0.8910065241883443 0.45399049973959316
    outer loop
      vertex -1.2137149487084524 57.02917960675006 15.694657697249035
      vertex -1.2034987969998128 57.00764201797501 15.7369275952422
      vertex 0 57.02917960675006 15.694657697249035
    endloop
  endfacet
  facet normal -1.6741042875849476e-15 0.8910065241883635 0.45399049973955535
    outer loop
      vertex -1.2034987969998128 57.00764201797501 15.7369275952422
      vertex 0 56.85873218044581 16.029179606750063
      vertex 0 57.02917960675006 15.694657697249035
    endloop
  endfacet
  facet normal 0 -0.8910065241883443 0.45399049973959316
    outer loop
      vertex -1.2137149487084524 58.97082039324994 15.694657697249035
      vertex 0 58.97082039324994 15.694657697249035
      vertex -1.2034987969998128 58.99235798202499 15.7369275952422
    endloop
  endfacet
  facet normal -2.6036115264342484e-15 -0.8910065241883742 0.4539904997395343
    outer loop
      vertex -1.2034987969998128 58.99235798202499 15.7369275952422
      vertex 0 58.97082039324994 15.694657697249035
      vertex -1.1988909627801163 59.098392026900186 15.945031125655468
    endloop
  endfacet
  facet normal 1.7619885667748868e-18 -0.8910065241883467 0.4539904997395884
    outer loop
      vertex -1.1988909627801163 59.098392026900186 15.945031125655468
      vertex 0 59.14126781955419 16.029179606750063
      vertex -1.2155738562129967 59.14126781955419 16.029179606750063
    endloop
  endfacet
  facet normal 2.9251151240663036e-15 -0.8910065241883635 0.45399049973955535
    outer loop
      vertex -1.1988909627801163 59.098392026900186 15.945031125655468
      vertex 0 58.97082039324994 15.694657697249035
      vertex 0 59.14126781955419 16.029179606750063
    endloop
  endfacet
  facet normal 0 -0.9876883405951405 0.15643446504021283
    outer loop
      vertex -1.2155738562129967 59.14126781955419 16.029179606750063
      vertex 0 59.14126781955419 16.029179606750063
      vertex -1.1961404800376856 59.163349123311384 16.168595471793083
    endloop
  endfacet
  facet normal 3.2348141370381533e-15 -0.9876883405951363 0.15643446504023992
    outer loop
      vertex -1.1961404800376856 59.163349123311384 16.168595471793083
      vertex 0 59.14126781955419 16.029179606750063
      vertex -1.2099999999999997 59.2 16.400000000000002
    endloop
  endfacet
  facet normal 0 -0.9876883405951379 0.1564344650402296
    outer loop
      vertex -1.2099999999999997 59.2 16.400000000000002
      vertex 0 59.14126781955419 16.029179606750063
      vertex 0 59.2 16.400000000000002
    endloop
  endfacet
  facet normal -1.2613570543030954e-15 0.8910065241883742 -0.4539904997395343
    outer loop
      vertex -1.1988909627801163 56.901607973099814 16.854968874344532
      vertex -1.2034987969998128 57.00764201797501 17.0630724047578
      vertex 0 57.02917960675006 17.10534230275097
    endloop
  endfacet
  facet normal 1.76428681556424e-19 0.8910065241883597 -0.4539904997395629
    outer loop
      vertex -1.2034987969998128 57.00764201797501 17.0630724047578
      vertex -1.2137149487084524 57.02917960675006 17.10534230275097
      vertex 0 57.02917960675006 17.10534230275097
    endloop
  endfacet
  facet normal 0 -0.9876883405951359 -0.15643446504024205
    outer loop
      vertex -1.2099999999999997 59.2 16.400000000000002
      vertex 0 59.2 16.400000000000002
      vertex -1.1961404800376856 59.163349123311384 16.631404528206918
    endloop
  endfacet
  facet normal -7.620278980939432e-19 -0.9876883405951405 -0.15643446504021283
    outer loop
      vertex -1.1961404800376856 59.163349123311384 16.631404528206918
      vertex 0 59.14126781955419 16.770820393249938
      vertex -1.2155738562129967 59.14126781955419 16.770820393249938
    endloop
  endfacet
  facet normal 2.177771015714147e-15 -0.9876883405951377 -0.15643446504023106
    outer loop
      vertex -1.1961404800376856 59.163349123311384 16.631404528206918
      vertex 0 59.2 16.400000000000002
      vertex 0 59.14126781955419 16.770820393249938
    endloop
  endfacet
  facet normal -1.7619885667748868e-18 -0.8910065241883467 -0.4539904997395884
    outer loop
      vertex -1.1988909627801163 59.098392026900186 16.854968874344532
      vertex -1.2155738562129967 59.14126781955419 16.770820393249938
      vertex 0 59.14126781955419 16.770820393249938
    endloop
  endfacet
  facet normal 4.791242345969409e-15 -0.8910065241883742 -0.45399049973953415
    outer loop
      vertex -1.1988909627801163 59.098392026900186 16.854968874344532
      vertex 0 59.14126781955419 16.770820393249938
      vertex -1.2034987969998128 58.99235798202499 17.0630724047578
    endloop
  endfacet
  facet normal -1.7642868155642399e-19 -0.8910065241883597 -0.45399049973956285
    outer loop
      vertex -1.2034987969998128 58.99235798202499 17.0630724047578
      vertex 0 58.97082039324994 17.10534230275097
      vertex -1.2137149487084524 58.97082039324994 17.10534230275097
    endloop
  endfacet
  facet normal -5.032731752917206e-16 -0.8910065241883655 -0.4539904997395516
    outer loop
      vertex -1.2034987969998128 58.99235798202499 17.0630724047578
      vertex 0 59.14126781955419 16.770820393249938
      vertex 0 58.97082039324994 17.10534230275097
    endloop
  endfacet
  facet normal 0 0.707106781186538 -0.707106781186557
    outer loop
      vertex -1.2137149487084524 57.02917960675006 17.10534230275097
      vertex -1.1952260087141648 57.16191865199955 17.238081348000453
      vertex 0 57.02917960675006 17.10534230275097
    endloop
  endfacet
  facet normal 3.2509669769657706e-18 0.7071067811865664 -0.7071067811865287
    outer loop
      vertex -1.1952260087141648 57.16191865199955 17.238081348000453
      vertex -1.2137149487084524 57.29465769724903 17.37082039324994
      vertex 0 57.29465769724903 17.37082039324994
    endloop
  endfacet
  facet normal 0 0.45399049973947314 -0.8910065241884054
    outer loop
      vertex -1.2137149487084524 57.29465769724903 17.37082039324994
      vertex -1.203498796999813 57.3369275952422 17.39235798202499
      vertex 0 57.29465769724903 17.37082039324994
    endloop
  endfacet
  facet normal 3.1522399654547717e-15 0.7071067811865522 -0.7071067811865429
    outer loop
      vertex -1.1952260087141648 57.16191865199955 17.238081348000453
      vertex 0 57.29465769724903 17.37082039324994
      vertex 0 57.02917960675006 17.10534230275097
    endloop
  endfacet
  facet normal 2.9661706397486083e-15 0.45399049973954014 -0.8910065241883712
    outer loop
      vertex -1.203498796999813 57.3369275952422 17.39235798202499
      vertex 0 57.629179606750064 17.541267819554186
      vertex 0 57.29465769724903 17.37082039324994
    endloop
  endfacet
  facet normal 1.0761555886197868e-15 0.4539904997395463 -0.891006524188368
    outer loop
      vertex -1.203498796999813 57.3369275952422 17.39235798202499
      vertex -1.1988909627801163 57.54503112565547 17.498392026900188
      vertex 0 57.629179606750064 17.541267819554186
    endloop
  endfacet
  facet normal 4.611224795415043e-19 0.4539904997395585 -0.8910065241883619
    outer loop
      vertex -1.1988909627801163 57.54503112565547 17.498392026900188
      vertex -1.2155738562129967 57.629179606750064 17.541267819554186
      vertex 0 57.629179606750064 17.541267819554186
    endloop
  endfacet
  facet normal 0 0.1564344650402374 -0.9876883405951367
    outer loop
      vertex -1.2155738562129967 57.629179606750064 17.541267819554186
      vertex -1.1961404800376856 57.768595471793084 17.563349123311387
      vertex 0 57.629179606750064 17.541267819554186
    endloop
  endfacet
  facet normal 6.273652257678643e-19 0.1564344650402273 -0.9876883405951384
    outer loop
      vertex -1.1961404800376856 57.768595471793084 17.563349123311387
      vertex -1.2099999999999997 58 17.6
      vertex 0 58 17.6
    endloop
  endfacet
  facet normal -1.2209368726433144e-15 -0.15643446504022718 -0.9876883405951383
    outer loop
      vertex -1.2099999999999997 58 17.6
      vertex -1.1961404800376856 58.231404528206916 17.563349123311387
      vertex 0 58.370820393249936 17.541267819554186
    endloop
  endfacet
  facet normal -7.5425993240930305e-16 0.15643446504023106 -0.9876883405951377
    outer loop
      vertex -1.1961404800376856 57.768595471793084 17.563349123311387
      vertex 0 58 17.6
      vertex 0 57.629179606750064 17.541267819554186
    endloop
  endfacet
  facet normal 0 -0.15643446504023104 -0.9876883405951377
    outer loop
      vertex -1.2099999999999997 58 17.6
      vertex 0 58.370820393249936 17.541267819554186
      vertex 0 58 17.6
    endloop
  endfacet
  facet normal -3.2509669769657706e-18 -0.7071067811865664 -0.7071067811865286
    outer loop
      vertex -1.1952260087141648 58.83808134800045 17.238081348000453
      vertex 0 58.70534230275097 17.37082039324994
      vertex -1.2137149487084524 58.70534230275097 17.37082039324994
    endloop
  endfacet
  facet normal 0 -0.45399049973947314 -0.8910065241884054
    outer loop
      vertex -1.2137149487084524 58.70534230275097 17.37082039324994
      vertex 0 58.70534230275097 17.37082039324994
      vertex -1.203498796999813 58.6630724047578 17.39235798202499
    endloop
  endfacet
  facet normal 3.2407847960752033e-15 -0.4539904997395463 -0.8910065241883681
    outer loop
      vertex -1.1988909627801163 58.45496887434453 17.498392026900188
      vertex -1.203498796999813 58.6630724047578 17.39235798202499
      vertex 0 58.70534230275097 17.37082039324994
    endloop
  endfacet
  facet normal -2.1055866806738376e-18 -0.707106781186538 -0.707106781186557
    outer loop
      vertex -1.1952260087141648 58.83808134800045 17.238081348000453
      vertex -1.2137149487084524 58.97082039324994 17.10534230275097
      vertex 0 58.97082039324994 17.10534230275097
    endloop
  endfacet
  facet normal 3.1549596725229625e-15 -0.7071067811865522 -0.7071067811865429
    outer loop
      vertex -1.1952260087141648 58.83808134800045 17.238081348000453
      vertex 0 58.97082039324994 17.10534230275097
      vertex 0 58.70534230275097 17.37082039324994
    endloop
  endfacet
  facet normal -4.611224795415043e-19 -0.4539904997395585 -0.8910065241883619
    outer loop
      vertex -1.1988909627801163 58.45496887434453 17.498392026900188
      vertex 0 58.370820393249936 17.541267819554186
      vertex -1.2155738562129967 58.370820393249936 17.541267819554186
    endloop
  endfacet
  facet normal -1.0015530775761049e-18 -0.1564344650402374 -0.9876883405951367
    outer loop
      vertex -1.1961404800376856 58.231404528206916 17.563349123311387
      vertex -1.2155738562129967 58.370820393249936 17.541267819554186
      vertex 0 58.370820393249936 17.541267819554186
    endloop
  endfacet
  facet normal 1.6242176851579402e-15 -0.4539904997395402 -0.8910065241883712
    outer loop
      vertex -1.1988909627801163 58.45496887434453 17.498392026900188
      vertex 0 58.70534230275097 17.37082039324994
      vertex 0 58.370820393249936 17.541267819554186
    endloop
  endfacet
  facet normal 0.7053981618131124 0.44966511695976075 0.5479185303494003
    outer loop
      vertex 59.21371494870845 57.29465769724903 15.429179606750065
      vertex 60.20000000298023 56.45143614709412 14.85143614709412
      vertex 60.20000000298023 56.783301188031345 14.579081546579456
    endloop
  endfacet
  facet normal 0.7053981618131132 0.5479185303493992 0.4496651169597609
    outer loop
      vertex 59.21371494870845 57.02917960675006 15.694657697249035
      vertex 60.20000000298023 56.179081546579454 15.183301188031347
      vertex 60.20000000298023 56.45143614709412 14.85143614709412
    endloop
  endfacet
  facet normal 0.705398161813115 0.5479185303493901 0.44966511695976924
    outer loop
      vertex 59.21371494870845 57.02917960675006 15.694657697249035
      vertex 60.20000000298023 56.45143614709412 14.85143614709412
      vertex 59.195226008714165 57.16191865199955 15.561918651999548
    endloop
  endfacet
  facet normal 0.70539816181311 0.547918530349374 0.44966511695979655
    outer loop
      vertex 59.21371494870845 57.02917960675006 15.694657697249035
      vertex 59.20349879699981 57.00764201797501 15.7369275952422
      vertex 60.20000000298023 56.179081546579454 15.183301188031347
    endloop
  endfacet
  facet normal 0.7053981618131125 0.6251157418939581 0.3341313253004695
    outer loop
      vertex 59.20349879699981 57.00764201797501 15.7369275952422
      vertex 60.20000000298023 55.976703821046904 15.561923281979968
      vertex 60.20000000298023 56.179081546579454 15.183301188031347
    endloop
  endfacet
  facet normal 0.7053981618131157 0.0694756548825443 0.7053981618131131
    outer loop
      vertex 59.21 58 15.200000000000003
      vertex 60.20000000298023 57.57275219420327 14.252080232993961
      vertex 60.20000000298023 58 14.209999997019768
    endloop
  endfacet
  facet normal 0.7053981618131137 -0.06947565488254447 0.7053981618131153
    outer loop
      vertex 59.196140480037684 58.231404528206916 15.236650876688618
      vertex 60.20000000298023 58 14.209999997019768
      vertex 60.20000000298023 58.42724780579673 14.252080232993961
    endloop
  endfacet
  facet normal 0.7053981618131122 0.20575705419289253 0.6782901060464802
    outer loop
      vertex 59.215573856213 57.629179606750064 15.258732180445818
      vertex 60.20000000298023 57.57275219420327 14.252080232993961
      vertex 59.196140480037684 57.768595471793084 15.236650876688618
    endloop
  endfacet
  facet normal 0.7053981618131128 0.06947565488252737 0.7053981618131178
    outer loop
      vertex 59.196140480037684 57.768595471793084 15.236650876688618
      vertex 60.20000000298023 57.57275219420327 14.252080232993961
      vertex 59.21 58 15.200000000000003
    endloop
  endfacet
  facet normal 0.7053981618131165 -0.06947565488252655 0.705398161813114
    outer loop
      vertex 59.21 58 15.200000000000003
      vertex 60.20000000298023 58 14.209999997019768
      vertex 59.196140480037684 58.231404528206916 15.236650876688618
    endloop
  endfacet
  facet normal 0.7053981618131144 0.33413132530045936 0.6251157418939617
    outer loop
      vertex 59.19889096278012 57.54503112565547 15.301607973099813
      vertex 60.20000000298023 56.783301188031345 14.579081546579456
      vertex 60.20000000298023 57.16192328197997 14.37670382104691
    endloop
  endfacet
  facet normal 0.7053981618131147 0.20575705419287324 0.6782901060464837
    outer loop
      vertex 59.215573856213 57.629179606750064 15.258732180445818
      vertex 60.20000000298023 57.16192328197997 14.37670382104691
      vertex 60.20000000298023 57.57275219420327 14.252080232993961
    endloop
  endfacet
  facet normal 0.7053981618131122 -0.20575705419289253 0.6782901060464802
    outer loop
      vertex 59.196140480037684 58.231404528206916 15.236650876688618
      vertex 60.20000000298023 58.42724780579673 14.252080232993961
      vertex 59.215573856213 58.370820393249936 15.258732180445818
    endloop
  endfacet
  facet normal 0.7053981618131147 -0.2057570541928731 0.6782901060464837
    outer loop
      vertex 59.215573856213 58.370820393249936 15.258732180445818
      vertex 60.20000000298023 58.42724780579673 14.252080232993961
      vertex 60.20000000298023 58.83807671802003 14.37670382104691
    endloop
  endfacet
  facet normal 0.7053981618131125 -0.3341313253004601 0.6251157418939631
    outer loop
      vertex 59.20349879699981 58.6630724047578 15.40764201797501
      vertex 60.20000000298023 58.83807671802003 14.37670382104691
      vertex 60.20000000298023 59.216698811968655 14.579081546579456
    endloop
  endfacet
  facet normal 0.7053981618131125 -0.4496651169597608 0.5479185303494003
    outer loop
      vertex 59.21371494870845 58.70534230275097 15.429179606750065
      vertex 60.20000000298023 59.216698811968655 14.579081546579456
      vertex 60.20000000298023 59.54856385290588 14.85143614709412
    endloop
  endfacet
  facet normal 0.7053981618131141 0.449665116959742 0.5479185303494136
    outer loop
      vertex 59.20349879699981 57.3369275952422 15.40764201797501
      vertex 59.21371494870845 57.29465769724903 15.429179606750065
      vertex 60.20000000298023 56.783301188031345 14.579081546579456
    endloop
  endfacet
  facet normal 0.705398161813112 0.3341313253004475 0.6251157418939708
    outer loop
      vertex 59.20349879699981 57.3369275952422 15.40764201797501
      vertex 60.20000000298023 56.783301188031345 14.579081546579456
      vertex 59.19889096278012 57.54503112565547 15.301607973099813
    endloop
  endfacet
  facet normal 0.7053981618131141 0.2057570541928687 0.6782901060464855
    outer loop
      vertex 59.19889096278012 57.54503112565547 15.301607973099813
      vertex 60.20000000298023 57.16192328197997 14.37670382104691
      vertex 59.215573856213 57.629179606750064 15.258732180445818
    endloop
  endfacet
  facet normal 0.7053981618131153 0.4496651169597742 0.5479185303493856
    outer loop
      vertex 59.21371494870845 57.29465769724903 15.429179606750065
      vertex 59.195226008714165 57.16191865199955 15.561918651999548
      vertex 60.20000000298023 56.45143614709412 14.85143614709412
    endloop
  endfacet
  facet normal 0.7053981618131141 -0.20575705419286872 0.6782901060464855
    outer loop
      vertex 59.215573856213 58.370820393249936 15.258732180445818
      vertex 60.20000000298023 58.83807671802003 14.37670382104691
      vertex 59.19889096278012 58.45496887434453 15.301607973099813
    endloop
  endfacet
  facet normal 0.7053981618131151 -0.33413132530044604 0.6251157418939679
    outer loop
      vertex 59.19889096278012 58.45496887434453 15.301607973099813
      vertex 60.20000000298023 58.83807671802003 14.37670382104691
      vertex 59.20349879699981 58.6630724047578 15.40764201797501
    endloop
  endfacet
  facet normal 0.7053981618131141 -0.449665116959742 0.5479185303494135
    outer loop
      vertex 59.20349879699981 58.6630724047578 15.40764201797501
      vertex 60.20000000298023 59.216698811968655 14.579081546579456
      vertex 59.21371494870845 58.70534230275097 15.429179606750065
    endloop
  endfacet
  facet normal 0.7053981618131152 -0.4496651169597741 0.5479185303493856
    outer loop
      vertex 59.21371494870845 58.70534230275097 15.429179606750065
      vertex 60.20000000298023 59.54856385290588 14.85143614709412
      vertex 59.195226008714165 58.83808134800045 15.561918651999548
    endloop
  endfacet
  facet normal 0.7053981618131132 -0.5479185303493992 0.44966511695976097
    outer loop
      vertex 59.21371494870845 58.97082039324994 15.694657697249035
      vertex 60.20000000298023 59.54856385290588 14.85143614709412
      vertex 60.20000000298023 59.820918453420546 15.183301188031347
    endloop
  endfacet
  facet normal 0.705398161813115 -0.5479185303493902 0.44966511695976935
    outer loop
      vertex 59.195226008714165 58.83808134800045 15.561918651999548
      vertex 60.20000000298023 59.54856385290588 14.85143614709412
      vertex 59.21371494870845 58.97082039324994 15.694657697249035
    endloop
  endfacet
  facet normal 0.7053981618131101 -0.5479185303493741 0.44966511695979655
    outer loop
      vertex 59.21371494870845 58.97082039324994 15.694657697249035
      vertex 60.20000000298023 59.820918453420546 15.183301188031347
      vertex 59.20349879699981 58.99235798202499 15.7369275952422
    endloop
  endfacet
  facet normal 0.7053981618131108 -0.6251157418939761 0.3341313253004395
    outer loop
      vertex 59.20349879699981 58.99235798202499 15.7369275952422
      vertex 60.20000000298023 59.820918453420546 15.183301188031347
      vertex 59.19889096278012 59.098392026900186 15.945031125655468
    endloop
  endfacet
  facet normal 0.7053981618131184 0.6251157418939693 0.33413132530043627
    outer loop
      vertex 59.20349879699981 57.00764201797501 15.7369275952422
      vertex 59.19889096278012 56.901607973099814 15.945031125655468
      vertex 60.20000000298023 55.976703821046904 15.561923281979968
    endloop
  endfacet
  facet normal 0.7053981618131193 0.6782901060464659 0.20575705419291498
    outer loop
      vertex 59.215573856213 56.85873218044581 16.029179606750063
      vertex 60.20000000298023 55.976703821046904 15.561923281979968
      vertex 59.19889096278012 56.901607973099814 15.945031125655468
    endloop
  endfacet
  facet normal 0.7053981618131148 0.6782901060464838 0.20575705419287152
    outer loop
      vertex 59.215573856213 56.85873218044581 16.029179606750063
      vertex 60.20000000298023 55.852080232993956 15.972752194203267
      vertex 60.20000000298023 55.976703821046904 15.561923281979968
    endloop
  endfacet
  facet normal 0.7053981618131142 0.6782901060464831 0.20575705419287602
    outer loop
      vertex 59.215573856213 56.85873218044581 16.029179606750063
      vertex 59.196140480037684 56.836650876688616 16.168595471793083
      vertex 60.20000000298023 55.852080232993956 15.972752194203267
    endloop
  endfacet
  facet normal 0.7053981618131148 0.7053981618131149 0.06947565488253654
    outer loop
      vertex 59.196140480037684 56.836650876688616 16.168595471793083
      vertex 59.21 56.8 16.400000000000002
      vertex 60.20000000298023 55.809999997019766 16.400000000000002
    endloop
  endfacet
  facet normal 0.7053981618131144 0.7053981618131149 0.06947565488253823
    outer loop
      vertex 59.196140480037684 56.836650876688616 16.168595471793083
      vertex 60.20000000298023 55.809999997019766 16.400000000000002
      vertex 60.20000000298023 55.852080232993956 15.972752194203267
    endloop
  endfacet
  facet normal 0.7053981618131147 0.7053981618131149 -0.06947565488253764
    outer loop
      vertex 59.21 56.8 16.400000000000002
      vertex 59.196140480037684 56.836650876688616 16.631404528206918
      vertex 60.20000000298023 55.852080232993956 16.827247805796738
    endloop
  endfacet
  facet normal 0.7053981618131145 0.6782901060464828 -0.20575705419287596
    outer loop
      vertex 59.196140480037684 56.836650876688616 16.631404528206918
      vertex 59.215573856213 56.85873218044581 16.770820393249938
      vertex 60.20000000298023 55.852080232993956 16.827247805796738
    endloop
  endfacet
  facet normal 0.7053981618131147 0.7053981618131147 -0.06947565488253812
    outer loop
      vertex 59.21 56.8 16.400000000000002
      vertex 60.20000000298023 55.852080232993956 16.827247805796738
      vertex 60.20000000298023 55.809999997019766 16.400000000000002
    endloop
  endfacet
  facet normal 0.7053981618131193 0.6782901060464659 -0.20575705419291498
    outer loop
      vertex 59.215573856213 56.85873218044581 16.770820393249938
      vertex 59.19889096278012 56.901607973099814 16.854968874344532
      vertex 60.20000000298023 55.976703821046904 17.238076718020032
    endloop
  endfacet
  facet normal 0.705398161813115 0.6782901060464832 -0.205757054192873
    outer loop
      vertex 59.215573856213 56.85873218044581 16.770820393249938
      vertex 60.20000000298023 55.976703821046904 17.238076718020032
      vertex 60.20000000298023 55.852080232993956 16.827247805796738
    endloop
  endfacet
  facet normal 0.7053981618131193 -0.6782901060464659 0.20575705419291498
    outer loop
      vertex 59.19889096278012 59.098392026900186 15.945031125655468
      vertex 60.20000000298023 60.023296178953096 15.561923281979968
      vertex 59.215573856213 59.14126781955419 16.029179606750063
    endloop
  endfacet
  facet normal 0.7053981618131142 -0.6782901060464832 0.20575705419287596
    outer loop
      vertex 59.215573856213 59.14126781955419 16.029179606750063
      vertex 60.20000000298023 60.147919767006044 15.972752194203267
      vertex 59.196140480037684 59.163349123311384 16.168595471793083
    endloop
  endfacet
  facet normal 0.7053981618131147 -0.7053981618131152 0.06947565488253661
    outer loop
      vertex 59.196140480037684 59.163349123311384 16.168595471793083
      vertex 60.20000000298023 60.147919767006044 15.972752194203267
      vertex 59.21 59.2 16.400000000000002
    endloop
  endfacet
  facet normal 0.7053981618131148 -0.7053981618131148 -0.0694756548825376
    outer loop
      vertex 59.21 59.2 16.400000000000002
      vertex 60.20000000298023 60.190000002980234 16.400000000000002
      vertex 59.196140480037684 59.163349123311384 16.631404528206918
    endloop
  endfacet
  facet normal 0.7053981618131145 -0.6782901060464828 -0.20575705419287596
    outer loop
      vertex 59.196140480037684 59.163349123311384 16.631404528206918
      vertex 60.20000000298023 60.147919767006044 16.827247805796738
      vertex 59.215573856213 59.14126781955419 16.770820393249938
    endloop
  endfacet
  facet normal 0.7053981618131194 -0.6782901060464659 -0.20575705419291496
    outer loop
      vertex 59.19889096278012 59.098392026900186 16.854968874344532
      vertex 59.215573856213 59.14126781955419 16.770820393249938
      vertex 60.20000000298023 60.023296178953096 17.238076718020032
    endloop
  endfacet
  facet normal 0.7053981618131183 -0.6251157418939693 -0.33413132530043627
    outer loop
      vertex 59.19889096278012 59.098392026900186 16.854968874344532
      vertex 60.20000000298023 60.023296178953096 17.238076718020032
      vertex 59.20349879699981 58.99235798202499 17.0630724047578
    endloop
  endfacet
  facet normal 0.7053981618131114 0.6251157418939757 -0.33413132530043926
    outer loop
      vertex 59.19889096278012 56.901607973099814 16.854968874344532
      vertex 59.20349879699981 57.00764201797501 17.0630724047578
      vertex 60.20000000298023 56.179081546579454 17.616698811968657
    endloop
  endfacet
  facet normal 0.7053981618131124 0.5479185303493933 -0.4496651169597691
    outer loop
      vertex 59.20349879699981 57.00764201797501 17.0630724047578
      vertex 59.21371494870845 57.02917960675006 17.10534230275097
      vertex 60.20000000298023 56.179081546579454 17.616698811968657
    endloop
  endfacet
  facet normal 0.7053981618131154 0.5479185303493844 -0.4496651169597756
    outer loop
      vertex 59.21371494870845 57.02917960675006 17.10534230275097
      vertex 59.195226008714165 57.16191865199955 17.238081348000453
      vertex 60.20000000298023 56.45143614709412 17.94856385290588
    endloop
  endfacet
  facet normal 0.7053981618131169 0.6251157418939558 -0.3341313253004651
    outer loop
      vertex 59.19889096278012 56.901607973099814 16.854968874344532
      vertex 60.20000000298023 56.179081546579454 17.616698811968657
      vertex 60.20000000298023 55.976703821046904 17.238076718020032
    endloop
  endfacet
  facet normal 0.705398161813113 0.5479185303493971 -0.4496651169597641
    outer loop
      vertex 59.21371494870845 57.02917960675006 17.10534230275097
      vertex 60.20000000298023 56.45143614709412 17.94856385290588
      vertex 60.20000000298023 56.179081546579454 17.616698811968657
    endloop
  endfacet
  facet normal 0.7053981618131115 0.4496651169597614 -0.547918530349401
    outer loop
      vertex 59.21371494870845 57.29465769724903 17.37082039324994
      vertex 60.20000000298023 56.783301188031345 18.220918453420545
      vertex 60.20000000298023 56.45143614709412 17.94856385290588
    endloop
  endfacet
  facet normal 0.7053981618131158 0.44966511695978184 -0.5479185303493788
    outer loop
      vertex 59.195226008714165 57.16191865199955 17.238081348000453
      vertex 59.21371494870845 57.29465769724903 17.37082039324994
      vertex 60.20000000298023 56.45143614709412 17.94856385290588
    endloop
  endfacet
  facet normal 0.7053981618131162 0.449665116959709 -0.547918530349438
    outer loop
      vertex 59.21371494870845 57.29465769724903 17.37082039324994
      vertex 59.20349879699981 57.3369275952422 17.39235798202499
      vertex 60.20000000298023 56.783301188031345 18.220918453420545
    endloop
  endfacet
  facet normal 0.705398161813115 0.33413132530044604 -0.6251157418939678
    outer loop
      vertex 59.20349879699981 57.3369275952422 17.39235798202499
      vertex 59.19889096278012 57.54503112565547 17.498392026900188
      vertex 60.20000000298023 57.16192328197997 18.42329617895309
    endloop
  endfacet
  facet normal 0.7053981618131124 -0.5479185303493933 -0.4496651169597691
    outer loop
      vertex 59.20349879699981 58.99235798202499 17.0630724047578
      vertex 60.20000000298023 59.820918453420546 17.616698811968657
      vertex 59.21371494870845 58.97082039324994 17.10534230275097
    endloop
  endfacet
  facet normal 0.7053981618131154 -0.5479185303493844 -0.4496651169597755
    outer loop
      vertex 59.195226008714165 58.83808134800045 17.238081348000453
      vertex 59.21371494870845 58.97082039324994 17.10534230275097
      vertex 60.20000000298023 59.54856385290588 17.94856385290588
    endloop
  endfacet
  facet normal 0.7053981618131162 -0.449665116959709 -0.547918530349438
    outer loop
      vertex 59.21371494870845 58.70534230275097 17.37082039324994
      vertex 60.20000000298023 59.216698811968655 18.220918453420545
      vertex 59.20349879699981 58.6630724047578 17.39235798202499
    endloop
  endfacet
  facet normal 0.705398161813112 -0.3341313253004475 -0.6251157418939708
    outer loop
      vertex 59.19889096278012 58.45496887434453 17.498392026900188
      vertex 59.20349879699981 58.6630724047578 17.39235798202499
      vertex 60.20000000298023 59.216698811968655 18.220918453420545
    endloop
  endfacet
  facet normal 0.7053981618131159 -0.4496651169597818 -0.5479185303493788
    outer loop
      vertex 59.195226008714165 58.83808134800045 17.238081348000453
      vertex 60.20000000298023 59.54856385290588 17.94856385290588
      vertex 59.21371494870845 58.70534230275097 17.37082039324994
    endloop
  endfacet
  facet normal 0.7053981618131129 -0.5479185303493971 -0.4496651169597639
    outer loop
      vertex 59.21371494870845 58.97082039324994 17.10534230275097
      vertex 60.20000000298023 59.820918453420546 17.616698811968657
      vertex 60.20000000298023 59.54856385290588 17.94856385290588
    endloop
  endfacet
  facet normal 0.7053981618131154 0.20575705419289272 -0.6782901060464769
    outer loop
      vertex 59.19889096278012 57.54503112565547 17.498392026900188
      vertex 59.215573856213 57.629179606750064 17.541267819554186
      vertex 60.20000000298023 57.16192328197997 18.42329617895309
    endloop
  endfacet
  facet normal 0.7053981618131122 0.2057570541928925 -0.6782901060464803
    outer loop
      vertex 59.215573856213 57.629179606750064 17.541267819554186
      vertex 59.196140480037684 57.768595471793084 17.563349123311387
      vertex 60.20000000298023 57.57275219420327 18.547919767006043
    endloop
  endfacet
  facet normal 0.7053981618131152 0.06947565488252683 -0.7053981618131152
    outer loop
      vertex 59.196140480037684 57.768595471793084 17.563349123311387
      vertex 59.21 58 17.6
      vertex 60.20000000298023 58 18.590000002980233
    endloop
  endfacet
  facet normal 0.7053981618131128 -0.06947565488252737 -0.7053981618131178
    outer loop
      vertex 59.21 58 17.6
      vertex 59.196140480037684 58.231404528206916 17.563349123311387
      vertex 60.20000000298023 58.42724780579673 18.547919767006043
    endloop
  endfacet
  facet normal 0.7053981618131125 0.3341313253004601 -0.6251157418939631
    outer loop
      vertex 59.20349879699981 57.3369275952422 17.39235798202499
      vertex 60.20000000298023 57.16192328197997 18.42329617895309
      vertex 60.20000000298023 56.783301188031345 18.220918453420545
    endloop
  endfacet
  facet normal 0.705398161813114 0.20575705419287876 -0.6782901060464827
    outer loop
      vertex 59.215573856213 57.629179606750064 17.541267819554186
      vertex 60.20000000298023 57.57275219420327 18.547919767006043
      vertex 60.20000000298023 57.16192328197997 18.42329617895309
    endloop
  endfacet
  facet normal 0.7053981618131133 0.06947565488253868 -0.7053981618131161
    outer loop
      vertex 59.196140480037684 57.768595471793084 17.563349123311387
      vertex 60.20000000298023 58 18.590000002980233
      vertex 60.20000000298023 57.57275219420327 18.547919767006043
    endloop
  endfacet
  facet normal 0.7053981618131148 -0.06947565488253855 -0.7053981618131148
    outer loop
      vertex 59.21 58 17.6
      vertex 60.20000000298023 58.42724780579673 18.547919767006043
      vertex 60.20000000298023 58 18.590000002980233
    endloop
  endfacet
  facet normal 0.7053981618131122 -0.2057570541928925 -0.6782901060464803
    outer loop
      vertex 59.196140480037684 58.231404528206916 17.563349123311387
      vertex 59.215573856213 58.370820393249936 17.541267819554186
      vertex 60.20000000298023 58.42724780579673 18.547919767006043
    endloop
  endfacet
  facet normal 0.7053981618131153 -0.2057570541928927 -0.6782901060464768
    outer loop
      vertex 59.19889096278012 58.45496887434453 17.498392026900188
      vertex 60.20000000298023 58.83807671802003 18.42329617895309
      vertex 59.215573856213 58.370820393249936 17.541267819554186
    endloop
  endfacet
  facet normal 0.7053981618131144 -0.33413132530045936 -0.6251157418939617
    outer loop
      vertex 59.19889096278012 58.45496887434453 17.498392026900188
      vertex 60.20000000298023 59.216698811968655 18.220918453420545
      vertex 60.20000000298023 58.83807671802003 18.42329617895309
    endloop
  endfacet
  facet normal 0.7053981618131114 -0.4496651169597614 -0.547918530349401
    outer loop
      vertex 59.21371494870845 58.70534230275097 17.37082039324994
      vertex 60.20000000298023 59.54856385290588 17.94856385290588
      vertex 60.20000000298023 59.216698811968655 18.220918453420545
    endloop
  endfacet
  facet normal 0.705398161813114 -0.20575705419287882 -0.6782901060464827
    outer loop
      vertex 59.215573856213 58.370820393249936 17.541267819554186
      vertex 60.20000000298023 58.83807671802003 18.42329617895309
      vertex 60.20000000298023 58.42724780579673 18.547919767006043
    endloop
  endfacet
  facet normal 0.7053981618131167 -0.6251157418939546 0.33413132530046763
    outer loop
      vertex 59.19889096278012 59.098392026900186 15.945031125655468
      vertex 60.20000000298023 59.820918453420546 15.183301188031347
      vertex 60.20000000298023 60.023296178953096 15.561923281979968
    endloop
  endfacet
  facet normal 0.7053981618131148 -0.6782901060464839 0.2057570541928714
    outer loop
      vertex 59.215573856213 59.14126781955419 16.029179606750063
      vertex 60.20000000298023 60.023296178953096 15.561923281979968
      vertex 60.20000000298023 60.147919767006044 15.972752194203267
    endloop
  endfacet
  facet normal 0.7053981618131147 -0.7053981618131147 0.06947565488253812
    outer loop
      vertex 59.21 59.2 16.400000000000002
      vertex 60.20000000298023 60.147919767006044 15.972752194203267
      vertex 60.20000000298023 60.190000002980234 16.400000000000002
    endloop
  endfacet
  facet normal 0.7053981618131148 -0.7053981618131149 -0.06947565488253823
    outer loop
      vertex 59.196140480037684 59.163349123311384 16.631404528206918
      vertex 60.20000000298023 60.190000002980234 16.400000000000002
      vertex 60.20000000298023 60.147919767006044 16.827247805796738
    endloop
  endfacet
  facet normal 0.705398161813115 -0.6782901060464832 -0.20575705419287313
    outer loop
      vertex 59.215573856213 59.14126781955419 16.770820393249938
      vertex 60.20000000298023 60.147919767006044 16.827247805796738
      vertex 60.20000000298023 60.023296178953096 17.238076718020032
    endloop
  endfacet
  facet normal 0.7053981618131131 -0.625115741893959 -0.33413132530046685
    outer loop
      vertex 59.20349879699981 58.99235798202499 17.0630724047578
      vertex 60.20000000298023 60.023296178953096 17.238076718020032
      vertex 60.20000000298023 59.820918453420546 17.616698811968657
    endloop
  endfacet
  facet normal 0.7053981618131134 0.5479185303494005 0.449665116959759
    outer loop
      vertex 59.21371494870845 11.029179606750063 15.694657697249035
      vertex 60.20000000298023 10.179081546579454 15.183301188031347
      vertex 60.20000000298023 10.45143614709412 14.85143614709412
    endloop
  endfacet
  facet normal 0.7053981618131128 0.6251157418939604 0.3341313253004648
    outer loop
      vertex 59.20349879699981 11.00764201797501 15.7369275952422
      vertex 60.20000000298023 9.976703821046907 15.561923281979968
      vertex 60.20000000298023 10.179081546579454 15.183301188031347
    endloop
  endfacet
  facet normal 0.7053981618131158 0.06947565488254374 0.7053981618131132
    outer loop
      vertex 59.21 12 15.200000000000003
      vertex 60.20000000298023 11.572752194203265 14.252080232993961
      vertex 60.20000000298023 12 14.209999997019768
    endloop
  endfacet
  facet normal 0.7053981618131124 0.20575705419289253 0.6782901060464801
    outer loop
      vertex 59.215573856213 11.629179606750062 15.258732180445818
      vertex 60.20000000298023 11.572752194203265 14.252080232993961
      vertex 59.196140480037684 11.768595471793082 15.236650876688618
    endloop
  endfacet
  facet normal 0.7053981618131128 0.06947565488252683 0.7053981618131178
    outer loop
      vertex 59.196140480037684 11.768595471793082 15.236650876688618
      vertex 60.20000000298023 11.572752194203265 14.252080232993961
      vertex 59.21 12 15.200000000000003
    endloop
  endfacet
  facet normal 0.7053981618131149 0.3341313253004615 0.6251157418939599
    outer loop
      vertex 59.19889096278012 11.545031125655468 15.301607973099813
      vertex 60.20000000298023 10.783301188031343 14.579081546579456
      vertex 60.20000000298023 11.161923281979968 14.37670382104691
    endloop
  endfacet
  facet normal 0.7053981618131138 0.4496651169597601 0.5479185303493994
    outer loop
      vertex 59.21371494870845 11.294657697249033 15.429179606750065
      vertex 60.20000000298023 10.45143614709412 14.85143614709412
      vertex 60.20000000298023 10.783301188031343 14.579081546579456
    endloop
  endfacet
  facet normal 0.705398161813115 0.20575705419287238 0.6782901060464837
    outer loop
      vertex 59.215573856213 11.629179606750062 15.258732180445818
      vertex 60.20000000298023 11.161923281979968 14.37670382104691
      vertex 60.20000000298023 11.572752194203265 14.252080232993961
    endloop
  endfacet
  facet normal 0.7053981618131137 -0.06947565488254388 0.7053981618131152
    outer loop
      vertex 59.196140480037684 12.231404528206918 15.236650876688618
      vertex 60.20000000298023 12 14.209999997019768
      vertex 60.20000000298023 12.427247805796735 14.252080232993961
    endloop
  endfacet
  facet normal 0.7053981618131167 -0.06947565488252604 0.7053981618131141
    outer loop
      vertex 59.21 12 15.200000000000003
      vertex 60.20000000298023 12 14.209999997019768
      vertex 59.196140480037684 12.231404528206918 15.236650876688618
    endloop
  endfacet
  facet normal 0.7053981618131124 -0.20575705419289253 0.6782901060464801
    outer loop
      vertex 59.196140480037684 12.231404528206918 15.236650876688618
      vertex 60.20000000298023 12.427247805796735 14.252080232993961
      vertex 59.215573856213 12.370820393249938 15.258732180445818
    endloop
  endfacet
  facet normal 0.7053981618131148 -0.20575705419287219 0.6782901060464835
    outer loop
      vertex 59.215573856213 12.370820393249938 15.258732180445818
      vertex 60.20000000298023 12.427247805796735 14.252080232993961
      vertex 60.20000000298023 12.838076718020032 14.37670382104691
    endloop
  endfacet
  facet normal 0.7053981618131128 -0.3341313253004625 0.6251157418939617
    outer loop
      vertex 59.20349879699981 12.6630724047578 15.40764201797501
      vertex 60.20000000298023 12.838076718020032 14.37670382104691
      vertex 60.20000000298023 13.216698811968657 14.579081546579456
    endloop
  endfacet
  facet normal 0.7053981618131138 -0.44966511695975997 0.5479185303493993
    outer loop
      vertex 59.21371494870845 12.705342302750967 15.429179606750065
      vertex 60.20000000298023 13.216698811968657 14.579081546579456
      vertex 60.20000000298023 13.54856385290588 14.85143614709412
    endloop
  endfacet
  facet normal 0.7053981618131117 0.4496651169597827 0.5479185303493833
    outer loop
      vertex 59.20349879699981 11.3369275952422 15.40764201797501
      vertex 59.21371494870845 11.294657697249033 15.429179606750065
      vertex 60.20000000298023 10.783301188031343 14.579081546579456
    endloop
  endfacet
  facet normal 0.705398161813112 0.3341313253004475 0.6251157418939708
    outer loop
      vertex 59.20349879699981 11.3369275952422 15.40764201797501
      vertex 60.20000000298023 10.783301188031343 14.579081546579456
      vertex 59.19889096278012 11.545031125655468 15.301607973099813
    endloop
  endfacet
  facet normal 0.7053981618131147 0.44966511695976474 0.5479185303493942
    outer loop
      vertex 59.195226008714165 11.161918651999548 15.561918651999548
      vertex 60.20000000298023 10.45143614709412 14.85143614709412
      vertex 59.21371494870845 11.294657697249033 15.429179606750065
    endloop
  endfacet
  facet normal 0.7053981618131144 0.20575705419286844 0.6782901060464851
    outer loop
      vertex 59.19889096278012 11.545031125655468 15.301607973099813
      vertex 60.20000000298023 11.161923281979968 14.37670382104691
      vertex 59.215573856213 11.629179606750062 15.258732180445818
    endloop
  endfacet
  facet normal 0.7053981618131147 0.5479185303493934 0.44966511695976535
    outer loop
      vertex 59.195226008714165 11.161918651999548 15.561918651999548
      vertex 59.21371494870845 11.029179606750063 15.694657697249035
      vertex 60.20000000298023 10.45143614709412 14.85143614709412
    endloop
  endfacet
  facet normal 0.7053981618131115 0.5479185303493858 0.44966511695977984
    outer loop
      vertex 59.21371494870845 11.029179606750063 15.694657697249035
      vertex 59.20349879699981 11.00764201797501 15.7369275952422
      vertex 60.20000000298023 10.179081546579454 15.183301188031347
    endloop
  endfacet
  facet normal 0.7053981618131144 -0.20575705419286847 0.6782901060464851
    outer loop
      vertex 59.215573856213 12.370820393249938 15.258732180445818
      vertex 60.20000000298023 12.838076718020032 14.37670382104691
      vertex 59.19889096278012 12.454968874344532 15.301607973099813
    endloop
  endfacet
  facet normal 0.7053981618131157 -0.33413132530044576 0.6251157418939672
    outer loop
      vertex 59.19889096278012 12.454968874344532 15.301607973099813
      vertex 60.20000000298023 12.838076718020032 14.37670382104691
      vertex 59.20349879699981 12.6630724047578 15.40764201797501
    endloop
  endfacet
  facet normal 0.7053981618131117 -0.4496651169597827 0.5479185303493833
    outer loop
      vertex 59.20349879699981 12.6630724047578 15.40764201797501
      vertex 60.20000000298023 13.216698811968657 14.579081546579456
      vertex 59.21371494870845 12.705342302750967 15.429179606750065
    endloop
  endfacet
  facet normal 0.7053981618131147 -0.4496651169597647 0.5479185303493942
    outer loop
      vertex 59.21371494870845 12.705342302750967 15.429179606750065
      vertex 60.20000000298023 13.54856385290588 14.85143614709412
      vertex 59.195226008714165 12.838081348000452 15.561918651999548
    endloop
  endfacet
  facet normal 0.7053981618131147 -0.5479185303493934 0.44966511695976535
    outer loop
      vertex 59.195226008714165 12.838081348000452 15.561918651999548
      vertex 60.20000000298023 13.54856385290588 14.85143614709412
      vertex 59.21371494870845 12.970820393249937 15.694657697249035
    endloop
  endfacet
  facet normal 0.7053981618131162 0.6251157418939668 0.33413132530044554
    outer loop
      vertex 59.20349879699981 11.00764201797501 15.7369275952422
      vertex 59.19889096278012 10.901607973099813 15.945031125655468
      vertex 60.20000000298023 9.976703821046907 15.561923281979968
    endloop
  endfacet
  facet normal 0.7053981618131157 0.6782901060464803 0.2057570541928801
    outer loop
      vertex 59.215573856213 10.858732180445816 16.029179606750063
      vertex 60.20000000298023 9.976703821046907 15.561923281979968
      vertex 59.19889096278012 10.901607973099813 15.945031125655468
    endloop
  endfacet
  facet normal 0.7053981618131151 0.6782901060464828 0.20575705419287402
    outer loop
      vertex 59.215573856213 10.858732180445816 16.029179606750063
      vertex 60.20000000298023 9.852080232993957 15.972752194203267
      vertex 60.20000000298023 9.976703821046907 15.561923281979968
    endloop
  endfacet
  facet normal 0.7053981618131128 0.6782901060464795 0.20575705419289253
    outer loop
      vertex 59.215573856213 10.858732180445816 16.029179606750063
      vertex 59.196140480037684 10.836650876688616 16.168595471793083
      vertex 60.20000000298023 9.852080232993957 15.972752194203267
    endloop
  endfacet
  facet normal 0.7053981618131153 0.7053981618131153 0.06947565488252576
    outer loop
      vertex 59.196140480037684 10.836650876688616 16.168595471793083
      vertex 59.21 10.8 16.400000000000002
      vertex 60.20000000298023 9.80999999701977 16.400000000000002
    endloop
  endfacet
  facet normal 0.7053981618131138 0.705398161813116 0.06947565488253507
    outer loop
      vertex 59.196140480037684 10.836650876688616 16.168595471793083
      vertex 60.20000000298023 9.80999999701977 16.400000000000002
      vertex 60.20000000298023 9.852080232993957 15.972752194203267
    endloop
  endfacet
  facet normal 0.7053981618131135 0.705398161813117 -0.0694756548825272
    outer loop
      vertex 59.21 10.8 16.400000000000002
      vertex 59.196140480037684 10.836650876688616 16.631404528206918
      vertex 60.20000000298023 9.852080232993957 16.827247805796738
    endloop
  endfacet
  facet normal 0.7053981618131132 0.6782901060464793 -0.20575705419289253
    outer loop
      vertex 59.196140480037684 10.836650876688616 16.631404528206918
      vertex 59.215573856213 10.858732180445816 16.770820393249938
      vertex 60.20000000298023 9.852080232993957 16.827247805796738
    endloop
  endfacet
  facet normal 0.705398161813115 0.705398161813115 -0.0694756548825352
    outer loop
      vertex 59.21 10.8 16.400000000000002
      vertex 60.20000000298023 9.852080232993957 16.827247805796738
      vertex 60.20000000298023 9.80999999701977 16.400000000000002
    endloop
  endfacet
  facet normal 0.7053981618131157 0.6782901060464803 -0.2057570541928801
    outer loop
      vertex 59.215573856213 10.858732180445816 16.770820393249938
      vertex 59.19889096278012 10.901607973099813 16.854968874344532
      vertex 60.20000000298023 9.976703821046907 17.238076718020032
    endloop
  endfacet
  facet normal 0.7053981618131153 0.6782901060464822 -0.20575705419287563
    outer loop
      vertex 59.215573856213 10.858732180445816 16.770820393249938
      vertex 60.20000000298023 9.976703821046907 17.238076718020032
      vertex 60.20000000298023 9.852080232993957 16.827247805796738
    endloop
  endfacet
  facet normal 0.7053981618131134 -0.5479185303494005 0.4496651169597591
    outer loop
      vertex 59.21371494870845 12.970820393249937 15.694657697249035
      vertex 60.20000000298023 13.54856385290588 14.85143614709412
      vertex 60.20000000298023 13.820918453420546 15.183301188031347
    endloop
  endfacet
  facet normal 0.7053981618131115 -0.5479185303493858 0.4496651169597798
    outer loop
      vertex 59.21371494870845 12.970820393249937 15.694657697249035
      vertex 60.20000000298023 13.820918453420546 15.183301188031347
      vertex 59.20349879699981 12.99235798202499 15.7369275952422
    endloop
  endfacet
  facet normal 0.7053981618131119 -0.6251157418939708 0.3341313253004474
    outer loop
      vertex 59.20349879699981 12.99235798202499 15.7369275952422
      vertex 60.20000000298023 13.820918453420546 15.183301188031347
      vertex 59.19889096278012 13.098392026900187 15.945031125655468
    endloop
  endfacet
  facet normal 0.7053981618131153 -0.6251157418939581 0.33413132530046363
    outer loop
      vertex 59.19889096278012 13.098392026900187 15.945031125655468
      vertex 60.20000000298023 13.820918453420546 15.183301188031347
      vertex 60.20000000298023 14.023296178953093 15.561923281979968
    endloop
  endfacet
  facet normal 0.7053981618131157 -0.6782901060464803 0.2057570541928801
    outer loop
      vertex 59.19889096278012 13.098392026900187 15.945031125655468
      vertex 60.20000000298023 14.023296178953093 15.561923281979968
      vertex 59.215573856213 13.141267819554184 16.029179606750063
    endloop
  endfacet
  facet normal 0.7053981618131151 -0.6782901060464829 0.20575705419287404
    outer loop
      vertex 59.215573856213 13.141267819554184 16.029179606750063
      vertex 60.20000000298023 14.023296178953093 15.561923281979968
      vertex 60.20000000298023 14.147919767006043 15.972752194203267
    endloop
  endfacet
  facet normal 0.7053981618131128 -0.6782901060464795 0.20575705419289245
    outer loop
      vertex 59.215573856213 13.141267819554184 16.029179606750063
      vertex 60.20000000298023 14.147919767006043 15.972752194203267
      vertex 59.196140480037684 13.163349123311384 16.168595471793083
    endloop
  endfacet
  facet normal 0.7053981618131134 -0.7053981618131173 0.06947565488252619
    outer loop
      vertex 59.196140480037684 13.163349123311384 16.168595471793083
      vertex 60.20000000298023 14.147919767006043 15.972752194203267
      vertex 59.21 13.2 16.400000000000002
    endloop
  endfacet
  facet normal 0.705398161813115 -0.705398161813115 0.0694756548825352
    outer loop
      vertex 59.21 13.2 16.400000000000002
      vertex 60.20000000298023 14.147919767006043 15.972752194203267
      vertex 60.20000000298023 14.19000000298023 16.400000000000002
    endloop
  endfacet
  facet normal 0.7053981618131152 -0.7053981618131152 -0.06947565488252683
    outer loop
      vertex 59.21 13.2 16.400000000000002
      vertex 60.20000000298023 14.19000000298023 16.400000000000002
      vertex 59.196140480037684 13.163349123311384 16.631404528206918
    endloop
  endfacet
  facet normal 0.7053981618131132 -0.6782901060464793 -0.20575705419289253
    outer loop
      vertex 59.196140480037684 13.163349123311384 16.631404528206918
      vertex 60.20000000298023 14.147919767006043 16.827247805796738
      vertex 59.215573856213 13.141267819554184 16.770820393249938
    endloop
  endfacet
  facet normal 0.705398161813114 -0.7053981618131159 -0.06947565488253506
    outer loop
      vertex 59.196140480037684 13.163349123311384 16.631404528206918
      vertex 60.20000000298023 14.19000000298023 16.400000000000002
      vertex 60.20000000298023 14.147919767006043 16.827247805796738
    endloop
  endfacet
  facet normal 0.7053981618131157 -0.6782901060464803 -0.2057570541928801
    outer loop
      vertex 59.215573856213 13.141267819554184 16.770820393249938
      vertex 60.20000000298023 14.023296178953093 17.238076718020032
      vertex 59.19889096278012 13.098392026900187 16.854968874344532
    endloop
  endfacet
  facet normal 0.7053981618131161 -0.6251157418939668 -0.33413132530044554
    outer loop
      vertex 59.19889096278012 13.098392026900187 16.854968874344532
      vertex 60.20000000298023 14.023296178953093 17.238076718020032
      vertex 59.20349879699981 12.99235798202499 17.0630724047578
    endloop
  endfacet
  facet normal 0.7053981618131153 -0.6782901060464822 -0.20575705419287563
    outer loop
      vertex 59.215573856213 13.141267819554184 16.770820393249938
      vertex 60.20000000298023 14.147919767006043 16.827247805796738
      vertex 60.20000000298023 14.023296178953093 17.238076718020032
    endloop
  endfacet
  facet normal 0.7053981618131154 0.6251157418939595 -0.3341313253004612
    outer loop
      vertex 59.19889096278012 10.901607973099813 16.854968874344532
      vertex 60.20000000298023 10.179081546579454 17.616698811968657
      vertex 60.20000000298023 9.976703821046907 17.238076718020032
    endloop
  endfacet
  facet normal 0.7053981618131131 0.5479185303493983 -0.44966511695976213
    outer loop
      vertex 59.21371494870845 11.029179606750063 17.10534230275097
      vertex 60.20000000298023 10.45143614709412 17.94856385290588
      vertex 60.20000000298023 10.179081546579454 17.616698811968657
    endloop
  endfacet
  facet normal 0.7053981618131125 0.6251157418939702 -0.3341313253004472
    outer loop
      vertex 59.19889096278012 10.901607973099813 16.854968874344532
      vertex 59.20349879699981 11.00764201797501 17.0630724047578
      vertex 60.20000000298023 10.179081546579454 17.616698811968657
    endloop
  endfacet
  facet normal 0.7053981618131139 0.5479185303494051 -0.4496651169597524
    outer loop
      vertex 59.20349879699981 11.00764201797501 17.0630724047578
      vertex 59.21371494870845 11.029179606750063 17.10534230275097
      vertex 60.20000000298023 10.179081546579454 17.616698811968657
    endloop
  endfacet
  facet normal 0.7053981618131153 0.5479185303493879 -0.44966511695977174
    outer loop
      vertex 59.21371494870845 11.029179606750063 17.10534230275097
      vertex 59.195226008714165 11.161918651999548 17.238081348000453
      vertex 60.20000000298023 10.45143614709412 17.94856385290588
    endloop
  endfacet
  facet normal 0.7053981618131152 0.4496651169597724 -0.5479185303493873
    outer loop
      vertex 59.195226008714165 11.161918651999548 17.238081348000453
      vertex 59.21371494870845 11.294657697249033 17.37082039324994
      vertex 60.20000000298023 10.45143614709412 17.94856385290588
    endloop
  endfacet
  facet normal 0.7053981618131137 0.4496651169597497 -0.5479185303494079
    outer loop
      vertex 59.21371494870845 11.294657697249033 17.37082039324994
      vertex 59.20349879699981 11.3369275952422 17.39235798202499
      vertex 60.20000000298023 10.783301188031343 18.220918453420545
    endloop
  endfacet
  facet normal 0.7053981618131157 0.3341313253004458 -0.6251157418939672
    outer loop
      vertex 59.20349879699981 11.3369275952422 17.39235798202499
      vertex 59.19889096278012 11.545031125655468 17.498392026900188
      vertex 60.20000000298023 11.161923281979968 18.42329617895309
    endloop
  endfacet
  facet normal 0.7053981618131151 -0.5479185303493878 -0.4496651169597717
    outer loop
      vertex 59.21371494870845 12.970820393249937 17.10534230275097
      vertex 60.20000000298023 13.54856385290588 17.94856385290588
      vertex 59.195226008714165 12.838081348000452 17.238081348000453
    endloop
  endfacet
  facet normal 0.7053981618131152 -0.44966511695977235 -0.5479185303493873
    outer loop
      vertex 59.195226008714165 12.838081348000452 17.238081348000453
      vertex 60.20000000298023 13.54856385290588 17.94856385290588
      vertex 59.21371494870845 12.705342302750967 17.37082039324994
    endloop
  endfacet
  facet normal 0.7053981618131137 -0.4496651169597497 -0.5479185303494079
    outer loop
      vertex 59.20349879699981 12.6630724047578 17.39235798202499
      vertex 59.21371494870845 12.705342302750967 17.37082039324994
      vertex 60.20000000298023 13.216698811968657 18.220918453420545
    endloop
  endfacet
  facet normal 0.705398161813112 -0.3341313253004475 -0.6251157418939708
    outer loop
      vertex 59.19889096278012 12.454968874344532 17.498392026900188
      vertex 59.20349879699981 12.6630724047578 17.39235798202499
      vertex 60.20000000298023 13.216698811968657 18.220918453420545
    endloop
  endfacet
  facet normal 0.7053981618131158 0.2057570541928925 -0.6782901060464767
    outer loop
      vertex 59.19889096278012 11.545031125655468 17.498392026900188
      vertex 59.215573856213 11.629179606750062 17.541267819554186
      vertex 60.20000000298023 11.161923281979968 18.42329617895309
    endloop
  endfacet
  facet normal 0.7053981618131124 0.20575705419289253 -0.6782901060464801
    outer loop
      vertex 59.215573856213 11.629179606750062 17.541267819554186
      vertex 59.196140480037684 11.768595471793082 17.563349123311387
      vertex 60.20000000298023 11.572752194203265 18.547919767006043
    endloop
  endfacet
  facet normal 0.7053981618131153 0.0694756548825263 -0.7053981618131154
    outer loop
      vertex 59.196140480037684 11.768595471793082 17.563349123311387
      vertex 59.21 12 17.6
      vertex 60.20000000298023 12 18.590000002980233
    endloop
  endfacet
  facet normal 0.7053981618131128 0.4496651169597606 -0.5479185303494001
    outer loop
      vertex 59.21371494870845 11.294657697249033 17.37082039324994
      vertex 60.20000000298023 10.783301188031343 18.220918453420545
      vertex 60.20000000298023 10.45143614709412 17.94856385290588
    endloop
  endfacet
  facet normal 0.7053981618131128 0.3341313253004625 -0.6251157418939617
    outer loop
      vertex 59.20349879699981 11.3369275952422 17.39235798202499
      vertex 60.20000000298023 11.161923281979968 18.42329617895309
      vertex 60.20000000298023 10.783301188031343 18.220918453420545
    endloop
  endfacet
  facet normal 0.7053981618131142 0.20575705419287788 -0.6782901060464827
    outer loop
      vertex 59.215573856213 11.629179606750062 17.541267819554186
      vertex 60.20000000298023 11.572752194203265 18.547919767006043
      vertex 60.20000000298023 11.161923281979968 18.42329617895309
    endloop
  endfacet
  facet normal 0.7053981618131134 0.06947565488253811 -0.7053981618131161
    outer loop
      vertex 59.196140480037684 11.768595471793082 17.563349123311387
      vertex 60.20000000298023 12 18.590000002980233
      vertex 60.20000000298023 11.572752194203265 18.547919767006043
    endloop
  endfacet
  facet normal 0.7053981618131128 -0.06947565488252683 -0.7053981618131178
    outer loop
      vertex 59.21 12 17.6
      vertex 59.196140480037684 12.231404528206918 17.563349123311387
      vertex 60.20000000298023 12.427247805796735 18.547919767006043
    endloop
  endfacet
  facet normal 0.7053981618131124 -0.2057570541928925 -0.6782901060464801
    outer loop
      vertex 59.196140480037684 12.231404528206918 17.563349123311387
      vertex 59.215573856213 12.370820393249938 17.541267819554186
      vertex 60.20000000298023 12.427247805796735 18.547919767006043
    endloop
  endfacet
  facet normal 0.7053981618131158 -0.20575705419289247 -0.6782901060464764
    outer loop
      vertex 59.19889096278012 12.454968874344532 17.498392026900188
      vertex 60.20000000298023 12.838076718020032 18.42329617895309
      vertex 59.215573856213 12.370820393249938 17.541267819554186
    endloop
  endfacet
  facet normal 0.7053981618131128 -0.44966511695976075 -0.5479185303494001
    outer loop
      vertex 59.21371494870845 12.705342302750967 17.37082039324994
      vertex 60.20000000298023 13.54856385290588 17.94856385290588
      vertex 60.20000000298023 13.216698811968657 18.220918453420545
    endloop
  endfacet
  facet normal 0.7053981618131149 -0.3341313253004615 -0.6251157418939599
    outer loop
      vertex 59.19889096278012 12.454968874344532 17.498392026900188
      vertex 60.20000000298023 13.216698811968657 18.220918453420545
      vertex 60.20000000298023 12.838076718020032 18.42329617895309
    endloop
  endfacet
  facet normal 0.7053981618131147 -0.06947565488253796 -0.7053981618131147
    outer loop
      vertex 59.21 12 17.6
      vertex 60.20000000298023 12.427247805796735 18.547919767006043
      vertex 60.20000000298023 12 18.590000002980233
    endloop
  endfacet
  facet normal 0.7053981618131142 -0.20575705419287793 -0.6782901060464825
    outer loop
      vertex 59.215573856213 12.370820393249938 17.541267819554186
      vertex 60.20000000298023 12.838076718020032 18.42329617895309
      vertex 60.20000000298023 12.427247805796735 18.547919767006043
    endloop
  endfacet
  facet normal 0.7053981618131139 -0.5479185303494051 -0.4496651169597524
    outer loop
      vertex 59.20349879699981 12.99235798202499 17.0630724047578
      vertex 60.20000000298023 13.820918453420546 17.616698811968657
      vertex 59.21371494870845 12.970820393249937 17.10534230275097
    endloop
  endfacet
  facet normal 0.7053981618131133 -0.6251157418939612 -0.33413132530046213
    outer loop
      vertex 59.20349879699981 12.99235798202499 17.0630724047578
      vertex 60.20000000298023 14.023296178953093 17.238076718020032
      vertex 60.20000000298023 13.820918453420546 17.616698811968657
    endloop
  endfacet
  facet normal 0.7053981618131131 -0.5479185303493984 -0.449665116959762
    outer loop
      vertex 59.21371494870845 12.970820393249937 17.10534230275097
      vertex 60.20000000298023 13.820918453420546 17.616698811968657
      vertex 60.20000000298023 13.54856385290588 17.94856385290588
    endloop
  endfacet
  facet normal -0.7053981618131133 0.4496651169597602 0.5479185303493996
    outer loop
      vertex -1.2137149487084524 57.29465769724903 15.429179606750065
      vertex -2.2000000029802322 56.783301188031345 14.579081546579456
      vertex -2.2000000029802322 56.45143614709412 14.85143614709412
    endloop
  endfacet
  facet normal -0.7053981618131147 0.5479185303493959 0.44966511695976297
    outer loop
      vertex -1.2137149487084524 57.02917960675006 15.694657697249035
      vertex -2.2000000029802322 56.45143614709412 14.85143614709412
      vertex -2.2000000029802322 56.179081546579454 15.183301188031344
    endloop
  endfacet
  facet normal -0.7053981618131159 0.6251157418939566 0.3341313253004655
    outer loop
      vertex -1.1988909627801163 56.901607973099814 15.945031125655468
      vertex -2.2000000029802322 56.179081546579454 15.183301188031344
      vertex -2.2000000029802322 55.976703821046904 15.561923281979968
    endloop
  endfacet
  facet normal -0.7053981618131143 0.5479185303493975 0.4496651169597614
    outer loop
      vertex -1.2137149487084524 57.02917960675006 15.694657697249035
      vertex -1.1952260087141648 57.16191865199955 15.561918651999548
      vertex -2.2000000029802322 56.45143614709412 14.85143614709412
    endloop
  endfacet
  facet normal -0.7053981618131122 0.5479185303493761 0.4496651169597907
    outer loop
      vertex -1.2137149487084524 57.02917960675006 15.694657697249035
      vertex -2.2000000029802322 56.179081546579454 15.183301188031344
      vertex -1.2034987969998128 57.00764201797501 15.7369275952422
    endloop
  endfacet
  facet normal -0.7053981618131132 0.6251157418939656 0.3341313253004538
    outer loop
      vertex -1.2034987969998128 57.00764201797501 15.7369275952422
      vertex -2.2000000029802322 56.179081546579454 15.183301188031344
      vertex -1.1988909627801163 56.901607973099814 15.945031125655468
    endloop
  endfacet
  facet normal -0.7053981618131152 0.06947565488253857 0.7053981618131143
    outer loop
      vertex -1.1961404800376856 57.768595471793084 15.236650876688618
      vertex -2.2000000029802322 58 14.209999997019768
      vertex -2.2000000029802322 57.57275219420327 14.252080232993958
    endloop
  endfacet
  facet normal -0.7053981618131157 -0.06947565488253854 0.7053981618131139
    outer loop
      vertex -1.2099999999999997 58 15.200000000000003
      vertex -2.2000000029802322 58.42724780579673 14.252080232993958
      vertex -2.2000000029802322 58 14.209999997019768
    endloop
  endfacet
  facet normal -0.7053981618131147 0.20575705419287854 0.6782901060464821
    outer loop
      vertex -1.2155738562129967 57.629179606750064 15.258732180445818
      vertex -2.2000000029802322 57.57275219420327 14.252080232993958
      vertex -2.2000000029802322 57.16192328197997 14.37670382104691
    endloop
  endfacet
  facet normal -0.7053981618131137 0.3341313253004595 0.6251157418939621
    outer loop
      vertex -1.203498796999813 57.3369275952422 15.40764201797501
      vertex -2.2000000029802322 57.16192328197997 14.37670382104691
      vertex -2.2000000029802322 56.783301188031345 14.579081546579456
    endloop
  endfacet
  facet normal -0.7053981618131148 0.20575705419287743 0.6782901060464822
    outer loop
      vertex -1.2155738562129967 57.629179606750064 15.258732180445818
      vertex -1.1961404800376856 57.768595471793084 15.236650876688618
      vertex -2.2000000029802322 57.57275219420327 14.252080232993958
    endloop
  endfacet
  facet normal -0.7053981618131158 0.06947565488253471 0.705398161813114
    outer loop
      vertex -1.1961404800376856 57.768595471793084 15.236650876688618
      vertex -1.2099999999999997 58 15.200000000000003
      vertex -2.2000000029802322 58 14.209999997019768
    endloop
  endfacet
  facet normal -0.705398161813115 -0.06947565488253489 0.7053981618131148
    outer loop
      vertex -1.2099999999999997 58 15.200000000000003
      vertex -1.1961404800376856 58.231404528206916 15.236650876688618
      vertex -2.2000000029802322 58.42724780579673 14.252080232993958
    endloop
  endfacet
  facet normal -0.7053981618131147 -0.2057570541928785 0.6782901060464821
    outer loop
      vertex -1.2155738562129967 58.370820393249936 15.258732180445818
      vertex -2.2000000029802322 58.83807671802003 14.37670382104691
      vertex -2.2000000029802322 58.42724780579673 14.252080232993958
    endloop
  endfacet
  facet normal -0.7053981618131132 -0.3341313253004597 0.6251157418939625
    outer loop
      vertex -1.1988909627801163 58.45496887434453 15.301607973099813
      vertex -2.2000000029802322 59.216698811968655 14.579081546579456
      vertex -2.2000000029802322 58.83807671802003 14.37670382104691
    endloop
  endfacet
  facet normal -0.7053981618131133 -0.4496651169597603 0.5479185303493996
    outer loop
      vertex -1.2137149487084524 58.70534230275097 15.429179606750065
      vertex -2.2000000029802322 59.54856385290588 14.85143614709412
      vertex -2.2000000029802322 59.216698811968655 14.579081546579456
    endloop
  endfacet
  facet normal -0.7053981618131148 -0.20575705419287743 0.6782901060464822
    outer loop
      vertex -1.1961404800376856 58.231404528206916 15.236650876688618
      vertex -1.2155738562129967 58.370820393249936 15.258732180445818
      vertex -2.2000000029802322 58.42724780579673 14.252080232993958
    endloop
  endfacet
  facet normal -0.7053981618131158 0.44966511695973377 0.5479185303494183
    outer loop
      vertex -1.203498796999813 57.3369275952422 15.40764201797501
      vertex -2.2000000029802322 56.783301188031345 14.579081546579456
      vertex -1.2137149487084524 57.29465769724903 15.429179606750065
    endloop
  endfacet
  facet normal -0.7053981618131132 0.33413132530046286 0.6251157418939611
    outer loop
      vertex -1.203498796999813 57.3369275952422 15.40764201797501
      vertex -1.1988909627801163 57.54503112565547 15.301607973099813
      vertex -2.2000000029802322 57.16192328197997 14.37670382104691
    endloop
  endfacet
  facet normal -0.7053981618131127 0.20575705419285997 0.6782901060464896
    outer loop
      vertex -1.1988909627801163 57.54503112565547 15.301607973099813
      vertex -1.2155738562129967 57.629179606750064 15.258732180445818
      vertex -2.2000000029802322 57.16192328197997 14.37670382104691
    endloop
  endfacet
  facet normal -0.7053981618131145 0.4496651169597663 0.547918530349393
    outer loop
      vertex -1.2137149487084524 57.29465769724903 15.429179606750065
      vertex -2.2000000029802322 56.45143614709412 14.85143614709412
      vertex -1.1952260087141648 57.16191865199955 15.561918651999548
    endloop
  endfacet
  facet normal -0.7053981618131147 -0.5479185303493959 0.44966511695976297
    outer loop
      vertex -1.2137149487084524 58.97082039324994 15.694657697249035
      vertex -2.2000000029802322 59.820918453420546 15.183301188031344
      vertex -2.2000000029802322 59.54856385290588 14.85143614709412
    endloop
  endfacet
  facet normal -0.7053981618131125 -0.20575705419285995 0.6782901060464896
    outer loop
      vertex -1.2155738562129967 58.370820393249936 15.258732180445818
      vertex -1.1988909627801163 58.45496887434453 15.301607973099813
      vertex -2.2000000029802322 58.83807671802003 14.37670382104691
    endloop
  endfacet
  facet normal -0.7053981618131139 -0.3341313253004625 0.6251157418939604
    outer loop
      vertex -1.1988909627801163 58.45496887434453 15.301607973099813
      vertex -1.203498796999813 58.6630724047578 15.40764201797501
      vertex -2.2000000029802322 59.216698811968655 14.579081546579456
    endloop
  endfacet
  facet normal -0.7053981618131158 -0.44966511695973377 0.5479185303494184
    outer loop
      vertex -1.203498796999813 58.6630724047578 15.40764201797501
      vertex -1.2137149487084524 58.70534230275097 15.429179606750065
      vertex -2.2000000029802322 59.216698811968655 14.579081546579456
    endloop
  endfacet
  facet normal -0.7053981618131147 -0.44966511695976624 0.5479185303493929
    outer loop
      vertex -1.2137149487084524 58.70534230275097 15.429179606750065
      vertex -1.1952260087141648 58.83808134800045 15.561918651999548
      vertex -2.2000000029802322 59.54856385290588 14.85143614709412
    endloop
  endfacet
  facet normal -0.7053981618131143 -0.5479185303493975 0.4496651169597614
    outer loop
      vertex -1.1952260087141648 58.83808134800045 15.561918651999548
      vertex -1.2137149487084524 58.97082039324994 15.694657697249035
      vertex -2.2000000029802322 59.54856385290588 14.85143614709412
    endloop
  endfacet
  facet normal -0.7053981618131122 -0.5479185303493762 0.4496651169597907
    outer loop
      vertex -1.2137149487084524 58.97082039324994 15.694657697249035
      vertex -1.2034987969998128 58.99235798202499 15.7369275952422
      vertex -2.2000000029802322 59.820918453420546 15.183301188031344
    endloop
  endfacet
  facet normal -0.7053981618131142 0.6782901060464845 0.20575705419287163
    outer loop
      vertex -1.2155738562129967 56.85873218044581 16.029179606750063
      vertex -2.2000000029802322 55.976703821046904 15.561923281979968
      vertex -2.2000000029802322 55.852080232993956 15.972752194203267
    endloop
  endfacet
  facet normal -0.7053981618131179 0.6782901060464702 0.20575705419290627
    outer loop
      vertex -1.2155738562129967 56.85873218044581 16.029179606750063
      vertex -1.1988909627801163 56.901607973099814 15.945031125655468
      vertex -2.2000000029802322 55.976703821046904 15.561923281979968
    endloop
  endfacet
  facet normal -0.7053981618131144 0.7053981618131152 0.06947565488253808
    outer loop
      vertex -1.2099999999999997 56.8 16.400000000000002
      vertex -2.2000000029802322 55.852080232993956 15.972752194203267
      vertex -2.2000000029802322 55.809999997019766 16.400000000000002
    endloop
  endfacet
  facet normal -0.7053981618131154 0.6782901060464863 0.20575705419286092
    outer loop
      vertex -1.2155738562129967 56.85873218044581 16.029179606750063
      vertex -2.2000000029802322 55.852080232993956 15.972752194203267
      vertex -1.1961404800376856 56.836650876688616 16.168595471793083
    endloop
  endfacet
  facet normal -0.7053981618131155 0.7053981618131134 0.06947565488254441
    outer loop
      vertex -1.1961404800376856 56.836650876688616 16.168595471793083
      vertex -2.2000000029802322 55.852080232993956 15.972752194203267
      vertex -1.2099999999999997 56.8 16.400000000000002
    endloop
  endfacet
  facet normal -0.7053981618131153 0.7053981618131142 -0.06947565488253787
    outer loop
      vertex -1.1961404800376856 56.836650876688616 16.631404528206918
      vertex -2.2000000029802322 55.809999997019766 16.400000000000002
      vertex -2.2000000029802322 55.852080232993956 16.827247805796738
    endloop
  endfacet
  facet normal -0.705398161813114 0.7053981618131148 -0.06947565488254577
    outer loop
      vertex -1.2099999999999997 56.8 16.400000000000002
      vertex -2.2000000029802322 55.809999997019766 16.400000000000002
      vertex -1.1961404800376856 56.836650876688616 16.631404528206918
    endloop
  endfacet
  facet normal -0.7053981618131159 0.678290106046486 -0.20575705419286092
    outer loop
      vertex -1.1961404800376856 56.836650876688616 16.631404528206918
      vertex -2.2000000029802322 55.852080232993956 16.827247805796738
      vertex -1.2155738562129967 56.85873218044581 16.770820393249938
    endloop
  endfacet
  facet normal -0.7053981618131144 0.6782901060464839 -0.20575705419287327
    outer loop
      vertex -1.2155738562129967 56.85873218044581 16.770820393249938
      vertex -2.2000000029802322 55.852080232993956 16.827247805796738
      vertex -2.2000000029802322 55.976703821046904 17.238076718020032
    endloop
  endfacet
  facet normal -0.7053981618131179 0.6782901060464702 -0.20575705419290627
    outer loop
      vertex -1.2155738562129967 56.85873218044581 16.770820393249938
      vertex -2.2000000029802322 55.976703821046904 17.238076718020032
      vertex -1.1988909627801163 56.901607973099814 16.854968874344532
    endloop
  endfacet
  facet normal -0.7053981618131164 0.6251157418939629 -0.3341313253004525
    outer loop
      vertex -1.1988909627801163 56.901607973099814 16.854968874344532
      vertex -2.2000000029802322 55.976703821046904 17.238076718020032
      vertex -1.2034987969998128 57.00764201797501 17.0630724047578
    endloop
  endfacet
  facet normal -0.7053981618131165 -0.6251157418939628 0.3341313253004525
    outer loop
      vertex -1.2034987969998128 58.99235798202499 15.7369275952422
      vertex -1.1988909627801163 59.098392026900186 15.945031125655468
      vertex -2.2000000029802322 60.023296178953096 15.561923281979968
    endloop
  endfacet
  facet normal -0.705398161813118 -0.6782901060464702 0.20575705419290627
    outer loop
      vertex -1.1988909627801163 59.098392026900186 15.945031125655468
      vertex -1.2155738562129967 59.14126781955419 16.029179606750063
      vertex -2.2000000029802322 60.023296178953096 15.561923281979968
    endloop
  endfacet
  facet normal -0.7053981618131154 -0.6782901060464863 0.20575705419286092
    outer loop
      vertex -1.2155738562129967 59.14126781955419 16.029179606750063
      vertex -1.1961404800376856 59.163349123311384 16.168595471793083
      vertex -2.2000000029802322 60.147919767006044 15.972752194203267
    endloop
  endfacet
  facet normal -0.705398161813114 -0.7053981618131148 0.0694756548825447
    outer loop
      vertex -1.1961404800376856 59.163349123311384 16.168595471793083
      vertex -1.2099999999999997 59.2 16.400000000000002
      vertex -2.2000000029802322 60.190000002980234 16.400000000000002
    endloop
  endfacet
  facet normal -0.7053981618131157 -0.7053981618131132 -0.06947565488254544
    outer loop
      vertex -1.2099999999999997 59.2 16.400000000000002
      vertex -1.1961404800376856 59.163349123311384 16.631404528206918
      vertex -2.2000000029802322 60.147919767006044 16.827247805796738
    endloop
  endfacet
  facet normal -0.7053981618131159 -0.678290106046486 -0.20575705419286092
    outer loop
      vertex -1.1961404800376856 59.163349123311384 16.631404528206918
      vertex -1.2155738562129967 59.14126781955419 16.770820393249938
      vertex -2.2000000029802322 60.147919767006044 16.827247805796738
    endloop
  endfacet
  facet normal -0.705398161813118 -0.6782901060464702 -0.2057570541929063
    outer loop
      vertex -1.1988909627801163 59.098392026900186 16.854968874344532
      vertex -2.2000000029802322 60.023296178953096 17.238076718020032
      vertex -1.2155738562129967 59.14126781955419 16.770820393249938
    endloop
  endfacet
  facet normal -0.7053981618131141 0.625115741893958 -0.3341313253004665
    outer loop
      vertex -1.2034987969998128 57.00764201797501 17.0630724047578
      vertex -2.2000000029802322 55.976703821046904 17.238076718020032
      vertex -2.2000000029802322 56.179081546579454 17.616698811968657
    endloop
  endfacet
  facet normal -0.7053981618131139 0.5479185303493963 -0.44966511695976363
    outer loop
      vertex -1.2034987969998128 57.00764201797501 17.0630724047578
      vertex -2.2000000029802322 56.179081546579454 17.616698811968657
      vertex -1.2137149487084524 57.02917960675006 17.10534230275097
    endloop
  endfacet
  facet normal -0.7053981618131155 0.5479185303493912 -0.44966511695976696
    outer loop
      vertex -1.2137149487084524 57.02917960675006 17.10534230275097
      vertex -2.2000000029802322 56.45143614709412 17.948563852905885
      vertex -1.1952260087141648 57.16191865199955 17.238081348000453
    endloop
  endfacet
  facet normal -0.705398161813114 0.5479185303493985 -0.44966511695976036
    outer loop
      vertex -1.2137149487084524 57.02917960675006 17.10534230275097
      vertex -2.2000000029802322 56.179081546579454 17.616698811968657
      vertex -2.2000000029802322 56.45143614709412 17.948563852905885
    endloop
  endfacet
  facet normal -0.7053981618131133 0.4496651169597603 -0.5479185303493996
    outer loop
      vertex -1.2137149487084524 57.29465769724903 17.37082039324994
      vertex -2.2000000029802322 56.45143614709412 17.948563852905885
      vertex -2.2000000029802322 56.783301188031345 18.22091845342055
    endloop
  endfacet
  facet normal -0.705398161813116 0.44966511695977307 -0.5479185303493853
    outer loop
      vertex -1.1952260087141648 57.16191865199955 17.238081348000453
      vertex -2.2000000029802322 56.45143614709412 17.948563852905885
      vertex -1.2137149487084524 57.29465769724903 17.37082039324994
    endloop
  endfacet
  facet normal -0.7053981618131187 0.4496651169597004 -0.5479185303494418
    outer loop
      vertex -1.2137149487084524 57.29465769724903 17.37082039324994
      vertex -2.2000000029802322 56.783301188031345 18.22091845342055
      vertex -1.203498796999813 57.3369275952422 17.39235798202499
    endloop
  endfacet
  facet normal -0.705398161813115 0.33413132530046197 -0.6251157418939592
    outer loop
      vertex -1.203498796999813 57.3369275952422 17.39235798202499
      vertex -2.2000000029802322 56.783301188031345 18.22091845342055
      vertex -1.1988909627801163 57.54503112565547 17.498392026900188
    endloop
  endfacet
  facet normal -0.7053981618131132 -0.6251157418939656 -0.3341313253004538
    outer loop
      vertex -1.1988909627801163 59.098392026900186 16.854968874344532
      vertex -1.2034987969998128 58.99235798202499 17.0630724047578
      vertex -2.2000000029802322 59.820918453420546 17.616698811968657
    endloop
  endfacet
  facet normal -0.7053981618131139 -0.5479185303493963 -0.44966511695976363
    outer loop
      vertex -1.2034987969998128 58.99235798202499 17.0630724047578
      vertex -1.2137149487084524 58.97082039324994 17.10534230275097
      vertex -2.2000000029802322 59.820918453420546 17.616698811968657
    endloop
  endfacet
  facet normal -0.7053981618131154 -0.5479185303493912 -0.44966511695976696
    outer loop
      vertex -1.1952260087141648 58.83808134800045 17.238081348000453
      vertex -2.2000000029802322 59.54856385290588 17.948563852905885
      vertex -1.2137149487084524 58.97082039324994 17.10534230275097
    endloop
  endfacet
  facet normal -0.7053981618131141 -0.5479185303493985 -0.44966511695976047
    outer loop
      vertex -1.2137149487084524 58.97082039324994 17.10534230275097
      vertex -2.2000000029802322 59.54856385290588 17.948563852905885
      vertex -2.2000000029802322 59.820918453420546 17.616698811968657
    endloop
  endfacet
  facet normal -0.7053981618131187 -0.4496651169597004 -0.5479185303494418
    outer loop
      vertex -1.2137149487084524 58.70534230275097 17.37082039324994
      vertex -1.203498796999813 58.6630724047578 17.39235798202499
      vertex -2.2000000029802322 59.216698811968655 18.22091845342055
    endloop
  endfacet
  facet normal -0.7053981618131143 -0.3341313253004624 -0.6251157418939601
    outer loop
      vertex -1.1988909627801163 58.45496887434453 17.498392026900188
      vertex -2.2000000029802322 58.83807671802003 18.423296178953095
      vertex -1.203498796999813 58.6630724047578 17.39235798202499
    endloop
  endfacet
  facet normal -0.7053981618131161 -0.44966511695977324 -0.5479185303493854
    outer loop
      vertex -1.1952260087141648 58.83808134800045 17.238081348000453
      vertex -1.2137149487084524 58.70534230275097 17.37082039324994
      vertex -2.2000000029802322 59.54856385290588 17.948563852905885
    endloop
  endfacet
  facet normal -0.7053981618131144 0.3341313253004592 -0.6251157418939616
    outer loop
      vertex -1.1988909627801163 57.54503112565547 17.498392026900188
      vertex -2.2000000029802322 56.783301188031345 18.22091845342055
      vertex -2.2000000029802322 57.16192328197997 18.423296178953095
    endloop
  endfacet
  facet normal -0.705398161813115 0.20575705419288318 -0.67829010604648
    outer loop
      vertex -1.1988909627801163 57.54503112565547 17.498392026900188
      vertex -2.2000000029802322 57.16192328197997 18.423296178953095
      vertex -1.2155738562129967 57.629179606750064 17.541267819554186
    endloop
  endfacet
  facet normal -0.7053981618131134 0.2057570541928775 -0.6782901060464835
    outer loop
      vertex -1.2155738562129967 57.629179606750064 17.541267819554186
      vertex -2.2000000029802322 57.57275219420327 18.547919767006043
      vertex -1.1961404800376856 57.768595471793084 17.563349123311387
    endloop
  endfacet
  facet normal -0.7053981618131138 0.06947565488253517 -0.7053981618131161
    outer loop
      vertex -1.1961404800376856 57.768595471793084 17.563349123311387
      vertex -2.2000000029802322 57.57275219420327 18.547919767006043
      vertex -1.2099999999999997 58 17.6
    endloop
  endfacet
  facet normal -0.7053981618131145 -0.069475654882535 -0.7053981618131153
    outer loop
      vertex -1.2099999999999997 58 17.6
      vertex -2.2000000029802322 58 18.590000002980233
      vertex -1.1961404800376856 58.231404528206916 17.563349123311387
    endloop
  endfacet
  facet normal -0.7053981618131141 0.2057570541928734 -0.6782901060464842
    outer loop
      vertex -1.2155738562129967 57.629179606750064 17.541267819554186
      vertex -2.2000000029802322 57.16192328197997 18.423296178953095
      vertex -2.2000000029802322 57.57275219420327 18.547919767006043
    endloop
  endfacet
  facet normal -0.7053981618131144 0.0694756548825386 -0.7053981618131152
    outer loop
      vertex -1.2099999999999997 58 17.6
      vertex -2.2000000029802322 57.57275219420327 18.547919767006043
      vertex -2.2000000029802322 58 18.590000002980233
    endloop
  endfacet
  facet normal -0.7053981618131139 -0.06947565488253866 -0.7053981618131155
    outer loop
      vertex -1.1961404800376856 58.231404528206916 17.563349123311387
      vertex -2.2000000029802322 58 18.590000002980233
      vertex -2.2000000029802322 58.42724780579673 18.547919767006043
    endloop
  endfacet
  facet normal -0.7053981618131133 -0.4496651169597602 -0.5479185303493996
    outer loop
      vertex -1.2137149487084524 58.70534230275097 17.37082039324994
      vertex -2.2000000029802322 59.216698811968655 18.22091845342055
      vertex -2.2000000029802322 59.54856385290588 17.948563852905885
    endloop
  endfacet
  facet normal -0.7053981618131149 -0.33413132530045897 -0.6251157418939611
    outer loop
      vertex -1.203498796999813 58.6630724047578 17.39235798202499
      vertex -2.2000000029802322 58.83807671802003 18.423296178953095
      vertex -2.2000000029802322 59.216698811968655 18.22091845342055
    endloop
  endfacet
  facet normal -0.7053981618131134 -0.2057570541928775 -0.6782901060464835
    outer loop
      vertex -1.1961404800376856 58.231404528206916 17.563349123311387
      vertex -2.2000000029802322 58.42724780579673 18.547919767006043
      vertex -1.2155738562129967 58.370820393249936 17.541267819554186
    endloop
  endfacet
  facet normal -0.705398161813115 -0.2057570541928832 -0.67829010604648
    outer loop
      vertex -1.1988909627801163 58.45496887434453 17.498392026900188
      vertex -1.2155738562129967 58.370820393249936 17.541267819554186
      vertex -2.2000000029802322 58.83807671802003 18.423296178953095
    endloop
  endfacet
  facet normal -0.7053981618131141 -0.20575705419287332 -0.6782901060464842
    outer loop
      vertex -1.2155738562129967 58.370820393249936 17.541267819554186
      vertex -2.2000000029802322 58.42724780579673 18.547919767006043
      vertex -2.2000000029802322 58.83807671802003 18.423296178953095
    endloop
  endfacet
  facet normal -0.7053981618131141 -0.625115741893958 0.3341313253004665
    outer loop
      vertex -1.2034987969998128 58.99235798202499 15.7369275952422
      vertex -2.2000000029802322 60.023296178953096 15.561923281979968
      vertex -2.2000000029802322 59.820918453420546 15.183301188031344
    endloop
  endfacet
  facet normal -0.7053981618131142 -0.6782901060464844 0.20575705419287169
    outer loop
      vertex -1.2155738562129967 59.14126781955419 16.029179606750063
      vertex -2.2000000029802322 60.147919767006044 15.972752194203267
      vertex -2.2000000029802322 60.023296178953096 15.561923281979968
    endloop
  endfacet
  facet normal -0.7053981618131151 -0.7053981618131144 0.06947565488253789
    outer loop
      vertex -1.1961404800376856 59.163349123311384 16.168595471793083
      vertex -2.2000000029802322 60.190000002980234 16.400000000000002
      vertex -2.2000000029802322 60.147919767006044 15.972752194203267
    endloop
  endfacet
  facet normal -0.7053981618131144 -0.7053981618131152 -0.06947565488253808
    outer loop
      vertex -1.2099999999999997 59.2 16.400000000000002
      vertex -2.2000000029802322 60.147919767006044 16.827247805796738
      vertex -2.2000000029802322 60.190000002980234 16.400000000000002
    endloop
  endfacet
  facet normal -0.7053981618131144 -0.6782901060464839 -0.2057570541928732
    outer loop
      vertex -1.2155738562129967 59.14126781955419 16.770820393249938
      vertex -2.2000000029802322 60.023296178953096 17.238076718020032
      vertex -2.2000000029802322 60.147919767006044 16.827247805796738
    endloop
  endfacet
  facet normal -0.7053981618131159 -0.6251157418939566 -0.3341313253004655
    outer loop
      vertex -1.1988909627801163 59.098392026900186 16.854968874344532
      vertex -2.2000000029802322 59.820918453420546 17.616698811968657
      vertex -2.2000000029802322 60.023296178953096 17.238076718020032
    endloop
  endfacet
  facet normal 0.5224985647159496 -5.3411855025989175e-18 0.8526401643540918
    outer loop
      vertex 18.5171811123914 77.9 16.75040653093779
      vertex 19.253052251432493 77.9 16.29946411696398
      vertex 19.253052251432493 80.10000000298024 16.29946411696398
    endloop
  endfacet
  facet normal 0.6494480483301845 -5.573497864023045e-18 0.7604059656000303
    outer loop
      vertex 17.86091270347399 77.9 17.310912703473992
      vertex 18.5171811123914 77.9 16.75040653093779
      vertex 18.5171811123914 80.10000000298024 16.75040653093779
    endloop
  endfacet
  facet normal 0.5224985647159496 0 0.8526401643540918
    outer loop
      vertex 18.5171811123914 77.9 16.75040653093779
      vertex 19.253052251432493 80.10000000298024 16.29946411696398
      vertex 18.5171811123914 80.10000000298024 16.75040653093779
    endloop
  endfacet
  facet normal 0.38268343236508934 -1.1690350555715724e-17 0.9238795325112868
    outer loop
      vertex 19.253052251432493 77.9 16.29946411696398
      vertex 20.05040653093779 77.9 15.969189160376658
      vertex 20.05040653093779 80.10000000298024 15.969189160376658
    endloop
  endfacet
  facet normal 0.38268343236508934 0 0.9238795325112868
    outer loop
      vertex 19.253052251432493 80.10000000298024 16.29946411696398
      vertex 19.253052251432493 77.9 16.29946411696398
      vertex 20.05040653093779 80.10000000298024 15.969189160376658
    endloop
  endfacet
  facet normal 0.2334453638559058 -5.6657735003850236e-18 0.9723699203976766
    outer loop
      vertex 20.05040653093779 77.9 15.969189160376658
      vertex 20.88961044227873 77.9 15.767714126726744
      vertex 20.88961044227873 80.10000000298024 15.767714126726744
    endloop
  endfacet
  facet normal 0.2334453638559058 0 0.9723699203976766
    outer loop
      vertex 20.05040653093779 77.9 15.969189160376658
      vertex 20.88961044227873 80.10000000298024 15.767714126726744
      vertex 20.05040653093779 80.10000000298024 15.969189160376658
    endloop
  endfacet
  facet normal 0.0784590957278439 0 0.9969173337331281
    outer loop
      vertex 20.88961044227873 77.9 15.767714126726744
      vertex 21.75 80.10000000298024 15.700000000000003
      vertex 20.88961044227873 80.10000000298024 15.767714126726744
    endloop
  endfacet
  facet normal 0.0784590957278439 8.809666038588574e-19 0.9969173337331281
    outer loop
      vertex 20.88961044227873 77.9 15.767714126726744
      vertex 21.75 77.9 15.700000000000003
      vertex 21.75 80.10000000298024 15.700000000000003
    endloop
  endfacet
  facet normal -0.0784590957278439 0 0.9969173337331281
    outer loop
      vertex 21.75 77.9 15.700000000000003
      vertex 22.61038955772127 80.10000000298024 15.767714126726744
      vertex 21.75 80.10000000298024 15.700000000000003
    endloop
  endfacet
  facet normal -0.0784590957278439 -8.809666038588574e-19 0.9969173337331281
    outer loop
      vertex 21.75 77.9 15.700000000000003
      vertex 22.61038955772127 77.9 15.767714126726744
      vertex 22.61038955772127 80.10000000298024 15.767714126726744
    endloop
  endfacet
  facet normal -0.2334453638559058 0 0.9723699203976766
    outer loop
      vertex 22.61038955772127 77.9 15.767714126726744
      vertex 23.44959346906221 80.10000000298024 15.969189160376658
      vertex 22.61038955772127 80.10000000298024 15.767714126726744
    endloop
  endfacet
  facet normal -0.2334453638559058 5.6657735003850236e-18 0.9723699203976766
    outer loop
      vertex 22.61038955772127 77.9 15.767714126726744
      vertex 23.44959346906221 77.9 15.969189160376658
      vertex 23.44959346906221 80.10000000298024 15.969189160376658
    endloop
  endfacet
  facet normal -0.38268343236508934 1.1690350555715724e-17 0.9238795325112868
    outer loop
      vertex 23.44959346906221 77.9 15.969189160376658
      vertex 24.246947748567507 77.9 16.29946411696398
      vertex 24.246947748567507 80.10000000298024 16.29946411696398
    endloop
  endfacet
  facet normal -0.38268343236508934 0 0.9238795325112868
    outer loop
      vertex 23.44959346906221 80.10000000298024 15.969189160376658
      vertex 23.44959346906221 77.9 15.969189160376658
      vertex 24.246947748567507 80.10000000298024 16.29946411696398
    endloop
  endfacet
  facet normal -0.5224985647159496 5.3411855025989175e-18 0.8526401643540918
    outer loop
      vertex 24.246947748567507 77.9 16.29946411696398
      vertex 24.9828188876086 77.9 16.75040653093779
      vertex 24.9828188876086 80.10000000298024 16.75040653093779
    endloop
  endfacet
  facet normal -0.5224985647159496 0 0.8526401643540918
    outer loop
      vertex 24.246947748567507 77.9 16.29946411696398
      vertex 24.9828188876086 80.10000000298024 16.75040653093779
      vertex 24.246947748567507 80.10000000298024 16.29946411696398
    endloop
  endfacet
  facet normal -0.6494480483301845 0 0.7604059656000303
    outer loop
      vertex 24.9828188876086 77.9 16.75040653093779
      vertex 25.63908729652601 80.10000000298024 17.310912703473992
      vertex 24.9828188876086 80.10000000298024 16.75040653093779
    endloop
  endfacet
  facet normal 0.8526401643540918 0 0.5224985647159496
    outer loop
      vertex 17.30040653093779 77.9 17.9671811123914
      vertex 17.30040653093779 80.10000000298024 17.9671811123914
      vertex 16.849464116963976 77.9 18.703052251432496
    endloop
  endfacet
  facet normal 0.8526401643540918 0 0.5224985647159496
    outer loop
      vertex 16.849464116963976 77.9 18.703052251432496
      vertex 17.30040653093779 80.10000000298024 17.9671811123914
      vertex 16.849464116963976 80.10000000298024 18.703052251432496
    endloop
  endfacet
  facet normal 0.9238795325112868 0 0.38268343236508934
    outer loop
      vertex 16.849464116963976 77.9 18.703052251432496
      vertex 16.849464116963976 80.10000000298024 18.703052251432496
      vertex 16.519189160376655 77.9 19.50040653093779
    endloop
  endfacet
  facet normal 0.9238795325112868 0 0.38268343236508934
    outer loop
      vertex 16.519189160376655 77.9 19.50040653093779
      vertex 16.849464116963976 80.10000000298024 18.703052251432496
      vertex 16.519189160376655 80.10000000298024 19.50040653093779
    endloop
  endfacet
  facet normal 0.9723699203976766 0 0.2334453638559058
    outer loop
      vertex 16.519189160376655 77.9 19.50040653093779
      vertex 16.519189160376655 80.10000000298024 19.50040653093779
      vertex 16.31771412672674 77.9 20.339610442278733
    endloop
  endfacet
  facet normal 0.7604059656000303 -5.573497864023045e-18 0.6494480483301845
    outer loop
      vertex 17.30040653093779 77.9 17.9671811123914
      vertex 17.86091270347399 77.9 17.310912703473992
      vertex 17.86091270347399 80.10000000298024 17.310912703473992
    endloop
  endfacet
  facet normal 0.6494480483301845 0 0.7604059656000303
    outer loop
      vertex 17.86091270347399 77.9 17.310912703473992
      vertex 18.5171811123914 80.10000000298024 16.75040653093779
      vertex 17.86091270347399 80.10000000298024 17.310912703473992
    endloop
  endfacet
  facet normal 0.7604059656000303 0 0.6494480483301845
    outer loop
      vertex 17.30040653093779 77.9 17.9671811123914
      vertex 17.86091270347399 80.10000000298024 17.310912703473992
      vertex 17.30040653093779 80.10000000298024 17.9671811123914
    endloop
  endfacet
  facet normal 0.9969173337331281 0 0.0784590957278439
    outer loop
      vertex 16.31771412672674 80.10000000298024 20.339610442278733
      vertex 16.25 77.9 21.200000000000003
      vertex 16.31771412672674 77.9 20.339610442278733
    endloop
  endfacet
  facet normal 0.9723699203976766 0 0.2334453638559058
    outer loop
      vertex 16.31771412672674 77.9 20.339610442278733
      vertex 16.519189160376655 80.10000000298024 19.50040653093779
      vertex 16.31771412672674 80.10000000298024 20.339610442278733
    endloop
  endfacet
  facet normal 0.9969173337331281 0 0.0784590957278439
    outer loop
      vertex 16.25 80.10000000298024 21.200000000000003
      vertex 16.25 77.9 21.200000000000003
      vertex 16.31771412672674 80.10000000298024 20.339610442278733
    endloop
  endfacet
  facet normal 0.9969173337331281 0 -0.0784590957278439
    outer loop
      vertex 16.25 80.10000000298024 21.200000000000003
      vertex 16.31771412672674 77.9 22.060389557721273
      vertex 16.25 77.9 21.200000000000003
    endloop
  endfacet
  facet normal 0.9969173337331281 0 -0.0784590957278439
    outer loop
      vertex 16.31771412672674 80.10000000298024 22.060389557721273
      vertex 16.31771412672674 77.9 22.060389557721273
      vertex 16.25 80.10000000298024 21.200000000000003
    endloop
  endfacet
  facet normal 0.9723699203976766 0 -0.23344536385590522
    outer loop
      vertex 16.31771412672674 80.10000000298024 22.060389557721273
      vertex 16.495278883911713 77.9 22.799999999999994
      vertex 16.31771412672674 77.9 22.060389557721273
    endloop
  endfacet
  facet normal 0.9723699203976766 0 -0.23344536385590522
    outer loop
      vertex 16.495278883911713 80.10000000298024 22.799999999999994
      vertex 16.495278883911713 77.9 22.799999999999994
      vertex 16.31771412672674 80.10000000298024 22.060389557721273
    endloop
  endfacet
  facet normal -0.6494480483301845 5.573497864023045e-18 0.7604059656000303
    outer loop
      vertex 24.9828188876086 77.9 16.75040653093779
      vertex 25.63908729652601 77.9 17.310912703473992
      vertex 25.63908729652601 80.10000000298024 17.310912703473992
    endloop
  endfacet
  facet normal -0.7604059656000303 5.573497864023045e-18 0.6494480483301845
    outer loop
      vertex 25.63908729652601 77.9 17.310912703473992
      vertex 26.19959346906221 77.9 17.9671811123914
      vertex 26.19959346906221 80.10000000298024 17.9671811123914
    endloop
  endfacet
  facet normal -0.7604059656000303 0 0.6494480483301845
    outer loop
      vertex 25.63908729652601 80.10000000298024 17.310912703473992
      vertex 25.63908729652601 77.9 17.310912703473992
      vertex 26.19959346906221 80.10000000298024 17.9671811123914
    endloop
  endfacet
  facet normal -0.8526401643540918 5.3411855025989175e-18 0.5224985647159496
    outer loop
      vertex 26.19959346906221 77.9 17.9671811123914
      vertex 26.650535883036024 77.9 18.703052251432496
      vertex 26.650535883036024 80.10000000298024 18.703052251432496
    endloop
  endfacet
  facet normal -0.8526401643540918 0 0.5224985647159496
    outer loop
      vertex 26.19959346906221 80.10000000298024 17.9671811123914
      vertex 26.19959346906221 77.9 17.9671811123914
      vertex 26.650535883036024 80.10000000298024 18.703052251432496
    endloop
  endfacet
  facet normal -0.9238795325112868 0 0.38268343236508934
    outer loop
      vertex 26.980810839623345 80.10000000298024 19.50040653093779
      vertex 26.650535883036024 77.9 18.703052251432496
      vertex 26.980810839623345 77.9 19.50040653093779
    endloop
  endfacet
  facet normal -0.9238795325112868 0 0.38268343236508934
    outer loop
      vertex 26.650535883036024 80.10000000298024 18.703052251432496
      vertex 26.650535883036024 77.9 18.703052251432496
      vertex 26.980810839623345 80.10000000298024 19.50040653093779
    endloop
  endfacet
  facet normal -0.9723699203976766 0 0.2334453638559058
    outer loop
      vertex 26.980810839623345 80.10000000298024 19.50040653093779
      vertex 26.980810839623345 77.9 19.50040653093779
      vertex 27.18228587327326 80.10000000298024 20.339610442278733
    endloop
  endfacet
  facet normal -0.9723699203976766 0 0.2334453638559058
    outer loop
      vertex 27.18228587327326 80.10000000298024 20.339610442278733
      vertex 26.980810839623345 77.9 19.50040653093779
      vertex 27.18228587327326 77.9 20.339610442278733
    endloop
  endfacet
  facet normal -0.9969173337331281 0 0.0784590957278439
    outer loop
      vertex 27.18228587327326 80.10000000298024 20.339610442278733
      vertex 27.18228587327326 77.9 20.339610442278733
      vertex 27.25 80.10000000298024 21.200000000000003
    endloop
  endfacet
  facet normal -0.9969173337331281 0 0.0784590957278439
    outer loop
      vertex 27.25 80.10000000298024 21.200000000000003
      vertex 27.18228587327326 77.9 20.339610442278733
      vertex 27.25 77.9 21.200000000000003
    endloop
  endfacet
  facet normal -0.9969173337331281 8.809666038588574e-19 -0.0784590957278439
    outer loop
      vertex 27.25 77.9 21.200000000000003
      vertex 27.18228587327326 77.9 22.060389557721273
      vertex 27.18228587327326 80.10000000298024 22.060389557721273
    endloop
  endfacet
  facet normal -0.9969173337331281 0 -0.0784590957278439
    outer loop
      vertex 27.25 80.10000000298024 21.200000000000003
      vertex 27.25 77.9 21.200000000000003
      vertex 27.18228587327326 80.10000000298024 22.060389557721273
    endloop
  endfacet
  facet normal -0.9723699203976766 0 -0.23344536385590522
    outer loop
      vertex 27.004721116088287 77.9 22.799999999999994
      vertex 27.004721116088287 80.10000000298024 22.799999999999994
      vertex 27.18228587327326 77.9 22.060389557721273
    endloop
  endfacet
  facet normal -0.9723699203976766 0 -0.23344536385590522
    outer loop
      vertex 27.18228587327326 80.10000000298024 22.060389557721273
      vertex 27.18228587327326 77.9 22.060389557721273
      vertex 27.004721116088287 80.10000000298024 22.799999999999994
    endloop
  endfacet
  facet normal 0 1 0
    outer loop
      vertex 58 42.6 15.500000000000004
      vertex 60.20000000298023 42.6 17.700000000000003
      vertex 60.20000000298023 42.6 15.500000000000004
    endloop
  endfacet
  facet normal 0 1 0
    outer loop
      vertex 58 42.6 15.500000000000004
      vertex 58 42.6 17.700000000000003
      vertex 60.20000000298023 42.6 17.700000000000003
    endloop
  endfacet
  facet normal 0 0 1
    outer loop
      vertex 58 42.6 15.500000000000004
      vertex 60.20000000298023 42.6 15.500000000000004
      vertex 58 47.4 15.500000000000004
    endloop
  endfacet
  facet normal 0 0 1
    outer loop
      vertex 60.20000000298023 42.6 15.500000000000004
      vertex 60.20000000298023 47.4 15.500000000000004
      vertex 58 47.4 15.500000000000004
    endloop
  endfacet
  facet normal 0 -1 0
    outer loop
      vertex 58 47.4 15.500000000000004
      vertex 60.20000000298023 47.4 15.500000000000004
      vertex 58 47.4 17.700000000000003
    endloop
  endfacet
  facet normal 0 -1 0
    outer loop
      vertex 58 47.4 17.700000000000003
      vertex 60.20000000298023 47.4 15.500000000000004
      vertex 60.20000000298023 47.4 17.700000000000003
    endloop
  endfacet
  facet normal 0 0 -1
    outer loop
      vertex 58 42.6 17.700000000000003
      vertex 58 47.4 17.700000000000003
      vertex 60.20000000298023 47.4 17.700000000000003
    endloop
  endfacet
  facet normal 0 0 -1
    outer loop
      vertex 58 42.6 17.700000000000003
      vertex 60.20000000298023 47.4 17.700000000000003
      vertex 60.20000000298023 42.6 17.700000000000003
    endloop
  endfacet
  facet normal 0 0 1
    outer loop
      vertex 1.1608963739909703 39.69385325410793 5
      vertex 1.1608963739909703 40.30614674589207 5
      vertex 1.0999999999999999 40 5
    endloop
  endfacet
  facet normal 0 0 1
    outer loop
      vertex 1.1608963739909703 39.69385325410793 5
      vertex 1.3343145750507617 39.43431457505076 5
      vertex 1.3343145750507617 40.56568542494924 5
    endloop
  endfacet
  facet normal 0 0 1
    outer loop
      vertex 1.1608963739909703 39.69385325410793 5
      vertex 1.3343145750507617 40.56568542494924 5
      vertex 1.1608963739909703 40.30614674589207 5
    endloop
  endfacet
  facet normal 0 0 1
    outer loop
      vertex 1.3343145750507617 39.43431457505076 5
      vertex 1.593853254107928 39.260896373990974 5
      vertex 1.593853254107928 40.739103626009026 5
    endloop
  endfacet
  facet normal 0 0 1
    outer loop
      vertex 1.3343145750507617 39.43431457505076 5
      vertex 1.593853254107928 40.739103626009026 5
      vertex 1.3343145750507617 40.56568542494924 5
    endloop
  endfacet
  facet normal 0 0 1
    outer loop
      vertex 1.593853254107928 39.260896373990974 5
      vertex 1.9 40.8 5
      vertex 1.593853254107928 40.739103626009026 5
    endloop
  endfacet
  facet normal 0 0 1
    outer loop
      vertex 1.593853254107928 39.260896373990974 5
      vertex 1.9 39.2 5
      vertex 1.9 40.8 5
    endloop
  endfacet
  facet normal 0 0 1
    outer loop
      vertex 1.9 39.2 5
      vertex 2.2061467458920716 39.260896373990974 5
      vertex 2.2061467458920716 40.739103626009026 5
    endloop
  endfacet
  facet normal 0 0 1
    outer loop
      vertex 2.2061467458920716 39.260896373990974 5
      vertex 2.465685424949238 39.43431457505076 5
      vertex 2.465685424949238 40.56568542494924 5
    endloop
  endfacet
  facet normal 0 0 1
    outer loop
      vertex 2.2061467458920716 39.260896373990974 5
      vertex 2.465685424949238 40.56568542494924 5
      vertex 2.2061467458920716 40.739103626009026 5
    endloop
  endfacet
  facet normal 0 0 1
    outer loop
      vertex 2.465685424949238 39.43431457505076 5
      vertex 2.6391036260090295 39.69385325410793 5
      vertex 2.6391036260090295 40.30614674589207 5
    endloop
  endfacet
  facet normal 0 0 1
    outer loop
      vertex 2.465685424949238 39.43431457505076 5
      vertex 2.6391036260090295 40.30614674589207 5
      vertex 2.465685424949238 40.56568542494924 5
    endloop
  endfacet
  facet normal 0 0 1
    outer loop
      vertex 2.6391036260090295 39.69385325410793 5
      vertex 2.7 40 5
      vertex 2.6391036260090295 40.30614674589207 5
    endloop
  endfacet
  facet normal 0 0 1
    outer loop
      vertex 1.9 39.2 5
      vertex 2.2061467458920716 40.739103626009026 5
      vertex 1.9 40.8 5
    endloop
  endfacet
  facet normal 0.9807852804032304 0.19509032201612797 2.3008505796761547e-19
    outer loop
      vertex 1.1608963739909703 39.69385325410793 5
      vertex 1.0999999999999999 40 5
      vertex 1.0999999999999999 40 10
    endloop
  endfacet
  facet normal 0.9807852804032304 -0.19509032201612797 -2.3008505796761547e-19
    outer loop
      vertex 1.0999999999999999 40 5
      vertex 1.1608963739909703 40.30614674589207 5
      vertex 1.1608963739909703 40.30614674589207 10
    endloop
  endfacet
  facet normal 0.555570233019597 0.8314696123025487 0
    outer loop
      vertex 1.3343145750507617 39.43431457505076 5
      vertex 1.3343145750507617 39.43431457505076 10
      vertex 1.593853254107928 39.260896373990974 5
    endloop
  endfacet
  facet normal 0.1950903220161299 0.9807852804032302 0
    outer loop
      vertex 1.593853254107928 39.260896373990974 5
      vertex 1.593853254107928 39.260896373990974 10
      vertex 1.9 39.2 5
    endloop
  endfacet
  facet normal 0.8314696123025442 0.5555702330196035 0
    outer loop
      vertex 1.1608963739909703 39.69385325410793 5
      vertex 1.1608963739909703 39.69385325410793 10
      vertex 1.3343145750507617 39.43431457505076 5
    endloop
  endfacet
  facet normal 0.8314696123025442 -0.5555702330196035 -1.5980509324344535e-18
    outer loop
      vertex 1.1608963739909703 40.30614674589207 5
      vertex 1.3343145750507617 40.56568542494924 5
      vertex 1.3343145750507617 40.56568542494924 10
    endloop
  endfacet
  facet normal 0.555570233019597 -0.8314696123025487 1.489816096620119e-18
    outer loop
      vertex 1.3343145750507617 40.56568542494924 5
      vertex 1.593853254107928 40.739103626009026 5
      vertex 1.593853254107928 40.739103626009026 10
    endloop
  endfacet
  facet normal 0.9807852804032304 0.19509032201612797 0
    outer loop
      vertex 1.1608963739909703 39.69385325410793 5
      vertex 1.0999999999999999 40 10
      vertex 1.1608963739909703 39.69385325410793 10
    endloop
  endfacet
  facet normal 0.9807852804032304 -0.19509032201612797 0
    outer loop
      vertex 1.0999999999999999 40 5
      vertex 1.1608963739909703 40.30614674589207 10
      vertex 1.0999999999999999 40 10
    endloop
  endfacet
  facet normal 0.8314696123025442 0.5555702330196035 0
    outer loop
      vertex 1.3343145750507617 39.43431457505076 5
      vertex 1.1608963739909703 39.69385325410793 10
      vertex 1.3343145750507617 39.43431457505076 10
    endloop
  endfacet
  facet normal 0.555570233019597 0.8314696123025487 0
    outer loop
      vertex 1.593853254107928 39.260896373990974 5
      vertex 1.3343145750507617 39.43431457505076 10
      vertex 1.593853254107928 39.260896373990974 10
    endloop
  endfacet
  facet normal 0.8314696123025442 -0.5555702330196035 0
    outer loop
      vertex 1.1608963739909703 40.30614674589207 5
      vertex 1.3343145750507617 40.56568542494924 10
      vertex 1.1608963739909703 40.30614674589207 10
    endloop
  endfacet
  facet normal 0.555570233019597 -0.8314696123025487 0
    outer loop
      vertex 1.3343145750507617 40.56568542494924 5
      vertex 1.593853254107928 40.739103626009026 10
      vertex 1.3343145750507617 40.56568542494924 10
    endloop
  endfacet
  facet normal 0.1950903220161299 -0.9807852804032302 0
    outer loop
      vertex 1.593853254107928 40.739103626009026 5
      vertex 1.9 40.8 10
      vertex 1.593853254107928 40.739103626009026 10
    endloop
  endfacet
  facet normal -0.19509032201613002 0.98078528040323 0
    outer loop
      vertex 1.9 39.2 5
      vertex 1.9 39.2 10
      vertex 2.2061467458920716 39.260896373990974 5
    endloop
  endfacet
  facet normal -0.5555702330195967 0.831469612302549 0
    outer loop
      vertex 2.2061467458920716 39.260896373990974 5
      vertex 2.2061467458920716 39.260896373990974 10
      vertex 2.465685424949238 39.43431457505076 5
    endloop
  endfacet
  facet normal -0.8314696123025442 0.5555702330196035 0
    outer loop
      vertex 2.465685424949238 39.43431457505076 5
      vertex 2.465685424949238 39.43431457505076 10
      vertex 2.6391036260090295 39.69385325410793 5
    endloop
  endfacet
  facet normal -0.9807852804032303 0.19509032201612864 0
    outer loop
      vertex 2.6391036260090295 39.69385325410793 5
      vertex 2.6391036260090295 39.69385325410793 10
      vertex 2.7 40 5
    endloop
  endfacet
  facet normal 0.1950903220161299 -0.9807852804032302 -9.468985159963243e-19
    outer loop
      vertex 1.593853254107928 40.739103626009026 5
      vertex 1.9 40.8 5
      vertex 1.9 40.8 10
    endloop
  endfacet
  facet normal -0.19509032201613002 -0.98078528040323 7.187500230684695e-19
    outer loop
      vertex 1.9 40.8 5
      vertex 2.2061467458920716 40.739103626009026 5
      vertex 2.2061467458920716 40.739103626009026 10
    endloop
  endfacet
  facet normal -0.5555702330195967 -0.831469612302549 0
    outer loop
      vertex 2.465685424949238 40.56568542494924 5
      vertex 2.465685424949238 40.56568542494924 10
      vertex 2.2061467458920716 40.739103626009026 5
    endloop
  endfacet
  facet normal -0.8314696123025442 -0.5555702330196035 1.5980509324344535e-18
    outer loop
      vertex 2.465685424949238 40.56568542494924 5
      vertex 2.6391036260090295 40.30614674589207 5
      vertex 2.6391036260090295 40.30614674589207 10
    endloop
  endfacet
  facet normal -0.9807852804032303 -0.19509032201612864 0
    outer loop
      vertex 2.7 40 5
      vertex 2.7 40 10
      vertex 2.6391036260090295 40.30614674589207 5
    endloop
  endfacet
  facet normal 0.1950903220161299 0.9807852804032302 0
    outer loop
      vertex 1.9 39.2 5
      vertex 1.593853254107928 39.260896373990974 10
      vertex 1.9 39.2 10
    endloop
  endfacet
  facet normal -0.19509032201613002 0.98078528040323 0
    outer loop
      vertex 2.2061467458920716 39.260896373990974 5
      vertex 1.9 39.2 10
      vertex 2.2061467458920716 39.260896373990974 10
    endloop
  endfacet
  facet normal -0.5555702330195967 0.831469612302549 0
    outer loop
      vertex 2.465685424949238 39.43431457505076 5
      vertex 2.2061467458920716 39.260896373990974 10
      vertex 2.465685424949238 39.43431457505076 10
    endloop
  endfacet
  facet normal -0.8314696123025442 0.5555702330196035 0
    outer loop
      vertex 2.6391036260090295 39.69385325410793 5
      vertex 2.465685424949238 39.43431457505076 10
      vertex 2.6391036260090295 39.69385325410793 10
    endloop
  endfacet
  facet normal -0.9807852804032303 -0.19509032201612864 0
    outer loop
      vertex 2.6391036260090295 40.30614674589207 5
      vertex 2.7 40 10
      vertex 2.6391036260090295 40.30614674589207 10
    endloop
  endfacet
  facet normal -0.19509032201613002 -0.98078528040323 0
    outer loop
      vertex 1.9 40.8 5
      vertex 2.2061467458920716 40.739103626009026 10
      vertex 1.9 40.8 10
    endloop
  endfacet
  facet normal -0.5555702330195967 -0.831469612302549 0
    outer loop
      vertex 2.2061467458920716 40.739103626009026 5
      vertex 2.465685424949238 40.56568542494924 10
      vertex 2.2061467458920716 40.739103626009026 10
    endloop
  endfacet
  facet normal -0.8314696123025442 -0.5555702330196035 0
    outer loop
      vertex 2.465685424949238 40.56568542494924 5
      vertex 2.6391036260090295 40.30614674589207 10
      vertex 2.465685424949238 40.56568542494924 10
    endloop
  endfacet
  facet normal -0.9807852804032303 0.19509032201612864 0
    outer loop
      vertex 2.7 40 5
      vertex 2.6391036260090295 39.69385325410793 10
      vertex 2.7 40 10
    endloop
  endfacet
  facet normal 0 0 1
    outer loop
      vertex 55.360896373990975 29.69385325410793 5
      vertex 55.534314575050765 29.434314575050763 5
      vertex 55.534314575050765 30.565685424949237 5
    endloop
  endfacet
  facet normal 0 0 1
    outer loop
      vertex 55.534314575050765 29.434314575050763 5
      vertex 55.79385325410793 29.26089637399097 5
      vertex 55.79385325410793 30.73910362600903 5
    endloop
  endfacet
  facet normal 0 0 1
    outer loop
      vertex 55.79385325410793 29.26089637399097 5
      vertex 56.1 29.2 5
      vertex 56.1 30.8 5
    endloop
  endfacet
  facet normal 0 0 1
    outer loop
      vertex 55.360896373990975 29.69385325410793 5
      vertex 55.360896373990975 30.30614674589207 5
      vertex 55.300000000000004 30 5
    endloop
  endfacet
  facet normal 0 0 1
    outer loop
      vertex 55.360896373990975 29.69385325410793 5
      vertex 55.534314575050765 30.565685424949237 5
      vertex 55.360896373990975 30.30614674589207 5
    endloop
  endfacet
  facet normal 0 0 1
    outer loop
      vertex 55.534314575050765 29.434314575050763 5
      vertex 55.79385325410793 30.73910362600903 5
      vertex 55.534314575050765 30.565685424949237 5
    endloop
  endfacet
  facet normal 0 0 1
    outer loop
      vertex 55.79385325410793 29.26089637399097 5
      vertex 56.1 30.8 5
      vertex 55.79385325410793 30.73910362600903 5
    endloop
  endfacet
  facet normal 0 0 1
    outer loop
      vertex 56.1 29.2 5
      vertex 56.40614674589207 30.73910362600903 5
      vertex 56.1 30.8 5
    endloop
  endfacet
  facet normal 0 0 1
    outer loop
      vertex 56.1 29.2 5
      vertex 56.40614674589207 29.26089637399097 5
      vertex 56.40614674589207 30.73910362600903 5
    endloop
  endfacet
  facet normal 0 0 1
    outer loop
      vertex 56.40614674589207 29.26089637399097 5
      vertex 56.66568542494924 29.434314575050763 5
      vertex 56.66568542494924 30.565685424949237 5
    endloop
  endfacet
  facet normal 0 0 1
    outer loop
      vertex 56.66568542494924 29.434314575050763 5
      vertex 56.83910362600903 29.69385325410793 5
      vertex 56.83910362600903 30.30614674589207 5
    endloop
  endfacet
  facet normal 0 0 1
    outer loop
      vertex 56.40614674589207 29.26089637399097 5
      vertex 56.66568542494924 30.565685424949237 5
      vertex 56.40614674589207 30.73910362600903 5
    endloop
  endfacet
  facet normal 0 0 1
    outer loop
      vertex 56.66568542494924 29.434314575050763 5
      vertex 56.83910362600903 30.30614674589207 5
      vertex 56.66568542494924 30.565685424949237 5
    endloop
  endfacet
  facet normal 0 0 1
    outer loop
      vertex 56.83910362600903 29.69385325410793 5
      vertex 56.9 30 5
      vertex 56.83910362600903 30.30614674589207 5
    endloop
  endfacet
  facet normal 0.98078528040323 0.19509032201613002 7.187500230684695e-19
    outer loop
      vertex 55.360896373990975 29.69385325410793 5
      vertex 55.300000000000004 30 5
      vertex 55.300000000000004 30 10
    endloop
  endfacet
  facet normal 0.8314696123025476 0.5555702330195986 0
    outer loop
      vertex 55.360896373990975 29.69385325410793 5
      vertex 55.360896373990975 29.69385325410793 10
      vertex 55.534314575050765 29.434314575050763 5
    endloop
  endfacet
  facet normal 0.5555702330196065 0.8314696123025423 0
    outer loop
      vertex 55.534314575050765 29.434314575050763 5
      vertex 55.534314575050765 29.434314575050763 10
      vertex 55.79385325410793 29.26089637399097 5
    endloop
  endfacet
  facet normal 0.19509032201613002 0.98078528040323 0
    outer loop
      vertex 55.79385325410793 29.26089637399097 5
      vertex 55.79385325410793 29.26089637399097 10
      vertex 56.1 29.2 5
    endloop
  endfacet
  facet normal -0.19509032201613002 0.98078528040323 0
    outer loop
      vertex 56.1 29.2 5
      vertex 56.1 29.2 10
      vertex 56.40614674589207 29.26089637399097 5
    endloop
  endfacet
  facet normal 0.98078528040323 -0.19509032201613002 -7.187500230684695e-19
    outer loop
      vertex 55.300000000000004 30 5
      vertex 55.360896373990975 30.30614674589207 5
      vertex 55.360896373990975 30.30614674589207 10
    endloop
  endfacet
  facet normal 0.8314696123025476 -0.5555702330195986 -1.8309177605218277e-18
    outer loop
      vertex 55.360896373990975 30.30614674589207 5
      vertex 55.534314575050765 30.565685424949237 5
      vertex 55.534314575050765 30.565685424949237 10
    endloop
  endfacet
  facet normal 0.5555702330196065 -0.8314696123025423 2.098428839730612e-18
    outer loop
      vertex 55.534314575050765 30.565685424949237 5
      vertex 55.79385325410793 30.73910362600903 5
      vertex 55.79385325410793 30.73910362600903 10
    endloop
  endfacet
  facet normal 0.19509032201613002 -0.98078528040323 -7.187500230684695e-19
    outer loop
      vertex 55.79385325410793 30.73910362600903 5
      vertex 56.1 30.8 5
      vertex 56.1 30.8 10
    endloop
  endfacet
  facet normal 0.98078528040323 -0.19509032201613002 0
    outer loop
      vertex 55.300000000000004 30 5
      vertex 55.360896373990975 30.30614674589207 10
      vertex 55.300000000000004 30 10
    endloop
  endfacet
  facet normal 0.8314696123025476 0.5555702330195986 0
    outer loop
      vertex 55.534314575050765 29.434314575050763 5
      vertex 55.360896373990975 29.69385325410793 10
      vertex 55.534314575050765 29.434314575050763 10
    endloop
  endfacet
  facet normal 0.98078528040323 0.19509032201613002 0
    outer loop
      vertex 55.360896373990975 29.69385325410793 5
      vertex 55.300000000000004 30 10
      vertex 55.360896373990975 29.69385325410793 10
    endloop
  endfacet
  facet normal 0.5555702330196065 0.8314696123025423 0
    outer loop
      vertex 55.79385325410793 29.26089637399097 5
      vertex 55.534314575050765 29.434314575050763 10
      vertex 55.79385325410793 29.26089637399097 10
    endloop
  endfacet
  facet normal 0.19509032201613002 0.98078528040323 0
    outer loop
      vertex 56.1 29.2 5
      vertex 55.79385325410793 29.26089637399097 10
      vertex 56.1 29.2 10
    endloop
  endfacet
  facet normal 0.8314696123025476 -0.5555702330195986 0
    outer loop
      vertex 55.360896373990975 30.30614674589207 5
      vertex 55.534314575050765 30.565685424949237 10
      vertex 55.360896373990975 30.30614674589207 10
    endloop
  endfacet
  facet normal 0.5555702330196065 -0.8314696123025423 0
    outer loop
      vertex 55.534314575050765 30.565685424949237 5
      vertex 55.79385325410793 30.73910362600903 10
      vertex 55.534314575050765 30.565685424949237 10
    endloop
  endfacet
  facet normal 0.19509032201613002 -0.98078528040323 0
    outer loop
      vertex 55.79385325410793 30.73910362600903 5
      vertex 56.1 30.8 10
      vertex 55.79385325410793 30.73910362600903 10
    endloop
  endfacet
  facet normal -0.19509032201613002 -0.98078528040323 0
    outer loop
      vertex 56.1 30.8 5
      vertex 56.40614674589207 30.73910362600903 10
      vertex 56.1 30.8 10
    endloop
  endfacet
  facet normal -0.5555702330196065 0.8314696123025423 0
    outer loop
      vertex 56.40614674589207 29.26089637399097 5
      vertex 56.40614674589207 29.26089637399097 10
      vertex 56.66568542494924 29.434314575050763 5
    endloop
  endfacet
  facet normal -0.8314696123025476 0.5555702330195986 0
    outer loop
      vertex 56.66568542494924 29.434314575050763 5
      vertex 56.66568542494924 29.434314575050763 10
      vertex 56.83910362600903 29.69385325410793 5
    endloop
  endfacet
  facet normal -0.98078528040323 0.19509032201613002 0
    outer loop
      vertex 56.83910362600903 29.69385325410793 5
      vertex 56.83910362600903 29.69385325410793 10
      vertex 56.9 30 5
    endloop
  endfacet
  facet normal -0.8314696123025476 -0.5555702330195986 1.8309177605218277e-18
    outer loop
      vertex 56.66568542494924 30.565685424949237 5
      vertex 56.83910362600903 30.30614674589207 5
      vertex 56.83910362600903 30.30614674589207 10
    endloop
  endfacet
  facet normal -0.19509032201613002 -0.98078528040323 7.187500230684695e-19
    outer loop
      vertex 56.1 30.8 5
      vertex 56.40614674589207 30.73910362600903 5
      vertex 56.40614674589207 30.73910362600903 10
    endloop
  endfacet
  facet normal -0.5555702330196065 -0.8314696123025423 0
    outer loop
      vertex 56.66568542494924 30.565685424949237 5
      vertex 56.66568542494924 30.565685424949237 10
      vertex 56.40614674589207 30.73910362600903 5
    endloop
  endfacet
  facet normal -0.98078528040323 -0.19509032201613002 0
    outer loop
      vertex 56.9 30 5
      vertex 56.9 30 10
      vertex 56.83910362600903 30.30614674589207 5
    endloop
  endfacet
  facet normal -0.19509032201613002 0.98078528040323 0
    outer loop
      vertex 56.40614674589207 29.26089637399097 5
      vertex 56.1 29.2 10
      vertex 56.40614674589207 29.26089637399097 10
    endloop
  endfacet
  facet normal -0.5555702330196065 0.8314696123025423 0
    outer loop
      vertex 56.66568542494924 29.434314575050763 5
      vertex 56.40614674589207 29.26089637399097 10
      vertex 56.66568542494924 29.434314575050763 10
    endloop
  endfacet
  facet normal -0.8314696123025476 0.5555702330195986 0
    outer loop
      vertex 56.83910362600903 29.69385325410793 5
      vertex 56.66568542494924 29.434314575050763 10
      vertex 56.83910362600903 29.69385325410793 10
    endloop
  endfacet
  facet normal -0.98078528040323 0.19509032201613002 0
    outer loop
      vertex 56.9 30 5
      vertex 56.83910362600903 29.69385325410793 10
      vertex 56.9 30 10
    endloop
  endfacet
  facet normal -0.8314696123025476 -0.5555702330195986 0
    outer loop
      vertex 56.66568542494924 30.565685424949237 5
      vertex 56.83910362600903 30.30614674589207 10
      vertex 56.66568542494924 30.565685424949237 10
    endloop
  endfacet
  facet normal -0.5555702330196065 -0.8314696123025423 0
    outer loop
      vertex 56.40614674589207 30.73910362600903 5
      vertex 56.66568542494924 30.565685424949237 10
      vertex 56.40614674589207 30.73910362600903 10
    endloop
  endfacet
  facet normal -0.98078528040323 -0.19509032201613002 0
    outer loop
      vertex 56.83910362600903 30.30614674589207 5
      vertex 56.9 30 10
      vertex 56.83910362600903 30.30614674589207 10
    endloop
  endfacet
endsolid OpenSCAD_Model
