solid OpenSCAD_Model
  facet normal 0 0 -1
    outer loop
      vertex 8.953754209846617 -0.5876084778750619 0
      vertex 8.963499776578887 0.4637793117047896 0
      vertex 9 -0.6 0
    endloop
  endfacet
  facet normal 0 0 -1
    outer loop
      vertex 9 -0.6 0
      vertex 9.3 0.5196152422706631 0
      vertex 9.3 -0.5196152422706631 0
    endloop
  endfacet
  facet normal 0 0 -1
    outer loop
      vertex 9.3 -0.5196152422706631 0
      vertex 9.519615242270664 0.3 0
      vertex 9.519615242270664 -0.3 0
    endloop
  endfacet
  facet normal -0.2588190451025175 -0.9659258262890693 -5.474164501407307e-20
    outer loop
      vertex 8.953754209846617 -0.5876084778750619 0
      vertex 9 -0.6 0
      vertex 9 -0.6 11
    endloop
  endfacet
  facet normal 0.2588190451025203 -0.9659258262890684 2.6687800245819805e-19
    outer loop
      vertex 9 -0.6 0
      vertex 9.3 -0.5196152422706631 0
      vertex 9.3 -0.5196152422706631 11
    endloop
  endfacet
  facet normal 0.7071067811865475 -0.7071067811865476 0
    outer loop
      vertex 9.3 -0.5196152422706631 0
      vertex 9.519615242270664 -0.3 0
      vertex 9.3 -0.5196152422706631 11
    endloop
  endfacet
  facet normal 0.9659258262890692 -0.2588190451025175 0
    outer loop
      vertex 9.519615242270664 -0.3 0
      vertex 9.6 0 0
      vertex 9.519615242270664 -0.3 11
    endloop
  endfacet
  facet normal -0.2588190451025175 -0.9659258262890693 0
    outer loop
      vertex 8.953754209846617 -0.5876084778750619 0
      vertex 9 -0.6 11
      vertex 8.953754209846617 -0.5876084778750619 11
    endloop
  endfacet
  facet normal 0.2588190451025203 -0.9659258262890684 0
    outer loop
      vertex 9 -0.6 0
      vertex 9.3 -0.5196152422706631 11
      vertex 9 -0.6 11
    endloop
  endfacet
  facet normal 0.7071067811865475 -0.7071067811865476 0
    outer loop
      vertex 9.519615242270664 -0.3 0
      vertex 9.519615242270664 -0.3 11
      vertex 9.3 -0.5196152422706631 11
    endloop
  endfacet
  facet normal 0.9659258262890692 -0.2588190451025175 -4.643291733391857e-19
    outer loop
      vertex 9.519615242270664 -0.3 11
      vertex 9.6 0 0
      vertex 9.6 0 11
    endloop
  endfacet
  facet normal 0 0 1
    outer loop
      vertex 8.953754209846617 -0.5876084778750619 11
      vertex 9 -0.6 11
      vertex 9 0 11
    endloop
  endfacet
  facet normal 0 0 1
    outer loop
      vertex 9 -0.6 11
      vertex 9.3 -0.5196152422706631 11
      vertex 9 0 11
    endloop
  endfacet
  facet normal 0 0 1
    outer loop
      vertex 9.3 -0.5196152422706631 11
      vertex 9.519615242270664 -0.3 11
      vertex 9.3 0.5196152422706631 11
    endloop
  endfacet
  facet normal 0 0 -1
    outer loop
      vertex 9 -0.6 0
      vertex 8.963499776578887 0.4637793117047896 0
      vertex 9 0.6 0
    endloop
  endfacet
  facet normal 0 0 -1
    outer loop
      vertex 8.963499776578887 0.4637793117047896 0
      vertex 8.953754209846617 0.5876084778750619 0
      vertex 9 0.6 0
    endloop
  endfacet
  facet normal 0 0 -1
    outer loop
      vertex 9 -0.6 0
      vertex 9 0.6 0
      vertex 9.3 0.5196152422706631 0
    endloop
  endfacet
  facet normal 0 0 -1
    outer loop
      vertex 9.3 -0.5196152422706631 0
      vertex 9.3 0.5196152422706631 0
      vertex 9.519615242270664 0.3 0
    endloop
  endfacet
  facet normal 0 0 -1
    outer loop
      vertex 9.519615242270664 -0.3 0
      vertex 9.519615242270664 0.3 0
      vertex 9.6 0 0
    endloop
  endfacet
  facet normal -0.2588190451025175 0.9659258262890693 0
    outer loop
      vertex 8.953754209846617 0.5876084778750619 0
      vertex 8.953754209846617 0.5876084778750619 11
      vertex 9 0.6 0
    endloop
  endfacet
  facet normal 0.2588190451025203 0.9659258262890684 -2.6687800245819805e-19
    outer loop
      vertex 9.3 0.5196152422706631 0
      vertex 9 0.6 0
      vertex 9 0.6 11
    endloop
  endfacet
  facet normal 0.9659258262890692 0.2588190451025175 0
    outer loop
      vertex 9.6 0 0
      vertex 9.519615242270664 0.3 0
      vertex 9.6 0 11
    endloop
  endfacet
  facet normal 0.7071067811865475 0.7071067811865476 -7.0136678481051e-19
    outer loop
      vertex 9.3 0.5196152422706631 0
      vertex 9.519615242270664 0.3 11
      vertex 9.519615242270664 0.3 0
    endloop
  endfacet
  facet normal -0.2588190451025175 0.9659258262890693 0
    outer loop
      vertex 9 0.6 0
      vertex 8.953754209846617 0.5876084778750619 11
      vertex 9 0.6 11
    endloop
  endfacet
  facet normal 0.2588190451025203 0.9659258262890684 0
    outer loop
      vertex 9.3 0.5196152422706631 0
      vertex 9 0.6 11
      vertex 9.3 0.5196152422706631 11
    endloop
  endfacet
  facet normal 0.9659258262890692 0.2588190451025175 0
    outer loop
      vertex 9.519615242270664 0.3 0
      vertex 9.519615242270664 0.3 11
      vertex 9.6 0 11
    endloop
  endfacet
  facet normal 0.7071067811865475 0.7071067811865476 0
    outer loop
      vertex 9.3 0.5196152422706631 0
      vertex 9.3 0.5196152422706631 11
      vertex 9.519615242270664 0.3 11
    endloop
  endfacet
  facet normal 0 0 1
    outer loop
      vertex 8.953754209846617 0.5876084778750619 11
      vertex 9 0 11
      vertex 9 0.6 11
    endloop
  endfacet
  facet normal 0 0 1
    outer loop
      vertex 9.3 -0.5196152422706631 11
      vertex 9 0.6 11
      vertex 9 0 11
    endloop
  endfacet
  facet normal 0 0 1
    outer loop
      vertex 9.3 -0.5196152422706631 11
      vertex 9.3 0.5196152422706631 11
      vertex 9 0.6 11
    endloop
  endfacet
  facet normal 0 0 1
    outer loop
      vertex 9.519615242270664 -0.3 11
      vertex 9.519615242270664 0.3 11
      vertex 9.3 0.5196152422706631 11
    endloop
  endfacet
  facet normal 0 0 1
    outer loop
      vertex 9.519615242270664 -0.3 11
      vertex 9.6 0 11
      vertex 9.519615242270664 0.3 11
    endloop
  endfacet
  facet normal 0 0 -1
    outer loop
      vertex 8.559508646656381 1.8299342225856567 0
      vertex 8.538041009540102 2.5083807569731866 0
      vertex 8.679956475005266 2.2794516376450273 0
    endloop
  endfacet
  facet normal 0 0 -1
    outer loop
      vertex 8.807110763226948 1.7498159101492456 0
      vertex 8.679956475005266 2.2794516376450273 0
      vertex 8.848623863663127 1.7498159101492456 0
    endloop
  endfacet
  facet normal 0 0 -1
    outer loop
      vertex 8.848623863663127 1.7498159101492456 0
      vertex 8.679956475005266 2.2794516376450273 0
      vertex 8.848623863663128 2.9089269016961277 0
    endloop
  endfacet
  facet normal 0 0 -1
    outer loop
      vertex 8.848623863663127 1.7498159101492456 0
      vertex 9.117596505313543 2.753635474634615 0
      vertex 9.117596505313543 1.905107337210758 0
    endloop
  endfacet
  facet normal 0 0 -1
    outer loop
      vertex 9.117596505313543 1.905107337210758 0
      vertex 9.272887932375056 2.484662832984199 0
      vertex 9.272887932375056 2.174079978861174 0
    endloop
  endfacet
  facet normal 0 0 -1
    outer loop
      vertex 9.117596505313543 1.905107337210758 0
      vertex 9.117596505313543 2.753635474634615 0
      vertex 9.272887932375056 2.484662832984199 0
    endloop
  endfacet
  facet normal 0 0 -1
    outer loop
      vertex 8.679956475005266 2.2794516376450273 0
      vertex 8.538041009540102 2.5083807569731866 0
      vertex 8.848623863663128 2.9089269016961277 0
    endloop
  endfacet
  facet normal 0 0 -1
    outer loop
      vertex 8.538041009540102 2.5083807569731866 0
      vertex 8.525684480911952 2.8628117090506846 0
      vertex 8.538041009540104 2.9089269016961277 0
    endloop
  endfacet
  facet normal 0 0 -1
    outer loop
      vertex 8.525684480911952 2.8628117090506846 0
      vertex 8.512654122975258 2.8942697759040272 0
      vertex 8.538041009540104 2.9089269016961277 0
    endloop
  endfacet
  facet normal 0 0 -1
    outer loop
      vertex 8.538041009540102 2.5083807569731866 0
      vertex 8.538041009540104 2.9089269016961277 0
      vertex 8.848623863663128 2.9089269016961277 0
    endloop
  endfacet
  facet normal 0 0 -1
    outer loop
      vertex 8.848623863663127 1.7498159101492456 0
      vertex 8.848623863663128 2.9089269016961277 0
      vertex 9.117596505313543 2.753635474634615 0
    endloop
  endfacet
  facet normal 0 -1 0
    outer loop
      vertex 8.807110763226948 1.7498159101492456 0
      vertex 8.848623863663127 1.7498159101492456 0
      vertex 8.848623863663127 1.7498159101492456 11
    endloop
  endfacet
  facet normal 0.4999999999999999 -0.8660254037844387 4.1500438527994366e-19
    outer loop
      vertex 8.848623863663127 1.7498159101492456 0
      vertex 9.117596505313543 1.905107337210758 0
      vertex 9.117596505313543 1.905107337210758 11
    endloop
  endfacet
  facet normal 0.8660254037844376 -0.5000000000000021 0
    outer loop
      vertex 9.117596505313543 1.905107337210758 0
      vertex 9.272887932375056 2.174079978861174 0
      vertex 9.117596505313543 1.905107337210758 11
    endloop
  endfacet
  facet normal 1 0 0
    outer loop
      vertex 9.272887932375056 2.174079978861174 0
      vertex 9.272887932375056 2.484662832984199 0
      vertex 9.272887932375056 2.174079978861174 11
    endloop
  endfacet
  facet normal -0.5000000000000074 0.8660254037844343 0
    outer loop
      vertex 8.512654122975258 2.8942697759040272 0
      vertex 8.512654122975258 2.8942697759040272 11
      vertex 8.538041009540104 2.9089269016961277 0
    endloop
  endfacet
  facet normal 0 1 0
    outer loop
      vertex 8.538041009540104 2.9089269016961277 0
      vertex 8.538041009540104 2.9089269016961277 11
      vertex 8.848623863663128 2.9089269016961277 0
    endloop
  endfacet
  facet normal 0.5000000000000023 0.8660254037844373 0
    outer loop
      vertex 8.848623863663128 2.9089269016961277 0
      vertex 8.848623863663128 2.9089269016961277 11
      vertex 9.117596505313543 2.753635474634615 0
    endloop
  endfacet
  facet normal 0.8660254037844376 0.5000000000000021 0
    outer loop
      vertex 9.272887932375056 2.484662832984199 0
      vertex 9.117596505313543 2.753635474634615 0
      vertex 9.272887932375056 2.484662832984199 11
    endloop
  endfacet
  facet normal 0 -1 0
    outer loop
      vertex 8.807110763226948 1.7498159101492456 0
      vertex 8.848623863663127 1.7498159101492456 11
      vertex 8.807110763226948 1.7498159101492456 11
    endloop
  endfacet
  facet normal 0.4999999999999999 -0.8660254037844387 0
    outer loop
      vertex 8.848623863663127 1.7498159101492456 0
      vertex 9.117596505313543 1.905107337210758 11
      vertex 8.848623863663127 1.7498159101492456 11
    endloop
  endfacet
  facet normal 0.8660254037844376 -0.5000000000000021 0
    outer loop
      vertex 9.272887932375056 2.174079978861174 0
      vertex 9.272887932375056 2.174079978861174 11
      vertex 9.117596505313543 1.905107337210758 11
    endloop
  endfacet
  facet normal 1 0 0
    outer loop
      vertex 9.272887932375056 2.484662832984199 0
      vertex 9.272887932375056 2.484662832984199 11
      vertex 9.272887932375056 2.174079978861174 11
    endloop
  endfacet
  facet normal -0.5000000000000074 0.8660254037844343 0
    outer loop
      vertex 8.538041009540104 2.9089269016961277 0
      vertex 8.512654122975258 2.8942697759040272 11
      vertex 8.538041009540104 2.9089269016961277 11
    endloop
  endfacet
  facet normal 0 1 0
    outer loop
      vertex 8.848623863663128 2.9089269016961277 0
      vertex 8.538041009540104 2.9089269016961277 11
      vertex 8.848623863663128 2.9089269016961277 11
    endloop
  endfacet
  facet normal 0.8660254037844376 0.5000000000000021 0
    outer loop
      vertex 9.117596505313543 2.753635474634615 0
      vertex 9.117596505313543 2.753635474634615 11
      vertex 9.272887932375056 2.484662832984199 11
    endloop
  endfacet
  facet normal 0.5000000000000023 0.8660254037844373 0
    outer loop
      vertex 9.117596505313543 2.753635474634615 0
      vertex 8.848623863663128 2.9089269016961277 11
      vertex 9.117596505313543 2.753635474634615 11
    endloop
  endfacet
  facet normal 0 0 1
    outer loop
      vertex 8.807110763226948 1.7498159101492456 11
      vertex 8.848623863663127 1.7498159101492456 11
      vertex 8.559508646656381 2.7811529493745266 11
    endloop
  endfacet
  facet normal 0 0 1
    outer loop
      vertex 8.848623863663127 1.7498159101492456 11
      vertex 9.117596505313543 1.905107337210758 11
      vertex 8.848623863663128 2.9089269016961277 11
    endloop
  endfacet
  facet normal 0 0 1
    outer loop
      vertex 9.117596505313543 1.905107337210758 11
      vertex 9.272887932375056 2.174079978861174 11
      vertex 9.117596505313543 2.753635474634615 11
    endloop
  endfacet
  facet normal 0 0 1
    outer loop
      vertex 8.848623863663127 1.7498159101492456 11
      vertex 8.538041009540104 2.9089269016961277 11
      vertex 8.559508646656381 2.7811529493745266 11
    endloop
  endfacet
  facet normal 0 0 1
    outer loop
      vertex 8.512654122975258 2.8942697759040272 11
      vertex 8.559508646656381 2.7811529493745266 11
      vertex 8.538041009540104 2.9089269016961277 11
    endloop
  endfacet
  facet normal 0 0 1
    outer loop
      vertex 8.848623863663127 1.7498159101492456 11
      vertex 8.848623863663128 2.9089269016961277 11
      vertex 8.538041009540104 2.9089269016961277 11
    endloop
  endfacet
  facet normal 0 0 1
    outer loop
      vertex 9.117596505313543 1.905107337210758 11
      vertex 9.117596505313543 2.753635474634615 11
      vertex 8.848623863663128 2.9089269016961277 11
    endloop
  endfacet
  facet normal 0 0 1
    outer loop
      vertex 9.272887932375056 2.174079978861174 11
      vertex 9.272887932375056 2.484662832984199 11
      vertex 9.117596505313543 2.753635474634615 11
    endloop
  endfacet
  facet normal 0 0 -1
    outer loop
      vertex 8.008955093608344 3.9575357814295873 0
      vertex 7.897288644845015 4.284625196478472 0
      vertex 8.065913241376435 3.9727976711264197 0
    endloop
  endfacet
  facet normal 0 0 -1
    outer loop
      vertex 8.065913241376435 3.9727976711264197 0
      vertex 7.897288644845015 4.284625196478472 0
      vertex 8.094228634059947 3.980384757729337 0
    endloop
  endfacet
  facet normal 0 0 -1
    outer loop
      vertex 8.094228634059947 3.980384757729337 0
      vertex 7.897288644845015 4.284625196478472 0
      vertex 8.094228634059947 5.019615242270664 0
    endloop
  endfacet
  facet normal 0 0 -1
    outer loop
      vertex 7.897288644845015 4.284625196478472 0
      vertex 7.479825708716916 4.965862793112849 0
      vertex 8.094228634059947 5.019615242270664 0
    endloop
  endfacet
  facet normal 0 0 -1
    outer loop
      vertex 8.094228634059947 3.980384757729337 0
      vertex 8.31384387633061 4.8 0
      vertex 8.313843876330612 4.2 0
    endloop
  endfacet
  facet normal 0 0 -1
    outer loop
      vertex 8.094228634059947 3.980384757729337 0
      vertex 8.094228634059947 5.019615242270664 0
      vertex 8.31384387633061 4.8 0
    endloop
  endfacet
  facet normal 0 0 -1
    outer loop
      vertex 8.313843876330612 4.2 0
      vertex 8.31384387633061 4.8 0
      vertex 8.394228634059948 4.5 0
    endloop
  endfacet
  facet normal 0.25881904510252857 -0.9659258262890662 3.212371629089721e-20
    outer loop
      vertex 8.065913241376435 3.9727976711264197 0
      vertex 8.094228634059947 3.980384757729337 0
      vertex 8.094228634059947 3.980384757729337 11
    endloop
  endfacet
  facet normal 0.7071067811865447 -0.7071067811865505 0
    outer loop
      vertex 8.094228634059947 3.980384757729337 0
      vertex 8.313843876330612 4.2 0
      vertex 8.094228634059947 3.980384757729337 11
    endloop
  endfacet
  facet normal 0.9659258262890692 -0.2588190451025177 0
    outer loop
      vertex 8.313843876330612 4.2 0
      vertex 8.394228634059948 4.5 0
      vertex 8.313843876330612 4.2 11
    endloop
  endfacet
  facet normal 0.9659258262890676 0.258819045102523 0
    outer loop
      vertex 8.394228634059948 4.5 0
      vertex 8.31384387633061 4.8 0
      vertex 8.394228634059948 4.5 11
    endloop
  endfacet
  facet normal 0 0 -1
    outer loop
      vertex 7.479825708716916 4.965862793112849 0
      vertex 7.464874439233448 4.9902610474441635 0
      vertex 7.494228634059947 5.019615242270663 0
    endloop
  endfacet
  facet normal 0 0 -1
    outer loop
      vertex 7.479825708716916 4.965862793112849 0
      vertex 7.494228634059947 5.019615242270663 0
      vertex 7.794228634059948 5.1000000000000005 0
    endloop
  endfacet
  facet normal 0 0 -1
    outer loop
      vertex 7.479825708716916 4.965862793112849 0
      vertex 7.794228634059948 5.1000000000000005 0
      vertex 8.094228634059947 5.019615242270664 0
    endloop
  endfacet
  facet normal -0.7071067811865476 0.7071067811865476 0
    outer loop
      vertex 7.464874439233448 4.9902610474441635 0
      vertex 7.464874439233448 4.9902610474441635 11
      vertex 7.494228634059947 5.019615242270663 0
    endloop
  endfacet
  facet normal -0.2588190451025223 0.9659258262890679 0
    outer loop
      vertex 7.494228634059947 5.019615242270663 0
      vertex 7.494228634059947 5.019615242270663 11
      vertex 7.794228634059948 5.1000000000000005 0
    endloop
  endfacet
  facet normal 0.258819045102521 0.9659258262890682 0
    outer loop
      vertex 7.794228634059948 5.1000000000000005 0
      vertex 7.794228634059948 5.1000000000000005 11
      vertex 8.094228634059947 5.019615242270664 0
    endloop
  endfacet
  facet normal 0.7071067811865489 0.707106781186546 -4.3260425519483694e-19
    outer loop
      vertex 8.094228634059947 5.019615242270664 0
      vertex 8.31384387633061 4.8 11
      vertex 8.31384387633061 4.8 0
    endloop
  endfacet
  facet normal 0.25881904510252857 -0.9659258262890662 0
    outer loop
      vertex 8.065913241376435 3.9727976711264197 0
      vertex 8.094228634059947 3.980384757729337 11
      vertex 8.065913241376435 3.9727976711264197 10.99999999999998
    endloop
  endfacet
  facet normal 0.7071067811865447 -0.7071067811865505 0
    outer loop
      vertex 8.313843876330612 4.2 0
      vertex 8.313843876330612 4.2 11
      vertex 8.094228634059947 3.980384757729337 11
    endloop
  endfacet
  facet normal 0.9659258262890692 -0.2588190451025177 0
    outer loop
      vertex 8.394228634059948 4.5 0
      vertex 8.394228634059948 4.5 11
      vertex 8.313843876330612 4.2 11
    endloop
  endfacet
  facet normal 0.9659258262890676 0.258819045102523 0
    outer loop
      vertex 8.31384387633061 4.8 0
      vertex 8.31384387633061 4.8 11
      vertex 8.394228634059948 4.5 11
    endloop
  endfacet
  facet normal 0 0 1
    outer loop
      vertex 8.01905871769531 4.085914497655922 11
      vertex 7.494228634059947 5.019615242270663 11
      vertex 7.464874439233448 4.9902610474441635 11
    endloop
  endfacet
  facet normal 0 0 1
    outer loop
      vertex 8.01905871769531 4.085914497655922 11
      vertex 7.794228634059948 5.1000000000000005 11
      vertex 7.494228634059947 5.019615242270663 11
    endloop
  endfacet
  facet normal -5.794800939310783e-13 -4.12769615712826e-13 1
    outer loop
      vertex 8.065913241376435 3.9727976711264197 10.99999999999998
      vertex 8.094228634059947 3.980384757729337 11
      vertex 8.01905871769531 4.085914497655922 11
    endloop
  endfacet
  facet normal 0 0 1
    outer loop
      vertex 8.094228634059947 3.980384757729337 11
      vertex 7.794228634059948 5.1000000000000005 11
      vertex 8.01905871769531 4.085914497655922 11
    endloop
  endfacet
  facet normal 0 0 1
    outer loop
      vertex 8.094228634059947 3.980384757729337 11
      vertex 8.094228634059947 5.019615242270664 11
      vertex 7.794228634059948 5.1000000000000005 11
    endloop
  endfacet
  facet normal 0 0 1
    outer loop
      vertex 8.094228634059947 3.980384757729337 11
      vertex 8.313843876330612 4.2 11
      vertex 8.094228634059947 5.019615242270664 11
    endloop
  endfacet
  facet normal 0 0 1
    outer loop
      vertex 8.313843876330612 4.2 11
      vertex 8.31384387633061 4.8 11
      vertex 8.094228634059947 5.019615242270664 11
    endloop
  endfacet
  facet normal 0 0 1
    outer loop
      vertex 8.313843876330612 4.2 11
      vertex 8.394228634059948 4.5 11
      vertex 8.31384387633061 4.8 11
    endloop
  endfacet
  facet normal -0.7071067811865476 0.7071067811865476 0
    outer loop
      vertex 7.494228634059947 5.019615242270663 0
      vertex 7.464874439233448 4.9902610474441635 11
      vertex 7.494228634059947 5.019615242270663 11
    endloop
  endfacet
  facet normal -0.2588190451025223 0.9659258262890679 0
    outer loop
      vertex 7.794228634059948 5.1000000000000005 0
      vertex 7.494228634059947 5.019615242270663 11
      vertex 7.794228634059948 5.1000000000000005 11
    endloop
  endfacet
  facet normal 0.258819045102521 0.9659258262890682 0
    outer loop
      vertex 8.094228634059947 5.019615242270664 0
      vertex 7.794228634059948 5.1000000000000005 11
      vertex 8.094228634059947 5.019615242270664 11
    endloop
  endfacet
  facet normal 0.7071067811865489 0.707106781186546 0
    outer loop
      vertex 8.094228634059947 5.019615242270664 0
      vertex 8.094228634059947 5.019615242270664 11
      vertex 8.31384387633061 4.8 11
    endloop
  endfacet
  facet normal 0 0 -1
    outer loop
      vertex 5.9157583794719795 6.746762258248302 0
      vertex 5.939696961967 6.788225099390857 0
      vertex 5.926197932952463 6.737846037255758 0
    endloop
  endfacet
  facet normal 0 0 -1
    outer loop
      vertex 6.318349023961971 5.7844055349054875 0
      vertex 6.519252457740441 6.18213813068296 0
      vertex 6.3639610306789285 5.7844055349054875 0
    endloop
  endfacet
  facet normal 0 0 -1
    outer loop
      vertex 6.318349023961971 5.7844055349054875 0
      vertex 6.3639610306789285 6.3639610306789285 0
      vertex 6.519252457740441 6.18213813068296 0
    endloop
  endfacet
  facet normal 0 0 -1
    outer loop
      vertex 6.519252457740441 6.18213813068296 0
      vertex 6.3639610306789285 6.3639610306789285 0
      vertex 6.519252457740442 6.9435165264523695 0
    endloop
  endfacet
  facet normal 0 0 -1
    outer loop
      vertex 5.926197932952463 6.737846037255758 0
      vertex 5.939696961967 6.788225099390857 0
      vertex 6.208669603617417 6.9435165264523695 0
    endloop
  endfacet
  facet normal 0 0 -1
    outer loop
      vertex 5.926197932952463 6.737846037255758 0
      vertex 6.519252457740442 6.9435165264523695 0
      vertex 6.3639610306789285 6.3639610306789285 0
    endloop
  endfacet
  facet normal 0 0 -1
    outer loop
      vertex 5.926197932952463 6.737846037255758 0
      vertex 6.208669603617417 6.9435165264523695 0
      vertex 6.519252457740442 6.9435165264523695 0
    endloop
  endfacet
  facet normal 0 0 -1
    outer loop
      vertex 6.746762258248302 5.9157583794719795 0
      vertex 6.519252457740441 6.18213813068296 0
      vertex 6.788225099390857 5.939696961967 0
    endloop
  endfacet
  facet normal 0 0 -1
    outer loop
      vertex 6.788225099390857 5.939696961967 0
      vertex 6.9435165264523695 6.519252457740442 0
      vertex 6.9435165264523695 6.208669603617417 0
    endloop
  endfacet
  facet normal 0 0 -1
    outer loop
      vertex 6.788225099390857 5.939696961967 0
      vertex 6.519252457740441 6.18213813068296 0
      vertex 6.788225099390856 6.788225099390856 0
    endloop
  endfacet
  facet normal 0 0 -1
    outer loop
      vertex 6.788225099390857 5.939696961967 0
      vertex 6.788225099390856 6.788225099390856 0
      vertex 6.9435165264523695 6.519252457740442 0
    endloop
  endfacet
  facet normal 0 0 -1
    outer loop
      vertex 6.519252457740441 6.18213813068296 0
      vertex 6.519252457740442 6.9435165264523695 0
      vertex 6.788225099390856 6.788225099390856 0
    endloop
  endfacet
  facet normal -0.8660254037844409 0.4999999999999958 0
    outer loop
      vertex 5.9157583794719795 6.746762258248302 0
      vertex 5.9157583794719795 6.746762258248302 11
      vertex 5.939696961967 6.788225099390857 0
    endloop
  endfacet
  facet normal 0.4999999999999958 -0.8660254037844409 4.709812874704738e-20
    outer loop
      vertex 6.746762258248302 5.9157583794719795 0
      vertex 6.788225099390857 5.939696961967 0
      vertex 6.788225099390857 5.939696961967 11
    endloop
  endfacet
  facet normal -0.4999999999999986 0.8660254037844394 0
    outer loop
      vertex 5.939696961967 6.788225099390857 0
      vertex 5.939696961967 6.788225099390857 11
      vertex 6.208669603617417 6.9435165264523695 0
    endloop
  endfacet
  facet normal 0 1 0
    outer loop
      vertex 6.208669603617417 6.9435165264523695 0
      vertex 6.208669603617417 6.9435165264523695 11
      vertex 6.519252457740442 6.9435165264523695 0
    endloop
  endfacet
  facet normal 0.8660254037844394 -0.4999999999999986 0
    outer loop
      vertex 6.788225099390857 5.939696961967 0
      vertex 6.9435165264523695 6.208669603617417 0
      vertex 6.788225099390857 5.939696961967 11
    endloop
  endfacet
  facet normal 1 0 0
    outer loop
      vertex 6.9435165264523695 6.208669603617417 0
      vertex 6.9435165264523695 6.519252457740442 0
      vertex 6.9435165264523695 6.208669603617417 11
    endloop
  endfacet
  facet normal 0.5000000000000044 0.866025403784436 0
    outer loop
      vertex 6.519252457740442 6.9435165264523695 0
      vertex 6.519252457740442 6.9435165264523695 11
      vertex 6.788225099390856 6.788225099390856 0
    endloop
  endfacet
  facet normal 0.866025403784436 0.5000000000000044 0
    outer loop
      vertex 6.9435165264523695 6.519252457740442 0
      vertex 6.788225099390856 6.788225099390856 0
      vertex 6.9435165264523695 6.519252457740442 11
    endloop
  endfacet
  facet normal -0.8660254037844409 0.4999999999999958 0
    outer loop
      vertex 5.939696961967 6.788225099390857 0
      vertex 5.9157583794719795 6.746762258248302 11
      vertex 5.939696961967 6.788225099390857 11
    endloop
  endfacet
  facet normal 0.4999999999999958 -0.8660254037844409 0
    outer loop
      vertex 6.746762258248302 5.9157583794719795 0
      vertex 6.788225099390857 5.939696961967 11
      vertex 6.746762258248302 5.9157583794719795 11
    endloop
  endfacet
  facet normal -0.4999999999999986 0.8660254037844394 0
    outer loop
      vertex 6.208669603617417 6.9435165264523695 0
      vertex 5.939696961967 6.788225099390857 11
      vertex 6.208669603617417 6.9435165264523695 11
    endloop
  endfacet
  facet normal 0 1 0
    outer loop
      vertex 6.519252457740442 6.9435165264523695 0
      vertex 6.208669603617417 6.9435165264523695 11
      vertex 6.519252457740442 6.9435165264523695 11
    endloop
  endfacet
  facet normal 0.8660254037844394 -0.4999999999999986 0
    outer loop
      vertex 6.9435165264523695 6.208669603617417 0
      vertex 6.9435165264523695 6.208669603617417 11
      vertex 6.788225099390857 5.939696961967 11
    endloop
  endfacet
  facet normal 1 0 0
    outer loop
      vertex 6.9435165264523695 6.519252457740442 0
      vertex 6.9435165264523695 6.519252457740442 11
      vertex 6.9435165264523695 6.208669603617417 11
    endloop
  endfacet
  facet normal 0.5000000000000044 0.866025403784436 0
    outer loop
      vertex 6.788225099390856 6.788225099390856 0
      vertex 6.519252457740442 6.9435165264523695 11
      vertex 6.788225099390856 6.788225099390856 11
    endloop
  endfacet
  facet normal 0.866025403784436 0.5000000000000044 0
    outer loop
      vertex 6.788225099390856 6.788225099390856 0
      vertex 6.788225099390856 6.788225099390856 11
      vertex 6.9435165264523695 6.519252457740442 11
    endloop
  endfacet
  facet normal 0 0 1
    outer loop
      vertex 6.746762258248302 5.9157583794719795 11
      vertex 6.519252457740442 6.9435165264523695 11
      vertex 6.3639610306789285 6.3639610306789285 11
    endloop
  endfacet
  facet normal 0 0 1
    outer loop
      vertex 5.9157583794719795 6.746762258248302 11
      vertex 6.3639610306789285 6.3639610306789285 11
      vertex 5.939696961967 6.788225099390857 11
    endloop
  endfacet
  facet normal 0 0 1
    outer loop
      vertex 5.939696961967 6.788225099390857 11
      vertex 6.3639610306789285 6.3639610306789285 11
      vertex 6.208669603617417 6.9435165264523695 11
    endloop
  endfacet
  facet normal 0 0 1
    outer loop
      vertex 6.3639610306789285 6.3639610306789285 11
      vertex 6.519252457740442 6.9435165264523695 11
      vertex 6.208669603617417 6.9435165264523695 11
    endloop
  endfacet
  facet normal 0 0 1
    outer loop
      vertex 6.746762258248302 5.9157583794719795 11
      vertex 6.788225099390857 5.939696961967 11
      vertex 6.519252457740442 6.9435165264523695 11
    endloop
  endfacet
  facet normal 0 0 1
    outer loop
      vertex 6.788225099390857 5.939696961967 11
      vertex 6.788225099390856 6.788225099390856 11
      vertex 6.519252457740442 6.9435165264523695 11
    endloop
  endfacet
  facet normal 0 0 1
    outer loop
      vertex 6.788225099390857 5.939696961967 11
      vertex 6.9435165264523695 6.208669603617417 11
      vertex 6.788225099390856 6.788225099390856 11
    endloop
  endfacet
  facet normal 0 0 1
    outer loop
      vertex 6.9435165264523695 6.208669603617417 11
      vertex 6.9435165264523695 6.519252457740442 11
      vertex 6.788225099390856 6.788225099390856 11
    endloop
  endfacet
  facet normal 0 0 -1
    outer loop
      vertex 3.9727976711264197 8.065913241376435 0
      vertex 3.980384757729337 8.094228634059947 0
      vertex 3.980384757729337 8.062770567206607 0
    endloop
  endfacet
  facet normal 0 0 -1
    outer loop
      vertex 3.980384757729337 8.062770567206607 0
      vertex 4.116062301242398 8.00058411989683 0
      vertex 4.071318388255315 7.833597563299594 0
    endloop
  endfacet
  facet normal 0 0 -1
    outer loop
      vertex 3.980384757729337 8.062770567206607 0
      vertex 3.980384757729337 8.094228634059947 0
      vertex 4.2 8.313843876330612 0
    endloop
  endfacet
  facet normal 0 0 -1
    outer loop
      vertex 3.980384757729337 8.062770567206607 0
      vertex 4.2 8.313843876330612 0
      vertex 4.116062301242398 8.00058411989683 0
    endloop
  endfacet
  facet normal 0 0 -1
    outer loop
      vertex 4.116062301242398 8.00058411989683 0
      vertex 5.019615242270663 7.494228634059947 0
      vertex 4.9902610474441635 7.464874439233448 0
    endloop
  endfacet
  facet normal 0 0 -1
    outer loop
      vertex 4.116062301242398 8.00058411989683 0
      vertex 4.2 8.313843876330612 0
      vertex 4.5 8.394228634059948 0
    endloop
  endfacet
  facet normal 0 0 -1
    outer loop
      vertex 4.116062301242398 8.00058411989683 0
      vertex 4.5 8.394228634059948 0
      vertex 4.8 8.31384387633061 0
    endloop
  endfacet
  facet normal 0 0 -1
    outer loop
      vertex 4.116062301242398 8.00058411989683 0
      vertex 5.019615242270664 8.094228634059947 0
      vertex 5.019615242270663 7.494228634059947 0
    endloop
  endfacet
  facet normal 0 0 -1
    outer loop
      vertex 4.116062301242398 8.00058411989683 0
      vertex 4.8 8.31384387633061 0
      vertex 5.019615242270664 8.094228634059947 0
    endloop
  endfacet
  facet normal -0.9659258262890662 0.25881904510252857 0
    outer loop
      vertex 3.9727976711264197 8.065913241376435 0
      vertex 3.9727976711264197 8.065913241376435 11
      vertex 3.980384757729337 8.094228634059947 0
    endloop
  endfacet
  facet normal -0.7071067811865505 0.7071067811865447 6.575448210940792e-19
    outer loop
      vertex 3.980384757729337 8.094228634059947 0
      vertex 4.2 8.313843876330612 11
      vertex 4.2 8.313843876330612 0
    endloop
  endfacet
  facet normal -0.2588190451025177 0.9659258262890692 0
    outer loop
      vertex 4.2 8.313843876330612 0
      vertex 4.2 8.313843876330612 11
      vertex 4.5 8.394228634059948 0
    endloop
  endfacet
  facet normal 0.258819045102523 0.9659258262890676 0
    outer loop
      vertex 4.5 8.394228634059948 0
      vertex 4.5 8.394228634059948 11
      vertex 4.8 8.31384387633061 0
    endloop
  endfacet
  facet normal 0 0 -1
    outer loop
      vertex 5.019615242270663 7.494228634059947 0
      vertex 5.019615242270664 8.094228634059947 0
      vertex 5.1000000000000005 7.794228634059948 0
    endloop
  endfacet
  facet normal 0.7071067811865476 -0.7071067811865476 0
    outer loop
      vertex 4.9902610474441635 7.464874439233448 0
      vertex 5.019615242270663 7.494228634059947 0
      vertex 4.9902610474441635 7.464874439233448 11
    endloop
  endfacet
  facet normal 0.9659258262890679 -0.2588190451025223 0
    outer loop
      vertex 5.019615242270663 7.494228634059947 0
      vertex 5.1000000000000005 7.794228634059948 0
      vertex 5.019615242270663 7.494228634059947 11
    endloop
  endfacet
  facet normal 0.9659258262890682 0.258819045102521 0
    outer loop
      vertex 5.1000000000000005 7.794228634059948 0
      vertex 5.019615242270664 8.094228634059947 0
      vertex 5.1000000000000005 7.794228634059948 11
    endloop
  endfacet
  facet normal 0.707106781186546 0.7071067811865489 0
    outer loop
      vertex 5.019615242270664 8.094228634059947 0
      vertex 4.8 8.31384387633061 0
      vertex 5.019615242270664 8.094228634059947 11
    endloop
  endfacet
  facet normal -0.9659258262890662 0.25881904510252857 0
    outer loop
      vertex 3.980384757729337 8.094228634059947 0
      vertex 3.9727976711264197 8.065913241376435 11
      vertex 3.980384757729337 8.094228634059947 11
    endloop
  endfacet
  facet normal -0.7071067811865505 0.7071067811865447 0
    outer loop
      vertex 3.980384757729337 8.094228634059947 0
      vertex 3.980384757729337 8.094228634059947 11
      vertex 4.2 8.313843876330612 11
    endloop
  endfacet
  facet normal -0.2588190451025177 0.9659258262890692 0
    outer loop
      vertex 4.5 8.394228634059948 0
      vertex 4.2 8.313843876330612 11
      vertex 4.5 8.394228634059948 11
    endloop
  endfacet
  facet normal 0.258819045102523 0.9659258262890676 0
    outer loop
      vertex 4.8 8.31384387633061 0
      vertex 4.5 8.394228634059948 11
      vertex 4.8 8.31384387633061 11
    endloop
  endfacet
  facet normal 0 0 1
    outer loop
      vertex 3.9727976711264197 8.065913241376435 11
      vertex 4.085914497655922 8.01905871769531 11
      vertex 3.980384757729337 8.094228634059947 11
    endloop
  endfacet
  facet normal 0 0 1
    outer loop
      vertex 3.980384757729337 8.094228634059947 11
      vertex 4.085914497655922 8.01905871769531 11
      vertex 4.2 8.313843876330612 11
    endloop
  endfacet
  facet normal 0 0 1
    outer loop
      vertex 4.085914497655922 8.01905871769531 11
      vertex 4.9902610474441635 7.464874439233448 11
      vertex 4.2 8.313843876330612 11
    endloop
  endfacet
  facet normal 0 0 1
    outer loop
      vertex 4.2 8.313843876330612 11
      vertex 4.9902610474441635 7.464874439233448 11
      vertex 4.5 8.394228634059948 11
    endloop
  endfacet
  facet normal 0 0 1
    outer loop
      vertex 4.5 8.394228634059948 11
      vertex 4.9902610474441635 7.464874439233448 11
      vertex 4.8 8.31384387633061 11
    endloop
  endfacet
  facet normal 0.7071067811865476 -0.7071067811865476 0
    outer loop
      vertex 5.019615242270663 7.494228634059947 0
      vertex 5.019615242270663 7.494228634059947 11
      vertex 4.9902610474441635 7.464874439233448 11
    endloop
  endfacet
  facet normal 0.9659258262890679 -0.2588190451025223 0
    outer loop
      vertex 5.1000000000000005 7.794228634059948 0
      vertex 5.1000000000000005 7.794228634059948 11
      vertex 5.019615242270663 7.494228634059947 11
    endloop
  endfacet
  facet normal 0.9659258262890682 0.258819045102521 0
    outer loop
      vertex 5.019615242270664 8.094228634059947 0
      vertex 5.019615242270664 8.094228634059947 11
      vertex 5.1000000000000005 7.794228634059948 11
    endloop
  endfacet
  facet normal 0.707106781186546 0.7071067811865489 0
    outer loop
      vertex 4.8 8.31384387633061 0
      vertex 4.8 8.31384387633061 11
      vertex 5.019615242270664 8.094228634059947 11
    endloop
  endfacet
  facet normal 0 0 1
    outer loop
      vertex 4.9902610474441635 7.464874439233448 11
      vertex 5.019615242270663 7.494228634059947 11
      vertex 4.8 8.31384387633061 11
    endloop
  endfacet
  facet normal 0 0 1
    outer loop
      vertex 5.019615242270663 7.494228634059947 11
      vertex 5.1000000000000005 7.794228634059948 11
      vertex 5.019615242270664 8.094228634059947 11
    endloop
  endfacet
  facet normal 0 0 1
    outer loop
      vertex 5.019615242270663 7.494228634059947 11
      vertex 5.019615242270664 8.094228634059947 11
      vertex 4.8 8.31384387633061 11
    endloop
  endfacet
  facet normal 0 0 -1
    outer loop
      vertex 1.7498159101492456 8.807110763226948 0
      vertex 1.7498159101492456 8.848623863663127 0
      vertex 1.817555330319732 8.790847967291612 0
    endloop
  endfacet
  facet normal 0 0 -1
    outer loop
      vertex 1.7498159101492456 8.848623863663127 0
      vertex 1.905107337210758 9.117596505313543 0
      vertex 1.817555330319732 8.790847967291612 0
    endloop
  endfacet
  facet normal 0 0 -1
    outer loop
      vertex 1.817555330319732 8.790847967291612 0
      vertex 1.905107337210758 9.117596505313543 0
      vertex 2.174079978861174 9.272887932375056 0
    endloop
  endfacet
  facet normal 0 0 -1
    outer loop
      vertex 1.817555330319732 8.790847967291612 0
      vertex 2.174079978861174 9.272887932375056 0
      vertex 2.484662832984199 9.272887932375056 0
    endloop
  endfacet
  facet normal 0 0 -1
    outer loop
      vertex 1.817555330319732 8.790847967291612 0
      vertex 2.484662832984199 9.272887932375056 0
      vertex 2.753635474634615 9.117596505313543 0
    endloop
  endfacet
  facet normal 0 0 -1
    outer loop
      vertex 1.817555330319732 8.790847967291612 0
      vertex 2.753635474634615 9.117596505313543 0
      vertex 2.753635474634615 8.566115007844957 0
    endloop
  endfacet
  facet normal 0 0 -1
    outer loop
      vertex 2.760232463005009 8.293688663664936 0
      vertex 2.753635474634615 8.566115007844957 0
      vertex 2.826433145761034 8.540752975206173 0
    endloop
  endfacet
  facet normal 0 0 -1
    outer loop
      vertex 2.826433145761034 8.540752975206173 0
      vertex 2.753635474634615 8.566115007844957 0
      vertex 2.9089269016961277 8.848623863663128 0
    endloop
  endfacet
  facet normal 0 0 -1
    outer loop
      vertex 2.826433145761034 8.540752975206173 0
      vertex 2.9089269016961277 8.538041009540104 0
      vertex 2.8942697759040272 8.512654122975258 0
    endloop
  endfacet
  facet normal 0 0 -1
    outer loop
      vertex 2.826433145761034 8.540752975206173 0
      vertex 2.9089269016961277 8.848623863663128 0
      vertex 2.9089269016961277 8.538041009540104 0
    endloop
  endfacet
  facet normal 0 0 -1
    outer loop
      vertex 2.753635474634615 8.566115007844957 0
      vertex 2.753635474634615 9.117596505313543 0
      vertex 2.9089269016961277 8.848623863663128 0
    endloop
  endfacet
  facet normal -1 0 0
    outer loop
      vertex 1.7498159101492456 8.807110763226948 0
      vertex 1.7498159101492456 8.807110763226948 11
      vertex 1.7498159101492456 8.848623863663127 0
    endloop
  endfacet
  facet normal -0.8660254037844387 0.4999999999999999 4.1500438527994366e-19
    outer loop
      vertex 1.7498159101492456 8.848623863663127 0
      vertex 1.905107337210758 9.117596505313543 11
      vertex 1.905107337210758 9.117596505313543 0
    endloop
  endfacet
  facet normal -0.5000000000000021 0.8660254037844376 0
    outer loop
      vertex 1.905107337210758 9.117596505313543 0
      vertex 1.905107337210758 9.117596505313543 11
      vertex 2.174079978861174 9.272887932375056 0
    endloop
  endfacet
  facet normal 0 1 0
    outer loop
      vertex 2.174079978861174 9.272887932375056 0
      vertex 2.174079978861174 9.272887932375056 11
      vertex 2.484662832984199 9.272887932375056 0
    endloop
  endfacet
  facet normal 0.8660254037844343 -0.5000000000000074 0
    outer loop
      vertex 2.8942697759040272 8.512654122975258 0
      vertex 2.9089269016961277 8.538041009540104 0
      vertex 2.8942697759040272 8.512654122975258 11
    endloop
  endfacet
  facet normal 1 0 0
    outer loop
      vertex 2.9089269016961277 8.538041009540104 0
      vertex 2.9089269016961277 8.848623863663128 0
      vertex 2.9089269016961277 8.538041009540104 11
    endloop
  endfacet
  facet normal 0.8660254037844373 0.5000000000000023 0
    outer loop
      vertex 2.9089269016961277 8.848623863663128 0
      vertex 2.753635474634615 9.117596505313543 0
      vertex 2.9089269016961277 8.848623863663128 11
    endloop
  endfacet
  facet normal 0.5000000000000021 0.8660254037844376 0
    outer loop
      vertex 2.484662832984199 9.272887932375056 0
      vertex 2.484662832984199 9.272887932375056 11
      vertex 2.753635474634615 9.117596505313543 0
    endloop
  endfacet
  facet normal -1 0 0
    outer loop
      vertex 1.7498159101492456 8.848623863663127 0
      vertex 1.7498159101492456 8.807110763226948 11
      vertex 1.7498159101492456 8.848623863663127 11
    endloop
  endfacet
  facet normal -0.8660254037844387 0.4999999999999999 0
    outer loop
      vertex 1.7498159101492456 8.848623863663127 0
      vertex 1.7498159101492456 8.848623863663127 11
      vertex 1.905107337210758 9.117596505313543 11
    endloop
  endfacet
  facet normal -0.5000000000000021 0.8660254037844376 0
    outer loop
      vertex 2.174079978861174 9.272887932375056 0
      vertex 1.905107337210758 9.117596505313543 11
      vertex 2.174079978861174 9.272887932375056 11
    endloop
  endfacet
  facet normal 0 1 0
    outer loop
      vertex 2.484662832984199 9.272887932375056 0
      vertex 2.174079978861174 9.272887932375056 11
      vertex 2.484662832984199 9.272887932375056 11
    endloop
  endfacet
  facet normal 0.8660254037844343 -0.5000000000000074 0
    outer loop
      vertex 2.9089269016961277 8.538041009540104 0
      vertex 2.9089269016961277 8.538041009540104 11
      vertex 2.8942697759040272 8.512654122975258 11
    endloop
  endfacet
  facet normal 1 0 0
    outer loop
      vertex 2.9089269016961277 8.848623863663128 0
      vertex 2.9089269016961277 8.848623863663128 11
      vertex 2.9089269016961277 8.538041009540104 11
    endloop
  endfacet
  facet normal 0.5000000000000021 0.8660254037844376 0
    outer loop
      vertex 2.753635474634615 9.117596505313543 0
      vertex 2.484662832984199 9.272887932375056 11
      vertex 2.753635474634615 9.117596505313543 11
    endloop
  endfacet
  facet normal 0.8660254037844373 0.5000000000000023 0
    outer loop
      vertex 2.753635474634615 9.117596505313543 0
      vertex 2.753635474634615 9.117596505313543 11
      vertex 2.9089269016961277 8.848623863663128 11
    endloop
  endfacet
  facet normal 0 0 1
    outer loop
      vertex 1.7498159101492456 8.807110763226948 11
      vertex 2.7811529493745266 8.559508646656381 11
      vertex 1.7498159101492456 8.848623863663127 11
    endloop
  endfacet
  facet normal 0 0 1
    outer loop
      vertex 1.7498159101492456 8.848623863663127 11
      vertex 2.7811529493745266 8.559508646656381 11
      vertex 1.905107337210758 9.117596505313543 11
    endloop
  endfacet
  facet normal 0 0 1
    outer loop
      vertex 1.905107337210758 9.117596505313543 11
      vertex 2.7811529493745266 8.559508646656381 11
      vertex 2.174079978861174 9.272887932375056 11
    endloop
  endfacet
  facet normal 0 0 1
    outer loop
      vertex 2.7811529493745266 8.559508646656381 11
      vertex 2.753635474634615 9.117596505313543 11
      vertex 2.484662832984199 9.272887932375056 11
    endloop
  endfacet
  facet normal 0 0 1
    outer loop
      vertex 2.7811529493745266 8.559508646656381 11
      vertex 2.8942697759040272 8.512654122975258 11
      vertex 2.9089269016961277 8.538041009540104 11
    endloop
  endfacet
  facet normal 0 0 1
    outer loop
      vertex 2.7811529493745266 8.559508646656381 11
      vertex 2.9089269016961277 8.538041009540104 11
      vertex 2.753635474634615 9.117596505313543 11
    endloop
  endfacet
  facet normal 0 0 1
    outer loop
      vertex 2.9089269016961277 8.538041009540104 11
      vertex 2.9089269016961277 8.848623863663128 11
      vertex 2.753635474634615 9.117596505313543 11
    endloop
  endfacet
  facet normal 0 0 1
    outer loop
      vertex 2.174079978861174 9.272887932375056 11
      vertex 2.7811529493745266 8.559508646656381 11
      vertex 2.484662832984199 9.272887932375056 11
    endloop
  endfacet
  facet normal 0 0 -1
    outer loop
      vertex -0.5876084778750618 8.953754209846617 0
      vertex -0.6 9 0
      vertex -0.5196152422706631 8.959105393541211 0
    endloop
  endfacet
  facet normal 0 0 -1
    outer loop
      vertex -0.04624579015338339 8.412391522124938 0
      vertex 0 9 0
      vertex 0 8.4 0
    endloop
  endfacet
  facet normal 0 0 -1
    outer loop
      vertex -0.04624579015338339 8.412391522124938 0
      vertex -0.16423286783016922 8.987074592985064 0
      vertex 0 9 0
    endloop
  endfacet
  facet normal 0 0 -1
    outer loop
      vertex -0.5196152422706631 8.959105393541211 0
      vertex -0.6 9 0
      vertex -0.5196152422706631 9.3 0
    endloop
  endfacet
  facet normal 0 0 -1
    outer loop
      vertex -0.5196152422706631 8.959105393541211 0
      vertex -0.5196152422706631 9.3 0
      vertex -0.3 9.519615242270664 0
    endloop
  endfacet
  facet normal 0 0 -1
    outer loop
      vertex -0.5196152422706631 8.959105393541211 0
      vertex -0.3 9.519615242270664 0
      vertex -0.16423286783016922 8.987074592985064 0
    endloop
  endfacet
  facet normal 0 0 -1
    outer loop
      vertex -0.16423286783016922 8.987074592985064 0
      vertex 0 9.6 0
      vertex 0 9 0
    endloop
  endfacet
  facet normal 0 0 -1
    outer loop
      vertex -0.16423286783016922 8.987074592985064 0
      vertex -0.3 9.519615242270664 0
      vertex 0 9.6 0
    endloop
  endfacet
  facet normal -0.9659258262890686 -0.2588190451025197 0
    outer loop
      vertex -0.5876084778750618 8.953754209846617 0
      vertex -0.5876084778750618 8.953754209846617 11
      vertex -0.6 9 0
    endloop
  endfacet
  facet normal -0.9659258262890684 0.2588190451025203 2.6687800245819805e-19
    outer loop
      vertex -0.6 9 0
      vertex -0.5196152422706631 9.3 11
      vertex -0.5196152422706631 9.3 0
    endloop
  endfacet
  facet normal -0.7071067811865476 0.7071067811865475 0
    outer loop
      vertex -0.5196152422706631 9.3 0
      vertex -0.5196152422706631 9.3 11
      vertex -0.3 9.519615242270664 0
    endloop
  endfacet
  facet normal -0.2588190451025175 0.9659258262890692 0
    outer loop
      vertex -0.3 9.519615242270664 0
      vertex -0.3 9.519615242270664 11
      vertex 0 9.6 0
    endloop
  endfacet
  facet normal -0.9659258262890686 -0.2588190451025197 0
    outer loop
      vertex -0.6 9 0
      vertex -0.5876084778750618 8.953754209846617 11
      vertex -0.6 9 11
    endloop
  endfacet
  facet normal -0.9659258262890684 0.2588190451025203 0
    outer loop
      vertex -0.6 9 0
      vertex -0.6 9 11
      vertex -0.5196152422706631 9.3 11
    endloop
  endfacet
  facet normal -0.7071067811865476 0.7071067811865475 0
    outer loop
      vertex -0.3 9.519615242270664 0
      vertex -0.5196152422706631 9.3 11
      vertex -0.3 9.519615242270664 11
    endloop
  endfacet
  facet normal -0.2588190451025175 0.9659258262890692 -4.643291733391857e-19
    outer loop
      vertex -0.3 9.519615242270664 11
      vertex 0 9.6 11
      vertex 0 9.6 0
    endloop
  endfacet
  facet normal 0 0 1
    outer loop
      vertex -0.5876084778750618 8.953754209846617 11
      vertex 0 9 11
      vertex -0.6 9 11
    endloop
  endfacet
  facet normal 0 0 1
    outer loop
      vertex -0.6 9 11
      vertex 0 9 11
      vertex -0.5196152422706631 9.3 11
    endloop
  endfacet
  facet normal 0 0 1
    outer loop
      vertex -0.5196152422706631 9.3 11
      vertex 0 9 11
      vertex -0.3 9.519615242270664 11
    endloop
  endfacet
  facet normal 0 0 1
    outer loop
      vertex -0.3 9.519615242270664 11
      vertex 0 9 11
      vertex 0 9.6 11
    endloop
  endfacet
  facet normal 0 0 -1
    outer loop
      vertex 0.5876084778750618 8.953754209846617 0
      vertex 0 9 0
      vertex 0.6 9 0
    endloop
  endfacet
  facet normal 0 0 -1
    outer loop
      vertex 0 9 0
      vertex 0.3 9.519615242270664 0
      vertex 0.5196152422706631 9.3 0
    endloop
  endfacet
  facet normal 0 0 -1
    outer loop
      vertex 0 9 0
      vertex 0 9.6 0
      vertex 0.3 9.519615242270664 0
    endloop
  endfacet
  facet normal 0 0 -1
    outer loop
      vertex 0 9 0
      vertex 0.5196152422706631 9.3 0
      vertex 0.6 9 0
    endloop
  endfacet
  facet normal 0.9659258262890686 -0.2588190451025197 0
    outer loop
      vertex 0.5876084778750618 8.953754209846617 0
      vertex 0.6 9 0
      vertex 0.5876084778750618 8.953754209846617 11
    endloop
  endfacet
  facet normal 0.2588190451025175 0.9659258262890692 0
    outer loop
      vertex 0 9.6 0
      vertex 0 9.6 11
      vertex 0.3 9.519615242270664 0
    endloop
  endfacet
  facet normal 0.9659258262890684 0.2588190451025203 -2.6687800245819805e-19
    outer loop
      vertex 0.5196152422706631 9.3 0
      vertex 0.6 9 11
      vertex 0.6 9 0
    endloop
  endfacet
  facet normal 0.7071067811865476 0.7071067811865475 0
    outer loop
      vertex 0.3 9.519615242270664 0
      vertex 0.3 9.519615242270664 11
      vertex 0.5196152422706631 9.3 0
    endloop
  endfacet
  facet normal 0.9659258262890686 -0.2588190451025197 0
    outer loop
      vertex 0.6 9 0
      vertex 0.6 9 11
      vertex 0.5876084778750618 8.953754209846617 11
    endloop
  endfacet
  facet normal 0.2588190451025175 0.9659258262890692 0
    outer loop
      vertex 0.3 9.519615242270664 0
      vertex 0 9.6 11
      vertex 0.3 9.519615242270664 11
    endloop
  endfacet
  facet normal 0.9659258262890684 0.2588190451025203 0
    outer loop
      vertex 0.5196152422706631 9.3 0
      vertex 0.5196152422706631 9.3 11
      vertex 0.6 9 11
    endloop
  endfacet
  facet normal 0.7071067811865476 0.7071067811865475 0
    outer loop
      vertex 0.5196152422706631 9.3 0
      vertex 0.3 9.519615242270664 11
      vertex 0.5196152422706631 9.3 11
    endloop
  endfacet
  facet normal 0 0 1
    outer loop
      vertex 0.5876084778750618 8.953754209846617 11
      vertex 0 9.6 11
      vertex 0 9 11
    endloop
  endfacet
  facet normal 0 0 1
    outer loop
      vertex 0.5876084778750618 8.953754209846617 11
      vertex 0.3 9.519615242270664 11
      vertex 0 9.6 11
    endloop
  endfacet
  facet normal 0 0 1
    outer loop
      vertex 0.5876084778750618 8.953754209846617 11
      vertex 0.6 9 11
      vertex 0.5196152422706631 9.3 11
    endloop
  endfacet
  facet normal 0 0 1
    outer loop
      vertex 0.5876084778750618 8.953754209846617 11
      vertex 0.5196152422706631 9.3 11
      vertex 0.3 9.519615242270664 11
    endloop
  endfacet
  facet normal 0 0 -1
    outer loop
      vertex -2.9089269016961277 8.538041009540104 0
      vertex -2.753635474634615 8.566115007844957 0
      vertex -2.8942697759040272 8.512654122975258 0
    endloop
  endfacet
  facet normal 0 0 -1
    outer loop
      vertex -2.7811529493745266 8.316730032235206 0
      vertex -2.8942697759040272 8.512654122975258 0
      vertex -2.753635474634615 8.566115007844957 0
    endloop
  endfacet
  facet normal 0 0 -1
    outer loop
      vertex -2.9089269016961277 8.538041009540104 0
      vertex -2.9089269016961277 8.848623863663128 0
      vertex -2.753635474634615 9.117596505313543 0
    endloop
  endfacet
  facet normal 0 0 -1
    outer loop
      vertex -2.9089269016961277 8.538041009540104 0
      vertex -2.753635474634615 9.117596505313543 0
      vertex -2.753635474634615 8.566115007844957 0
    endloop
  endfacet
  facet normal 0 0 -1
    outer loop
      vertex -2.753635474634615 8.566115007844957 0
      vertex -2.753635474634615 9.117596505313543 0
      vertex -2.484662832984199 9.272887932375056 0
    endloop
  endfacet
  facet normal 0 0 -1
    outer loop
      vertex -2.753635474634615 8.566115007844957 0
      vertex -2.484662832984199 9.272887932375056 0
      vertex -2.174079978861174 9.272887932375056 0
    endloop
  endfacet
  facet normal 0 0 -1
    outer loop
      vertex -2.753635474634615 8.566115007844957 0
      vertex -2.174079978861174 9.272887932375056 0
      vertex -1.905107337210758 9.117596505313543 0
    endloop
  endfacet
  facet normal 0 0 -1
    outer loop
      vertex -2.753635474634615 8.566115007844957 0
      vertex -1.905107337210758 9.117596505313543 0
      vertex -1.7498159101492456 8.848623863663127 0
    endloop
  endfacet
  facet normal 0 0 -1
    outer loop
      vertex -2.753635474634615 8.566115007844957 0
      vertex -1.7498159101492456 8.848623863663127 0
      vertex -1.7498159101492456 8.807110763226948 0
    endloop
  endfacet
  facet normal -0.8660254037844343 -0.5000000000000074 2.2493644704799328e-20
    outer loop
      vertex -2.9089269016961277 8.538041009540104 0
      vertex -2.8942697759040272 8.512654122975258 0
      vertex -2.8942697759040272 8.512654122975258 11
    endloop
  endfacet
  facet normal -1 0 0
    outer loop
      vertex -2.9089269016961277 8.538041009540104 0
      vertex -2.9089269016961277 8.848623863663128 11
      vertex -2.9089269016961277 8.848623863663128 0
    endloop
  endfacet
  facet normal -0.8660254037844373 0.5000000000000023 9.13412626647581e-19
    outer loop
      vertex -2.9089269016961277 8.848623863663128 0
      vertex -2.753635474634615 9.117596505313543 11
      vertex -2.753635474634615 9.117596505313543 0
    endloop
  endfacet
  facet normal -0.5000000000000021 0.8660254037844376 0
    outer loop
      vertex -2.753635474634615 9.117596505313543 0
      vertex -2.753635474634615 9.117596505313543 11
      vertex -2.484662832984199 9.272887932375056 0
    endloop
  endfacet
  facet normal 0.8660254037844387 0.4999999999999999 -4.1500438527994366e-19
    outer loop
      vertex -1.905107337210758 9.117596505313543 0
      vertex -1.7498159101492456 8.848623863663127 11
      vertex -1.7498159101492456 8.848623863663127 0
    endloop
  endfacet
  facet normal 0 1 0
    outer loop
      vertex -2.484662832984199 9.272887932375056 0
      vertex -2.484662832984199 9.272887932375056 11
      vertex -2.174079978861174 9.272887932375056 0
    endloop
  endfacet
  facet normal 0.5000000000000021 0.8660254037844376 0
    outer loop
      vertex -2.174079978861174 9.272887932375056 0
      vertex -2.174079978861174 9.272887932375056 11
      vertex -1.905107337210758 9.117596505313543 0
    endloop
  endfacet
  facet normal 1 0 0
    outer loop
      vertex -1.7498159101492456 8.807110763226948 0
      vertex -1.7498159101492456 8.848623863663127 0
      vertex -1.7498159101492456 8.807110763226948 11
    endloop
  endfacet
  facet normal -0.8660254037844343 -0.5000000000000074 0
    outer loop
      vertex -2.9089269016961277 8.538041009540104 0
      vertex -2.8942697759040272 8.512654122975258 11
      vertex -2.9089269016961277 8.538041009540104 11
    endloop
  endfacet
  facet normal -1 0 0
    outer loop
      vertex -2.9089269016961277 8.538041009540104 0
      vertex -2.9089269016961277 8.538041009540104 11
      vertex -2.9089269016961277 8.848623863663128 11
    endloop
  endfacet
  facet normal -0.8660254037844373 0.5000000000000023 0
    outer loop
      vertex -2.9089269016961277 8.848623863663128 0
      vertex -2.9089269016961277 8.848623863663128 11
      vertex -2.753635474634615 9.117596505313543 11
    endloop
  endfacet
  facet normal -0.5000000000000021 0.8660254037844376 0
    outer loop
      vertex -2.484662832984199 9.272887932375056 0
      vertex -2.753635474634615 9.117596505313543 11
      vertex -2.484662832984199 9.272887932375056 11
    endloop
  endfacet
  facet normal 0 1 0
    outer loop
      vertex -2.174079978861174 9.272887932375056 0
      vertex -2.484662832984199 9.272887932375056 11
      vertex -2.174079978861174 9.272887932375056 11
    endloop
  endfacet
  facet normal 0.5000000000000021 0.8660254037844376 0
    outer loop
      vertex -1.905107337210758 9.117596505313543 0
      vertex -2.174079978861174 9.272887932375056 11
      vertex -1.905107337210758 9.117596505313543 11
    endloop
  endfacet
  facet normal 0.8660254037844387 0.4999999999999999 0
    outer loop
      vertex -1.905107337210758 9.117596505313543 0
      vertex -1.905107337210758 9.117596505313543 11
      vertex -1.7498159101492456 8.848623863663127 11
    endloop
  endfacet
  facet normal 1 0 0
    outer loop
      vertex -1.7498159101492456 8.848623863663127 0
      vertex -1.7498159101492456 8.848623863663127 11
      vertex -1.7498159101492456 8.807110763226948 11
    endloop
  endfacet
  facet normal 0 0 1
    outer loop
      vertex -2.9089269016961277 8.538041009540104 11
      vertex -2.8942697759040272 8.512654122975258 11
      vertex -2.7811529493745266 8.559508646656381 11
    endloop
  endfacet
  facet normal 0 0 1
    outer loop
      vertex -2.9089269016961277 8.538041009540104 11
      vertex -2.7811529493745266 8.559508646656381 11
      vertex -2.9089269016961277 8.848623863663128 11
    endloop
  endfacet
  facet normal 0 0 1
    outer loop
      vertex -2.7811529493745266 8.559508646656381 11
      vertex -1.7498159101492456 8.807110763226948 11
      vertex -2.9089269016961277 8.848623863663128 11
    endloop
  endfacet
  facet normal 0 0 1
    outer loop
      vertex -2.9089269016961277 8.848623863663128 11
      vertex -1.7498159101492456 8.807110763226948 11
      vertex -2.753635474634615 9.117596505313543 11
    endloop
  endfacet
  facet normal 0 0 1
    outer loop
      vertex -1.905107337210758 9.117596505313543 11
      vertex -1.7498159101492456 8.807110763226948 11
      vertex -1.7498159101492456 8.848623863663127 11
    endloop
  endfacet
  facet normal 0 0 1
    outer loop
      vertex -2.753635474634615 9.117596505313543 11
      vertex -1.7498159101492456 8.807110763226948 11
      vertex -2.484662832984199 9.272887932375056 11
    endloop
  endfacet
  facet normal 0 0 1
    outer loop
      vertex -2.484662832984199 9.272887932375056 11
      vertex -1.7498159101492456 8.807110763226948 11
      vertex -2.174079978861174 9.272887932375056 11
    endloop
  endfacet
  facet normal 0 0 1
    outer loop
      vertex -2.174079978861174 9.272887932375056 11
      vertex -1.7498159101492456 8.807110763226948 11
      vertex -1.905107337210758 9.117596505313543 11
    endloop
  endfacet
  facet normal 0 0 -1
    outer loop
      vertex -5.1000000000000005 7.794228634059948 0
      vertex -5.019615242270664 8.094228634059947 0
      vertex -5.019615242270663 7.494228634059947 0
    endloop
  endfacet
  facet normal 0 0 -1
    outer loop
      vertex -5.019615242270663 7.494228634059947 0
      vertex -4.8 8.31384387633061 0
      vertex -4.9902610474441635 7.464874439233448 0
    endloop
  endfacet
  facet normal 0 0 -1
    outer loop
      vertex -5.019615242270663 7.494228634059947 0
      vertex -5.019615242270664 8.094228634059947 0
      vertex -4.8 8.31384387633061 0
    endloop
  endfacet
  facet normal -0.7071067811865476 -0.7071067811865476 -1.0241735153225212e-19
    outer loop
      vertex -5.019615242270663 7.494228634059947 0
      vertex -4.9902610474441635 7.464874439233448 0
      vertex -4.9902610474441635 7.464874439233448 11
    endloop
  endfacet
  facet normal -0.9659258262890679 -0.2588190451025223 0
    outer loop
      vertex -5.1000000000000005 7.794228634059948 0
      vertex -5.019615242270663 7.494228634059947 0
      vertex -5.1000000000000005 7.794228634059948 11
    endloop
  endfacet
  facet normal -0.9659258262890682 0.258819045102521 -9.565987515705772e-20
    outer loop
      vertex -5.1000000000000005 7.794228634059948 0
      vertex -5.019615242270664 8.094228634059947 11
      vertex -5.019615242270664 8.094228634059947 0
    endloop
  endfacet
  facet normal -0.707106781186546 0.7071067811865489 4.3260425519483694e-19
    outer loop
      vertex -5.019615242270664 8.094228634059947 0
      vertex -4.8 8.31384387633061 11
      vertex -4.8 8.31384387633061 0
    endloop
  endfacet
  facet normal 0 0 -1
    outer loop
      vertex -4.9902610474441635 7.464874439233448 0
      vertex -4.8 8.31384387633061 0
      vertex -4.5 8.394228634059948 0
    endloop
  endfacet
  facet normal 0 0 -1
    outer loop
      vertex -4.9902610474441635 7.464874439233448 0
      vertex -4.5 8.394228634059948 0
      vertex -4.2 8.313843876330612 0
    endloop
  endfacet
  facet normal 0 0 -1
    outer loop
      vertex -4.9902610474441635 7.464874439233448 0
      vertex -4.2 8.313843876330612 0
      vertex -4.2 7.949147031943519 0
    endloop
  endfacet
  facet normal 0 0 -1
    outer loop
      vertex -4.121424523145357 7.567861063639765 0
      vertex -4.2 7.949147031943519 0
      vertex -3.989866255623452 8.058843202187253 0
    endloop
  endfacet
  facet normal 0 0 -1
    outer loop
      vertex -3.989866255623452 8.058843202187253 0
      vertex -3.980384757729337 8.094228634059947 0
      vertex -3.9727976711264197 8.065913241376435 0
    endloop
  endfacet
  facet normal 0 0 -1
    outer loop
      vertex -4.2 7.949147031943519 0
      vertex -4.2 8.313843876330612 0
      vertex -3.989866255623452 8.058843202187253 0
    endloop
  endfacet
  facet normal 0 0 -1
    outer loop
      vertex -3.989866255623452 8.058843202187253 0
      vertex -4.2 8.313843876330612 0
      vertex -3.980384757729337 8.094228634059947 0
    endloop
  endfacet
  facet normal -0.258819045102523 0.9659258262890676 0
    outer loop
      vertex -4.8 8.31384387633061 0
      vertex -4.8 8.31384387633061 11
      vertex -4.5 8.394228634059948 0
    endloop
  endfacet
  facet normal 0.2588190451025177 0.9659258262890692 0
    outer loop
      vertex -4.5 8.394228634059948 0
      vertex -4.5 8.394228634059948 11
      vertex -4.2 8.313843876330612 0
    endloop
  endfacet
  facet normal 0.9659258262890662 0.25881904510252857 -3.212371629089721e-20
    outer loop
      vertex -3.980384757729337 8.094228634059947 0
      vertex -3.9727976711264197 8.065913241376435 11
      vertex -3.9727976711264197 8.065913241376435 0
    endloop
  endfacet
  facet normal 0.7071067811865505 0.7071067811865447 0
    outer loop
      vertex -3.980384757729337 8.094228634059947 0
      vertex -4.2 8.313843876330612 0
      vertex -3.980384757729337 8.094228634059947 11
    endloop
  endfacet
  facet normal -0.7071067811865476 -0.7071067811865476 0
    outer loop
      vertex -5.019615242270663 7.494228634059947 0
      vertex -4.9902610474441635 7.464874439233448 11
      vertex -5.019615242270663 7.494228634059947 11
    endloop
  endfacet
  facet normal -0.9659258262890679 -0.2588190451025223 0
    outer loop
      vertex -5.019615242270663 7.494228634059947 0
      vertex -5.019615242270663 7.494228634059947 11
      vertex -5.1000000000000005 7.794228634059948 11
    endloop
  endfacet
  facet normal -0.9659258262890682 0.258819045102521 0
    outer loop
      vertex -5.1000000000000005 7.794228634059948 0
      vertex -5.1000000000000005 7.794228634059948 11
      vertex -5.019615242270664 8.094228634059947 11
    endloop
  endfacet
  facet normal -0.707106781186546 0.7071067811865489 0
    outer loop
      vertex -5.019615242270664 8.094228634059947 0
      vertex -5.019615242270664 8.094228634059947 11
      vertex -4.8 8.31384387633061 11
    endloop
  endfacet
  facet normal 0 0 1
    outer loop
      vertex -5.1000000000000005 7.794228634059948 11
      vertex -5.019615242270663 7.494228634059947 11
      vertex -5.019615242270664 8.094228634059947 11
    endloop
  endfacet
  facet normal -0.258819045102523 0.9659258262890676 0
    outer loop
      vertex -4.5 8.394228634059948 0
      vertex -4.8 8.31384387633061 11
      vertex -4.5 8.394228634059948 11
    endloop
  endfacet
  facet normal 0.2588190451025177 0.9659258262890692 0
    outer loop
      vertex -4.2 8.313843876330612 0
      vertex -4.5 8.394228634059948 11
      vertex -4.2 8.313843876330612 11
    endloop
  endfacet
  facet normal 0.9659258262890662 0.25881904510252857 0
    outer loop
      vertex -3.980384757729337 8.094228634059947 0
      vertex -3.980384757729337 8.094228634059947 11
      vertex -3.9727976711264197 8.065913241376435 11
    endloop
  endfacet
  facet normal 0.7071067811865505 0.7071067811865447 0
    outer loop
      vertex -4.2 8.313843876330612 0
      vertex -4.2 8.313843876330612 11
      vertex -3.980384757729337 8.094228634059947 11
    endloop
  endfacet
  facet normal 0 0 1
    outer loop
      vertex -5.019615242270663 7.494228634059947 11
      vertex -4.9902610474441635 7.464874439233448 11
      vertex -4.085914497655922 8.01905871769531 11
    endloop
  endfacet
  facet normal 0 0 1
    outer loop
      vertex -5.019615242270663 7.494228634059947 11
      vertex -4.085914497655922 8.01905871769531 11
      vertex -5.019615242270664 8.094228634059947 11
    endloop
  endfacet
  facet normal 0 0 1
    outer loop
      vertex -5.019615242270664 8.094228634059947 11
      vertex -4.085914497655922 8.01905871769531 11
      vertex -4.8 8.31384387633061 11
    endloop
  endfacet
  facet normal 0 0 1
    outer loop
      vertex -4.8 8.31384387633061 11
      vertex -4.085914497655922 8.01905871769531 11
      vertex -4.5 8.394228634059948 11
    endloop
  endfacet
  facet normal 0 0 1
    outer loop
      vertex -4.5 8.394228634059948 11
      vertex -4.085914497655922 8.01905871769531 11
      vertex -4.2 8.313843876330612 11
    endloop
  endfacet
  facet normal 0 0 1
    outer loop
      vertex -4.085914497655922 8.01905871769531 11
      vertex -3.9727976711264197 8.065913241376435 11
      vertex -4.2 8.313843876330612 11
    endloop
  endfacet
  facet normal 0 0 1
    outer loop
      vertex -3.980384757729337 8.094228634059947 11
      vertex -4.2 8.313843876330612 11
      vertex -3.9727976711264197 8.065913241376435 11
    endloop
  endfacet
  facet normal 0 0 -1
    outer loop
      vertex -6.409573037395886 5.7844055349054875 0
      vertex -6.3639610306789285 6.3639610306789285 0
      vertex -6.3639610306789285 5.7844055349054875 0
    endloop
  endfacet
  facet normal 0 0 -1
    outer loop
      vertex -6.788225099390857 5.939696961967 0
      vertex -6.519252457740442 6.9435165264523695 0
      vertex -6.746762258248302 5.9157583794719795 0
    endloop
  endfacet
  facet normal 0 0 -1
    outer loop
      vertex -6.788225099390857 5.939696961967 0
      vertex -6.9435165264523695 6.208669603617417 0
      vertex -6.788225099390856 6.788225099390856 0
    endloop
  endfacet
  facet normal 0 0 -1
    outer loop
      vertex -6.9435165264523695 6.208669603617417 0
      vertex -6.9435165264523695 6.519252457740442 0
      vertex -6.788225099390856 6.788225099390856 0
    endloop
  endfacet
  facet normal 0 0 -1
    outer loop
      vertex -6.788225099390857 5.939696961967 0
      vertex -6.788225099390856 6.788225099390856 0
      vertex -6.519252457740442 6.9435165264523695 0
    endloop
  endfacet
  facet normal 0 0 -1
    outer loop
      vertex -6.3639610306789285 5.7844055349054875 0
      vertex -6.3639610306789285 6.3639610306789285 0
      vertex -6.208669603617416 6.496592439150224 0
    endloop
  endfacet
  facet normal 0 0 -1
    outer loop
      vertex -6.746762258248302 5.9157583794719795 0
      vertex -6.519252457740442 6.9435165264523695 0
      vertex -6.3639610306789285 6.3639610306789285 0
    endloop
  endfacet
  facet normal 0 0 -1
    outer loop
      vertex -6.3639610306789285 6.3639610306789285 0
      vertex -6.519252457740442 6.9435165264523695 0
      vertex -6.208669603617417 6.9435165264523695 0
    endloop
  endfacet
  facet normal 0 0 -1
    outer loop
      vertex -6.3639610306789285 6.3639610306789285 0
      vertex -6.208669603617417 6.9435165264523695 0
      vertex -6.208669603617416 6.496592439150224 0
    endloop
  endfacet
  facet normal 0 0 -1
    outer loop
      vertex -6.208669603617416 6.496592439150224 0
      vertex -6.208669603617417 6.9435165264523695 0
      vertex -5.939696961967 6.788225099390857 0
    endloop
  endfacet
  facet normal 0 0 -1
    outer loop
      vertex -6.208669603617416 6.496592439150224 0
      vertex -5.939696961967 6.788225099390857 0
      vertex -5.9157583794719795 6.746762258248302 0
    endloop
  endfacet
  facet normal -0.4999999999999958 -0.866025403784441 -4.7098128747047386e-20
    outer loop
      vertex -6.788225099390857 5.939696961967 0
      vertex -6.746762258248302 5.9157583794719795 0
      vertex -6.746762258248302 5.9157583794719795 10.999999999999998
    endloop
  endfacet
  facet normal -1 0 0
    outer loop
      vertex -6.9435165264523695 6.208669603617417 0
      vertex -6.9435165264523695 6.519252457740442 10.999999999999998
      vertex -6.9435165264523695 6.519252457740442 0
    endloop
  endfacet
  facet normal -0.8660254037844395 -0.4999999999999987 -1.6580026459612687e-19
    outer loop
      vertex -6.788225099390857 5.939696961967 0
      vertex -6.9435165264523695 6.208669603617417 10.999999999999998
      vertex -6.9435165264523695 6.208669603617417 0
    endloop
  endfacet
  facet normal -0.866025403784436 0.5000000000000044 -2.473348285662696e-19
    outer loop
      vertex -6.9435165264523695 6.519252457740442 0
      vertex -6.788225099390856 6.788225099390856 10.999999999999998
      vertex -6.788225099390856 6.788225099390856 0
    endloop
  endfacet
  facet normal -0.5000000000000044 0.866025403784436 0
    outer loop
      vertex -6.788225099390856 6.788225099390856 0
      vertex -6.788225099390856 6.788225099390856 10.999999999999998
      vertex -6.519252457740442 6.9435165264523695 0
    endloop
  endfacet
  facet normal 0 1 0
    outer loop
      vertex -6.519252457740442 6.9435165264523695 0
      vertex -6.519252457740442 6.9435165264523695 10.999999999999998
      vertex -6.208669603617417 6.9435165264523695 0
    endloop
  endfacet
  facet normal 0.4999999999999987 0.8660254037844395 0
    outer loop
      vertex -6.208669603617417 6.9435165264523695 0
      vertex -6.208669603617417 6.9435165264523695 10.999999999999998
      vertex -5.939696961967 6.788225099390857 0
    endloop
  endfacet
  facet normal 0.866025403784441 0.4999999999999958 -4.7098128747047386e-20
    outer loop
      vertex -5.9157583794719795 6.746762258248302 0
      vertex -5.939696961967 6.788225099390857 0
      vertex -5.939696961967 6.788225099390857 10.999999999999998
    endloop
  endfacet
  facet normal -0.4999999999999958 -0.866025403784441 0
    outer loop
      vertex -6.788225099390857 5.939696961967 0
      vertex -6.746762258248302 5.9157583794719795 10.999999999999998
      vertex -6.788225099390857 5.939696961967 10.999999999999998
    endloop
  endfacet
  facet normal -1 0 0
    outer loop
      vertex -6.9435165264523695 6.208669603617417 0
      vertex -6.9435165264523695 6.208669603617417 10.999999999999998
      vertex -6.9435165264523695 6.519252457740442 10.999999999999998
    endloop
  endfacet
  facet normal -0.8660254037844395 -0.4999999999999987 0
    outer loop
      vertex -6.788225099390857 5.939696961967 0
      vertex -6.788225099390857 5.939696961967 10.999999999999998
      vertex -6.9435165264523695 6.208669603617417 10.999999999999998
    endloop
  endfacet
  facet normal -0.866025403784436 0.5000000000000044 0
    outer loop
      vertex -6.9435165264523695 6.519252457740442 0
      vertex -6.9435165264523695 6.519252457740442 10.999999999999998
      vertex -6.788225099390856 6.788225099390856 10.999999999999998
    endloop
  endfacet
  facet normal -0.5000000000000044 0.866025403784436 0
    outer loop
      vertex -6.519252457740442 6.9435165264523695 0
      vertex -6.788225099390856 6.788225099390856 10.999999999999998
      vertex -6.519252457740442 6.9435165264523695 10.999999999999998
    endloop
  endfacet
  facet normal 0 1 0
    outer loop
      vertex -6.208669603617417 6.9435165264523695 0
      vertex -6.519252457740442 6.9435165264523695 10.999999999999998
      vertex -6.208669603617417 6.9435165264523695 10.999999999999998
    endloop
  endfacet
  facet normal 0.4999999999999987 0.8660254037844395 0
    outer loop
      vertex -5.939696961967 6.788225099390857 0
      vertex -6.208669603617417 6.9435165264523695 10.999999999999998
      vertex -5.939696961967 6.788225099390857 10.999999999999998
    endloop
  endfacet
  facet normal 0.866025403784441 0.4999999999999958 0
    outer loop
      vertex -5.9157583794719795 6.746762258248302 0
      vertex -5.939696961967 6.788225099390857 10.999999999999998
      vertex -5.9157583794719795 6.746762258248302 10.999999999999998
    endloop
  endfacet
  facet normal 0 0 1
    outer loop
      vertex -6.788225099390857 5.939696961967 10.999999999999998
      vertex -6.9435165264523695 6.519252457740442 10.999999999999998
      vertex -6.9435165264523695 6.208669603617417 10.999999999999998
    endloop
  endfacet
  facet normal 0 0 1
    outer loop
      vertex -6.788225099390857 5.939696961967 10.999999999999998
      vertex -6.746762258248302 5.9157583794719795 10.999999999999998
      vertex -6.3639610306789285 6.3639610306789285 10.999999999999998
    endloop
  endfacet
  facet normal 0 0 1
    outer loop
      vertex -6.788225099390857 5.939696961967 10.999999999999998
      vertex -6.788225099390856 6.788225099390856 10.999999999999998
      vertex -6.9435165264523695 6.519252457740442 10.999999999999998
    endloop
  endfacet
  facet normal 0 0 1
    outer loop
      vertex -6.788225099390857 5.939696961967 10.999999999999998
      vertex -6.3639610306789285 6.3639610306789285 10.999999999999998
      vertex -6.788225099390856 6.788225099390856 10.999999999999998
    endloop
  endfacet
  facet normal 0 0 1
    outer loop
      vertex -6.788225099390856 6.788225099390856 10.999999999999998
      vertex -6.3639610306789285 6.3639610306789285 10.999999999999998
      vertex -6.519252457740442 6.9435165264523695 10.999999999999998
    endloop
  endfacet
  facet normal 0 0 1
    outer loop
      vertex -6.3639610306789285 6.3639610306789285 10.999999999999998
      vertex -5.9157583794719795 6.746762258248302 10.999999999999998
      vertex -6.519252457740442 6.9435165264523695 10.999999999999998
    endloop
  endfacet
  facet normal 0 0 1
    outer loop
      vertex -6.519252457740442 6.9435165264523695 10.999999999999998
      vertex -5.9157583794719795 6.746762258248302 10.999999999999998
      vertex -6.208669603617417 6.9435165264523695 10.999999999999998
    endloop
  endfacet
  facet normal 0 0 1
    outer loop
      vertex -6.208669603617417 6.9435165264523695 10.999999999999998
      vertex -5.9157583794719795 6.746762258248302 10.999999999999998
      vertex -5.939696961967 6.788225099390857 10.999999999999998
    endloop
  endfacet
  facet normal 0 0 -1
    outer loop
      vertex -8.065913241376435 3.9727976711264197 0
      vertex -8.094228634059947 3.980384757729337 0
      vertex -7.794228634059947 4.452803848953596 0
    endloop
  endfacet
  facet normal 0 0 -1
    outer loop
      vertex -8.065913241376435 3.9727976711264197 0
      vertex -7.794228634059947 4.452803848953596 0
      vertex -8.01905871769531 3.9602430393443173 0
    endloop
  endfacet
  facet normal 0 0 -1
    outer loop
      vertex -8.094228634059947 3.980384757729337 0
      vertex -8.313843876330612 4.2 0
      vertex -8.094228634059947 5.019615242270664 0
    endloop
  endfacet
  facet normal 0 0 -1
    outer loop
      vertex -8.313843876330612 4.2 0
      vertex -8.394228634059948 4.5 0
      vertex -8.31384387633061 4.8 0
    endloop
  endfacet
  facet normal 0 0 -1
    outer loop
      vertex -8.313843876330612 4.2 0
      vertex -8.31384387633061 4.8 0
      vertex -8.094228634059947 5.019615242270664 0
    endloop
  endfacet
  facet normal 0 0 -1
    outer loop
      vertex -8.094228634059947 3.980384757729337 0
      vertex -8.094228634059947 5.019615242270664 0
      vertex -7.794228634059948 5.1000000000000005 0
    endloop
  endfacet
  facet normal 0 0 -1
    outer loop
      vertex -8.094228634059947 3.980384757729337 0
      vertex -7.794228634059948 5.1000000000000005 0
      vertex -7.794228634059947 4.452803848953596 0
    endloop
  endfacet
  facet normal -0.7071067811865447 -0.7071067811865505 -6.575448210940792e-19
    outer loop
      vertex -8.094228634059947 3.980384757729337 0
      vertex -8.313843876330612 4.2 11
      vertex -8.313843876330612 4.2 0
    endloop
  endfacet
  facet normal -0.25881904510252857 -0.9659258262890662 -1.5598444980744737e-16
    outer loop
      vertex -8.065913241376435 3.9727976711264197 0
      vertex -8.065913241376435 3.972797671126418 11
      vertex -8.094228634059947 3.980384757729337 0
    endloop
  endfacet
  facet normal -0.9659258262890692 -0.2588190451025177 3.2060044105630185e-19
    outer loop
      vertex -8.313843876330612 4.2 0
      vertex -8.394228634059948 4.5 11
      vertex -8.394228634059948 4.5 0
    endloop
  endfacet
  facet normal -0.9659258262890676 0.258819045102523 2.887138160039489e-19
    outer loop
      vertex -8.394228634059948 4.5 0
      vertex -8.31384387633061 4.8 11
      vertex -8.31384387633061 4.8 0
    endloop
  endfacet
  facet normal 0 0 -1
    outer loop
      vertex -7.794228634059947 4.452803848953596 0
      vertex -7.794228634059948 5.1000000000000005 0
      vertex -7.494228634059947 5.019615242270663 0
    endloop
  endfacet
  facet normal 0 0 -1
    outer loop
      vertex -7.794228634059947 4.452803848953596 0
      vertex -7.494228634059947 5.019615242270663 0
      vertex -7.464874439233448 4.9902610474441635 0
    endloop
  endfacet
  facet normal -0.7071067811865489 0.707106781186546 4.3260425519483694e-19
    outer loop
      vertex -8.31384387633061 4.8 0
      vertex -8.094228634059947 5.019615242270664 11
      vertex -8.094228634059947 5.019615242270664 0
    endloop
  endfacet
  facet normal -0.258819045102521 0.9659258262890682 0
    outer loop
      vertex -8.094228634059947 5.019615242270664 0
      vertex -8.094228634059947 5.019615242270664 11
      vertex -7.794228634059948 5.1000000000000005 0
    endloop
  endfacet
  facet normal 0.2588190451025223 0.9659258262890679 0
    outer loop
      vertex -7.794228634059948 5.1000000000000005 0
      vertex -7.794228634059948 5.1000000000000005 11
      vertex -7.494228634059947 5.019615242270663 0
    endloop
  endfacet
  facet normal 0.7071067811865476 0.7071067811865476 0
    outer loop
      vertex -7.494228634059947 5.019615242270663 0
      vertex -7.494228634059947 5.019615242270663 11
      vertex -7.464874439233448 4.9902610474441635 0
    endloop
  endfacet
  facet normal -0.7071067811865447 -0.7071067811865505 0
    outer loop
      vertex -8.094228634059947 3.980384757729337 0
      vertex -8.094228634059947 3.980384757729337 11
      vertex -8.313843876330612 4.2 11
    endloop
  endfacet
  facet normal -0.25881904510258513 -0.9659258262890511 0
    outer loop
      vertex -8.094228634059947 3.980384757729337 0
      vertex -8.065913241376435 3.972797671126418 11
      vertex -8.094228634059947 3.980384757729337 11
    endloop
  endfacet
  facet normal -0.9659258262890692 -0.2588190451025177 0
    outer loop
      vertex -8.313843876330612 4.2 0
      vertex -8.313843876330612 4.2 11
      vertex -8.394228634059948 4.5 11
    endloop
  endfacet
  facet normal -0.9659258262890676 0.258819045102523 0
    outer loop
      vertex -8.394228634059948 4.5 0
      vertex -8.394228634059948 4.5 11
      vertex -8.31384387633061 4.8 11
    endloop
  endfacet
  facet normal 0 0 1
    outer loop
      vertex -8.065913241376435 3.972797671126418 11
      vertex -8.01905871769531 4.085914497655922 11
      vertex -8.094228634059947 3.980384757729337 11
    endloop
  endfacet
  facet normal 0 0 1
    outer loop
      vertex -8.094228634059947 3.980384757729337 11
      vertex -8.31384387633061 4.8 11
      vertex -8.313843876330612 4.2 11
    endloop
  endfacet
  facet normal 0 0 1
    outer loop
      vertex -8.313843876330612 4.2 11
      vertex -8.31384387633061 4.8 11
      vertex -8.394228634059948 4.5 11
    endloop
  endfacet
  facet normal 0 0 1
    outer loop
      vertex -8.094228634059947 3.980384757729337 11
      vertex -8.094228634059947 5.019615242270664 11
      vertex -8.31384387633061 4.8 11
    endloop
  endfacet
  facet normal 0 0 1
    outer loop
      vertex -8.094228634059947 3.980384757729337 11
      vertex -8.01905871769531 4.085914497655922 11
      vertex -8.094228634059947 5.019615242270664 11
    endloop
  endfacet
  facet normal 0 0 1
    outer loop
      vertex -8.01905871769531 4.085914497655922 11
      vertex -7.464874439233448 4.9902610474441635 11
      vertex -8.094228634059947 5.019615242270664 11
    endloop
  endfacet
  facet normal -0.7071067811865489 0.707106781186546 0
    outer loop
      vertex -8.31384387633061 4.8 0
      vertex -8.31384387633061 4.8 11
      vertex -8.094228634059947 5.019615242270664 11
    endloop
  endfacet
  facet normal -0.258819045102521 0.9659258262890682 0
    outer loop
      vertex -7.794228634059948 5.1000000000000005 0
      vertex -8.094228634059947 5.019615242270664 11
      vertex -7.794228634059948 5.1000000000000005 11
    endloop
  endfacet
  facet normal 0.2588190451025223 0.9659258262890679 0
    outer loop
      vertex -7.494228634059947 5.019615242270663 0
      vertex -7.794228634059948 5.1000000000000005 11
      vertex -7.494228634059947 5.019615242270663 11
    endloop
  endfacet
  facet normal 0.7071067811865476 0.7071067811865476 0
    outer loop
      vertex -7.464874439233448 4.9902610474441635 0
      vertex -7.494228634059947 5.019615242270663 11
      vertex -7.464874439233448 4.9902610474441635 11
    endloop
  endfacet
  facet normal 0 0 1
    outer loop
      vertex -8.094228634059947 5.019615242270664 11
      vertex -7.464874439233448 4.9902610474441635 11
      vertex -7.794228634059948 5.1000000000000005 11
    endloop
  endfacet
  facet normal 0 0 1
    outer loop
      vertex -7.794228634059948 5.1000000000000005 11
      vertex -7.464874439233448 4.9902610474441635 11
      vertex -7.494228634059947 5.019615242270663 11
    endloop
  endfacet
  facet normal 0 0 -1
    outer loop
      vertex -9.117596505313543 1.905107337210758 0
      vertex -9.272887932375056 2.174079978861174 0
      vertex -9.117596505313543 2.753635474634615 0
    endloop
  endfacet
  facet normal 0 0 -1
    outer loop
      vertex -9.117596505313543 1.905107337210758 0
      vertex -8.848623863663128 2.9089269016961277 0
      vertex -8.848623863663127 1.7498159101492456 0
    endloop
  endfacet
  facet normal 0 0 -1
    outer loop
      vertex -8.848623863663127 1.7498159101492456 0
      vertex -8.538041009540104 2.8329804100527483 0
      vertex -8.807110763226948 1.7498159101492456 0
    endloop
  endfacet
  facet normal 0 0 -1
    outer loop
      vertex -8.807110763226948 1.7498159101492456 0
      vertex -8.538041009540104 2.8329804100527483 0
      vertex -8.559508646656381 1.7498159101492456 0
    endloop
  endfacet
  facet normal 0 0 -1
    outer loop
      vertex -9.272887932375056 2.174079978861174 0
      vertex -9.272887932375056 2.484662832984199 0
      vertex -9.117596505313543 2.753635474634615 0
    endloop
  endfacet
  facet normal 0 0 -1
    outer loop
      vertex -9.117596505313543 1.905107337210758 0
      vertex -9.117596505313543 2.753635474634615 0
      vertex -8.848623863663128 2.9089269016961277 0
    endloop
  endfacet
  facet normal 0 0 -1
    outer loop
      vertex -8.848623863663127 1.7498159101492456 0
      vertex -8.848623863663128 2.9089269016961277 0
      vertex -8.538041009540104 2.9089269016961277 0
    endloop
  endfacet
  facet normal 0 0 -1
    outer loop
      vertex -8.848623863663127 1.7498159101492456 0
      vertex -8.538041009540104 2.9089269016961277 0
      vertex -8.538041009540104 2.8329804100527483 0
    endloop
  endfacet
  facet normal 0 0 -1
    outer loop
      vertex -8.538041009540104 2.8329804100527483 0
      vertex -8.538041009540104 2.9089269016961277 0
      vertex -8.512654122975258 2.8942697759040272 0
    endloop
  endfacet
  facet normal -0.8660254037844375 -0.500000000000002 7.457430699334388e-19
    outer loop
      vertex -9.117596505313543 1.905107337210758 0
      vertex -9.272887932375056 2.174079978861174 10.999999999999998
      vertex -9.272887932375056 2.174079978861174 0
    endloop
  endfacet
  facet normal -1 0 0
    outer loop
      vertex -9.272887932375056 2.174079978861174 0
      vertex -9.272887932375056 2.484662832984199 10.999999999999998
      vertex -9.272887932375056 2.484662832984199 0
    endloop
  endfacet
  facet normal 0 -1 0
    outer loop
      vertex -8.848623863663127 1.7498159101492456 0
      vertex -8.807110763226948 1.7498159101492456 0
      vertex -8.807110763226948 1.7498159101492456 10.999999999999998
    endloop
  endfacet
  facet normal -0.4999999999999999 -0.8660254037844387 -4.150043852799437e-19
    outer loop
      vertex -9.117596505313543 1.905107337210758 0
      vertex -8.848623863663127 1.7498159101492456 0
      vertex -8.848623863663127 1.7498159101492456 10.999999999999998
    endloop
  endfacet
  facet normal -0.8660254037844375 0.500000000000002 -7.457430699334388e-19
    outer loop
      vertex -9.272887932375056 2.484662832984199 0
      vertex -9.117596505313543 2.753635474634615 10.999999999999998
      vertex -9.117596505313543 2.753635474634615 0
    endloop
  endfacet
  facet normal -0.5000000000000023 0.8660254037844373 0
    outer loop
      vertex -9.117596505313543 2.753635474634615 0
      vertex -9.117596505313543 2.753635474634615 10.999999999999998
      vertex -8.848623863663128 2.9089269016961277 0
    endloop
  endfacet
  facet normal 0 1 0
    outer loop
      vertex -8.848623863663128 2.9089269016961277 0
      vertex -8.848623863663128 2.9089269016961277 10.999999999999998
      vertex -8.538041009540104 2.9089269016961277 0
    endloop
  endfacet
  facet normal 0.5000000000000075 0.8660254037844344 0
    outer loop
      vertex -8.538041009540104 2.9089269016961277 0
      vertex -8.538041009540104 2.9089269016961277 10.999999999999998
      vertex -8.512654122975258 2.8942697759040272 0
    endloop
  endfacet
  facet normal -0.8660254037844375 -0.500000000000002 0
    outer loop
      vertex -9.117596505313543 1.905107337210758 0
      vertex -9.117596505313543 1.905107337210758 10.999999999999998
      vertex -9.272887932375056 2.174079978861174 10.999999999999998
    endloop
  endfacet
  facet normal -0.4999999999999999 -0.8660254037844387 0
    outer loop
      vertex -9.117596505313543 1.905107337210758 0
      vertex -8.848623863663127 1.7498159101492456 10.999999999999998
      vertex -9.117596505313543 1.905107337210758 10.999999999999998
    endloop
  endfacet
  facet normal -1 0 0
    outer loop
      vertex -9.272887932375056 2.174079978861174 0
      vertex -9.272887932375056 2.174079978861174 10.999999999999998
      vertex -9.272887932375056 2.484662832984199 10.999999999999998
    endloop
  endfacet
  facet normal 0 -1 0
    outer loop
      vertex -8.848623863663127 1.7498159101492456 0
      vertex -8.807110763226948 1.7498159101492456 10.999999999999998
      vertex -8.848623863663127 1.7498159101492456 10.999999999999998
    endloop
  endfacet
  facet normal -0.8660254037844375 0.500000000000002 0
    outer loop
      vertex -9.272887932375056 2.484662832984199 0
      vertex -9.272887932375056 2.484662832984199 10.999999999999998
      vertex -9.117596505313543 2.753635474634615 10.999999999999998
    endloop
  endfacet
  facet normal -0.5000000000000023 0.8660254037844373 0
    outer loop
      vertex -8.848623863663128 2.9089269016961277 0
      vertex -9.117596505313543 2.753635474634615 10.999999999999998
      vertex -8.848623863663128 2.9089269016961277 10.999999999999998
    endloop
  endfacet
  facet normal 0 1 0
    outer loop
      vertex -8.538041009540104 2.9089269016961277 0
      vertex -8.848623863663128 2.9089269016961277 10.999999999999998
      vertex -8.538041009540104 2.9089269016961277 10.999999999999998
    endloop
  endfacet
  facet normal 0.5000000000000075 0.8660254037844344 0
    outer loop
      vertex -8.512654122975258 2.8942697759040272 0
      vertex -8.538041009540104 2.9089269016961277 10.999999999999998
      vertex -8.512654122975258 2.8942697759040272 10.999999999999998
    endloop
  endfacet
  facet normal 0 0 1
    outer loop
      vertex -9.117596505313543 1.905107337210758 10.999999999999998
      vertex -9.272887932375056 2.484662832984199 10.999999999999998
      vertex -9.272887932375056 2.174079978861174 10.999999999999998
    endloop
  endfacet
  facet normal 0 0 1
    outer loop
      vertex -9.117596505313543 1.905107337210758 10.999999999999998
      vertex -9.117596505313543 2.753635474634615 10.999999999999998
      vertex -9.272887932375056 2.484662832984199 10.999999999999998
    endloop
  endfacet
  facet normal 0 0 1
    outer loop
      vertex -9.117596505313543 1.905107337210758 10.999999999999998
      vertex -8.848623863663127 1.7498159101492456 10.999999999999998
      vertex -9.117596505313543 2.753635474634615 10.999999999999998
    endloop
  endfacet
  facet normal 0 0 1
    outer loop
      vertex -8.848623863663127 1.7498159101492456 10.999999999999998
      vertex -8.807110763226948 1.7498159101492456 10.999999999999998
      vertex -8.559508646656381 2.7811529493745266 10.999999999999998
    endloop
  endfacet
  facet normal 0 0 1
    outer loop
      vertex -8.848623863663127 1.7498159101492456 10.999999999999998
      vertex -8.848623863663128 2.9089269016961277 10.999999999999998
      vertex -9.117596505313543 2.753635474634615 10.999999999999998
    endloop
  endfacet
  facet normal 0 0 1
    outer loop
      vertex -8.848623863663127 1.7498159101492456 10.999999999999998
      vertex -8.559508646656381 2.7811529493745266 10.999999999999998
      vertex -8.848623863663128 2.9089269016961277 10.999999999999998
    endloop
  endfacet
  facet normal 0 0 1
    outer loop
      vertex -8.848623863663128 2.9089269016961277 10.999999999999998
      vertex -8.559508646656381 2.7811529493745266 10.999999999999998
      vertex -8.512654122975258 2.8942697759040272 10.999999999999998
    endloop
  endfacet
  facet normal 0 0 1
    outer loop
      vertex -8.848623863663128 2.9089269016961277 10.999999999999998
      vertex -8.512654122975258 2.8942697759040272 10.999999999999998
      vertex -8.538041009540104 2.9089269016961277 10.999999999999998
    endloop
  endfacet
  facet normal 0 0 -1
    outer loop
      vertex -9.519615242270664 -0.3 0
      vertex -9.3 0.5196152422706631 0
      vertex -9.3 -0.5196152422706631 0
    endloop
  endfacet
  facet normal 0 0 -1
    outer loop
      vertex -9.3 -0.5196152422706631 0
      vertex -9 0.6 0
      vertex -9 -0.6 0
    endloop
  endfacet
  facet normal 0 0 -1
    outer loop
      vertex -9 -0.6 0
      vertex -8.963499776578887 -0.4637793117047896 0
      vertex -8.953754209846617 -0.5876084778750619 0
    endloop
  endfacet
  facet normal 0 0 -1
    outer loop
      vertex -9 -0.6 0
      vertex -9 0.6 0
      vertex -8.963499776578887 -0.4637793117047896 0
    endloop
  endfacet
  facet normal -0.7071067811865475 -0.7071067811865476 0
    outer loop
      vertex -9.519615242270664 -0.3 0
      vertex -9.3 -0.5196152422706631 0
      vertex -9.519615242270664 -0.3 11
    endloop
  endfacet
  facet normal -0.9659258262890692 -0.2588190451025175 4.643291733391857e-19
    outer loop
      vertex -9.519615242270664 -0.3 0
      vertex -9.6 0 11
      vertex -9.6 0 0
    endloop
  endfacet
  facet normal -0.2588190451025203 -0.9659258262890684 -2.6687800245819805e-19
    outer loop
      vertex -9.3 -0.5196152422706631 0
      vertex -9 -0.6 0
      vertex -9 -0.6 11
    endloop
  endfacet
  facet normal 0.2588190451025175 -0.9659258262890693 -9.694286467951418e-18
    outer loop
      vertex -9 -0.6 0
      vertex -8.953754209846617 -0.5876084778750619 0
      vertex -8.953754209846617 -0.587608477875062 11
    endloop
  endfacet
  facet normal -0.7071067811865475 -0.7071067811865476 0
    outer loop
      vertex -9.3 -0.5196152422706631 0
      vertex -9.3 -0.5196152422706631 11
      vertex -9.519615242270664 -0.3 11
    endloop
  endfacet
  facet normal -0.9659258262890692 -0.2588190451025175 0
    outer loop
      vertex -9.519615242270664 -0.3 0
      vertex -9.519615242270664 -0.3 11
      vertex -9.6 0 11
    endloop
  endfacet
  facet normal -0.2588190451025203 -0.9659258262890684 0
    outer loop
      vertex -9.3 -0.5196152422706631 0
      vertex -9 -0.6 11
      vertex -9.3 -0.5196152422706631 11
    endloop
  endfacet
  facet normal 0.2588190451025154 -0.9659258262890699 0
    outer loop
      vertex -9 -0.6 0
      vertex -8.953754209846617 -0.587608477875062 11
      vertex -9 -0.6 11
    endloop
  endfacet
  facet normal 0 0 1
    outer loop
      vertex -9.519615242270664 -0.3 11
      vertex -9.3 -0.5196152422706631 11
      vertex -9.519615242270664 0.3 11
    endloop
  endfacet
  facet normal 0 0 1
    outer loop
      vertex -9.3 -0.5196152422706631 11
      vertex -9 -0.6 11
      vertex -9.3 0.5196152422706631 11
    endloop
  endfacet
  facet normal 0 0 1
    outer loop
      vertex -9 -0.6 11
      vertex -9 0 11
      vertex -9.3 0.5196152422706631 11
    endloop
  endfacet
  facet normal 0 0 1
    outer loop
      vertex -9 -0.6 11
      vertex -8.953754209846617 -0.587608477875062 11
      vertex -9 0 11
    endloop
  endfacet
  facet normal 0 0 -1
    outer loop
      vertex -9.519615242270664 -0.3 0
      vertex -9.6 0 0
      vertex -9.519615242270664 0.3 0
    endloop
  endfacet
  facet normal 0 0 -1
    outer loop
      vertex -9.519615242270664 -0.3 0
      vertex -9.519615242270664 0.3 0
      vertex -9.3 0.5196152422706631 0
    endloop
  endfacet
  facet normal 0 0 -1
    outer loop
      vertex -9.3 -0.5196152422706631 0
      vertex -9.3 0.5196152422706631 0
      vertex -9 0.6 0
    endloop
  endfacet
  facet normal 0 0 -1
    outer loop
      vertex -8.963499776578887 -0.4637793117047896 0
      vertex -9 0.6 0
      vertex -8.953754209846617 0.5876084778750619 0
    endloop
  endfacet
  facet normal -0.9659258262890692 0.2588190451025175 -4.643291733391857e-19
    outer loop
      vertex -9.6 0 0
      vertex -9.519615242270664 0.3 11
      vertex -9.519615242270664 0.3 0
    endloop
  endfacet
  facet normal -0.7071067811865475 0.7071067811865476 7.0136678481051e-19
    outer loop
      vertex -9.519615242270664 0.3 0
      vertex -9.3 0.5196152422706631 11
      vertex -9.3 0.5196152422706631 0
    endloop
  endfacet
  facet normal -0.2588190451025203 0.9659258262890684 0
    outer loop
      vertex -9.3 0.5196152422706631 0
      vertex -9.3 0.5196152422706631 11
      vertex -9 0.6 0
    endloop
  endfacet
  facet normal 0.2588190451025175 0.9659258262890693 0
    outer loop
      vertex -9 0.6 0
      vertex -9 0.6 11
      vertex -8.953754209846617 0.5876084778750619 0
    endloop
  endfacet
  facet normal -0.9659258262890692 0.2588190451025175 0
    outer loop
      vertex -9.6 0 0
      vertex -9.6 0 11
      vertex -9.519615242270664 0.3 11
    endloop
  endfacet
  facet normal -0.7071067811865475 0.7071067811865476 0
    outer loop
      vertex -9.519615242270664 0.3 0
      vertex -9.519615242270664 0.3 11
      vertex -9.3 0.5196152422706631 11
    endloop
  endfacet
  facet normal -0.2588190451025203 0.9659258262890684 0
    outer loop
      vertex -9 0.6 0
      vertex -9.3 0.5196152422706631 11
      vertex -9 0.6 11
    endloop
  endfacet
  facet normal 0.2588190451025154 0.9659258262890699 -9.749028112965498e-18
    outer loop
      vertex -8.953754209846617 0.5876084778750619 0
      vertex -9 0.6 11
      vertex -8.953754209846617 0.587608477875062 11
    endloop
  endfacet
  facet normal 0 0 1
    outer loop
      vertex -9.519615242270664 -0.3 11
      vertex -9.519615242270664 0.3 11
      vertex -9.6 0 11
    endloop
  endfacet
  facet normal 0 0 1
    outer loop
      vertex -9.3 -0.5196152422706631 11
      vertex -9.3 0.5196152422706631 11
      vertex -9.519615242270664 0.3 11
    endloop
  endfacet
  facet normal 0 0 1
    outer loop
      vertex -9.3 0.5196152422706631 11
      vertex -9 0 11
      vertex -9 0.6 11
    endloop
  endfacet
  facet normal 0 0 1
    outer loop
      vertex -9 0 11
      vertex -8.953754209846617 0.587608477875062 11
      vertex -9 0.6 11
    endloop
  endfacet
  facet normal 0 0 -1
    outer loop
      vertex -9.117596505313543 -2.753635474634615 0
      vertex -8.848623863663127 -1.7498159101492456 0
      vertex -8.848623863663128 -2.9089269016961277 0
    endloop
  endfacet
  facet normal 0 0 -1
    outer loop
      vertex -8.848623863663128 -2.9089269016961277 0
      vertex -8.538041009540104 -2.8329804100527483 0
      vertex -8.538041009540104 -2.9089269016961277 0
    endloop
  endfacet
  facet normal 0 0 -1
    outer loop
      vertex -8.848623863663128 -2.9089269016961277 0
      vertex -8.538041009540102 -2.5083807569731866 0
      vertex -8.538041009540104 -2.8329804100527483 0
    endloop
  endfacet
  facet normal 0 0 -1
    outer loop
      vertex -8.538041009540104 -2.9089269016961277 0
      vertex -8.538041009540104 -2.8329804100527483 0
      vertex -8.512654122975258 -2.8942697759040272 0
    endloop
  endfacet
  facet normal 0 0 -1
    outer loop
      vertex -8.848623863663128 -2.9089269016961277 0
      vertex -8.679956475005266 -2.2794516376450273 0
      vertex -8.538041009540102 -2.5083807569731866 0
    endloop
  endfacet
  facet normal 0 0 -1
    outer loop
      vertex -9.117596505313543 -2.753635474634615 0
      vertex -9.272887932375056 -2.484662832984199 0
      vertex -9.117596505313543 -1.905107337210758 0
    endloop
  endfacet
  facet normal 0 0 -1
    outer loop
      vertex -9.272887932375056 -2.484662832984199 0
      vertex -9.272887932375056 -2.174079978861174 0
      vertex -9.117596505313543 -1.905107337210758 0
    endloop
  endfacet
  facet normal 0 0 -1
    outer loop
      vertex -9.117596505313543 -2.753635474634615 0
      vertex -9.117596505313543 -1.905107337210758 0
      vertex -8.848623863663127 -1.7498159101492456 0
    endloop
  endfacet
  facet normal 0 0 -1
    outer loop
      vertex -8.848623863663128 -2.9089269016961277 0
      vertex -8.848623863663127 -1.7498159101492456 0
      vertex -8.679956475005266 -2.2794516376450273 0
    endloop
  endfacet
  facet normal 0 0 -1
    outer loop
      vertex -8.679956475005266 -2.2794516376450273 0
      vertex -8.848623863663127 -1.7498159101492456 0
      vertex -8.807110763226948 -1.7498159101492456 0
    endloop
  endfacet
  facet normal 0 0 -1
    outer loop
      vertex -8.538041009540102 -2.5083807569731866 0
      vertex -8.679956475005266 -2.2794516376450273 0
      vertex -8.559508646656381 -1.8299342225856567 0
    endloop
  endfacet
  facet normal -0.8660254037844375 -0.500000000000002 7.457430699334388e-19
    outer loop
      vertex -9.117596505313543 -2.753635474634615 0
      vertex -9.272887932375056 -2.484662832984199 10.999999999999998
      vertex -9.272887932375056 -2.484662832984199 0
    endloop
  endfacet
  facet normal -0.5000000000000023 -0.8660254037844373 -9.134126266475812e-19
    outer loop
      vertex -9.117596505313543 -2.753635474634615 0
      vertex -8.848623863663128 -2.9089269016961277 0
      vertex -8.848623863663128 -2.9089269016961277 10.999999999999998
    endloop
  endfacet
  facet normal 0 -1 0
    outer loop
      vertex -8.848623863663128 -2.9089269016961277 0
      vertex -8.538041009540104 -2.9089269016961277 0
      vertex -8.538041009540104 -2.9089269016961277 10.999999999999998
    endloop
  endfacet
  facet normal 0.5000000000000075 -0.8660254037844344 -2.2493644704799337e-20
    outer loop
      vertex -8.538041009540104 -2.9089269016961277 0
      vertex -8.512654122975258 -2.8942697759040272 0
      vertex -8.512654122975258 -2.8942697759040272 10.999999999999998
    endloop
  endfacet
  facet normal -1 0 0
    outer loop
      vertex -9.272887932375056 -2.484662832984199 0
      vertex -9.272887932375056 -2.174079978861174 10.999999999999998
      vertex -9.272887932375056 -2.174079978861174 0
    endloop
  endfacet
  facet normal -0.8660254037844375 0.500000000000002 -7.457430699334388e-19
    outer loop
      vertex -9.272887932375056 -2.174079978861174 0
      vertex -9.117596505313543 -1.905107337210758 10.999999999999998
      vertex -9.117596505313543 -1.905107337210758 0
    endloop
  endfacet
  facet normal -0.4999999999999999 0.8660254037844387 0
    outer loop
      vertex -9.117596505313543 -1.905107337210758 0
      vertex -9.117596505313543 -1.905107337210758 10.999999999999998
      vertex -8.848623863663127 -1.7498159101492456 0
    endloop
  endfacet
  facet normal 0 1 0
    outer loop
      vertex -8.848623863663127 -1.7498159101492456 0
      vertex -8.848623863663127 -1.7498159101492456 10.999999999999998
      vertex -8.807110763226948 -1.7498159101492456 0
    endloop
  endfacet
  facet normal -0.5000000000000023 -0.8660254037844373 0
    outer loop
      vertex -9.117596505313543 -2.753635474634615 0
      vertex -8.848623863663128 -2.9089269016961277 10.999999999999998
      vertex -9.117596505313543 -2.753635474634615 10.999999999999998
    endloop
  endfacet
  facet normal -0.8660254037844375 -0.500000000000002 0
    outer loop
      vertex -9.117596505313543 -2.753635474634615 0
      vertex -9.117596505313543 -2.753635474634615 10.999999999999998
      vertex -9.272887932375056 -2.484662832984199 10.999999999999998
    endloop
  endfacet
  facet normal 0 -1 0
    outer loop
      vertex -8.848623863663128 -2.9089269016961277 0
      vertex -8.538041009540104 -2.9089269016961277 10.999999999999998
      vertex -8.848623863663128 -2.9089269016961277 10.999999999999998
    endloop
  endfacet
  facet normal 0.5000000000000075 -0.8660254037844344 0
    outer loop
      vertex -8.538041009540104 -2.9089269016961277 0
      vertex -8.512654122975258 -2.8942697759040272 10.999999999999998
      vertex -8.538041009540104 -2.9089269016961277 10.999999999999998
    endloop
  endfacet
  facet normal -1 0 0
    outer loop
      vertex -9.272887932375056 -2.484662832984199 0
      vertex -9.272887932375056 -2.484662832984199 10.999999999999998
      vertex -9.272887932375056 -2.174079978861174 10.999999999999998
    endloop
  endfacet
  facet normal -0.8660254037844375 0.500000000000002 0
    outer loop
      vertex -9.272887932375056 -2.174079978861174 0
      vertex -9.272887932375056 -2.174079978861174 10.999999999999998
      vertex -9.117596505313543 -1.905107337210758 10.999999999999998
    endloop
  endfacet
  facet normal -0.4999999999999999 0.8660254037844387 0
    outer loop
      vertex -8.848623863663127 -1.7498159101492456 0
      vertex -9.117596505313543 -1.905107337210758 10.999999999999998
      vertex -8.848623863663127 -1.7498159101492456 10.999999999999998
    endloop
  endfacet
  facet normal 0 1 0
    outer loop
      vertex -8.807110763226948 -1.7498159101492456 0
      vertex -8.848623863663127 -1.7498159101492456 10.999999999999998
      vertex -8.807110763226948 -1.7498159101492456 10.999999999999998
    endloop
  endfacet
  facet normal 0 0 1
    outer loop
      vertex -9.117596505313543 -2.753635474634615 10.999999999999998
      vertex -9.272887932375056 -2.174079978861174 10.999999999999998
      vertex -9.272887932375056 -2.484662832984199 10.999999999999998
    endloop
  endfacet
  facet normal 0 0 1
    outer loop
      vertex -9.117596505313543 -2.753635474634615 10.999999999999998
      vertex -8.848623863663128 -2.9089269016961277 10.999999999999998
      vertex -9.117596505313543 -1.905107337210758 10.999999999999998
    endloop
  endfacet
  facet normal 0 0 1
    outer loop
      vertex -8.848623863663128 -2.9089269016961277 10.999999999999998
      vertex -8.538041009540104 -2.9089269016961277 10.999999999999998
      vertex -8.848623863663127 -1.7498159101492456 10.999999999999998
    endloop
  endfacet
  facet normal 0 0 1
    outer loop
      vertex -8.559508646656381 -2.7811529493745266 10.999999999999998
      vertex -8.538041009540104 -2.9089269016961277 10.999999999999998
      vertex -8.512654122975258 -2.8942697759040272 10.999999999999998
    endloop
  endfacet
  facet normal 0 0 1
    outer loop
      vertex -8.559508646656381 -2.7811529493745266 10.999999999999998
      vertex -8.848623863663127 -1.7498159101492456 10.999999999999998
      vertex -8.538041009540104 -2.9089269016961277 10.999999999999998
    endloop
  endfacet
  facet normal 0 0 1
    outer loop
      vertex -9.117596505313543 -2.753635474634615 10.999999999999998
      vertex -9.117596505313543 -1.905107337210758 10.999999999999998
      vertex -9.272887932375056 -2.174079978861174 10.999999999999998
    endloop
  endfacet
  facet normal 0 0 1
    outer loop
      vertex -8.848623863663128 -2.9089269016961277 10.999999999999998
      vertex -8.848623863663127 -1.7498159101492456 10.999999999999998
      vertex -9.117596505313543 -1.905107337210758 10.999999999999998
    endloop
  endfacet
  facet normal 0 0 1
    outer loop
      vertex -8.559508646656381 -2.7811529493745266 10.999999999999998
      vertex -8.807110763226948 -1.7498159101492456 10.999999999999998
      vertex -8.848623863663127 -1.7498159101492456 10.999999999999998
    endloop
  endfacet
  facet normal 0 0 -1
    outer loop
      vertex -8.094228634059947 -5.019615242270664 0
      vertex -7.464874439233448 -4.9902610474441635 0
      vertex -7.794228634059948 -5.1000000000000005 0
    endloop
  endfacet
  facet normal 0 0 -1
    outer loop
      vertex -7.794228634059948 -5.1000000000000005 0
      vertex -7.464874439233448 -4.9902610474441635 0
      vertex -7.494228634059947 -5.019615242270663 0
    endloop
  endfacet
  facet normal -0.7071067811865489 -0.707106781186546 -4.3260425519483694e-19
    outer loop
      vertex -8.094228634059947 -5.019615242270664 0
      vertex -8.31384387633061 -4.8 11
      vertex -8.31384387633061 -4.8 0
    endloop
  endfacet
  facet normal -0.258819045102521 -0.9659258262890682 9.565987515705772e-20
    outer loop
      vertex -8.094228634059947 -5.019615242270664 0
      vertex -7.794228634059948 -5.1000000000000005 0
      vertex -7.794228634059948 -5.1000000000000005 11
    endloop
  endfacet
  facet normal 0.2588190451025223 -0.9659258262890679 -1.3933150224855748e-19
    outer loop
      vertex -7.794228634059948 -5.1000000000000005 0
      vertex -7.494228634059947 -5.019615242270663 0
      vertex -7.494228634059947 -5.019615242270663 11
    endloop
  endfacet
  facet normal 0.7071067811865476 -0.7071067811865476 1.0241735153225212e-19
    outer loop
      vertex -7.494228634059947 -5.019615242270663 0
      vertex -7.464874439233448 -4.9902610474441635 0
      vertex -7.464874439233448 -4.9902610474441635 11
    endloop
  endfacet
  facet normal 0 0 -1
    outer loop
      vertex -8.094228634059947 -5.019615242270664 0
      vertex -8.31384387633061 -4.8 0
      vertex -8.094228634059947 -3.980384757729337 0
    endloop
  endfacet
  facet normal 0 0 -1
    outer loop
      vertex -8.31384387633061 -4.8 0
      vertex -8.394228634059948 -4.5 0
      vertex -8.313843876330612 -4.2 0
    endloop
  endfacet
  facet normal 0 0 -1
    outer loop
      vertex -8.31384387633061 -4.8 0
      vertex -8.313843876330612 -4.2 0
      vertex -8.094228634059947 -3.980384757729337 0
    endloop
  endfacet
  facet normal 0 0 -1
    outer loop
      vertex -8.094228634059947 -5.019615242270664 0
      vertex -7.897288644845015 -4.284625196478472 0
      vertex -7.464874439233448 -4.9902610474441635 0
    endloop
  endfacet
  facet normal 0 0 -1
    outer loop
      vertex -8.094228634059947 -5.019615242270664 0
      vertex -8.094228634059947 -3.980384757729337 0
      vertex -7.897288644845015 -4.284625196478472 0
    endloop
  endfacet
  facet normal 0 0 -1
    outer loop
      vertex -7.897288644845015 -4.284625196478472 0
      vertex -8.094228634059947 -3.980384757729337 0
      vertex -8.065913241376435 -3.9727976711264197 0
    endloop
  endfacet
  facet normal 0 0 -1
    outer loop
      vertex -7.897288644845015 -4.284625196478472 0
      vertex -8.065913241376435 -3.9727976711264197 0
      vertex -8.008955093608344 -3.9575357814295873 0
    endloop
  endfacet
  facet normal -0.9659258262890676 -0.258819045102523 -2.887138160039489e-19
    outer loop
      vertex -8.31384387633061 -4.8 0
      vertex -8.394228634059948 -4.5 11
      vertex -8.394228634059948 -4.5 0
    endloop
  endfacet
  facet normal -0.9659258262890692 0.2588190451025177 -3.2060044105630185e-19
    outer loop
      vertex -8.394228634059948 -4.5 0
      vertex -8.313843876330612 -4.2 11
      vertex -8.313843876330612 -4.2 0
    endloop
  endfacet
  facet normal -0.7071067811865447 0.7071067811865505 6.575448210940792e-19
    outer loop
      vertex -8.313843876330612 -4.2 0
      vertex -8.094228634059947 -3.980384757729337 11
      vertex -8.094228634059947 -3.980384757729337 0
    endloop
  endfacet
  facet normal -0.25881904510252857 0.9659258262890662 0
    outer loop
      vertex -8.094228634059947 -3.980384757729337 0
      vertex -8.094228634059947 -3.980384757729337 11
      vertex -8.065913241376435 -3.9727976711264197 0
    endloop
  endfacet
  facet normal -0.7071067811865489 -0.707106781186546 0
    outer loop
      vertex -8.094228634059947 -5.019615242270664 0
      vertex -8.094228634059947 -5.019615242270664 11
      vertex -8.31384387633061 -4.8 11
    endloop
  endfacet
  facet normal -0.258819045102521 -0.9659258262890682 0
    outer loop
      vertex -8.094228634059947 -5.019615242270664 0
      vertex -7.794228634059948 -5.1000000000000005 11
      vertex -8.094228634059947 -5.019615242270664 11
    endloop
  endfacet
  facet normal 0.2588190451025223 -0.9659258262890679 0
    outer loop
      vertex -7.794228634059948 -5.1000000000000005 0
      vertex -7.494228634059947 -5.019615242270663 11
      vertex -7.794228634059948 -5.1000000000000005 11
    endloop
  endfacet
  facet normal 0.7071067811865476 -0.7071067811865476 0
    outer loop
      vertex -7.494228634059947 -5.019615242270663 0
      vertex -7.464874439233448 -4.9902610474441635 11
      vertex -7.494228634059947 -5.019615242270663 11
    endloop
  endfacet
  facet normal -0.9659258262890676 -0.258819045102523 0
    outer loop
      vertex -8.31384387633061 -4.8 0
      vertex -8.31384387633061 -4.8 11
      vertex -8.394228634059948 -4.5 11
    endloop
  endfacet
  facet normal -0.9659258262890692 0.2588190451025177 0
    outer loop
      vertex -8.394228634059948 -4.5 0
      vertex -8.394228634059948 -4.5 11
      vertex -8.313843876330612 -4.2 11
    endloop
  endfacet
  facet normal -0.7071067811865447 0.7071067811865505 0
    outer loop
      vertex -8.313843876330612 -4.2 0
      vertex -8.313843876330612 -4.2 11
      vertex -8.094228634059947 -3.980384757729337 11
    endloop
  endfacet
  facet normal -0.25881904510252857 0.9659258262890662 0
    outer loop
      vertex -8.065913241376435 -3.9727976711264197 0
      vertex -8.094228634059947 -3.980384757729337 11
      vertex -8.065913241376435 -3.9727976711264197 10.99999999999998
    endloop
  endfacet
  facet normal 0 0 1
    outer loop
      vertex -8.094228634059947 -5.019615242270664 11
      vertex -8.313843876330612 -4.2 11
      vertex -8.31384387633061 -4.8 11
    endloop
  endfacet
  facet normal 0 0 1
    outer loop
      vertex -8.31384387633061 -4.8 11
      vertex -8.313843876330612 -4.2 11
      vertex -8.394228634059948 -4.5 11
    endloop
  endfacet
  facet normal 0 0 1
    outer loop
      vertex -8.094228634059947 -5.019615242270664 11
      vertex -8.094228634059947 -3.980384757729337 11
      vertex -8.313843876330612 -4.2 11
    endloop
  endfacet
  facet normal 0 0 1
    outer loop
      vertex -8.094228634059947 -5.019615242270664 11
      vertex -7.794228634059948 -5.1000000000000005 11
      vertex -8.094228634059947 -3.980384757729337 11
    endloop
  endfacet
  facet normal 0 0 1
    outer loop
      vertex -7.794228634059948 -5.1000000000000005 11
      vertex -8.01905871769531 -4.085914497655922 11
      vertex -8.094228634059947 -3.980384757729337 11
    endloop
  endfacet
  facet normal 5.794800939310782e-13 4.1276961571282594e-13 1
    outer loop
      vertex -8.01905871769531 -4.085914497655922 11
      vertex -8.065913241376435 -3.9727976711264197 10.99999999999998
      vertex -8.094228634059947 -3.980384757729337 11
    endloop
  endfacet
  facet normal 0 0 1
    outer loop
      vertex -7.794228634059948 -5.1000000000000005 11
      vertex -7.494228634059947 -5.019615242270663 11
      vertex -8.01905871769531 -4.085914497655922 11
    endloop
  endfacet
  facet normal 0 0 1
    outer loop
      vertex -7.494228634059947 -5.019615242270663 11
      vertex -7.464874439233448 -4.9902610474441635 11
      vertex -8.01905871769531 -4.085914497655922 11
    endloop
  endfacet
  facet normal 0 0 -1
    outer loop
      vertex -6.788225099390856 -6.788225099390856 0
      vertex -6.9435165264523695 -6.519252457740442 0
      vertex -6.788225099390857 -5.939696961967 0
    endloop
  endfacet
  facet normal 0 0 -1
    outer loop
      vertex -6.9435165264523695 -6.519252457740442 0
      vertex -6.9435165264523695 -6.208669603617417 0
      vertex -6.788225099390857 -5.939696961967 0
    endloop
  endfacet
  facet normal 0 0 -1
    outer loop
      vertex -6.788225099390856 -6.788225099390856 0
      vertex -6.788225099390857 -5.939696961967 0
      vertex -6.600374358138924 -6.087156588799171 0
    endloop
  endfacet
  facet normal 0 0 -1
    outer loop
      vertex -6.788225099390856 -6.788225099390856 0
      vertex -6.3639610306789285 -6.3639610306789285 0
      vertex -6.519252457740442 -6.9435165264523695 0
    endloop
  endfacet
  facet normal 0 0 -1
    outer loop
      vertex -6.519252457740442 -6.9435165264523695 0
      vertex -5.9157583794719795 -6.746762258248302 0
      vertex -6.208669603617417 -6.9435165264523695 0
    endloop
  endfacet
  facet normal 0 0 -1
    outer loop
      vertex -6.519252457740442 -6.9435165264523695 0
      vertex -6.3639610306789285 -6.3639610306789285 0
      vertex -5.9157583794719795 -6.746762258248302 0
    endloop
  endfacet
  facet normal 0 0 -1
    outer loop
      vertex -6.208669603617417 -6.9435165264523695 0
      vertex -5.9157583794719795 -6.746762258248302 0
      vertex -5.939696961967 -6.788225099390857 0
    endloop
  endfacet
  facet normal 0 0 -1
    outer loop
      vertex -6.788225099390856 -6.788225099390856 0
      vertex -6.600374358138924 -6.087156588799171 0
      vertex -6.3639610306789285 -6.3639610306789285 0
    endloop
  endfacet
  facet normal 0 0 -1
    outer loop
      vertex -6.600374358138924 -6.087156588799171 0
      vertex -6.788225099390857 -5.939696961967 0
      vertex -6.746762258248302 -5.9157583794719795 0
    endloop
  endfacet
  facet normal -0.866025403784436 -0.5000000000000044 2.473348285662696e-19
    outer loop
      vertex -6.788225099390856 -6.788225099390856 0
      vertex -6.9435165264523695 -6.519252457740442 10.999999999999998
      vertex -6.9435165264523695 -6.519252457740442 0
    endloop
  endfacet
  facet normal -0.5000000000000044 -0.866025403784436 2.473348285662696e-19
    outer loop
      vertex -6.788225099390856 -6.788225099390856 0
      vertex -6.519252457740442 -6.9435165264523695 0
      vertex -6.519252457740442 -6.9435165264523695 10.999999999999998
    endloop
  endfacet
  facet normal -1 0 0
    outer loop
      vertex -6.9435165264523695 -6.519252457740442 0
      vertex -6.9435165264523695 -6.208669603617417 10.999999999999998
      vertex -6.9435165264523695 -6.208669603617417 0
    endloop
  endfacet
  facet normal -0.8660254037844395 0.4999999999999987 1.6580026459612687e-19
    outer loop
      vertex -6.9435165264523695 -6.208669603617417 0
      vertex -6.788225099390857 -5.939696961967 10.999999999999998
      vertex -6.788225099390857 -5.939696961967 0
    endloop
  endfacet
  facet normal 0 -1 0
    outer loop
      vertex -6.519252457740442 -6.9435165264523695 0
      vertex -6.208669603617417 -6.9435165264523695 0
      vertex -6.208669603617417 -6.9435165264523695 10.999999999999998
    endloop
  endfacet
  facet normal 0.4999999999999987 -0.8660254037844395 1.6580026459612687e-19
    outer loop
      vertex -6.208669603617417 -6.9435165264523695 0
      vertex -5.939696961967 -6.788225099390857 0
      vertex -5.939696961967 -6.788225099390857 10.999999999999998
    endloop
  endfacet
  facet normal -0.4999999999999958 0.866025403784441 0
    outer loop
      vertex -6.788225099390857 -5.939696961967 0
      vertex -6.788225099390857 -5.939696961967 10.999999999999998
      vertex -6.746762258248302 -5.9157583794719795 0
    endloop
  endfacet
  facet normal 0.866025403784441 -0.4999999999999958 4.7098128747047386e-20
    outer loop
      vertex -5.939696961967 -6.788225099390857 0
      vertex -5.9157583794719795 -6.746762258248302 0
      vertex -5.9157583794719795 -6.746762258248302 10.999999999999998
    endloop
  endfacet
  facet normal -0.866025403784436 -0.5000000000000044 0
    outer loop
      vertex -6.788225099390856 -6.788225099390856 0
      vertex -6.788225099390856 -6.788225099390856 10.999999999999998
      vertex -6.9435165264523695 -6.519252457740442 10.999999999999998
    endloop
  endfacet
  facet normal -0.5000000000000044 -0.866025403784436 0
    outer loop
      vertex -6.788225099390856 -6.788225099390856 0
      vertex -6.519252457740442 -6.9435165264523695 10.999999999999998
      vertex -6.788225099390856 -6.788225099390856 10.999999999999998
    endloop
  endfacet
  facet normal -1 0 0
    outer loop
      vertex -6.9435165264523695 -6.519252457740442 0
      vertex -6.9435165264523695 -6.519252457740442 10.999999999999998
      vertex -6.9435165264523695 -6.208669603617417 10.999999999999998
    endloop
  endfacet
  facet normal -0.8660254037844395 0.4999999999999987 0
    outer loop
      vertex -6.9435165264523695 -6.208669603617417 0
      vertex -6.9435165264523695 -6.208669603617417 10.999999999999998
      vertex -6.788225099390857 -5.939696961967 10.999999999999998
    endloop
  endfacet
  facet normal 0 -1 0
    outer loop
      vertex -6.519252457740442 -6.9435165264523695 0
      vertex -6.208669603617417 -6.9435165264523695 10.999999999999998
      vertex -6.519252457740442 -6.9435165264523695 10.999999999999998
    endloop
  endfacet
  facet normal 0.4999999999999987 -0.8660254037844395 0
    outer loop
      vertex -6.208669603617417 -6.9435165264523695 0
      vertex -5.939696961967 -6.788225099390857 10.999999999999998
      vertex -6.208669603617417 -6.9435165264523695 10.999999999999998
    endloop
  endfacet
  facet normal -0.4999999999999958 0.866025403784441 0
    outer loop
      vertex -6.746762258248302 -5.9157583794719795 0
      vertex -6.788225099390857 -5.939696961967 10.999999999999998
      vertex -6.746762258248302 -5.9157583794719795 10.999999999999998
    endloop
  endfacet
  facet normal 0.866025403784441 -0.4999999999999958 0
    outer loop
      vertex -5.939696961967 -6.788225099390857 0
      vertex -5.9157583794719795 -6.746762258248302 10.999999999999998
      vertex -5.939696961967 -6.788225099390857 10.999999999999998
    endloop
  endfacet
  facet normal 0 0 1
    outer loop
      vertex -6.788225099390856 -6.788225099390856 10.999999999999998
      vertex -6.9435165264523695 -6.208669603617417 10.999999999999998
      vertex -6.9435165264523695 -6.519252457740442 10.999999999999998
    endloop
  endfacet
  facet normal 0 0 1
    outer loop
      vertex -6.788225099390856 -6.788225099390856 10.999999999999998
      vertex -6.788225099390857 -5.939696961967 10.999999999999998
      vertex -6.9435165264523695 -6.208669603617417 10.999999999999998
    endloop
  endfacet
  facet normal 0 0 1
    outer loop
      vertex -6.788225099390856 -6.788225099390856 10.999999999999998
      vertex -6.519252457740442 -6.9435165264523695 10.999999999999998
      vertex -6.788225099390857 -5.939696961967 10.999999999999998
    endloop
  endfacet
  facet normal 0 0 1
    outer loop
      vertex -6.519252457740442 -6.9435165264523695 10.999999999999998
      vertex -6.746762258248302 -5.9157583794719795 10.999999999999998
      vertex -6.788225099390857 -5.939696961967 10.999999999999998
    endloop
  endfacet
  facet normal 0 -3.0650332062326976e-15 1
    outer loop
      vertex -6.519252457740442 -6.9435165264523695 10.999999999999998
      vertex -6.208669603617417 -6.9435165264523695 10.999999999999998
      vertex -6.3639610306789285 -6.3639610306789285 11
    endloop
  endfacet
  facet normal 1.5325166031163452e-15 -2.654396620040388e-15 1
    outer loop
      vertex -6.208669603617417 -6.9435165264523695 10.999999999999998
      vertex -5.939696961967 -6.788225099390857 10.999999999999998
      vertex -6.3639610306789285 -6.3639610306789285 11
    endloop
  endfacet
  facet normal 2.6543966200403945e-15 -1.5325166031163375e-15 1
    outer loop
      vertex -6.3639610306789285 -6.3639610306789285 11
      vertex -5.939696961967 -6.788225099390857 10.999999999999998
      vertex -5.9157583794719795 -6.746762258248302 10.999999999999998
    endloop
  endfacet
  facet normal -6.263935386760813e-15 -1.3866167779093962e-15 1
    outer loop
      vertex -6.519252457740442 -6.9435165264523695 10.999999999999998
      vertex -6.3639610306789285 -6.3639610306789285 11
      vertex -6.746762258248302 -5.9157583794719795 10.999999999999998
    endloop
  endfacet
  facet normal 0 0 -1
    outer loop
      vertex -5.019615242270664 -8.094228634059947 0
      vertex -5.1000000000000005 -7.794228634059948 0
      vertex -5.019615242270663 -7.494228634059947 0
    endloop
  endfacet
  facet normal 0 0 -1
    outer loop
      vertex -5.019615242270664 -8.094228634059947 0
      vertex -5.019615242270663 -7.494228634059947 0
      vertex -4.870624545053125 -7.538187782188981 0
    endloop
  endfacet
  facet normal 0 0 -1
    outer loop
      vertex -4.870624545053125 -7.538187782188981 0
      vertex -5.019615242270663 -7.494228634059947 0
      vertex -4.9902610474441635 -7.464874439233448 0
    endloop
  endfacet
  facet normal -0.707106781186546 -0.7071067811865489 0
    outer loop
      vertex -5.019615242270664 -8.094228634059947 0
      vertex -4.8 -8.31384387633061 0
      vertex -5.019615242270664 -8.094228634059947 11
    endloop
  endfacet
  facet normal -0.9659258262890682 -0.258819045102521 9.565987515705772e-20
    outer loop
      vertex -5.019615242270664 -8.094228634059947 0
      vertex -5.1000000000000005 -7.794228634059948 11
      vertex -5.1000000000000005 -7.794228634059948 0
    endloop
  endfacet
  facet normal -0.9659258262890679 0.2588190451025223 -1.3933150224855748e-19
    outer loop
      vertex -5.1000000000000005 -7.794228634059948 0
      vertex -5.019615242270663 -7.494228634059947 11
      vertex -5.019615242270663 -7.494228634059947 0
    endloop
  endfacet
  facet normal -0.7071067811865476 0.7071067811865476 1.0241735153225212e-19
    outer loop
      vertex -5.019615242270663 -7.494228634059947 0
      vertex -4.9902610474441635 -7.464874439233448 11
      vertex -4.9902610474441635 -7.464874439233448 0
    endloop
  endfacet
  facet normal 0 0 -1
    outer loop
      vertex -5.019615242270664 -8.094228634059947 0
      vertex -4.116062301242398 -8.00058411989683 0
      vertex -4.8 -8.31384387633061 0
    endloop
  endfacet
  facet normal 0 0 -1
    outer loop
      vertex -5.019615242270664 -8.094228634059947 0
      vertex -4.870624545053125 -7.538187782188981 0
      vertex -4.116062301242398 -8.00058411989683 0
    endloop
  endfacet
  facet normal 0 0 -1
    outer loop
      vertex -4.8 -8.31384387633061 0
      vertex -4.116062301242398 -8.00058411989683 0
      vertex -4.5 -8.394228634059948 0
    endloop
  endfacet
  facet normal 0 0 -1
    outer loop
      vertex -4.5 -8.394228634059948 0
      vertex -4.116062301242398 -8.00058411989683 0
      vertex -4.2 -8.313843876330612 0
    endloop
  endfacet
  facet normal 0 0 -1
    outer loop
      vertex -4.2 -8.313843876330612 0
      vertex -4.116062301242398 -8.00058411989683 0
      vertex -3.980384757729337 -8.062770567206607 0
    endloop
  endfacet
  facet normal 0 0 -1
    outer loop
      vertex -4.2 -8.313843876330612 0
      vertex -3.980384757729337 -8.062770567206607 0
      vertex -3.980384757729337 -8.094228634059947 0
    endloop
  endfacet
  facet normal 0 0 -1
    outer loop
      vertex -4.116062301242398 -8.00058411989683 0
      vertex -4.071318388255315 -7.833597563299594 0
      vertex -3.980384757729337 -8.062770567206607 0
    endloop
  endfacet
  facet normal 0 0 -1
    outer loop
      vertex -3.980384757729337 -8.094228634059947 0
      vertex -3.980384757729337 -8.062770567206607 0
      vertex -3.9727976711264197 -8.065913241376435 0
    endloop
  endfacet
  facet normal -0.258819045102523 -0.9659258262890676 -2.887138160039489e-19
    outer loop
      vertex -4.8 -8.31384387633061 0
      vertex -4.5 -8.394228634059948 0
      vertex -4.5 -8.394228634059948 11
    endloop
  endfacet
  facet normal 0.2588190451025177 -0.9659258262890692 -3.2060044105630185e-19
    outer loop
      vertex -4.5 -8.394228634059948 0
      vertex -4.2 -8.313843876330612 0
      vertex -4.2 -8.313843876330612 11
    endloop
  endfacet
  facet normal 0.7071067811865505 -0.7071067811865447 0
    outer loop
      vertex -4.2 -8.313843876330612 0
      vertex -3.980384757729337 -8.094228634059947 0
      vertex -4.2 -8.313843876330612 11
    endloop
  endfacet
  facet normal 0.9659258262890662 -0.25881904510252857 3.212371629089721e-20
    outer loop
      vertex -3.980384757729337 -8.094228634059947 0
      vertex -3.9727976711264197 -8.065913241376435 0
      vertex -3.9727976711264197 -8.065913241376435 11
    endloop
  endfacet
  facet normal -0.707106781186546 -0.7071067811865489 0
    outer loop
      vertex -4.8 -8.31384387633061 0
      vertex -4.8 -8.31384387633061 11
      vertex -5.019615242270664 -8.094228634059947 11
    endloop
  endfacet
  facet normal -0.9659258262890682 -0.258819045102521 0
    outer loop
      vertex -5.019615242270664 -8.094228634059947 0
      vertex -5.019615242270664 -8.094228634059947 11
      vertex -5.1000000000000005 -7.794228634059948 11
    endloop
  endfacet
  facet normal -0.9659258262890679 0.2588190451025223 0
    outer loop
      vertex -5.1000000000000005 -7.794228634059948 0
      vertex -5.1000000000000005 -7.794228634059948 11
      vertex -5.019615242270663 -7.494228634059947 11
    endloop
  endfacet
  facet normal -0.7071067811865476 0.7071067811865476 0
    outer loop
      vertex -5.019615242270663 -7.494228634059947 0
      vertex -5.019615242270663 -7.494228634059947 11
      vertex -4.9902610474441635 -7.464874439233448 11
    endloop
  endfacet
  facet normal 0 0 1
    outer loop
      vertex -5.019615242270664 -8.094228634059947 11
      vertex -4.8 -8.31384387633061 11
      vertex -5.019615242270663 -7.494228634059947 11
    endloop
  endfacet
  facet normal 0 0 1
    outer loop
      vertex -5.019615242270664 -8.094228634059947 11
      vertex -5.019615242270663 -7.494228634059947 11
      vertex -5.1000000000000005 -7.794228634059948 11
    endloop
  endfacet
  facet normal 0 0 1
    outer loop
      vertex -5.019615242270663 -7.494228634059947 11
      vertex -4.8 -8.31384387633061 11
      vertex -4.9902610474441635 -7.464874439233448 11
    endloop
  endfacet
  facet normal -0.258819045102523 -0.9659258262890676 0
    outer loop
      vertex -4.8 -8.31384387633061 0
      vertex -4.5 -8.394228634059948 11
      vertex -4.8 -8.31384387633061 11
    endloop
  endfacet
  facet normal 0.2588190451025177 -0.9659258262890692 0
    outer loop
      vertex -4.5 -8.394228634059948 0
      vertex -4.2 -8.313843876330612 11
      vertex -4.5 -8.394228634059948 11
    endloop
  endfacet
  facet normal 0.7071067811865505 -0.7071067811865447 0
    outer loop
      vertex -3.980384757729337 -8.094228634059947 0
      vertex -3.980384757729337 -8.094228634059947 11
      vertex -4.2 -8.313843876330612 11
    endloop
  endfacet
  facet normal 0.9659258262890662 -0.25881904510252857 0
    outer loop
      vertex -3.980384757729337 -8.094228634059947 0
      vertex -3.9727976711264197 -8.065913241376435 11
      vertex -3.980384757729337 -8.094228634059947 11
    endloop
  endfacet
  facet normal 0 0 1
    outer loop
      vertex -4.9902610474441635 -7.464874439233448 11
      vertex -4.8 -8.31384387633061 11
      vertex -4.5 -8.394228634059948 11
    endloop
  endfacet
  facet normal 0 0 1
    outer loop
      vertex -4.9902610474441635 -7.464874439233448 11
      vertex -4.5 -8.394228634059948 11
      vertex -4.2 -8.313843876330612 11
    endloop
  endfacet
  facet normal 0 0 1
    outer loop
      vertex -4.9902610474441635 -7.464874439233448 11
      vertex -4.2 -8.313843876330612 11
      vertex -4.085914497655922 -8.01905871769531 11
    endloop
  endfacet
  facet normal 0 0 1
    outer loop
      vertex -4.2 -8.313843876330612 11
      vertex -3.980384757729337 -8.094228634059947 11
      vertex -4.085914497655922 -8.01905871769531 11
    endloop
  endfacet
  facet normal 0 0 1
    outer loop
      vertex -4.085914497655922 -8.01905871769531 11
      vertex -3.980384757729337 -8.094228634059947 11
      vertex -3.9727976711264197 -8.065913241376435 11
    endloop
  endfacet
  facet normal 0 0 -1
    outer loop
      vertex -2.753635474634615 -9.117596505313543 0
      vertex -2.9089269016961277 -8.848623863663128 0
      vertex -2.753635474634615 -8.566115007844957 0
    endloop
  endfacet
  facet normal 0 0 -1
    outer loop
      vertex -2.9089269016961277 -8.848623863663128 0
      vertex -2.9089269016961277 -8.538041009540104 0
      vertex -2.826433145761034 -8.540752975206173 0
    endloop
  endfacet
  facet normal 0 0 -1
    outer loop
      vertex -2.9089269016961277 -8.538041009540104 0
      vertex -2.8942697759040272 -8.512654122975258 0
      vertex -2.826433145761034 -8.540752975206173 0
    endloop
  endfacet
  facet normal 0 0 -1
    outer loop
      vertex -2.9089269016961277 -8.848623863663128 0
      vertex -2.826433145761034 -8.540752975206173 0
      vertex -2.753635474634615 -8.566115007844957 0
    endloop
  endfacet
  facet normal 0 0 -1
    outer loop
      vertex -2.753635474634615 -8.566115007844957 0
      vertex -2.826433145761034 -8.540752975206173 0
      vertex -2.760232463005009 -8.293688663664936 0
    endloop
  endfacet
  facet normal 0 0 -1
    outer loop
      vertex -2.753635474634615 -9.117596505313543 0
      vertex -2.753635474634615 -8.566115007844957 0
      vertex -1.7498159101492456 -8.807110763226948 0
    endloop
  endfacet
  facet normal 0 0 -1
    outer loop
      vertex -2.753635474634615 -9.117596505313543 0
      vertex -1.7498159101492456 -8.807110763226948 0
      vertex -2.484662832984199 -9.272887932375056 0
    endloop
  endfacet
  facet normal 0 0 -1
    outer loop
      vertex -2.484662832984199 -9.272887932375056 0
      vertex -1.7498159101492456 -8.807110763226948 0
      vertex -2.174079978861174 -9.272887932375056 0
    endloop
  endfacet
  facet normal 0 0 -1
    outer loop
      vertex -2.174079978861174 -9.272887932375056 0
      vertex -1.7498159101492456 -8.807110763226948 0
      vertex -1.905107337210758 -9.117596505313543 0
    endloop
  endfacet
  facet normal 0 0 -1
    outer loop
      vertex -1.905107337210758 -9.117596505313543 0
      vertex -1.7498159101492456 -8.807110763226948 0
      vertex -1.7498159101492456 -8.848623863663127 0
    endloop
  endfacet
  facet normal -0.5000000000000021 -0.8660254037844376 7.457430699334388e-19
    outer loop
      vertex -2.753635474634615 -9.117596505313543 0
      vertex -2.484662832984199 -9.272887932375056 0
      vertex -2.484662832984199 -9.272887932375056 11
    endloop
  endfacet
  facet normal -0.8660254037844373 -0.5000000000000023 -9.13412626647581e-19
    outer loop
      vertex -2.753635474634615 -9.117596505313543 0
      vertex -2.9089269016961277 -8.848623863663128 11
      vertex -2.9089269016961277 -8.848623863663128 0
    endloop
  endfacet
  facet normal -1 0 0
    outer loop
      vertex -2.9089269016961277 -8.848623863663128 0
      vertex -2.9089269016961277 -8.538041009540104 11
      vertex -2.9089269016961277 -8.538041009540104 0
    endloop
  endfacet
  facet normal -0.8660254037844343 0.5000000000000074 -2.2493644704799328e-20
    outer loop
      vertex -2.9089269016961277 -8.538041009540104 0
      vertex -2.8942697759040272 -8.512654122975258 11
      vertex -2.8942697759040272 -8.512654122975258 0
    endloop
  endfacet
  facet normal 0 -1 0
    outer loop
      vertex -2.484662832984199 -9.272887932375056 0
      vertex -2.174079978861174 -9.272887932375056 0
      vertex -2.174079978861174 -9.272887932375056 11
    endloop
  endfacet
  facet normal 0.5000000000000021 -0.8660254037844376 -7.457430699334388e-19
    outer loop
      vertex -2.174079978861174 -9.272887932375056 0
      vertex -1.905107337210758 -9.117596505313543 0
      vertex -1.905107337210758 -9.117596505313543 11
    endloop
  endfacet
  facet normal 0.8660254037844387 -0.4999999999999999 0
    outer loop
      vertex -1.905107337210758 -9.117596505313543 0
      vertex -1.7498159101492456 -8.848623863663127 0
      vertex -1.905107337210758 -9.117596505313543 11
    endloop
  endfacet
  facet normal 1 0 0
    outer loop
      vertex -1.7498159101492456 -8.848623863663127 0
      vertex -1.7498159101492456 -8.807110763226948 0
      vertex -1.7498159101492456 -8.807110763226948 11
    endloop
  endfacet
  facet normal -0.8660254037844373 -0.5000000000000023 0
    outer loop
      vertex -2.753635474634615 -9.117596505313543 0
      vertex -2.753635474634615 -9.117596505313543 11
      vertex -2.9089269016961277 -8.848623863663128 11
    endloop
  endfacet
  facet normal -0.5000000000000021 -0.8660254037844376 0
    outer loop
      vertex -2.753635474634615 -9.117596505313543 0
      vertex -2.484662832984199 -9.272887932375056 11
      vertex -2.753635474634615 -9.117596505313543 11
    endloop
  endfacet
  facet normal -1 0 0
    outer loop
      vertex -2.9089269016961277 -8.848623863663128 0
      vertex -2.9089269016961277 -8.848623863663128 11
      vertex -2.9089269016961277 -8.538041009540104 11
    endloop
  endfacet
  facet normal -0.8660254037844343 0.5000000000000074 0
    outer loop
      vertex -2.9089269016961277 -8.538041009540104 0
      vertex -2.9089269016961277 -8.538041009540104 11
      vertex -2.8942697759040272 -8.512654122975258 11
    endloop
  endfacet
  facet normal 0 -1 0
    outer loop
      vertex -2.484662832984199 -9.272887932375056 0
      vertex -2.174079978861174 -9.272887932375056 11
      vertex -2.484662832984199 -9.272887932375056 11
    endloop
  endfacet
  facet normal 0.5000000000000021 -0.8660254037844376 0
    outer loop
      vertex -2.174079978861174 -9.272887932375056 0
      vertex -1.905107337210758 -9.117596505313543 11
      vertex -2.174079978861174 -9.272887932375056 11
    endloop
  endfacet
  facet normal 0.8660254037844387 -0.4999999999999999 0
    outer loop
      vertex -1.7498159101492456 -8.848623863663127 0
      vertex -1.7498159101492456 -8.848623863663127 11
      vertex -1.905107337210758 -9.117596505313543 11
    endloop
  endfacet
  facet normal 1 0 0
    outer loop
      vertex -1.7498159101492456 -8.848623863663127 0
      vertex -1.7498159101492456 -8.807110763226948 11
      vertex -1.7498159101492456 -8.848623863663127 11
    endloop
  endfacet
  facet normal 0 0 1
    outer loop
      vertex -2.484662832984199 -9.272887932375056 11
      vertex -2.174079978861174 -9.272887932375056 11
      vertex -2.7811529493745266 -8.559508646656381 11
    endloop
  endfacet
  facet normal 0 0 1
    outer loop
      vertex -2.753635474634615 -9.117596505313543 11
      vertex -2.9089269016961277 -8.538041009540104 11
      vertex -2.9089269016961277 -8.848623863663128 11
    endloop
  endfacet
  facet normal 0 0 1
    outer loop
      vertex -2.753635474634615 -9.117596505313543 11
      vertex -2.7811529493745266 -8.559508646656381 11
      vertex -2.9089269016961277 -8.538041009540104 11
    endloop
  endfacet
  facet normal 0 0 1
    outer loop
      vertex -2.9089269016961277 -8.538041009540104 11
      vertex -2.7811529493745266 -8.559508646656381 11
      vertex -2.8942697759040272 -8.512654122975258 11
    endloop
  endfacet
  facet normal 0 0 1
    outer loop
      vertex -2.753635474634615 -9.117596505313543 11
      vertex -2.484662832984199 -9.272887932375056 11
      vertex -2.7811529493745266 -8.559508646656381 11
    endloop
  endfacet
  facet normal 0 0 1
    outer loop
      vertex -2.7811529493745266 -8.559508646656381 11
      vertex -2.174079978861174 -9.272887932375056 11
      vertex -1.905107337210758 -9.117596505313543 11
    endloop
  endfacet
  facet normal 0 0 1
    outer loop
      vertex -2.7811529493745266 -8.559508646656381 11
      vertex -1.905107337210758 -9.117596505313543 11
      vertex -1.7498159101492456 -8.848623863663127 11
    endloop
  endfacet
  facet normal 0 0 1
    outer loop
      vertex -2.7811529493745266 -8.559508646656381 11
      vertex -1.7498159101492456 -8.848623863663127 11
      vertex -1.7498159101492456 -8.807110763226948 11
    endloop
  endfacet
  facet normal 0 0 -1
    outer loop
      vertex -0.5196152422706631 -9.3 0
      vertex -0.6 -9 0
      vertex -0.5196152422706631 -8.959105393541211 0
    endloop
  endfacet
  facet normal 0 0 -1
    outer loop
      vertex -0.5196152422706631 -9.3 0
      vertex -0.1574492171123039 -8.987608477875062 0
      vertex -0.3 -9.519615242270664 0
    endloop
  endfacet
  facet normal 0 0 -1
    outer loop
      vertex -0.5196152422706631 -9.3 0
      vertex -0.5196152422706631 -8.959105393541211 0
      vertex -0.1574492171123039 -8.987608477875062 0
    endloop
  endfacet
  facet normal 0 0 -1
    outer loop
      vertex -0.3 -9.519615242270664 0
      vertex -0.1574492171123039 -8.987608477875062 0
      vertex 0 -9.6 0
    endloop
  endfacet
  facet normal 0 0 -1
    outer loop
      vertex -0.1574492171123039 -8.987608477875062 0
      vertex 0 -9 0
      vertex 0 -9.6 0
    endloop
  endfacet
  facet normal 0 0 -1
    outer loop
      vertex -0.6 -9 0
      vertex -0.5876084778750618 -8.953754209846617 0
      vertex -0.5196152422706631 -8.959105393541211 0
    endloop
  endfacet
  facet normal 0 0 -1
    outer loop
      vertex -0.1574492171123039 -8.987608477875062 0
      vertex 0 -8.4 0
      vertex 0 -9 0
    endloop
  endfacet
  facet normal -0.7071067811865476 -0.7071067811865475 -7.0136678481051e-19
    outer loop
      vertex -0.5196152422706631 -9.3 0
      vertex -0.3 -9.519615242270664 0
      vertex -0.3 -9.519615242270664 11
    endloop
  endfacet
  facet normal -0.9659258262890684 -0.2588190451025203 -2.6687800245819805e-19
    outer loop
      vertex -0.5196152422706631 -9.3 0
      vertex -0.6 -9 11
      vertex -0.6 -9 0
    endloop
  endfacet
  facet normal -0.2588190451025175 -0.9659258262890692 4.643291733391857e-19
    outer loop
      vertex -0.3 -9.519615242270664 0
      vertex 0 -9.6 0
      vertex 0 -9.6 11
    endloop
  endfacet
  facet normal -0.9659258262890686 0.2588190451025197 -7.790144451416038e-20
    outer loop
      vertex -0.6 -9 0
      vertex -0.5876084778750618 -8.953754209846617 11
      vertex -0.5876084778750618 -8.953754209846617 0
    endloop
  endfacet
  facet normal -0.7071067811865476 -0.7071067811865475 0
    outer loop
      vertex -0.5196152422706631 -9.3 0
      vertex -0.3 -9.519615242270664 11
      vertex -0.5196152422706631 -9.3 11
    endloop
  endfacet
  facet normal -0.9659258262890684 -0.2588190451025203 0
    outer loop
      vertex -0.5196152422706631 -9.3 0
      vertex -0.5196152422706631 -9.3 11
      vertex -0.6 -9 11
    endloop
  endfacet
  facet normal -0.2588190451025175 -0.9659258262890692 0
    outer loop
      vertex -0.3 -9.519615242270664 0
      vertex 0 -9.6 11
      vertex -0.3 -9.519615242270664 11
    endloop
  endfacet
  facet normal -0.9659258262890686 0.2588190451025197 0
    outer loop
      vertex -0.6 -9 0
      vertex -0.6 -9 11
      vertex -0.5876084778750618 -8.953754209846617 11
    endloop
  endfacet
  facet normal 0 0 1
    outer loop
      vertex -0.5196152422706631 -9.3 11
      vertex -0.3 -9.519615242270664 11
      vertex -0.5876084778750618 -8.953754209846617 11
    endloop
  endfacet
  facet normal 0 0 1
    outer loop
      vertex -0.5196152422706631 -9.3 11
      vertex -0.5876084778750618 -8.953754209846617 11
      vertex -0.6 -9 11
    endloop
  endfacet
  facet normal 0 0 1
    outer loop
      vertex -0.3 -9.519615242270664 11
      vertex 0 -9.6 11
      vertex -0.5876084778750618 -8.953754209846617 11
    endloop
  endfacet
  facet normal 0 0 1
    outer loop
      vertex -0.5876084778750618 -8.953754209846617 11
      vertex 0 -9.6 11
      vertex 0 -9 11
    endloop
  endfacet
  facet normal 0 0 -1
    outer loop
      vertex 0 -9.6 0
      vertex 0.5876084778750618 -8.953754209846617 0
      vertex 0.3 -9.519615242270664 0
    endloop
  endfacet
  facet normal 0 0 -1
    outer loop
      vertex 0 -9.6 0
      vertex 0 -9 0
      vertex 0.5876084778750618 -8.953754209846617 0
    endloop
  endfacet
  facet normal 0 0 -1
    outer loop
      vertex 0.3 -9.519615242270664 0
      vertex 0.5876084778750618 -8.953754209846617 0
      vertex 0.5196152422706631 -9.3 0
    endloop
  endfacet
  facet normal 0 0 -1
    outer loop
      vertex 0.5196152422706631 -9.3 0
      vertex 0.5876084778750618 -8.953754209846617 0
      vertex 0.6 -9 0
    endloop
  endfacet
  facet normal 0.2588190451025175 -0.9659258262890692 -4.643291733391857e-19
    outer loop
      vertex 0 -9.6 0
      vertex 0.3 -9.519615242270664 0
      vertex 0.3 -9.519615242270664 11
    endloop
  endfacet
  facet normal 0.7071067811865476 -0.7071067811865475 7.0136678481051e-19
    outer loop
      vertex 0.3 -9.519615242270664 0
      vertex 0.5196152422706631 -9.3 0
      vertex 0.5196152422706631 -9.3 11
    endloop
  endfacet
  facet normal 0.9659258262890684 -0.2588190451025203 0
    outer loop
      vertex 0.5196152422706631 -9.3 0
      vertex 0.6 -9 0
      vertex 0.5196152422706631 -9.3 11
    endloop
  endfacet
  facet normal 0.9659258262890686 0.2588190451025197 0
    outer loop
      vertex 0.5876084778750618 -8.953754209846617 0
      vertex 0.5876084778750618 -8.953754209846617 11
      vertex 0.6 -9 0
    endloop
  endfacet
  facet normal 0.2588190451025175 -0.9659258262890692 0
    outer loop
      vertex 0 -9.6 0
      vertex 0.3 -9.519615242270664 11
      vertex 0 -9.6 11
    endloop
  endfacet
  facet normal 0.7071067811865476 -0.7071067811865475 0
    outer loop
      vertex 0.3 -9.519615242270664 0
      vertex 0.5196152422706631 -9.3 11
      vertex 0.3 -9.519615242270664 11
    endloop
  endfacet
  facet normal 0.9659258262890684 -0.2588190451025203 0
    outer loop
      vertex 0.6 -9 0
      vertex 0.6 -9 11
      vertex 0.5196152422706631 -9.3 11
    endloop
  endfacet
  facet normal 0.9659258262890686 0.2588190451025197 0
    outer loop
      vertex 0.6 -9 0
      vertex 0.5876084778750618 -8.953754209846617 11
      vertex 0.6 -9 11
    endloop
  endfacet
  facet normal 0 0 1
    outer loop
      vertex 0 -9.6 11
      vertex 0.3 -9.519615242270664 11
      vertex 0 -9 11
    endloop
  endfacet
  facet normal 0 0 1
    outer loop
      vertex 0 -9 11
      vertex 0.3 -9.519615242270664 11
      vertex 0.5196152422706631 -9.3 11
    endloop
  endfacet
  facet normal 0 0 1
    outer loop
      vertex 0 -9 11
      vertex 0.5196152422706631 -9.3 11
      vertex 0.6 -9 11
    endloop
  endfacet
  facet normal 0 0 1
    outer loop
      vertex 0 -9 11
      vertex 0.6 -9 11
      vertex 0.5876084778750618 -8.953754209846617 11
    endloop
  endfacet
  facet normal 0 0 -1
    outer loop
      vertex 1.7498159101492456 -8.848623863663127 0
      vertex 1.7498159101492456 -8.807110763226948 0
      vertex 1.7617040638514336 -8.804256670038374 0
    endloop
  endfacet
  facet normal 0 0 -1
    outer loop
      vertex 1.7498159101492456 -8.848623863663127 0
      vertex 1.7617040638514336 -8.804256670038374 0
      vertex 2.753635474634615 -8.566115007844957 0
    endloop
  endfacet
  facet normal 0 0 -1
    outer loop
      vertex 1.7498159101492456 -8.848623863663127 0
      vertex 2.753635474634615 -8.566115007844957 0
      vertex 1.905107337210758 -9.117596505313543 0
    endloop
  endfacet
  facet normal 0 0 -1
    outer loop
      vertex 1.905107337210758 -9.117596505313543 0
      vertex 2.753635474634615 -8.566115007844957 0
      vertex 2.174079978861174 -9.272887932375056 0
    endloop
  endfacet
  facet normal 0 0 -1
    outer loop
      vertex 2.174079978861174 -9.272887932375056 0
      vertex 2.753635474634615 -8.566115007844957 0
      vertex 2.484662832984199 -9.272887932375056 0
    endloop
  endfacet
  facet normal 0 0 -1
    outer loop
      vertex 2.484662832984199 -9.272887932375056 0
      vertex 2.753635474634615 -8.566115007844957 0
      vertex 2.753635474634615 -9.117596505313543 0
    endloop
  endfacet
  facet normal 0 0 -1
    outer loop
      vertex 2.753635474634615 -9.117596505313543 0
      vertex 2.753635474634615 -8.566115007844957 0
      vertex 2.9089269016961277 -8.538041009540104 0
    endloop
  endfacet
  facet normal 0 0 -1
    outer loop
      vertex 2.753635474634615 -9.117596505313543 0
      vertex 2.9089269016961277 -8.538041009540104 0
      vertex 2.9089269016961277 -8.848623863663128 0
    endloop
  endfacet
  facet normal 0 0 -1
    outer loop
      vertex 2.753635474634615 -8.566115007844957 0
      vertex 2.7811529493745266 -8.316730032235206 0
      vertex 2.8942697759040272 -8.512654122975258 0
    endloop
  endfacet
  facet normal 0 0 -1
    outer loop
      vertex 2.753635474634615 -8.566115007844957 0
      vertex 2.8942697759040272 -8.512654122975258 0
      vertex 2.9089269016961277 -8.538041009540104 0
    endloop
  endfacet
  facet normal -1 0 0
    outer loop
      vertex 1.7498159101492456 -8.848623863663127 0
      vertex 1.7498159101492456 -8.807110763226948 11
      vertex 1.7498159101492456 -8.807110763226948 0
    endloop
  endfacet
  facet normal -0.5000000000000021 -0.8660254037844376 7.457430699334388e-19
    outer loop
      vertex 1.905107337210758 -9.117596505313543 0
      vertex 2.174079978861174 -9.272887932375056 0
      vertex 2.174079978861174 -9.272887932375056 11
    endloop
  endfacet
  facet normal 0 -1 0
    outer loop
      vertex 2.174079978861174 -9.272887932375056 0
      vertex 2.484662832984199 -9.272887932375056 0
      vertex 2.484662832984199 -9.272887932375056 11
    endloop
  endfacet
  facet normal -0.8660254037844387 -0.4999999999999999 0
    outer loop
      vertex 1.7498159101492456 -8.848623863663127 0
      vertex 1.905107337210758 -9.117596505313543 0
      vertex 1.7498159101492456 -8.848623863663127 11
    endloop
  endfacet
  facet normal 0.5000000000000021 -0.8660254037844376 -7.457430699334388e-19
    outer loop
      vertex 2.484662832984199 -9.272887932375056 0
      vertex 2.753635474634615 -9.117596505313543 0
      vertex 2.753635474634615 -9.117596505313543 11
    endloop
  endfacet
  facet normal 0.8660254037844373 -0.5000000000000023 0
    outer loop
      vertex 2.753635474634615 -9.117596505313543 0
      vertex 2.9089269016961277 -8.848623863663128 0
      vertex 2.753635474634615 -9.117596505313543 11
    endloop
  endfacet
  facet normal 1 0 0
    outer loop
      vertex 2.9089269016961277 -8.848623863663128 0
      vertex 2.9089269016961277 -8.538041009540104 0
      vertex 2.9089269016961277 -8.848623863663128 11
    endloop
  endfacet
  facet normal 0.8660254037844343 0.5000000000000074 0
    outer loop
      vertex 2.8942697759040272 -8.512654122975258 0
      vertex 2.8942697759040272 -8.512654122975258 11
      vertex 2.9089269016961277 -8.538041009540104 0
    endloop
  endfacet
  facet normal -1 0 0
    outer loop
      vertex 1.7498159101492456 -8.848623863663127 0
      vertex 1.7498159101492456 -8.848623863663127 11
      vertex 1.7498159101492456 -8.807110763226948 11
    endloop
  endfacet
  facet normal -0.8660254037844387 -0.4999999999999999 0
    outer loop
      vertex 1.905107337210758 -9.117596505313543 0
      vertex 1.905107337210758 -9.117596505313543 11
      vertex 1.7498159101492456 -8.848623863663127 11
    endloop
  endfacet
  facet normal -0.5000000000000021 -0.8660254037844376 0
    outer loop
      vertex 1.905107337210758 -9.117596505313543 0
      vertex 2.174079978861174 -9.272887932375056 11
      vertex 1.905107337210758 -9.117596505313543 11
    endloop
  endfacet
  facet normal 0 -1 0
    outer loop
      vertex 2.174079978861174 -9.272887932375056 0
      vertex 2.484662832984199 -9.272887932375056 11
      vertex 2.174079978861174 -9.272887932375056 11
    endloop
  endfacet
  facet normal 0.5000000000000021 -0.8660254037844376 0
    outer loop
      vertex 2.484662832984199 -9.272887932375056 0
      vertex 2.753635474634615 -9.117596505313543 11
      vertex 2.484662832984199 -9.272887932375056 11
    endloop
  endfacet
  facet normal 0.8660254037844373 -0.5000000000000023 0
    outer loop
      vertex 2.9089269016961277 -8.848623863663128 0
      vertex 2.9089269016961277 -8.848623863663128 11
      vertex 2.753635474634615 -9.117596505313543 11
    endloop
  endfacet
  facet normal 1 0 0
    outer loop
      vertex 2.9089269016961277 -8.538041009540104 0
      vertex 2.9089269016961277 -8.538041009540104 11
      vertex 2.9089269016961277 -8.848623863663128 11
    endloop
  endfacet
  facet normal 0.8660254037844343 0.5000000000000074 0
    outer loop
      vertex 2.9089269016961277 -8.538041009540104 0
      vertex 2.8942697759040272 -8.512654122975258 11
      vertex 2.9089269016961277 -8.538041009540104 11
    endloop
  endfacet
  facet normal 0 0 1
    outer loop
      vertex 1.7498159101492456 -8.807110763226948 11
      vertex 1.905107337210758 -9.117596505313543 11
      vertex 2.174079978861174 -9.272887932375056 11
    endloop
  endfacet
  facet normal 0 0 1
    outer loop
      vertex 1.7498159101492456 -8.807110763226948 11
      vertex 2.174079978861174 -9.272887932375056 11
      vertex 2.484662832984199 -9.272887932375056 11
    endloop
  endfacet
  facet normal 0 0 1
    outer loop
      vertex 1.7498159101492456 -8.807110763226948 11
      vertex 2.484662832984199 -9.272887932375056 11
      vertex 2.753635474634615 -9.117596505313543 11
    endloop
  endfacet
  facet normal 0 0 1
    outer loop
      vertex 1.7498159101492456 -8.848623863663127 11
      vertex 1.905107337210758 -9.117596505313543 11
      vertex 1.7498159101492456 -8.807110763226948 11
    endloop
  endfacet
  facet normal 0 0 1
    outer loop
      vertex 1.7498159101492456 -8.807110763226948 11
      vertex 2.753635474634615 -9.117596505313543 11
      vertex 2.9089269016961277 -8.848623863663128 11
    endloop
  endfacet
  facet normal 0 0 1
    outer loop
      vertex 1.7498159101492456 -8.807110763226948 11
      vertex 2.9089269016961277 -8.848623863663128 11
      vertex 2.7811529493745266 -8.559508646656381 11
    endloop
  endfacet
  facet normal 0 0 1
    outer loop
      vertex 2.9089269016961277 -8.848623863663128 11
      vertex 2.9089269016961277 -8.538041009540104 11
      vertex 2.7811529493745266 -8.559508646656381 11
    endloop
  endfacet
  facet normal 0 0 1
    outer loop
      vertex 2.7811529493745266 -8.559508646656381 11
      vertex 2.9089269016961277 -8.538041009540104 11
      vertex 2.8942697759040272 -8.512654122975258 11
    endloop
  endfacet
  facet normal 0 0 -1
    outer loop
      vertex 3.980384757729337 -8.094228634059947 0
      vertex 3.989866255623452 -8.058843202187253 0
      vertex 4.2 -8.313843876330612 0
    endloop
  endfacet
  facet normal 0 0 -1
    outer loop
      vertex 3.989866255623452 -8.058843202187253 0
      vertex 4.2 -7.949147031943519 0
      vertex 4.2 -8.313843876330612 0
    endloop
  endfacet
  facet normal 0 0 -1
    outer loop
      vertex 3.9727976711264197 -8.065913241376435 0
      vertex 3.980384757729337 -8.062770567206607 0
      vertex 3.980384757729337 -8.094228634059947 0
    endloop
  endfacet
  facet normal 0 0 -1
    outer loop
      vertex 3.980384757729337 -8.094228634059947 0
      vertex 3.980384757729337 -8.062770567206607 0
      vertex 3.989866255623452 -8.058843202187253 0
    endloop
  endfacet
  facet normal 0 0 -1
    outer loop
      vertex 3.989866255623452 -8.058843202187253 0
      vertex 4.121424523145357 -7.567861063639765 0
      vertex 4.2 -7.949147031943519 0
    endloop
  endfacet
  facet normal 0 0 -1
    outer loop
      vertex 4.2 -8.313843876330612 0
      vertex 4.2 -7.949147031943519 0
      vertex 4.9902610474441635 -7.464874439233448 0
    endloop
  endfacet
  facet normal 0 0 -1
    outer loop
      vertex 4.2 -8.313843876330612 0
      vertex 4.9902610474441635 -7.464874439233448 0
      vertex 4.5 -8.394228634059948 0
    endloop
  endfacet
  facet normal 0 0 -1
    outer loop
      vertex 4.5 -8.394228634059948 0
      vertex 4.9902610474441635 -7.464874439233448 0
      vertex 4.8 -8.31384387633061 0
    endloop
  endfacet
  facet normal -0.7071067811865505 -0.7071067811865447 0
    outer loop
      vertex 3.980384757729337 -8.094228634059947 0
      vertex 4.2 -8.313843876330612 0
      vertex 3.980384757729337 -8.094228634059947 11
    endloop
  endfacet
  facet normal -0.9659258262890662 -0.25881904510252857 0
    outer loop
      vertex 3.9727976711264197 -8.065913241376435 0
      vertex 3.980384757729337 -8.094228634059947 0
      vertex 3.9727976711264197 -8.065913241376435 11
    endloop
  endfacet
  facet normal -0.2588190451025177 -0.9659258262890692 3.2060044105630185e-19
    outer loop
      vertex 4.2 -8.313843876330612 0
      vertex 4.5 -8.394228634059948 0
      vertex 4.5 -8.394228634059948 11
    endloop
  endfacet
  facet normal 0.258819045102523 -0.9659258262890676 2.887138160039489e-19
    outer loop
      vertex 4.5 -8.394228634059948 0
      vertex 4.8 -8.31384387633061 0
      vertex 4.8 -8.31384387633061 11
    endloop
  endfacet
  facet normal 0 0 -1
    outer loop
      vertex 4.8 -8.31384387633061 0
      vertex 5.019615242270663 -7.494228634059947 0
      vertex 5.019615242270664 -8.094228634059947 0
    endloop
  endfacet
  facet normal 0 0 -1
    outer loop
      vertex 4.8 -8.31384387633061 0
      vertex 4.9902610474441635 -7.464874439233448 0
      vertex 5.019615242270663 -7.494228634059947 0
    endloop
  endfacet
  facet normal 0 0 -1
    outer loop
      vertex 5.019615242270664 -8.094228634059947 0
      vertex 5.019615242270663 -7.494228634059947 0
      vertex 5.1000000000000005 -7.794228634059948 0
    endloop
  endfacet
  facet normal 0.707106781186546 -0.7071067811865489 0
    outer loop
      vertex 4.8 -8.31384387633061 0
      vertex 5.019615242270664 -8.094228634059947 0
      vertex 4.8 -8.31384387633061 11
    endloop
  endfacet
  facet normal 0.9659258262890682 -0.258819045102521 0
    outer loop
      vertex 5.019615242270664 -8.094228634059947 0
      vertex 5.1000000000000005 -7.794228634059948 0
      vertex 5.019615242270664 -8.094228634059947 11
    endloop
  endfacet
  facet normal 0.9659258262890679 0.2588190451025223 1.3933150224855748e-19
    outer loop
      vertex 5.019615242270663 -7.494228634059947 0
      vertex 5.1000000000000005 -7.794228634059948 11
      vertex 5.1000000000000005 -7.794228634059948 0
    endloop
  endfacet
  facet normal 0.7071067811865476 0.7071067811865476 0
    outer loop
      vertex 4.9902610474441635 -7.464874439233448 0
      vertex 4.9902610474441635 -7.464874439233448 11
      vertex 5.019615242270663 -7.494228634059947 0
    endloop
  endfacet
  facet normal -0.7071067811865505 -0.7071067811865447 0
    outer loop
      vertex 4.2 -8.313843876330612 0
      vertex 4.2 -8.313843876330612 11
      vertex 3.980384757729337 -8.094228634059947 11
    endloop
  endfacet
  facet normal -0.9659258262890662 -0.25881904510252857 0
    outer loop
      vertex 3.980384757729337 -8.094228634059947 0
      vertex 3.980384757729337 -8.094228634059947 11
      vertex 3.9727976711264197 -8.065913241376435 11
    endloop
  endfacet
  facet normal -0.2588190451025177 -0.9659258262890692 0
    outer loop
      vertex 4.2 -8.313843876330612 0
      vertex 4.5 -8.394228634059948 11
      vertex 4.2 -8.313843876330612 11
    endloop
  endfacet
  facet normal 0.258819045102523 -0.9659258262890676 0
    outer loop
      vertex 4.5 -8.394228634059948 0
      vertex 4.8 -8.31384387633061 11
      vertex 4.5 -8.394228634059948 11
    endloop
  endfacet
  facet normal 0 0 1
    outer loop
      vertex 3.9727976711264197 -8.065913241376435 11
      vertex 3.980384757729337 -8.094228634059947 11
      vertex 4.2 -8.313843876330612 11
    endloop
  endfacet
  facet normal 0 0 1
    outer loop
      vertex 3.9727976711264197 -8.065913241376435 11
      vertex 4.2 -8.313843876330612 11
      vertex 4.085914497655922 -8.01905871769531 11
    endloop
  endfacet
  facet normal 0 0 1
    outer loop
      vertex 4.085914497655922 -8.01905871769531 11
      vertex 4.2 -8.313843876330612 11
      vertex 4.5 -8.394228634059948 11
    endloop
  endfacet
  facet normal 0 0 1
    outer loop
      vertex 4.085914497655922 -8.01905871769531 11
      vertex 4.5 -8.394228634059948 11
      vertex 4.8 -8.31384387633061 11
    endloop
  endfacet
  facet normal 0 0 1
    outer loop
      vertex 4.085914497655922 -8.01905871769531 11
      vertex 4.8 -8.31384387633061 11
      vertex 5.019615242270664 -8.094228634059947 11
    endloop
  endfacet
  facet normal 0 0 1
    outer loop
      vertex 4.085914497655922 -8.01905871769531 11
      vertex 5.019615242270664 -8.094228634059947 11
      vertex 5.019615242270663 -7.494228634059947 11
    endloop
  endfacet
  facet normal 0 0 1
    outer loop
      vertex 4.085914497655922 -8.01905871769531 11
      vertex 5.019615242270663 -7.494228634059947 11
      vertex 4.9902610474441635 -7.464874439233448 11
    endloop
  endfacet
  facet normal 0.707106781186546 -0.7071067811865489 0
    outer loop
      vertex 5.019615242270664 -8.094228634059947 0
      vertex 5.019615242270664 -8.094228634059947 11
      vertex 4.8 -8.31384387633061 11
    endloop
  endfacet
  facet normal 0.9659258262890682 -0.258819045102521 0
    outer loop
      vertex 5.1000000000000005 -7.794228634059948 0
      vertex 5.1000000000000005 -7.794228634059948 11
      vertex 5.019615242270664 -8.094228634059947 11
    endloop
  endfacet
  facet normal 0.9659258262890679 0.2588190451025223 0
    outer loop
      vertex 5.019615242270663 -7.494228634059947 0
      vertex 5.019615242270663 -7.494228634059947 11
      vertex 5.1000000000000005 -7.794228634059948 11
    endloop
  endfacet
  facet normal 0.7071067811865476 0.7071067811865476 0
    outer loop
      vertex 5.019615242270663 -7.494228634059947 0
      vertex 4.9902610474441635 -7.464874439233448 11
      vertex 5.019615242270663 -7.494228634059947 11
    endloop
  endfacet
  facet normal 0 0 1
    outer loop
      vertex 5.019615242270664 -8.094228634059947 11
      vertex 5.1000000000000005 -7.794228634059948 11
      vertex 5.019615242270663 -7.494228634059947 11
    endloop
  endfacet
  facet normal 0 0 -1
    outer loop
      vertex 5.939696961967 -6.788225099390857 0
      vertex 5.9157583794719795 -6.746762258248302 0
      vertex 5.939696961967 -6.726316777301931 0
    endloop
  endfacet
  facet normal 0 0 -1
    outer loop
      vertex 5.939696961967 -6.788225099390857 0
      vertex 5.939696961967 -6.726316777301931 0
      vertex 6.3639610306789285 -6.3639610306789285 0
    endloop
  endfacet
  facet normal 0 0 -1
    outer loop
      vertex 5.939696961967 -6.788225099390857 0
      vertex 6.3639610306789285 -6.3639610306789285 0
      vertex 6.208669603617417 -6.9435165264523695 0
    endloop
  endfacet
  facet normal 0 0 -1
    outer loop
      vertex 6.208669603617417 -6.9435165264523695 0
      vertex 6.3639610306789285 -6.3639610306789285 0
      vertex 6.519252457740442 -6.9435165264523695 0
    endloop
  endfacet
  facet normal 0 0 -1
    outer loop
      vertex 6.519252457740442 -6.9435165264523695 0
      vertex 6.3639610306789285 -6.3639610306789285 0
      vertex 6.746762258248302 -5.9157583794719795 0
    endloop
  endfacet
  facet normal 0 0 -1
    outer loop
      vertex 6.519252457740442 -6.9435165264523695 0
      vertex 6.788225099390857 -5.939696961967 0
      vertex 6.788225099390856 -6.788225099390856 0
    endloop
  endfacet
  facet normal 0 0 -1
    outer loop
      vertex 6.788225099390856 -6.788225099390856 0
      vertex 6.9435165264523695 -6.208669603617417 0
      vertex 6.9435165264523695 -6.519252457740442 0
    endloop
  endfacet
  facet normal 0 0 -1
    outer loop
      vertex 6.788225099390856 -6.788225099390856 0
      vertex 6.788225099390857 -5.939696961967 0
      vertex 6.9435165264523695 -6.208669603617417 0
    endloop
  endfacet
  facet normal 0 0 -1
    outer loop
      vertex 6.519252457740442 -6.9435165264523695 0
      vertex 6.746762258248302 -5.9157583794719795 0
      vertex 6.788225099390857 -5.939696961967 0
    endloop
  endfacet
  facet normal -0.8660254037844409 -0.4999999999999958 -4.709812874704738e-20
    outer loop
      vertex 5.939696961967 -6.788225099390857 0
      vertex 5.9157583794719795 -6.746762258248302 11
      vertex 5.9157583794719795 -6.746762258248302 0
    endloop
  endfacet
  facet normal -0.4999999999999986 -0.8660254037844394 -1.6580026459612685e-19
    outer loop
      vertex 5.939696961967 -6.788225099390857 0
      vertex 6.208669603617417 -6.9435165264523695 0
      vertex 6.208669603617417 -6.9435165264523695 11
    endloop
  endfacet
  facet normal 0 -1 0
    outer loop
      vertex 6.208669603617417 -6.9435165264523695 0
      vertex 6.519252457740442 -6.9435165264523695 0
      vertex 6.519252457740442 -6.9435165264523695 11
    endloop
  endfacet
  facet normal 0.5000000000000044 -0.866025403784436 -2.473348285662696e-19
    outer loop
      vertex 6.519252457740442 -6.9435165264523695 0
      vertex 6.788225099390856 -6.788225099390856 0
      vertex 6.788225099390856 -6.788225099390856 11
    endloop
  endfacet
  facet normal 0.866025403784436 -0.5000000000000044 0
    outer loop
      vertex 6.788225099390856 -6.788225099390856 0
      vertex 6.9435165264523695 -6.519252457740442 0
      vertex 6.788225099390856 -6.788225099390856 11
    endloop
  endfacet
  facet normal 0.8660254037844394 0.4999999999999986 0
    outer loop
      vertex 6.9435165264523695 -6.208669603617417 0
      vertex 6.788225099390857 -5.939696961967 0
      vertex 6.9435165264523695 -6.208669603617417 11
    endloop
  endfacet
  facet normal 1 0 0
    outer loop
      vertex 6.9435165264523695 -6.519252457740442 0
      vertex 6.9435165264523695 -6.208669603617417 0
      vertex 6.9435165264523695 -6.519252457740442 11
    endloop
  endfacet
  facet normal 0.4999999999999958 0.8660254037844409 0
    outer loop
      vertex 6.746762258248302 -5.9157583794719795 0
      vertex 6.746762258248302 -5.9157583794719795 11
      vertex 6.788225099390857 -5.939696961967 0
    endloop
  endfacet
  facet normal -0.8660254037844409 -0.4999999999999958 0
    outer loop
      vertex 5.939696961967 -6.788225099390857 0
      vertex 5.939696961967 -6.788225099390857 11
      vertex 5.9157583794719795 -6.746762258248302 11
    endloop
  endfacet
  facet normal -0.4999999999999986 -0.8660254037844394 0
    outer loop
      vertex 5.939696961967 -6.788225099390857 0
      vertex 6.208669603617417 -6.9435165264523695 11
      vertex 5.939696961967 -6.788225099390857 11
    endloop
  endfacet
  facet normal 0 -1 0
    outer loop
      vertex 6.208669603617417 -6.9435165264523695 0
      vertex 6.519252457740442 -6.9435165264523695 11
      vertex 6.208669603617417 -6.9435165264523695 11
    endloop
  endfacet
  facet normal 0.5000000000000044 -0.866025403784436 0
    outer loop
      vertex 6.519252457740442 -6.9435165264523695 0
      vertex 6.788225099390856 -6.788225099390856 11
      vertex 6.519252457740442 -6.9435165264523695 11
    endloop
  endfacet
  facet normal 0.866025403784436 -0.5000000000000044 0
    outer loop
      vertex 6.9435165264523695 -6.519252457740442 0
      vertex 6.9435165264523695 -6.519252457740442 11
      vertex 6.788225099390856 -6.788225099390856 11
    endloop
  endfacet
  facet normal 0.8660254037844394 0.4999999999999986 0
    outer loop
      vertex 6.788225099390857 -5.939696961967 0
      vertex 6.788225099390857 -5.939696961967 11
      vertex 6.9435165264523695 -6.208669603617417 11
    endloop
  endfacet
  facet normal 1 0 0
    outer loop
      vertex 6.9435165264523695 -6.208669603617417 0
      vertex 6.9435165264523695 -6.208669603617417 11
      vertex 6.9435165264523695 -6.519252457740442 11
    endloop
  endfacet
  facet normal 0.4999999999999958 0.8660254037844409 0
    outer loop
      vertex 6.788225099390857 -5.939696961967 0
      vertex 6.746762258248302 -5.9157583794719795 11
      vertex 6.788225099390857 -5.939696961967 11
    endloop
  endfacet
  facet normal 0 0 1
    outer loop
      vertex 5.939696961967 -6.788225099390857 11
      vertex 6.208669603617417 -6.9435165264523695 11
      vertex 5.9157583794719795 -6.746762258248302 11
    endloop
  endfacet
  facet normal 0 0 1
    outer loop
      vertex 5.9157583794719795 -6.746762258248302 11
      vertex 6.208669603617417 -6.9435165264523695 11
      vertex 6.519252457740442 -6.9435165264523695 11
    endloop
  endfacet
  facet normal 0 0 1
    outer loop
      vertex 5.9157583794719795 -6.746762258248302 11
      vertex 6.519252457740442 -6.9435165264523695 11
      vertex 6.3639610306789285 -6.3639610306789285 11
    endloop
  endfacet
  facet normal 0 0 1
    outer loop
      vertex 6.519252457740442 -6.9435165264523695 11
      vertex 6.788225099390856 -6.788225099390856 11
      vertex 6.3639610306789285 -6.3639610306789285 11
    endloop
  endfacet
  facet normal 0 0 1
    outer loop
      vertex 6.3639610306789285 -6.3639610306789285 11
      vertex 6.788225099390856 -6.788225099390856 11
      vertex 6.788225099390857 -5.939696961967 11
    endloop
  endfacet
  facet normal 0 0 1
    outer loop
      vertex 6.788225099390856 -6.788225099390856 11
      vertex 6.9435165264523695 -6.519252457740442 11
      vertex 6.788225099390857 -5.939696961967 11
    endloop
  endfacet
  facet normal 0 0 1
    outer loop
      vertex 6.3639610306789285 -6.3639610306789285 11
      vertex 6.788225099390857 -5.939696961967 11
      vertex 6.746762258248302 -5.9157583794719795 11
    endloop
  endfacet
  facet normal 0 0 1
    outer loop
      vertex 6.9435165264523695 -6.519252457740442 11
      vertex 6.9435165264523695 -6.208669603617417 11
      vertex 6.788225099390857 -5.939696961967 11
    endloop
  endfacet
  facet normal 0 0 -1
    outer loop
      vertex 7.464874439233448 -4.9902610474441635 0
      vertex 7.494228634059947 -4.942359355092234 0
      vertex 7.494228634059947 -5.019615242270663 0
    endloop
  endfacet
  facet normal 0 0 -1
    outer loop
      vertex 7.494228634059947 -5.019615242270663 0
      vertex 7.494228634059947 -4.942359355092234 0
      vertex 7.794228634059947 -4.452803848953596 0
    endloop
  endfacet
  facet normal 0 0 -1
    outer loop
      vertex 7.494228634059947 -5.019615242270663 0
      vertex 7.794228634059947 -4.452803848953596 0
      vertex 7.794228634059948 -5.1000000000000005 0
    endloop
  endfacet
  facet normal -0.7071067811865476 -0.7071067811865476 -1.0241735153225212e-19
    outer loop
      vertex 7.464874439233448 -4.9902610474441635 0
      vertex 7.494228634059947 -5.019615242270663 0
      vertex 7.494228634059947 -5.019615242270663 11
    endloop
  endfacet
  facet normal -0.2588190451025223 -0.9659258262890679 1.3933150224855748e-19
    outer loop
      vertex 7.494228634059947 -5.019615242270663 0
      vertex 7.794228634059948 -5.1000000000000005 0
      vertex 7.794228634059948 -5.1000000000000005 11
    endloop
  endfacet
  facet normal 0.258819045102521 -0.9659258262890682 -9.565987515705772e-20
    outer loop
      vertex 7.794228634059948 -5.1000000000000005 0
      vertex 8.094228634059947 -5.019615242270664 0
      vertex 8.094228634059947 -5.019615242270664 11
    endloop
  endfacet
  facet normal 0.7071067811865489 -0.707106781186546 0
    outer loop
      vertex 8.094228634059947 -5.019615242270664 0
      vertex 8.31384387633061 -4.8 0
      vertex 8.094228634059947 -5.019615242270664 11
    endloop
  endfacet
  facet normal 0 0 -1
    outer loop
      vertex 7.794228634059948 -5.1000000000000005 0
      vertex 7.794228634059947 -4.452803848953596 0
      vertex 8.094228634059947 -3.980384757729337 0
    endloop
  endfacet
  facet normal 0 0 -1
    outer loop
      vertex 7.794228634059948 -5.1000000000000005 0
      vertex 8.094228634059947 -3.980384757729337 0
      vertex 8.094228634059947 -5.019615242270664 0
    endloop
  endfacet
  facet normal 0 0 -1
    outer loop
      vertex 8.094228634059947 -5.019615242270664 0
      vertex 8.313843876330612 -4.2 0
      vertex 8.31384387633061 -4.8 0
    endloop
  endfacet
  facet normal 0 0 -1
    outer loop
      vertex 8.094228634059947 -5.019615242270664 0
      vertex 8.094228634059947 -3.980384757729337 0
      vertex 8.313843876330612 -4.2 0
    endloop
  endfacet
  facet normal 0 0 -1
    outer loop
      vertex 8.31384387633061 -4.8 0
      vertex 8.313843876330612 -4.2 0
      vertex 8.394228634059948 -4.5 0
    endloop
  endfacet
  facet normal 0 0 -1
    outer loop
      vertex 7.794228634059947 -4.452803848953596 0
      vertex 8.01905871769531 -3.9602430393443173 0
      vertex 8.065913241376435 -3.9727976711264197 0
    endloop
  endfacet
  facet normal 0 0 -1
    outer loop
      vertex 7.794228634059947 -4.452803848953596 0
      vertex 8.065913241376435 -3.9727976711264197 0
      vertex 8.094228634059947 -3.980384757729337 0
    endloop
  endfacet
  facet normal 0.9659258262890676 -0.258819045102523 0
    outer loop
      vertex 8.31384387633061 -4.8 0
      vertex 8.394228634059948 -4.5 0
      vertex 8.31384387633061 -4.8 11
    endloop
  endfacet
  facet normal 0.9659258262890692 0.2588190451025177 0
    outer loop
      vertex 8.394228634059948 -4.5 0
      vertex 8.313843876330612 -4.2 0
      vertex 8.394228634059948 -4.5 11
    endloop
  endfacet
  facet normal 0.25881904510252857 0.9659258262890662 -3.212371629089721e-20
    outer loop
      vertex 8.094228634059947 -3.980384757729337 0
      vertex 8.065913241376435 -3.9727976711264197 0
      vertex 8.065913241376435 -3.9727976711264197 11
    endloop
  endfacet
  facet normal 0.7071067811865447 0.7071067811865505 -6.575448210940792e-19
    outer loop
      vertex 8.094228634059947 -3.980384757729337 0
      vertex 8.313843876330612 -4.2 11
      vertex 8.313843876330612 -4.2 0
    endloop
  endfacet
  facet normal -0.7071067811865476 -0.7071067811865476 0
    outer loop
      vertex 7.464874439233448 -4.9902610474441635 0
      vertex 7.494228634059947 -5.019615242270663 11
      vertex 7.464874439233448 -4.9902610474441635 11
    endloop
  endfacet
  facet normal -0.2588190451025223 -0.9659258262890679 0
    outer loop
      vertex 7.494228634059947 -5.019615242270663 0
      vertex 7.794228634059948 -5.1000000000000005 11
      vertex 7.494228634059947 -5.019615242270663 11
    endloop
  endfacet
  facet normal 0.258819045102521 -0.9659258262890682 0
    outer loop
      vertex 7.794228634059948 -5.1000000000000005 0
      vertex 8.094228634059947 -5.019615242270664 11
      vertex 7.794228634059948 -5.1000000000000005 11
    endloop
  endfacet
  facet normal 0.7071067811865489 -0.707106781186546 0
    outer loop
      vertex 8.31384387633061 -4.8 0
      vertex 8.31384387633061 -4.8 11
      vertex 8.094228634059947 -5.019615242270664 11
    endloop
  endfacet
  facet normal 0 0 1
    outer loop
      vertex 7.464874439233448 -4.9902610474441635 11
      vertex 7.494228634059947 -5.019615242270663 11
      vertex 7.794228634059948 -5.1000000000000005 11
    endloop
  endfacet
  facet normal 0 0 1
    outer loop
      vertex 7.464874439233448 -4.9902610474441635 11
      vertex 7.794228634059948 -5.1000000000000005 11
      vertex 8.094228634059947 -5.019615242270664 11
    endloop
  endfacet
  facet normal 0.9659258262890676 -0.258819045102523 0
    outer loop
      vertex 8.394228634059948 -4.5 0
      vertex 8.394228634059948 -4.5 11
      vertex 8.31384387633061 -4.8 11
    endloop
  endfacet
  facet normal 0.9659258262890692 0.2588190451025177 0
    outer loop
      vertex 8.313843876330612 -4.2 0
      vertex 8.313843876330612 -4.2 11
      vertex 8.394228634059948 -4.5 11
    endloop
  endfacet
  facet normal 0.25881904510252857 0.9659258262890662 0
    outer loop
      vertex 8.094228634059947 -3.980384757729337 0
      vertex 8.065913241376435 -3.9727976711264197 11
      vertex 8.094228634059947 -3.980384757729337 11
    endloop
  endfacet
  facet normal 0.7071067811865447 0.7071067811865505 0
    outer loop
      vertex 8.094228634059947 -3.980384757729337 0
      vertex 8.094228634059947 -3.980384757729337 11
      vertex 8.313843876330612 -4.2 11
    endloop
  endfacet
  facet normal 0 0 1
    outer loop
      vertex 7.464874439233448 -4.9902610474441635 11
      vertex 8.094228634059947 -5.019615242270664 11
      vertex 8.01905871769531 -4.085914497655922 11
    endloop
  endfacet
  facet normal 0 0 1
    outer loop
      vertex 8.094228634059947 -5.019615242270664 11
      vertex 8.094228634059947 -3.980384757729337 11
      vertex 8.01905871769531 -4.085914497655922 11
    endloop
  endfacet
  facet normal 0 0 1
    outer loop
      vertex 8.094228634059947 -5.019615242270664 11
      vertex 8.31384387633061 -4.8 11
      vertex 8.094228634059947 -3.980384757729337 11
    endloop
  endfacet
  facet normal 0 0 1
    outer loop
      vertex 8.31384387633061 -4.8 11
      vertex 8.313843876330612 -4.2 11
      vertex 8.094228634059947 -3.980384757729337 11
    endloop
  endfacet
  facet normal 0 0 1
    outer loop
      vertex 8.31384387633061 -4.8 11
      vertex 8.394228634059948 -4.5 11
      vertex 8.313843876330612 -4.2 11
    endloop
  endfacet
  facet normal 0 0 1
    outer loop
      vertex 8.01905871769531 -4.085914497655922 11
      vertex 8.094228634059947 -3.980384757729337 11
      vertex 8.065913241376435 -3.9727976711264197 11
    endloop
  endfacet
  facet normal 0 0 -1
    outer loop
      vertex 8.512654122975258 -2.8942697759040272 0
      vertex 8.538041009540104 -2.8329804100527483 0
      vertex 8.538041009540104 -2.9089269016961277 0
    endloop
  endfacet
  facet normal 0 0 -1
    outer loop
      vertex 8.538041009540104 -2.9089269016961277 0
      vertex 8.538041009540104 -2.8329804100527483 0
      vertex 8.848623863663127 -1.7498159101492456 0
    endloop
  endfacet
  facet normal 0 0 -1
    outer loop
      vertex 8.538041009540104 -2.9089269016961277 0
      vertex 8.848623863663127 -1.7498159101492456 0
      vertex 8.848623863663128 -2.9089269016961277 0
    endloop
  endfacet
  facet normal 0 0 -1
    outer loop
      vertex 8.848623863663128 -2.9089269016961277 0
      vertex 9.117596505313543 -1.905107337210758 0
      vertex 9.117596505313543 -2.753635474634615 0
    endloop
  endfacet
  facet normal 0 0 -1
    outer loop
      vertex 9.117596505313543 -2.753635474634615 0
      vertex 9.272887932375056 -2.174079978861174 0
      vertex 9.272887932375056 -2.484662832984199 0
    endloop
  endfacet
  facet normal 0 0 -1
    outer loop
      vertex 8.538041009540104 -2.8329804100527483 0
      vertex 8.559508646656381 -1.7498159101492456 0
      vertex 8.807110763226948 -1.7498159101492456 0
    endloop
  endfacet
  facet normal 0 0 -1
    outer loop
      vertex 8.538041009540104 -2.8329804100527483 0
      vertex 8.807110763226948 -1.7498159101492456 0
      vertex 8.848623863663127 -1.7498159101492456 0
    endloop
  endfacet
  facet normal 0 0 -1
    outer loop
      vertex 8.848623863663128 -2.9089269016961277 0
      vertex 8.848623863663127 -1.7498159101492456 0
      vertex 9.117596505313543 -1.905107337210758 0
    endloop
  endfacet
  facet normal 0 0 -1
    outer loop
      vertex 9.117596505313543 -2.753635474634615 0
      vertex 9.117596505313543 -1.905107337210758 0
      vertex 9.272887932375056 -2.174079978861174 0
    endloop
  endfacet
  facet normal -0.5000000000000074 -0.8660254037844343 2.2493644704799328e-20
    outer loop
      vertex 8.512654122975258 -2.8942697759040272 0
      vertex 8.538041009540104 -2.9089269016961277 0
      vertex 8.538041009540104 -2.9089269016961277 11
    endloop
  endfacet
  facet normal 0 -1 0
    outer loop
      vertex 8.538041009540104 -2.9089269016961277 0
      vertex 8.848623863663128 -2.9089269016961277 0
      vertex 8.848623863663128 -2.9089269016961277 11
    endloop
  endfacet
  facet normal 0.5000000000000023 -0.8660254037844373 9.13412626647581e-19
    outer loop
      vertex 8.848623863663128 -2.9089269016961277 0
      vertex 9.117596505313543 -2.753635474634615 0
      vertex 9.117596505313543 -2.753635474634615 11
    endloop
  endfacet
  facet normal 0.8660254037844376 -0.5000000000000021 0
    outer loop
      vertex 9.117596505313543 -2.753635474634615 0
      vertex 9.272887932375056 -2.484662832984199 0
      vertex 9.117596505313543 -2.753635474634615 11
    endloop
  endfacet
  facet normal 0.4999999999999999 0.8660254037844387 0
    outer loop
      vertex 8.848623863663127 -1.7498159101492456 0
      vertex 8.848623863663127 -1.7498159101492456 11
      vertex 9.117596505313543 -1.905107337210758 0
    endloop
  endfacet
  facet normal 0 1 0
    outer loop
      vertex 8.807110763226948 -1.7498159101492456 0
      vertex 8.807110763226948 -1.7498159101492456 11
      vertex 8.848623863663127 -1.7498159101492456 0
    endloop
  endfacet
  facet normal 1 0 0
    outer loop
      vertex 9.272887932375056 -2.484662832984199 0
      vertex 9.272887932375056 -2.174079978861174 0
      vertex 9.272887932375056 -2.484662832984199 11
    endloop
  endfacet
  facet normal 0.8660254037844376 0.5000000000000021 0
    outer loop
      vertex 9.272887932375056 -2.174079978861174 0
      vertex 9.117596505313543 -1.905107337210758 0
      vertex 9.272887932375056 -2.174079978861174 11
    endloop
  endfacet
  facet normal -0.5000000000000189 -0.8660254037844277 3.4962957934246256e-17
    outer loop
      vertex 8.512654122975258 -2.8942697759040272 0
      vertex 8.538041009540104 -2.9089269016961277 11
      vertex 8.512654122975258 -2.894269775904027 10.999999999999973
    endloop
  endfacet
  facet normal 0 -1 0
    outer loop
      vertex 8.538041009540104 -2.9089269016961277 0
      vertex 8.848623863663128 -2.9089269016961277 11
      vertex 8.538041009540104 -2.9089269016961277 11
    endloop
  endfacet
  facet normal 0.5000000000000023 -0.8660254037844373 0
    outer loop
      vertex 8.848623863663128 -2.9089269016961277 0
      vertex 9.117596505313543 -2.753635474634615 11
      vertex 8.848623863663128 -2.9089269016961277 11
    endloop
  endfacet
  facet normal 0.8660254037844376 -0.5000000000000021 0
    outer loop
      vertex 9.272887932375056 -2.484662832984199 0
      vertex 9.272887932375056 -2.484662832984199 11
      vertex 9.117596505313543 -2.753635474634615 11
    endloop
  endfacet
  facet normal 0 1 0
    outer loop
      vertex 8.848623863663127 -1.7498159101492456 0
      vertex 8.807110763226948 -1.7498159101492456 11
      vertex 8.848623863663127 -1.7498159101492456 11
    endloop
  endfacet
  facet normal 1 0 0
    outer loop
      vertex 9.272887932375056 -2.174079978861174 0
      vertex 9.272887932375056 -2.174079978861174 11
      vertex 9.272887932375056 -2.484662832984199 11
    endloop
  endfacet
  facet normal 0.4999999999999999 0.8660254037844387 0
    outer loop
      vertex 9.117596505313543 -1.905107337210758 0
      vertex 8.848623863663127 -1.7498159101492456 11
      vertex 9.117596505313543 -1.905107337210758 11
    endloop
  endfacet
  facet normal 0.8660254037844376 0.5000000000000021 0
    outer loop
      vertex 9.117596505313543 -1.905107337210758 0
      vertex 9.117596505313543 -1.905107337210758 11
      vertex 9.272887932375056 -2.174079978861174 11
    endloop
  endfacet
  facet normal 0 1.8179111627303942e-12 1
    outer loop
      vertex 8.512654122975258 -2.894269775904027 10.999999999999973
      vertex 8.538041009540104 -2.9089269016961277 11
      vertex 8.848623863663128 -2.9089269016961277 11
    endloop
  endfacet
  facet normal -8.799510633993801e-14 -1.9910728127881566e-13 1
    outer loop
      vertex 8.512654122975258 -2.894269775904027 10.999999999999973
      vertex 8.848623863663128 -2.9089269016961277 11
      vertex 8.559508646656381 -2.7811529493745266 11
    endloop
  endfacet
  facet normal 0 0 1
    outer loop
      vertex 8.559508646656381 -2.7811529493745266 11
      vertex 8.848623863663128 -2.9089269016961277 11
      vertex 8.848623863663127 -1.7498159101492456 11
    endloop
  endfacet
  facet normal 0 0 1
    outer loop
      vertex 8.848623863663128 -2.9089269016961277 11
      vertex 9.117596505313543 -2.753635474634615 11
      vertex 8.848623863663127 -1.7498159101492456 11
    endloop
  endfacet
  facet normal 0 0 1
    outer loop
      vertex 8.559508646656381 -2.7811529493745266 11
      vertex 8.848623863663127 -1.7498159101492456 11
      vertex 8.807110763226948 -1.7498159101492456 11
    endloop
  endfacet
  facet normal 0 0 1
    outer loop
      vertex 9.117596505313543 -2.753635474634615 11
      vertex 9.117596505313543 -1.905107337210758 11
      vertex 8.848623863663127 -1.7498159101492456 11
    endloop
  endfacet
  facet normal 0 0 1
    outer loop
      vertex 9.117596505313543 -2.753635474634615 11
      vertex 9.272887932375056 -2.484662832984199 11
      vertex 9.117596505313543 -1.905107337210758 11
    endloop
  endfacet
  facet normal 0 0 1
    outer loop
      vertex 9.272887932375056 -2.484662832984199 11
      vertex 9.272887932375056 -2.174079978861174 11
      vertex 9.117596505313543 -1.905107337210758 11
    endloop
  endfacet
  facet normal -0.8526401643540924 -0.5224985647159486 8.76647819498161e-19
    outer loop
      vertex -7.281152949374527 -5.2900672706322585 0
      vertex -7.464874439233448 -4.9902610474441635 11
      vertex -7.464874439233448 -4.9902610474441635 0
    endloop
  endfacet
  facet normal -0.5224985647159486 -0.8526401643540924 0
    outer loop
      vertex -5.2900672706322585 -7.281152949374527 0
      vertex -4.9902610474441635 -7.464874439233448 0
      vertex -5.2900672706322585 -7.281152949374527 11
    endloop
  endfacet
  facet normal -0.7604059656000313 -0.6494480483301832 0
    outer loop
      vertex -7.281152949374527 -5.2900672706322585 0
      vertex -6.746762258248302 -5.9157583794719795 0
      vertex -7.281152949374527 -5.2900672706322585 11
    endloop
  endfacet
  facet normal -0.6494480483301832 -0.7604059656000313 -7.133380583906295e-19
    outer loop
      vertex -5.2900672706322585 -7.281152949374527 0
      vertex -5.9157583794719795 -6.746762258248302 10.999999999999998
      vertex -5.9157583794719795 -6.746762258248302 0
    endloop
  endfacet
  facet normal 0 0 -1
    outer loop
      vertex -8.512654122975258 -2.8942697759040272 0
      vertex -8.008955093608344 -3.9575357814295873 0
      vertex -8.065913241376435 -3.9727976711264197 0
    endloop
  endfacet
  facet normal 0 0 -1
    outer loop
      vertex -8.679956475005266 -2.2794516376450273 0
      vertex -8.807110763226948 -1.7498159101492456 0
      vertex -8.559508646656381 -1.8299342225856567 0
    endloop
  endfacet
  facet normal 0 0 -1
    outer loop
      vertex -8.559508646656381 -1.8299342225856567 0
      vertex -8.807110763226948 -1.7498159101492456 0
      vertex -8.88919506535624 -1.407910185362078 0
    endloop
  endfacet
  facet normal 0 0 -1
    outer loop
      vertex -8.538041009540102 -2.5083807569731866 0
      vertex -8.559508646656381 -1.8299342225856567 0
      vertex -8.559508646656381 1.7498159101492456 0
    endloop
  endfacet
  facet normal 0 0 -1
    outer loop
      vertex -8.953754209846617 -0.5876084778750619 0
      vertex -8.963499776578887 -0.4637793117047896 0
      vertex -8.953754209846617 0.5876084778750619 0
    endloop
  endfacet
  facet normal 0 0 -1
    outer loop
      vertex -8.88919506535624 -1.407910185362078 0
      vertex -8.953754209846617 -0.5876084778750619 0
      vertex -8.88919506535624 1.407910185362078 0
    endloop
  endfacet
  facet normal 0 0 -1
    outer loop
      vertex -8.559508646656381 -1.8299342225856567 0
      vertex -8.88919506535624 -1.407910185362078 0
      vertex -8.559508646656381 1.7498159101492456 0
    endloop
  endfacet
  facet normal 0 0 -1
    outer loop
      vertex -7.464874439233448 -4.9902610474441635 0
      vertex -7.897288644845015 -4.284625196478472 0
      vertex -7.281152949374527 5.2900672706322585 0
    endloop
  endfacet
  facet normal 0 0 -1
    outer loop
      vertex -7.281152949374527 -5.2900672706322585 0
      vertex -7.464874439233448 -4.9902610474441635 0
      vertex -7.281152949374527 5.2900672706322585 0
    endloop
  endfacet
  facet normal 0 0 -1
    outer loop
      vertex -8.512654122975258 -2.8942697759040272 0
      vertex -8.01905871769531 3.9602430393443173 0
      vertex -8.008955093608344 -3.9575357814295873 0
    endloop
  endfacet
  facet normal 0 0 -1
    outer loop
      vertex -8.512654122975258 -2.8942697759040272 0
      vertex -8.538041009540104 -2.8329804100527483 0
      vertex -8.01905871769531 3.9602430393443173 0
    endloop
  endfacet
  facet normal 0 0 -1
    outer loop
      vertex -8.538041009540104 -2.8329804100527483 0
      vertex -8.538041009540102 -2.5083807569731866 0
      vertex -8.01905871769531 3.9602430393443173 0
    endloop
  endfacet
  facet normal 0 0 -1
    outer loop
      vertex -7.897288644845015 -4.284625196478472 0
      vertex -8.008955093608344 -3.9575357814295873 0
      vertex -7.281152949374527 5.2900672706322585 0
    endloop
  endfacet
  facet normal 0 0 -1
    outer loop
      vertex -7.281152949374527 -5.2900672706322585 0
      vertex -6.3639610306789285 5.7844055349054875 0
      vertex -6.746762258248302 -5.9157583794719795 0
    endloop
  endfacet
  facet normal 0 0 -1
    outer loop
      vertex -6.600374358138924 -6.087156588799171 0
      vertex -6.3639610306789285 5.7844055349054875 0
      vertex -6.3639610306789285 -6.3639610306789285 0
    endloop
  endfacet
  facet normal 0 0 -1
    outer loop
      vertex -6.600374358138924 -6.087156588799171 0
      vertex -6.746762258248302 -5.9157583794719795 0
      vertex -6.3639610306789285 5.7844055349054875 0
    endloop
  endfacet
  facet normal 0 0 -1
    outer loop
      vertex -6.3639610306789285 -6.3639610306789285 0
      vertex -5.2900672706322585 7.281152949374527 0
      vertex -5.9157583794719795 -6.746762258248302 0
    endloop
  endfacet
  facet normal 0 0 -1
    outer loop
      vertex -5.2900672706322585 -7.281152949374527 0
      vertex -5.9157583794719795 -6.746762258248302 0
      vertex -5.2900672706322585 7.281152949374527 0
    endloop
  endfacet
  facet normal 0 0 -1
    outer loop
      vertex -5.2900672706322585 -7.281152949374527 0
      vertex -4.121424523145357 7.567861063639765 0
      vertex -4.9902610474441635 -7.464874439233448 0
    endloop
  endfacet
  facet normal -0.923879532511287 -0.3826834323650891 0
    outer loop
      vertex -8.512654122975258 -2.8942697759040272 0
      vertex -8.065913241376435 -3.9727976711264197 0
      vertex -8.512654122975258 -2.8942697759040272 10.999999999999998
    endloop
  endfacet
  facet normal -0.9723699203976757 -0.23344536385590917 -4.087024101723397e-20
    outer loop
      vertex -8.807110763226948 -1.7498159101492456 0
      vertex -8.88919506535624 -1.407910185362078 11
      vertex -8.88919506535624 -1.407910185362078 0
    endloop
  endfacet
  facet normal -0.9969173337331281 -0.07845909572784385 -1.117192662780597e-18
    outer loop
      vertex -8.88919506535624 -1.407910185362078 0
      vertex -8.953754209846617 -0.587608477875062 11
      vertex -8.953754209846617 -0.5876084778750619 0
    endloop
  endfacet
  facet normal 0 0 -1
    outer loop
      vertex -2.8942697759040272 -8.512654122975258 0
      vertex -2.760232463005009 -8.293688663664936 0
      vertex -2.826433145761034 -8.540752975206173 0
    endloop
  endfacet
  facet normal 0 0 -1
    outer loop
      vertex -3.9727976711264197 -8.065913241376435 0
      vertex -2.760232463005009 -8.293688663664936 0
      vertex -2.8942697759040272 -8.512654122975258 0
    endloop
  endfacet
  facet normal 0 0 -1
    outer loop
      vertex -3.980384757729337 -8.062770567206607 0
      vertex -3.32196115670928 -1.0793706099354934 0
      vertex -3.9727976711264197 -8.065913241376435 0
    endloop
  endfacet
  facet normal 0 0 -1
    outer loop
      vertex -4.071318388255315 -7.833597563299594 0
      vertex -3.32196115670928 -1.0793706099354934 0
      vertex -3.980384757729337 -8.062770567206607 0
    endloop
  endfacet
  facet normal 0 0 -1
    outer loop
      vertex -3.9727976711264197 -8.065913241376435 0
      vertex -2.4698650611195117 -2.4698650611195117 0
      vertex -2.760232463005009 -8.293688663664936 0
    endloop
  endfacet
  facet normal 0 0 -1
    outer loop
      vertex -2.753635474634615 -8.566115007844957 0
      vertex -2.760232463005009 -8.293688663664936 0
      vertex -2.053084904153251 -2.825828943268827 0
    endloop
  endfacet
  facet normal 0 0 -1
    outer loop
      vertex -2.753635474634615 -8.566115007844957 0
      vertex -1.585750983048592 -3.1122115384462865 0
      vertex -1.7498159101492456 -8.807110763226948 0
    endloop
  endfacet
  facet normal 0 0 -1
    outer loop
      vertex -1.7498159101492456 -8.807110763226948 0
      vertex -1.0793706099354934 -3.32196115670928 0
      vertex -1.407910185362078 -8.88919506535624 0
    endloop
  endfacet
  facet normal 0 0 -1
    outer loop
      vertex -2.753635474634615 -8.566115007844957 0
      vertex -2.053084904153251 -2.825828943268827 0
      vertex -1.585750983048592 -3.1122115384462865 0
    endloop
  endfacet
  facet normal 0 0 -1
    outer loop
      vertex -1.7498159101492456 -8.807110763226948 0
      vertex -1.585750983048592 -3.1122115384462865 0
      vertex -1.0793706099354934 -3.32196115670928 0
    endloop
  endfacet
  facet normal 0 0 -1
    outer loop
      vertex -1.407910185362078 -8.88919506535624 0
      vertex -0.5464125501801064 -3.4499130663371 0
      vertex -0.5876084778750618 -8.953754209846617 0
    endloop
  endfacet
  facet normal 0 0 -1
    outer loop
      vertex -0.5876084778750618 -8.953754209846617 0
      vertex 0 -3.492916666666667 0
      vertex -0.5196152422706631 -8.959105393541211 0
    endloop
  endfacet
  facet normal 0 0 -1
    outer loop
      vertex -0.5196152422706631 -8.959105393541211 0
      vertex 0 -3.492916666666667 0
      vertex -0.1574492171123039 -8.987608477875062 0
    endloop
  endfacet
  facet normal 0 0 -1
    outer loop
      vertex -0.1574492171123039 -8.987608477875062 0
      vertex 0 -3.492916666666667 0
      vertex 0 -8.4 0
    endloop
  endfacet
  facet normal 0 0 -1
    outer loop
      vertex -1.407910185362078 -8.88919506535624 0
      vertex -1.0793706099354934 -3.32196115670928 0
      vertex -0.5464125501801064 -3.4499130663371 0
    endloop
  endfacet
  facet normal 0 0 -1
    outer loop
      vertex -0.5876084778750618 -8.953754209846617 0
      vertex -0.5464125501801064 -3.4499130663371 0
      vertex 0 -3.492916666666667 0
    endloop
  endfacet
  facet normal -0.38268343236508917 -0.9238795325112871 0
    outer loop
      vertex -3.9727976711264197 -8.065913241376435 0
      vertex -2.8942697759040272 -8.512654122975258 0
      vertex -3.9727976711264197 -8.065913241376435 11
    endloop
  endfacet
  facet normal -0.23344536385590917 -0.9723699203976757 0
    outer loop
      vertex -1.7498159101492456 -8.807110763226948 0
      vertex -1.407910185362078 -8.88919506535624 0
      vertex -1.7498159101492456 -8.807110763226948 11
    endloop
  endfacet
  facet normal -0.07845909572784383 -0.9969173337331281 0
    outer loop
      vertex -1.407910185362078 -8.88919506535624 0
      vertex -0.5876084778750618 -8.953754209846617 0
      vertex -1.407910185362078 -8.88919506535624 11
    endloop
  endfacet
  facet normal 0 0 -1
    outer loop
      vertex -4.870624545053125 -7.538187782188981 0
      vertex -4.9902610474441635 -7.464874439233448 0
      vertex -4.121424523145357 7.567861063639765 0
    endloop
  endfacet
  facet normal 0 0 -1
    outer loop
      vertex -4.870624545053125 -7.538187782188981 0
      vertex -4.121424523145357 7.567861063639765 0
      vertex -4.116062301242398 -8.00058411989683 0
    endloop
  endfacet
  facet normal 0 0 -1
    outer loop
      vertex -4.071318388255315 -7.833597563299594 0
      vertex -3.4499130663371 -0.5464125501801064 0
      vertex -3.32196115670928 -1.0793706099354934 0
    endloop
  endfacet
  facet normal 0 0 -1
    outer loop
      vertex -4.116062301242398 -8.00058411989683 0
      vertex -4.121424523145357 7.567861063639765 0
      vertex -4.071318388255315 -7.833597563299594 0
    endloop
  endfacet
  facet normal 0 0 -1
    outer loop
      vertex -4.071318388255315 -7.833597563299594 0
      vertex -3.492916666666667 0 0
      vertex -3.4499130663371 -0.5464125501801064 0
    endloop
  endfacet
  facet normal 0 0 -1
    outer loop
      vertex -3.9727976711264197 -8.065913241376435 0
      vertex -3.1122115384462865 -1.585750983048592 0
      vertex -2.825828943268827 -2.053084904153251 0
    endloop
  endfacet
  facet normal 0 0 -1
    outer loop
      vertex -3.9727976711264197 -8.065913241376435 0
      vertex -2.825828943268827 -2.053084904153251 0
      vertex -2.4698650611195117 -2.4698650611195117 0
    endloop
  endfacet
  facet normal 0 0 -1
    outer loop
      vertex -2.760232463005009 -8.293688663664936 0
      vertex -2.4698650611195117 -2.4698650611195117 0
      vertex -2.053084904153251 -2.825828943268827 0
    endloop
  endfacet
  facet normal 0 0 -1
    outer loop
      vertex -3.9727976711264197 -8.065913241376435 0
      vertex -3.32196115670928 -1.0793706099354934 0
      vertex -3.1122115384462865 -1.585750983048592 0
    endloop
  endfacet
  facet normal -0.8526401643540924 -0.5224985647159486 0
    outer loop
      vertex -7.281152949374527 -5.2900672706322585 0
      vertex -7.281152949374527 -5.2900672706322585 11
      vertex -7.464874439233448 -4.9902610474441635 11
    endloop
  endfacet
  facet normal -0.5224985647159486 -0.8526401643540924 0
    outer loop
      vertex -4.9902610474441635 -7.464874439233448 0
      vertex -4.9902610474441635 -7.464874439233448 11
      vertex -5.2900672706322585 -7.281152949374527 11
    endloop
  endfacet
  facet normal -0.7604059656000313 -0.6494480483301832 0
    outer loop
      vertex -6.746762258248302 -5.9157583794719795 0
      vertex -6.746762258248302 -5.9157583794719795 10.999999999999998
      vertex -7.281152949374527 -5.2900672706322585 11
    endloop
  endfacet
  facet normal -0.6494480483301832 -0.7604059656000313 0
    outer loop
      vertex -5.2900672706322585 -7.281152949374527 0
      vertex -5.2900672706322585 -7.281152949374527 11
      vertex -5.9157583794719795 -6.746762258248302 10.999999999999998
    endloop
  endfacet
  facet normal -0.923879532511287 -0.3826834323650891 0
    outer loop
      vertex -8.065913241376435 -3.9727976711264197 0
      vertex -8.065913241376435 -3.9727976711264197 10.99999999999998
      vertex -8.512654122975258 -2.8942697759040272 10.999999999999998
    endloop
  endfacet
  facet normal -0.9723699203976757 -0.23344536385590917 0
    outer loop
      vertex -8.807110763226948 -1.7498159101492456 0
      vertex -8.807110763226948 -1.7498159101492456 10.999999999999998
      vertex -8.88919506535624 -1.407910185362078 11
    endloop
  endfacet
  facet normal -0.996917333733128 -0.07845909572784385 0
    outer loop
      vertex -8.88919506535624 -1.407910185362078 0
      vertex -8.88919506535624 -1.407910185362078 11
      vertex -8.953754209846617 -0.587608477875062 11
    endloop
  endfacet
  facet normal -0.38268343236508917 -0.9238795325112871 0
    outer loop
      vertex -2.8942697759040272 -8.512654122975258 0
      vertex -2.8942697759040272 -8.512654122975258 11
      vertex -3.9727976711264197 -8.065913241376435 11
    endloop
  endfacet
  facet normal -0.23344536385590917 -0.9723699203976757 0
    outer loop
      vertex -1.407910185362078 -8.88919506535624 0
      vertex -1.407910185362078 -8.88919506535624 11
      vertex -1.7498159101492456 -8.807110763226948 11
    endloop
  endfacet
  facet normal -0.07845909572784383 -0.9969173337331281 0
    outer loop
      vertex -0.5876084778750618 -8.953754209846617 0
      vertex -0.5876084778750618 -8.953754209846617 11
      vertex -1.407910185362078 -8.88919506535624 11
    endloop
  endfacet
  facet normal 0 0 -1
    outer loop
      vertex -8.953754209846617 -0.5876084778750619 0
      vertex -8.953754209846617 0.5876084778750619 0
      vertex -8.88919506535624 1.407910185362078 0
    endloop
  endfacet
  facet normal 0 0 -1
    outer loop
      vertex -8.88919506535624 -1.407910185362078 0
      vertex -8.88919506535624 1.407910185362078 0
      vertex -8.807110763226948 1.7498159101492456 0
    endloop
  endfacet
  facet normal 0 0 -1
    outer loop
      vertex -8.88919506535624 -1.407910185362078 0
      vertex -8.807110763226948 1.7498159101492456 0
      vertex -8.559508646656381 1.7498159101492456 0
    endloop
  endfacet
  facet normal 0 0 -1
    outer loop
      vertex -8.538041009540102 -2.5083807569731866 0
      vertex -8.559508646656381 1.7498159101492456 0
      vertex -8.538041009540104 2.8329804100527483 0
    endloop
  endfacet
  facet normal 0 0 -1
    outer loop
      vertex -8.538041009540102 -2.5083807569731866 0
      vertex -8.538041009540104 2.8329804100527483 0
      vertex -8.512654122975258 2.8942697759040272 0
    endloop
  endfacet
  facet normal 0 0 -1
    outer loop
      vertex -8.538041009540102 -2.5083807569731866 0
      vertex -8.512654122975258 2.8942697759040272 0
      vertex -8.065913241376435 3.9727976711264197 0
    endloop
  endfacet
  facet normal 0 0 -1
    outer loop
      vertex -8.008955093608344 -3.9575357814295873 0
      vertex -8.01905871769531 3.9602430393443173 0
      vertex -7.794228634059947 4.452803848953596 0
    endloop
  endfacet
  facet normal 0 0 -1
    outer loop
      vertex -8.538041009540102 -2.5083807569731866 0
      vertex -8.065913241376435 3.9727976711264197 0
      vertex -8.01905871769531 3.9602430393443173 0
    endloop
  endfacet
  facet normal 0 0 -1
    outer loop
      vertex -8.008955093608344 -3.9575357814295873 0
      vertex -7.794228634059947 4.452803848953596 0
      vertex -7.464874439233448 4.9902610474441635 0
    endloop
  endfacet
  facet normal 0 0 -1
    outer loop
      vertex -8.008955093608344 -3.9575357814295873 0
      vertex -7.464874439233448 4.9902610474441635 0
      vertex -7.281152949374527 5.2900672706322585 0
    endloop
  endfacet
  facet normal 0 0 -1
    outer loop
      vertex -7.281152949374527 -5.2900672706322585 0
      vertex -7.281152949374527 5.2900672706322585 0
      vertex -6.746762258248302 5.9157583794719795 0
    endloop
  endfacet
  facet normal 0 0 -1
    outer loop
      vertex -7.281152949374527 -5.2900672706322585 0
      vertex -6.409573037395886 5.7844055349054875 0
      vertex -6.3639610306789285 5.7844055349054875 0
    endloop
  endfacet
  facet normal 0 0 -1
    outer loop
      vertex -7.281152949374527 -5.2900672706322585 0
      vertex -6.746762258248302 5.9157583794719795 0
      vertex -6.409573037395886 5.7844055349054875 0
    endloop
  endfacet
  facet normal 0 0 -1
    outer loop
      vertex -6.3639610306789285 -6.3639610306789285 0
      vertex -6.3639610306789285 5.7844055349054875 0
      vertex -6.208669603617416 6.496592439150224 0
    endloop
  endfacet
  facet normal 0 0 -1
    outer loop
      vertex -6.3639610306789285 -6.3639610306789285 0
      vertex -6.208669603617416 6.496592439150224 0
      vertex -5.9157583794719795 6.746762258248302 0
    endloop
  endfacet
  facet normal 0 0 -1
    outer loop
      vertex -6.3639610306789285 -6.3639610306789285 0
      vertex -5.9157583794719795 6.746762258248302 0
      vertex -5.2900672706322585 7.281152949374527 0
    endloop
  endfacet
  facet normal 0 0 -1
    outer loop
      vertex -5.2900672706322585 -7.281152949374527 0
      vertex -5.2900672706322585 7.281152949374527 0
      vertex -4.9902610474441635 7.464874439233448 0
    endloop
  endfacet
  facet normal 0 0 -1
    outer loop
      vertex -5.2900672706322585 -7.281152949374527 0
      vertex -4.9902610474441635 7.464874439233448 0
      vertex -4.121424523145357 7.567861063639765 0
    endloop
  endfacet
  facet normal -0.9969173337331281 0.07845909572784385 3.5056745795399996e-19
    outer loop
      vertex -8.953754209846617 0.5876084778750619 0
      vertex -8.88919506535624 1.407910185362078 11
      vertex -8.88919506535624 1.407910185362078 0
    endloop
  endfacet
  facet normal -0.9723699203976757 0.23344536385590917 4.0870241017233974e-20
    outer loop
      vertex -8.88919506535624 1.407910185362078 0
      vertex -8.807110763226948 1.7498159101492456 10.999999999999998
      vertex -8.807110763226948 1.7498159101492456 0
    endloop
  endfacet
  facet normal -0.9238795325112871 0.38268343236508917 6.093160753680908e-17
    outer loop
      vertex -8.512654122975258 2.8942697759040272 0
      vertex -8.065913241376435 3.972797671126418 11
      vertex -8.065913241376435 3.9727976711264197 0
    endloop
  endfacet
  facet normal 0 0 -1
    outer loop
      vertex -6.746762258248302 5.9157583794719795 0
      vertex -6.3639610306789285 6.3639610306789285 0
      vertex -6.409573037395886 5.7844055349054875 0
    endloop
  endfacet
  facet normal -0.8526401643540924 0.5224985647159486 -8.76647819498161e-19
    outer loop
      vertex -7.464874439233448 4.9902610474441635 0
      vertex -7.281152949374527 5.2900672706322585 11
      vertex -7.281152949374527 5.2900672706322585 0
    endloop
  endfacet
  facet normal -0.7604059656000313 0.6494480483301832 7.133380583906295e-19
    outer loop
      vertex -7.281152949374527 5.2900672706322585 0
      vertex -6.746762258248302 5.9157583794719795 10.999999999999998
      vertex -6.746762258248302 5.9157583794719795 0
    endloop
  endfacet
  facet normal -0.6494480483301832 0.7604059656000313 7.133380583906294e-19
    outer loop
      vertex -5.9157583794719795 6.746762258248302 0
      vertex -5.2900672706322585 7.281152949374527 11
      vertex -5.2900672706322585 7.281152949374527 0
    endloop
  endfacet
  facet normal -0.5224985647159486 0.8526401643540924 -8.76647819498161e-19
    outer loop
      vertex -5.2900672706322585 7.281152949374527 0
      vertex -4.9902610474441635 7.464874439233448 11
      vertex -4.9902610474441635 7.464874439233448 0
    endloop
  endfacet
  facet normal 0 0 -1
    outer loop
      vertex -4.071318388255315 -7.833597563299594 0
      vertex -2.8942697759040272 8.512654122975258 0
      vertex -3.492916666666667 0 0
    endloop
  endfacet
  facet normal 0 0 -1
    outer loop
      vertex -4.071318388255315 -7.833597563299594 0
      vertex -4.121424523145357 7.567861063639765 0
      vertex -3.989866255623452 8.058843202187253 0
    endloop
  endfacet
  facet normal 0 0 -1
    outer loop
      vertex -4.071318388255315 -7.833597563299594 0
      vertex -3.989866255623452 8.058843202187253 0
      vertex -3.9727976711264197 8.065913241376435 0
    endloop
  endfacet
  facet normal 0 0 -1
    outer loop
      vertex -4.071318388255315 -7.833597563299594 0
      vertex -3.9727976711264197 8.065913241376435 0
      vertex -2.8942697759040272 8.512654122975258 0
    endloop
  endfacet
  facet normal 0 0 -1
    outer loop
      vertex -3.492916666666667 0 0
      vertex -2.8942697759040272 8.512654122975258 0
      vertex -3.4499130663371 0.5464125501801064 0
    endloop
  endfacet
  facet normal 0 0 -1
    outer loop
      vertex -3.4499130663371 0.5464125501801064 0
      vertex -2.7811529493745266 8.316730032235206 0
      vertex -3.3219611567092797 1.0793706099354934 0
    endloop
  endfacet
  facet normal 0 0 -1
    outer loop
      vertex -3.3219611567092797 1.0793706099354934 0
      vertex -2.7811529493745266 8.316730032235206 0
      vertex -3.1122115384462865 1.585750983048592 0
    endloop
  endfacet
  facet normal 0 0 -1
    outer loop
      vertex -3.1122115384462865 1.585750983048592 0
      vertex -2.7811529493745266 8.316730032235206 0
      vertex -2.825828943268827 2.053084904153251 0
    endloop
  endfacet
  facet normal 0 0 -1
    outer loop
      vertex -2.825828943268827 2.053084904153251 0
      vertex -2.753635474634615 8.566115007844957 0
      vertex -2.4698650611195117 2.4698650611195117 0
    endloop
  endfacet
  facet normal 0 0 -1
    outer loop
      vertex -2.4698650611195117 2.4698650611195117 0
      vertex -1.7498159101492456 8.807110763226948 0
      vertex -2.053084904153251 2.825828943268827 0
    endloop
  endfacet
  facet normal 0 0 -1
    outer loop
      vertex -3.4499130663371 0.5464125501801064 0
      vertex -2.8942697759040272 8.512654122975258 0
      vertex -2.7811529493745266 8.316730032235206 0
    endloop
  endfacet
  facet normal 0 0 -1
    outer loop
      vertex -2.825828943268827 2.053084904153251 0
      vertex -2.7811529493745266 8.316730032235206 0
      vertex -2.753635474634615 8.566115007844957 0
    endloop
  endfacet
  facet normal 0 0 -1
    outer loop
      vertex -4.9902610474441635 7.464874439233448 0
      vertex -4.2 7.949147031943519 0
      vertex -4.121424523145357 7.567861063639765 0
    endloop
  endfacet
  facet normal 0 0 -1
    outer loop
      vertex -2.053084904153251 2.825828943268827 0
      vertex -1.407910185362078 8.88919506535624 0
      vertex -1.585750983048592 3.1122115384462865 0
    endloop
  endfacet
  facet normal 0 0 -1
    outer loop
      vertex -1.585750983048592 3.1122115384462865 0
      vertex -1.407910185362078 8.88919506535624 0
      vertex -1.0793706099354934 3.32196115670928 0
    endloop
  endfacet
  facet normal 0 0 -1
    outer loop
      vertex -2.4698650611195117 2.4698650611195117 0
      vertex -2.753635474634615 8.566115007844957 0
      vertex -1.7498159101492456 8.807110763226948 0
    endloop
  endfacet
  facet normal 0 0 -1
    outer loop
      vertex -2.053084904153251 2.825828943268827 0
      vertex -1.7498159101492456 8.807110763226948 0
      vertex -1.407910185362078 8.88919506535624 0
    endloop
  endfacet
  facet normal 0 0 -1
    outer loop
      vertex -1.0793706099354934 3.32196115670928 0
      vertex -0.04624579015338339 8.412391522124938 0
      vertex -0.5464125501801064 3.4499130663371 0
    endloop
  endfacet
  facet normal 0 0 -1
    outer loop
      vertex -0.5464125501801064 3.4499130663371 0
      vertex 0 8.4 0
      vertex 0 3.492916666666667 0
    endloop
  endfacet
  facet normal 0 0 -1
    outer loop
      vertex -1.0793706099354934 3.32196115670928 0
      vertex -1.407910185362078 8.88919506535624 0
      vertex -0.5876084778750618 8.953754209846617 0
    endloop
  endfacet
  facet normal 0 0 -1
    outer loop
      vertex -1.0793706099354934 3.32196115670928 0
      vertex -0.5876084778750618 8.953754209846617 0
      vertex -0.5196152422706631 8.959105393541211 0
    endloop
  endfacet
  facet normal 0 0 -1
    outer loop
      vertex -1.0793706099354934 3.32196115670928 0
      vertex -0.5196152422706631 8.959105393541211 0
      vertex -0.04624579015338339 8.412391522124938 0
    endloop
  endfacet
  facet normal 0 0 -1
    outer loop
      vertex -0.5464125501801064 3.4499130663371 0
      vertex -0.04624579015338339 8.412391522124938 0
      vertex 0 8.4 0
    endloop
  endfacet
  facet normal 0 0 -1
    outer loop
      vertex -0.5196152422706631 8.959105393541211 0
      vertex -0.16423286783016922 8.987074592985064 0
      vertex -0.04624579015338339 8.412391522124938 0
    endloop
  endfacet
  facet normal -0.38268343236508917 0.9238795325112871 4.115198858272261e-19
    outer loop
      vertex -3.9727976711264197 8.065913241376435 0
      vertex -2.8942697759040272 8.512654122975258 11
      vertex -2.8942697759040272 8.512654122975258 0
    endloop
  endfacet
  facet normal -0.23344536385590917 0.9723699203976757 4.087024101723397e-20
    outer loop
      vertex -1.7498159101492456 8.807110763226948 0
      vertex -1.407910185362078 8.88919506535624 11
      vertex -1.407910185362078 8.88919506535624 0
    endloop
  endfacet
  facet normal -0.07845909572784383 0.9969173337331281 3.758249310212346e-19
    outer loop
      vertex -1.407910185362078 8.88919506535624 0
      vertex -0.5876084778750618 8.953754209846617 11
      vertex -0.5876084778750618 8.953754209846617 0
    endloop
  endfacet
  facet normal -0.996917333733128 0.07845909572784385 -7.918826778938318e-19
    outer loop
      vertex -8.953754209846617 0.5876084778750619 0
      vertex -8.953754209846617 0.587608477875062 11
      vertex -8.88919506535624 1.407910185362078 11
    endloop
  endfacet
  facet normal -0.9723699203976757 0.23344536385590917 0
    outer loop
      vertex -8.88919506535624 1.407910185362078 0
      vertex -8.88919506535624 1.407910185362078 11
      vertex -8.807110763226948 1.7498159101492456 10.999999999999998
    endloop
  endfacet
  facet normal -0.9238795325112868 0.3826834323650897 0
    outer loop
      vertex -8.512654122975258 2.8942697759040272 0
      vertex -8.512654122975258 2.8942697759040272 10.999999999999998
      vertex -8.065913241376435 3.972797671126418 11
    endloop
  endfacet
  facet normal -0.8526401643540924 0.5224985647159486 0
    outer loop
      vertex -7.464874439233448 4.9902610474441635 0
      vertex -7.464874439233448 4.9902610474441635 11
      vertex -7.281152949374527 5.2900672706322585 11
    endloop
  endfacet
  facet normal -0.7604059656000313 0.6494480483301832 0
    outer loop
      vertex -7.281152949374527 5.2900672706322585 0
      vertex -7.281152949374527 5.2900672706322585 11
      vertex -6.746762258248302 5.9157583794719795 10.999999999999998
    endloop
  endfacet
  facet normal -0.6494480483301832 0.7604059656000313 0
    outer loop
      vertex -5.9157583794719795 6.746762258248302 0
      vertex -5.9157583794719795 6.746762258248302 10.999999999999998
      vertex -5.2900672706322585 7.281152949374527 11
    endloop
  endfacet
  facet normal -0.5224985647159486 0.8526401643540924 0
    outer loop
      vertex -5.2900672706322585 7.281152949374527 0
      vertex -5.2900672706322585 7.281152949374527 11
      vertex -4.9902610474441635 7.464874439233448 11
    endloop
  endfacet
  facet normal -0.38268343236508917 0.9238795325112871 0
    outer loop
      vertex -3.9727976711264197 8.065913241376435 0
      vertex -3.9727976711264197 8.065913241376435 11
      vertex -2.8942697759040272 8.512654122975258 11
    endloop
  endfacet
  facet normal -0.23344536385590917 0.9723699203976757 0
    outer loop
      vertex -1.7498159101492456 8.807110763226948 0
      vertex -1.7498159101492456 8.807110763226948 11
      vertex -1.407910185362078 8.88919506535624 11
    endloop
  endfacet
  facet normal -0.07845909572784383 0.9969173337331281 0
    outer loop
      vertex -1.407910185362078 8.88919506535624 0
      vertex -1.407910185362078 8.88919506535624 11
      vertex -0.5876084778750618 8.953754209846617 11
    endloop
  endfacet
  facet normal 0 0 -1
    outer loop
      vertex 0 -9 0
      vertex 0 -8.4 0
      vertex 0.5464125501801064 -3.4499130663371 0
    endloop
  endfacet
  facet normal 0 0 -1
    outer loop
      vertex 0 -9 0
      vertex 0.5464125501801064 -3.4499130663371 0
      vertex 0.5876084778750618 -8.953754209846617 0
    endloop
  endfacet
  facet normal 0 0 -1
    outer loop
      vertex 0.5876084778750618 -8.953754209846617 0
      vertex 1.0793706099354934 -3.32196115670928 0
      vertex 1.407910185362078 -8.88919506535624 0
    endloop
  endfacet
  facet normal 0 0 -1
    outer loop
      vertex 0 -8.4 0
      vertex 0 -3.492916666666667 0
      vertex 0.5464125501801064 -3.4499130663371 0
    endloop
  endfacet
  facet normal 0 0 -1
    outer loop
      vertex 0.5876084778750618 -8.953754209846617 0
      vertex 0.5464125501801064 -3.4499130663371 0
      vertex 1.0793706099354934 -3.32196115670928 0
    endloop
  endfacet
  facet normal 0 0 -1
    outer loop
      vertex 1.407910185362078 -8.88919506535624 0
      vertex 2.053084904153251 -2.825828943268827 0
      vertex 1.7498159101492456 -8.807110763226948 0
    endloop
  endfacet
  facet normal 0 0 -1
    outer loop
      vertex 1.7617040638514336 -8.804256670038374 0
      vertex 1.7498159101492456 -8.807110763226948 0
      vertex 2.4698650611195117 -2.4698650611195117 0
    endloop
  endfacet
  facet normal 0 0 -1
    outer loop
      vertex 1.7617040638514336 -8.804256670038374 0
      vertex 2.4698650611195117 -2.4698650611195117 0
      vertex 2.753635474634615 -8.566115007844957 0
    endloop
  endfacet
  facet normal 0 0 -1
    outer loop
      vertex 1.407910185362078 -8.88919506535624 0
      vertex 1.0793706099354934 -3.32196115670928 0
      vertex 1.585750983048592 -3.1122115384462865 0
    endloop
  endfacet
  facet normal 0 0 -1
    outer loop
      vertex 1.407910185362078 -8.88919506535624 0
      vertex 1.585750983048592 -3.1122115384462865 0
      vertex 2.053084904153251 -2.825828943268827 0
    endloop
  endfacet
  facet normal 0 0 -1
    outer loop
      vertex 3.980384757729337 -8.062770567206607 0
      vertex 4.121424523145357 -7.567861063639765 0
      vertex 3.989866255623452 -8.058843202187253 0
    endloop
  endfacet
  facet normal 0 0 -1
    outer loop
      vertex 4.121424523145357 -7.567861063639765 0
      vertex 4.9902610474441635 -7.464874439233448 0
      vertex 4.2 -7.949147031943519 0
    endloop
  endfacet
  facet normal 0 0 -1
    outer loop
      vertex 2.753635474634615 -8.566115007844957 0
      vertex 2.825828943268827 -2.053084904153251 0
      vertex 2.7811529493745266 -8.316730032235206 0
    endloop
  endfacet
  facet normal 0 0 -1
    outer loop
      vertex 2.8942697759040272 -8.512654122975258 0
      vertex 2.7811529493745266 -8.316730032235206 0
      vertex 3.4499130663371 -0.5464125501801064 0
    endloop
  endfacet
  facet normal 0.07845909572784383 -0.9969173337331281 0
    outer loop
      vertex 0.5876084778750618 -8.953754209846617 0
      vertex 1.407910185362078 -8.88919506535624 0
      vertex 0.5876084778750618 -8.953754209846617 11
    endloop
  endfacet
  facet normal 0.23344536385590917 -0.9723699203976757 0
    outer loop
      vertex 1.407910185362078 -8.88919506535624 0
      vertex 1.7498159101492456 -8.807110763226948 0
      vertex 1.407910185362078 -8.88919506535624 11
    endloop
  endfacet
  facet normal 0.38268343236508917 -0.9238795325112871 0
    outer loop
      vertex 2.8942697759040272 -8.512654122975258 0
      vertex 3.9727976711264197 -8.065913241376435 0
      vertex 2.8942697759040272 -8.512654122975258 11
    endloop
  endfacet
  facet normal 0 0 -1
    outer loop
      vertex 1.7498159101492456 -8.807110763226948 0
      vertex 2.053084904153251 -2.825828943268827 0
      vertex 2.4698650611195117 -2.4698650611195117 0
    endloop
  endfacet
  facet normal 0 0 -1
    outer loop
      vertex 2.753635474634615 -8.566115007844957 0
      vertex 2.4698650611195117 -2.4698650611195117 0
      vertex 2.825828943268827 -2.053084904153251 0
    endloop
  endfacet
  facet normal 0 0 -1
    outer loop
      vertex 2.7811529493745266 -8.316730032235206 0
      vertex 2.825828943268827 -2.053084904153251 0
      vertex 3.1122115384462865 -1.585750983048592 0
    endloop
  endfacet
  facet normal 0 0 -1
    outer loop
      vertex 2.7811529493745266 -8.316730032235206 0
      vertex 3.1122115384462865 -1.585750983048592 0
      vertex 3.3219611567092797 -1.0793706099354934 0
    endloop
  endfacet
  facet normal 0 0 -1
    outer loop
      vertex 2.7811529493745266 -8.316730032235206 0
      vertex 3.3219611567092797 -1.0793706099354934 0
      vertex 3.4499130663371 -0.5464125501801064 0
    endloop
  endfacet
  facet normal 0 0 -1
    outer loop
      vertex 2.8942697759040272 -8.512654122975258 0
      vertex 3.4499130663371 -0.5464125501801064 0
      vertex 3.492916666666667 0 0
    endloop
  endfacet
  facet normal 0 0 -1
    outer loop
      vertex 2.8942697759040272 -8.512654122975258 0
      vertex 4.071318388255315 7.833597563299594 0
      vertex 3.9727976711264197 -8.065913241376435 0
    endloop
  endfacet
  facet normal 0 0 -1
    outer loop
      vertex 3.9727976711264197 -8.065913241376435 0
      vertex 4.071318388255315 7.833597563299594 0
      vertex 3.980384757729337 -8.062770567206607 0
    endloop
  endfacet
  facet normal 0 0 -1
    outer loop
      vertex 3.980384757729337 -8.062770567206607 0
      vertex 4.071318388255315 7.833597563299594 0
      vertex 4.121424523145357 -7.567861063639765 0
    endloop
  endfacet
  facet normal 0 0 -1
    outer loop
      vertex 2.8942697759040272 -8.512654122975258 0
      vertex 3.492916666666667 0 0
      vertex 4.071318388255315 7.833597563299594 0
    endloop
  endfacet
  facet normal 0.5224985647159486 -0.8526401643540924 0
    outer loop
      vertex 4.9902610474441635 -7.464874439233448 0
      vertex 5.2900672706322585 -7.281152949374527 0
      vertex 4.9902610474441635 -7.464874439233448 11
    endloop
  endfacet
  facet normal 0.6494480483301832 -0.7604059656000313 0
    outer loop
      vertex 5.2900672706322585 -7.281152949374527 0
      vertex 5.9157583794719795 -6.746762258248302 0
      vertex 5.2900672706322585 -7.281152949374527 11
    endloop
  endfacet
  facet normal 0.7604059656000313 -0.6494480483301832 0
    outer loop
      vertex 6.746762258248302 -5.9157583794719795 0
      vertex 7.281152949374527 -5.2900672706322585 0
      vertex 6.746762258248302 -5.9157583794719795 11
    endloop
  endfacet
  facet normal 0.8526401643540924 -0.5224985647159486 0
    outer loop
      vertex 7.281152949374527 -5.2900672706322585 0
      vertex 7.464874439233448 -4.9902610474441635 0
      vertex 7.281152949374527 -5.2900672706322585 11
    endloop
  endfacet
  facet normal 0 0 -1
    outer loop
      vertex 4.121424523145357 -7.567861063639765 0
      vertex 5.2900672706322585 7.281152949374527 0
      vertex 4.9902610474441635 -7.464874439233448 0
    endloop
  endfacet
  facet normal 0 0 -1
    outer loop
      vertex 4.9902610474441635 -7.464874439233448 0
      vertex 5.2900672706322585 7.281152949374527 0
      vertex 5.2900672706322585 -7.281152949374527 0
    endloop
  endfacet
  facet normal 0 0 -1
    outer loop
      vertex 5.2900672706322585 -7.281152949374527 0
      vertex 6.318349023961971 5.7844055349054875 0
      vertex 5.9157583794719795 -6.746762258248302 0
    endloop
  endfacet
  facet normal 0 0 -1
    outer loop
      vertex 5.9157583794719795 -6.746762258248302 0
      vertex 6.318349023961971 5.7844055349054875 0
      vertex 5.939696961967 -6.726316777301931 0
    endloop
  endfacet
  facet normal 0 0 -1
    outer loop
      vertex 5.939696961967 -6.726316777301931 0
      vertex 6.318349023961971 5.7844055349054875 0
      vertex 6.3639610306789285 -6.3639610306789285 0
    endloop
  endfacet
  facet normal 0 0 -1
    outer loop
      vertex 6.3639610306789285 -6.3639610306789285 0
      vertex 7.281152949374527 5.2900672706322585 0
      vertex 6.746762258248302 -5.9157583794719795 0
    endloop
  endfacet
  facet normal 0 0 -1
    outer loop
      vertex 6.746762258248302 -5.9157583794719795 0
      vertex 7.281152949374527 5.2900672706322585 0
      vertex 7.281152949374527 -5.2900672706322585 0
    endloop
  endfacet
  facet normal 0 0 -1
    outer loop
      vertex 7.281152949374527 -5.2900672706322585 0
      vertex 8.008955093608344 3.9575357814295873 0
      vertex 7.464874439233448 -4.9902610474441635 0
    endloop
  endfacet
  facet normal 0 0 -1
    outer loop
      vertex 7.464874439233448 -4.9902610474441635 0
      vertex 8.008955093608344 3.9575357814295873 0
      vertex 7.494228634059947 -4.942359355092234 0
    endloop
  endfacet
  facet normal 0 0 -1
    outer loop
      vertex 7.494228634059947 -4.942359355092234 0
      vertex 8.008955093608344 3.9575357814295873 0
      vertex 7.794228634059947 -4.452803848953596 0
    endloop
  endfacet
  facet normal 0 0 -1
    outer loop
      vertex 8.01905871769531 -3.9602430393443173 0
      vertex 8.538041009540102 2.5083807569731866 0
      vertex 8.065913241376435 -3.9727976711264197 0
    endloop
  endfacet
  facet normal 0 0 -1
    outer loop
      vertex 7.794228634059947 -4.452803848953596 0
      vertex 8.008955093608344 3.9575357814295873 0
      vertex 8.01905871769531 -3.9602430393443173 0
    endloop
  endfacet
  facet normal 0 0 -1
    outer loop
      vertex 8.065913241376435 -3.9727976711264197 0
      vertex 8.538041009540102 2.5083807569731866 0
      vertex 8.512654122975258 -2.8942697759040272 0
    endloop
  endfacet
  facet normal 0 0 -1
    outer loop
      vertex 8.512654122975258 -2.8942697759040272 0
      vertex 8.538041009540102 2.5083807569731866 0
      vertex 8.538041009540104 -2.8329804100527483 0
    endloop
  endfacet
  facet normal 0 0 -1
    outer loop
      vertex 8.538041009540104 -2.8329804100527483 0
      vertex 8.538041009540102 2.5083807569731866 0
      vertex 8.559508646656381 -1.7498159101492456 0
    endloop
  endfacet
  facet normal 0 0 -1
    outer loop
      vertex 8.559508646656381 -1.7498159101492456 0
      vertex 8.88919506535624 1.407910185362078 0
      vertex 8.807110763226948 -1.7498159101492456 0
    endloop
  endfacet
  facet normal 0 0 -1
    outer loop
      vertex 8.807110763226948 -1.7498159101492456 0
      vertex 8.88919506535624 1.407910185362078 0
      vertex 8.88919506535624 -1.407910185362078 0
    endloop
  endfacet
  facet normal 0 0 -1
    outer loop
      vertex 8.88919506535624 -1.407910185362078 0
      vertex 8.963499776578887 0.4637793117047896 0
      vertex 8.953754209846617 -0.5876084778750619 0
    endloop
  endfacet
  facet normal 0 0 -1
    outer loop
      vertex 8.88919506535624 -1.407910185362078 0
      vertex 8.953754209846617 0.5876084778750619 0
      vertex 8.963499776578887 0.4637793117047896 0
    endloop
  endfacet
  facet normal 0.9238795325112871 -0.38268343236508917 0
    outer loop
      vertex 8.065913241376435 -3.9727976711264197 0
      vertex 8.512654122975258 -2.8942697759040272 0
      vertex 8.065913241376435 -3.9727976711264197 11
    endloop
  endfacet
  facet normal 0.9723699203976757 -0.23344536385590917 0
    outer loop
      vertex 8.807110763226948 -1.7498159101492456 0
      vertex 8.88919506535624 -1.407910185362078 0
      vertex 8.807110763226948 -1.7498159101492456 11
    endloop
  endfacet
  facet normal 0.9969173337331281 -0.07845909572784385 0
    outer loop
      vertex 8.88919506535624 -1.407910185362078 0
      vertex 8.953754209846617 -0.5876084778750619 0
      vertex 8.88919506535624 -1.407910185362078 11
    endloop
  endfacet
  facet normal 0.07845909572784383 -0.9969173337331281 0
    outer loop
      vertex 1.407910185362078 -8.88919506535624 0
      vertex 1.407910185362078 -8.88919506535624 11
      vertex 0.5876084778750618 -8.953754209846617 11
    endloop
  endfacet
  facet normal 0.23344536385590917 -0.9723699203976757 0
    outer loop
      vertex 1.7498159101492456 -8.807110763226948 0
      vertex 1.7498159101492456 -8.807110763226948 11
      vertex 1.407910185362078 -8.88919506535624 11
    endloop
  endfacet
  facet normal 0.38268343236508917 -0.9238795325112871 0
    outer loop
      vertex 3.9727976711264197 -8.065913241376435 0
      vertex 3.9727976711264197 -8.065913241376435 11
      vertex 2.8942697759040272 -8.512654122975258 11
    endloop
  endfacet
  facet normal 0.5224985647159486 -0.8526401643540924 0
    outer loop
      vertex 5.2900672706322585 -7.281152949374527 0
      vertex 5.2900672706322585 -7.281152949374527 11
      vertex 4.9902610474441635 -7.464874439233448 11
    endloop
  endfacet
  facet normal 0.6494480483301832 -0.7604059656000313 0
    outer loop
      vertex 5.9157583794719795 -6.746762258248302 0
      vertex 5.9157583794719795 -6.746762258248302 11
      vertex 5.2900672706322585 -7.281152949374527 11
    endloop
  endfacet
  facet normal 0.7604059656000313 -0.6494480483301832 0
    outer loop
      vertex 7.281152949374527 -5.2900672706322585 0
      vertex 7.281152949374527 -5.2900672706322585 11
      vertex 6.746762258248302 -5.9157583794719795 11
    endloop
  endfacet
  facet normal 0.8526401643540924 -0.5224985647159486 0
    outer loop
      vertex 7.464874439233448 -4.9902610474441635 0
      vertex 7.464874439233448 -4.9902610474441635 11
      vertex 7.281152949374527 -5.2900672706322585 11
    endloop
  endfacet
  facet normal 0.9238795325112871 -0.38268343236508906 1.544959846379297e-17
    outer loop
      vertex 8.512654122975258 -2.8942697759040272 0
      vertex 8.512654122975258 -2.894269775904027 10.999999999999973
      vertex 8.065913241376435 -3.9727976711264197 11
    endloop
  endfacet
  facet normal 0.9723699203976757 -0.23344536385590917 0
    outer loop
      vertex 8.88919506535624 -1.407910185362078 0
      vertex 8.88919506535624 -1.407910185362078 11
      vertex 8.807110763226948 -1.7498159101492456 11
    endloop
  endfacet
  facet normal 0.9969173337331281 -0.07845909572784385 0
    outer loop
      vertex 8.953754209846617 -0.5876084778750619 0
      vertex 8.953754209846617 -0.5876084778750619 11
      vertex 8.88919506535624 -1.407910185362078 11
    endloop
  endfacet
  facet normal 0 0 -1
    outer loop
      vertex 3.32196115670928 1.0793706099354934 0
      vertex 3.1122115384462865 1.585750983048592 0
      vertex 3.980384757729337 8.062770567206607 0
    endloop
  endfacet
  facet normal 0 0 -1
    outer loop
      vertex 2.053084904153251 2.825828943268827 0
      vertex 2.760232463005009 8.293688663664936 0
      vertex 2.4698650611195117 2.4698650611195117 0
    endloop
  endfacet
  facet normal 0 0 -1
    outer loop
      vertex 2.825828943268827 2.053084904153251 0
      vertex 2.4698650611195117 2.4698650611195117 0
      vertex 3.980384757729337 8.062770567206607 0
    endloop
  endfacet
  facet normal 0 0 -1
    outer loop
      vertex 2.825828943268827 2.053084904153251 0
      vertex 3.980384757729337 8.062770567206607 0
      vertex 3.1122115384462865 1.585750983048592 0
    endloop
  endfacet
  facet normal 0 0 -1
    outer loop
      vertex 3.492916666666667 0 0
      vertex 3.4499130663371 0.5464125501801064 0
      vertex 4.071318388255315 7.833597563299594 0
    endloop
  endfacet
  facet normal 0 0 -1
    outer loop
      vertex 4.121424523145357 -7.567861063639765 0
      vertex 4.071318388255315 7.833597563299594 0
      vertex 4.116062301242398 8.00058411989683 0
    endloop
  endfacet
  facet normal 0 0 -1
    outer loop
      vertex 3.4499130663371 0.5464125501801064 0
      vertex 3.32196115670928 1.0793706099354934 0
      vertex 4.071318388255315 7.833597563299594 0
    endloop
  endfacet
  facet normal 0 0 -1
    outer loop
      vertex 4.121424523145357 -7.567861063639765 0
      vertex 4.116062301242398 8.00058411989683 0
      vertex 4.9902610474441635 7.464874439233448 0
    endloop
  endfacet
  facet normal 0 0 -1
    outer loop
      vertex 0 3.492916666666667 0
      vertex 0.5876084778750618 8.953754209846617 0
      vertex 0.5464125501801064 3.4499130663371 0
    endloop
  endfacet
  facet normal 0 0 -1
    outer loop
      vertex 0.5464125501801064 3.4499130663371 0
      vertex 1.407910185362078 8.88919506535624 0
      vertex 1.0793706099354934 3.32196115670928 0
    endloop
  endfacet
  facet normal 0 0 -1
    outer loop
      vertex 0 3.492916666666667 0
      vertex 0 8.4 0
      vertex 0.5876084778750618 8.953754209846617 0
    endloop
  endfacet
  facet normal 0 0 -1
    outer loop
      vertex 0.5464125501801064 3.4499130663371 0
      vertex 0.5876084778750618 8.953754209846617 0
      vertex 1.407910185362078 8.88919506535624 0
    endloop
  endfacet
  facet normal 0 0 -1
    outer loop
      vertex 1.0793706099354934 3.32196115670928 0
      vertex 1.7498159101492456 8.807110763226948 0
      vertex 1.585750983048592 3.1122115384462865 0
    endloop
  endfacet
  facet normal 0 0 -1
    outer loop
      vertex 1.585750983048592 3.1122115384462865 0
      vertex 2.753635474634615 8.566115007844957 0
      vertex 2.053084904153251 2.825828943268827 0
    endloop
  endfacet
  facet normal 0 0 -1
    outer loop
      vertex 1.0793706099354934 3.32196115670928 0
      vertex 1.407910185362078 8.88919506535624 0
      vertex 1.7498159101492456 8.807110763226948 0
    endloop
  endfacet
  facet normal 0 0 -1
    outer loop
      vertex 1.585750983048592 3.1122115384462865 0
      vertex 1.7498159101492456 8.807110763226948 0
      vertex 1.817555330319732 8.790847967291612 0
    endloop
  endfacet
  facet normal 0 0 -1
    outer loop
      vertex 1.585750983048592 3.1122115384462865 0
      vertex 1.817555330319732 8.790847967291612 0
      vertex 2.753635474634615 8.566115007844957 0
    endloop
  endfacet
  facet normal 0 0 -1
    outer loop
      vertex 0 8.4 0
      vertex 0 9 0
      vertex 0.5876084778750618 8.953754209846617 0
    endloop
  endfacet
  facet normal 0 0 -1
    outer loop
      vertex 2.053084904153251 2.825828943268827 0
      vertex 2.753635474634615 8.566115007844957 0
      vertex 2.760232463005009 8.293688663664936 0
    endloop
  endfacet
  facet normal 0 0 -1
    outer loop
      vertex 2.4698650611195117 2.4698650611195117 0
      vertex 2.760232463005009 8.293688663664936 0
      vertex 3.980384757729337 8.062770567206607 0
    endloop
  endfacet
  facet normal 0 0 -1
    outer loop
      vertex 3.32196115670928 1.0793706099354934 0
      vertex 3.980384757729337 8.062770567206607 0
      vertex 4.071318388255315 7.833597563299594 0
    endloop
  endfacet
  facet normal 0 0 -1
    outer loop
      vertex 2.760232463005009 8.293688663664936 0
      vertex 2.8942697759040272 8.512654122975258 0
      vertex 3.9727976711264197 8.065913241376435 0
    endloop
  endfacet
  facet normal 0 0 -1
    outer loop
      vertex 2.760232463005009 8.293688663664936 0
      vertex 3.9727976711264197 8.065913241376435 0
      vertex 3.980384757729337 8.062770567206607 0
    endloop
  endfacet
  facet normal 0 0 -1
    outer loop
      vertex 2.760232463005009 8.293688663664936 0
      vertex 2.826433145761034 8.540752975206173 0
      vertex 2.8942697759040272 8.512654122975258 0
    endloop
  endfacet
  facet normal 0.07845909572784383 0.9969173337331281 -3.758249310212346e-19
    outer loop
      vertex 0.5876084778750618 8.953754209846617 0
      vertex 1.407910185362078 8.88919506535624 11
      vertex 1.407910185362078 8.88919506535624 0
    endloop
  endfacet
  facet normal 0.23344536385590917 0.9723699203976757 -4.087024101723397e-20
    outer loop
      vertex 1.407910185362078 8.88919506535624 0
      vertex 1.7498159101492456 8.807110763226948 11
      vertex 1.7498159101492456 8.807110763226948 0
    endloop
  endfacet
  facet normal 0.38268343236508917 0.9238795325112871 -4.115198858272261e-19
    outer loop
      vertex 2.8942697759040272 8.512654122975258 0
      vertex 3.9727976711264197 8.065913241376435 11
      vertex 3.9727976711264197 8.065913241376435 0
    endloop
  endfacet
  facet normal 0 0 -1
    outer loop
      vertex 4.121424523145357 -7.567861063639765 0
      vertex 4.9902610474441635 7.464874439233448 0
      vertex 5.2900672706322585 7.281152949374527 0
    endloop
  endfacet
  facet normal 0 0 -1
    outer loop
      vertex 5.2900672706322585 -7.281152949374527 0
      vertex 5.926197932952463 6.737846037255758 0
      vertex 6.318349023961971 5.7844055349054875 0
    endloop
  endfacet
  facet normal 0 0 -1
    outer loop
      vertex 5.2900672706322585 -7.281152949374527 0
      vertex 5.2900672706322585 7.281152949374527 0
      vertex 5.9157583794719795 6.746762258248302 0
    endloop
  endfacet
  facet normal 0 0 -1
    outer loop
      vertex 5.2900672706322585 -7.281152949374527 0
      vertex 5.9157583794719795 6.746762258248302 0
      vertex 5.926197932952463 6.737846037255758 0
    endloop
  endfacet
  facet normal 0 0 -1
    outer loop
      vertex 6.3639610306789285 -6.3639610306789285 0
      vertex 6.318349023961971 5.7844055349054875 0
      vertex 6.3639610306789285 5.7844055349054875 0
    endloop
  endfacet
  facet normal 0 0 -1
    outer loop
      vertex 6.3639610306789285 -6.3639610306789285 0
      vertex 6.3639610306789285 5.7844055349054875 0
      vertex 6.746762258248302 5.9157583794719795 0
    endloop
  endfacet
  facet normal 0 0 -1
    outer loop
      vertex 6.3639610306789285 -6.3639610306789285 0
      vertex 6.746762258248302 5.9157583794719795 0
      vertex 7.281152949374527 5.2900672706322585 0
    endloop
  endfacet
  facet normal 0 0 -1
    outer loop
      vertex 7.281152949374527 -5.2900672706322585 0
      vertex 7.897288644845015 4.284625196478472 0
      vertex 8.008955093608344 3.9575357814295873 0
    endloop
  endfacet
  facet normal 0 0 -1
    outer loop
      vertex 8.01905871769531 -3.9602430393443173 0
      vertex 8.525684480911952 2.8628117090506846 0
      vertex 8.538041009540102 2.5083807569731866 0
    endloop
  endfacet
  facet normal 0 0 -1
    outer loop
      vertex 8.01905871769531 -3.9602430393443173 0
      vertex 8.008955093608344 3.9575357814295873 0
      vertex 8.525684480911952 2.8628117090506846 0
    endloop
  endfacet
  facet normal 0 0 -1
    outer loop
      vertex 7.281152949374527 -5.2900672706322585 0
      vertex 7.281152949374527 5.2900672706322585 0
      vertex 7.464874439233448 4.9902610474441635 0
    endloop
  endfacet
  facet normal 0 0 -1
    outer loop
      vertex 7.281152949374527 -5.2900672706322585 0
      vertex 7.464874439233448 4.9902610474441635 0
      vertex 7.479825708716916 4.965862793112849 0
    endloop
  endfacet
  facet normal 0 0 -1
    outer loop
      vertex 7.281152949374527 -5.2900672706322585 0
      vertex 7.479825708716916 4.965862793112849 0
      vertex 7.897288644845015 4.284625196478472 0
    endloop
  endfacet
  facet normal 0 0 -1
    outer loop
      vertex 8.88919506535624 -1.407910185362078 0
      vertex 8.88919506535624 1.407910185362078 0
      vertex 8.953754209846617 0.5876084778750619 0
    endloop
  endfacet
  facet normal 0 0 -1
    outer loop
      vertex 8.559508646656381 -1.7498159101492456 0
      vertex 8.807110763226948 1.7498159101492456 0
      vertex 8.88919506535624 1.407910185362078 0
    endloop
  endfacet
  facet normal 0 0 -1
    outer loop
      vertex 8.559508646656381 -1.7498159101492456 0
      vertex 8.559508646656381 1.8299342225856567 0
      vertex 8.807110763226948 1.7498159101492456 0
    endloop
  endfacet
  facet normal 0 0 -1
    outer loop
      vertex 8.559508646656381 -1.7498159101492456 0
      vertex 8.538041009540102 2.5083807569731866 0
      vertex 8.559508646656381 1.8299342225856567 0
    endloop
  endfacet
  facet normal 0 0 -1
    outer loop
      vertex 8.807110763226948 1.7498159101492456 0
      vertex 8.559508646656381 1.8299342225856567 0
      vertex 8.679956475005266 2.2794516376450273 0
    endloop
  endfacet
  facet normal 0 0 -1
    outer loop
      vertex 8.008955093608344 3.9575357814295873 0
      vertex 8.512654122975258 2.8942697759040272 0
      vertex 8.525684480911952 2.8628117090506846 0
    endloop
  endfacet
  facet normal 0 0 -1
    outer loop
      vertex 8.008955093608344 3.9575357814295873 0
      vertex 8.065913241376435 3.9727976711264197 0
      vertex 8.512654122975258 2.8942697759040272 0
    endloop
  endfacet
  facet normal 0.9969173337331281 0.07845909572784385 0
    outer loop
      vertex 8.953754209846617 0.5876084778750619 0
      vertex 8.88919506535624 1.407910185362078 0
      vertex 8.953754209846617 0.5876084778750619 11
    endloop
  endfacet
  facet normal 0.9723699203976757 0.23344536385590917 0
    outer loop
      vertex 8.88919506535624 1.407910185362078 0
      vertex 8.807110763226948 1.7498159101492456 0
      vertex 8.88919506535624 1.407910185362078 11
    endloop
  endfacet
  facet normal 0.9238795325112871 0.38268343236508917 -4.115198858272261e-19
    outer loop
      vertex 8.065913241376435 3.9727976711264197 0
      vertex 8.512654122975258 2.8942697759040272 11
      vertex 8.512654122975258 2.8942697759040272 0
    endloop
  endfacet
  facet normal 0 0 -1
    outer loop
      vertex 6.3639610306789285 5.7844055349054875 0
      vertex 6.519252457740441 6.18213813068296 0
      vertex 6.746762258248302 5.9157583794719795 0
    endloop
  endfacet
  facet normal 0 0 -1
    outer loop
      vertex 5.926197932952463 6.737846037255758 0
      vertex 6.3639610306789285 6.3639610306789285 0
      vertex 6.318349023961971 5.7844055349054875 0
    endloop
  endfacet
  facet normal 0.6494480483301832 0.7604059656000313 0
    outer loop
      vertex 5.9157583794719795 6.746762258248302 0
      vertex 5.2900672706322585 7.281152949374527 0
      vertex 5.9157583794719795 6.746762258248302 11
    endloop
  endfacet
  facet normal 0.7604059656000313 0.6494480483301832 -7.133380583906294e-19
    outer loop
      vertex 6.746762258248302 5.9157583794719795 0
      vertex 7.281152949374527 5.2900672706322585 11
      vertex 7.281152949374527 5.2900672706322585 0
    endloop
  endfacet
  facet normal 0.5224985647159486 0.8526401643540924 8.76647819498161e-19
    outer loop
      vertex 4.9902610474441635 7.464874439233448 0
      vertex 5.2900672706322585 7.281152949374527 11
      vertex 5.2900672706322585 7.281152949374527 0
    endloop
  endfacet
  facet normal 0.8526401643540924 0.5224985647159486 0
    outer loop
      vertex 7.464874439233448 4.9902610474441635 0
      vertex 7.281152949374527 5.2900672706322585 0
      vertex 7.464874439233448 4.9902610474441635 11
    endloop
  endfacet
  facet normal 0.07845909572784383 0.9969173337331281 0
    outer loop
      vertex 0.5876084778750618 8.953754209846617 0
      vertex 0.5876084778750618 8.953754209846617 11
      vertex 1.407910185362078 8.88919506535624 11
    endloop
  endfacet
  facet normal 0.23344536385590917 0.9723699203976757 0
    outer loop
      vertex 1.407910185362078 8.88919506535624 0
      vertex 1.407910185362078 8.88919506535624 11
      vertex 1.7498159101492456 8.807110763226948 11
    endloop
  endfacet
  facet normal 0.38268343236508917 0.9238795325112871 0
    outer loop
      vertex 2.8942697759040272 8.512654122975258 0
      vertex 2.8942697759040272 8.512654122975258 11
      vertex 3.9727976711264197 8.065913241376435 11
    endloop
  endfacet
  facet normal 0.9969173337331281 0.07845909572784385 0
    outer loop
      vertex 8.88919506535624 1.407910185362078 0
      vertex 8.88919506535624 1.407910185362078 11
      vertex 8.953754209846617 0.5876084778750619 11
    endloop
  endfacet
  facet normal 0.9723699203976757 0.23344536385590917 0
    outer loop
      vertex 8.807110763226948 1.7498159101492456 0
      vertex 8.807110763226948 1.7498159101492456 11
      vertex 8.88919506535624 1.407910185362078 11
    endloop
  endfacet
  facet normal 0.923879532511287 0.3826834323650891 0
    outer loop
      vertex 8.065913241376435 3.9727976711264197 0
      vertex 8.065913241376435 3.9727976711264197 10.99999999999998
      vertex 8.512654122975258 2.8942697759040272 11
    endloop
  endfacet
  facet normal 0.6494480483301832 0.7604059656000313 0
    outer loop
      vertex 5.2900672706322585 7.281152949374527 0
      vertex 5.2900672706322585 7.281152949374527 11
      vertex 5.9157583794719795 6.746762258248302 11
    endloop
  endfacet
  facet normal 0.7604059656000313 0.6494480483301832 0
    outer loop
      vertex 6.746762258248302 5.9157583794719795 0
      vertex 6.746762258248302 5.9157583794719795 11
      vertex 7.281152949374527 5.2900672706322585 11
    endloop
  endfacet
  facet normal 0.5224985647159486 0.8526401643540924 0
    outer loop
      vertex 4.9902610474441635 7.464874439233448 0
      vertex 4.9902610474441635 7.464874439233448 11
      vertex 5.2900672706322585 7.281152949374527 11
    endloop
  endfacet
  facet normal 0.8526401643540924 0.5224985647159486 0
    outer loop
      vertex 7.281152949374527 5.2900672706322585 0
      vertex 7.281152949374527 5.2900672706322585 11
      vertex 7.464874439233448 4.9902610474441635 11
    endloop
  endfacet
  facet normal -0.5385176090969751 -0.45993748871169315 0.7060143703707868
    outer loop
      vertex -7.281152949374527 -5.2900672706322585 11
      vertex -6.746762258248302 -5.9157583794719795 10.999999999999998
      vertex -6.47213595499958 -4.702282018339785 12
    endloop
  endfacet
  facet normal -0.5385176090969784 -0.4599374887116913 0.7060143703707856
    outer loop
      vertex -6.3639610306789285 -6.3639610306789285 11
      vertex -6.47213595499958 -4.702282018339785 12
      vertex -6.746762258248302 -5.9157583794719795 10.999999999999998
    endloop
  endfacet
  facet normal -0.5385176090969759 -0.45993748871169204 0.7060143703707871
    outer loop
      vertex -6.3639610306789285 -6.3639610306789285 11
      vertex -5.656854249492381 -5.656854249492381 12
      vertex -6.47213595499958 -4.702282018339785 12
    endloop
  endfacet
  facet normal -0.4599374887116904 -0.5385176090969774 0.706014370370787
    outer loop
      vertex -6.3639610306789285 -6.3639610306789285 11
      vertex -5.9157583794719795 -6.746762258248302 10.999999999999998
      vertex -5.656854249492381 -5.656854249492381 12
    endloop
  endfacet
  facet normal -0.4599374887116937 -0.5385176090969758 0.706014370370786
    outer loop
      vertex -5.2900672706322585 -7.281152949374527 11
      vertex -5.656854249492381 -5.656854249492381 12
      vertex -5.9157583794719795 -6.746762258248302 10.999999999999998
    endloop
  endfacet
  facet normal -0.3700321809093165 -0.603837638708814 0.706014370370787
    outer loop
      vertex -5.2900672706322585 -7.281152949374527 11
      vertex -4.9902610474441635 -7.464874439233448 11
      vertex -4.702282018339785 -6.47213595499958 12
    endloop
  endfacet
  facet normal -0.4599374887116921 -0.5385176090969759 0.706014370370787
    outer loop
      vertex -5.2900672706322585 -7.281152949374527 11
      vertex -4.702282018339785 -6.47213595499958 12
      vertex -5.656854249492381 -5.656854249492381 12
    endloop
  endfacet
  facet normal -0.603837638708814 -0.3700321809093166 0.7060143703707867
    outer loop
      vertex -7.464874439233448 -4.9902610474441635 11
      vertex -7.128052193506943 -3.6319239979163744 12
      vertex -8.01905871769531 -4.085914497655922 11
    endloop
  endfacet
  facet normal -0.6038376387088141 -0.37003218090931655 0.7060143703707866
    outer loop
      vertex -7.281152949374527 -5.2900672706322585 11
      vertex -7.128052193506943 -3.6319239979163744 12
      vertex -7.464874439233448 -4.9902610474441635 11
    endloop
  endfacet
  facet normal -0.6542891816335237 -0.2710154527464794 0.7060143703707131
    outer loop
      vertex -8.01905871769531 -4.085914497655922 11
      vertex -7.608452130361228 -2.472135954999579 12
      vertex -8.065913241376435 -3.9727976711264197 10.99999999999998
    endloop
  endfacet
  facet normal -0.6542891816334101 -0.2710154527465629 0.7060143703707864
    outer loop
      vertex -8.512654122975258 -2.8942697759040272 10.999999999999998
      vertex -8.065913241376435 -3.9727976711264197 10.99999999999998
      vertex -7.608452130361228 -2.472135954999579 12
    endloop
  endfacet
  facet normal -0.654289181633416 -0.2710154527465497 0.7060143703707862
    outer loop
      vertex -8.559508646656381 -2.7811529493745266 10.999999999999998
      vertex -8.512654122975258 -2.8942697759040272 10.999999999999998
      vertex -7.608452130361228 -2.472135954999579 12
    endloop
  endfacet
  facet normal -0.6542891816334139 -0.271015452746553 0.7060143703707866
    outer loop
      vertex -8.01905871769531 -4.085914497655922 11
      vertex -7.128052193506943 -3.6319239979163744 12
      vertex -7.608452130361228 -2.472135954999579 12
    endloop
  endfacet
  facet normal -0.6886299534449007 -0.1653254246884503 0.706014370370786
    outer loop
      vertex -8.559508646656381 -2.7811529493745266 10.999999999999998
      vertex -7.901506724761102 -1.251475720321847 12
      vertex -8.807110763226948 -1.7498159101492456 10.999999999999998
    endloop
  endfacet
  facet normal -0.6886299534448986 -0.16532542468845582 0.7060143703707867
    outer loop
      vertex -8.807110763226948 -1.7498159101492456 10.999999999999998
      vertex -7.901506724761102 -1.251475720321847 12
      vertex -8.88919506535624 -1.407910185362078 11
    endloop
  endfacet
  facet normal -0.7060143703707867 -0.05556453599088847 0.706014370370787
    outer loop
      vertex -8.88919506535624 -1.407910185362078 11
      vertex -7.901506724761102 -1.251475720321847 12
      vertex -8.953754209846617 -0.587608477875062 11
    endloop
  endfacet
  facet normal -0.706014370370787 -0.055564535990889334 0.7060143703707866
    outer loop
      vertex -8.953754209846617 -0.587608477875062 11
      vertex -7.901506724761102 -1.251475720321847 12
      vertex -9 0 11
    endloop
  endfacet
  facet normal -0.6886299534449009 -0.16532542468845027 0.706014370370786
    outer loop
      vertex -8.559508646656381 -2.7811529493745266 10.999999999999998
      vertex -7.608452130361228 -2.472135954999579 12
      vertex -7.901506724761102 -1.251475720321847 12
    endloop
  endfacet
  facet normal 0 0 1
    outer loop
      vertex -7.608452130361228 -2.472135954999579 12
      vertex -7.128052193506943 -3.6319239979163744 12
      vertex -7.608452130361228 2.472135954999579 12
    endloop
  endfacet
  facet normal 0 0 1
    outer loop
      vertex -7.608452130361228 -2.472135954999579 12
      vertex -7.901506724761102 1.251475720321847 12
      vertex -7.901506724761102 -1.251475720321847 12
    endloop
  endfacet
  facet normal -0.7060143703707868 -0.05556453599088905 0.7060143703707868
    outer loop
      vertex -7.901506724761102 -1.251475720321847 12
      vertex -8 0 12
      vertex -9 0 11
    endloop
  endfacet
  facet normal -0.6038376387088138 -0.37003218090931667 0.7060143703707868
    outer loop
      vertex -7.281152949374527 -5.2900672706322585 11
      vertex -6.47213595499958 -4.702282018339785 12
      vertex -7.128052193506943 -3.6319239979163744 12
    endloop
  endfacet
  facet normal 0 0 1
    outer loop
      vertex -7.128052193506943 -3.6319239979163744 12
      vertex -6.47213595499958 -4.702282018339785 12
      vertex -7.128052193506943 3.6319239979163744 12
    endloop
  endfacet
  facet normal 0 0 1
    outer loop
      vertex -5.656854249492381 -5.656854249492381 12
      vertex -6.47213595499958 4.702282018339785 12
      vertex -6.47213595499958 -4.702282018339785 12
    endloop
  endfacet
  facet normal 0 0 1
    outer loop
      vertex -5.656854249492381 -5.656854249492381 12
      vertex -4.702282018339785 -6.47213595499958 12
      vertex -5.656854249492381 5.656854249492381 12
    endloop
  endfacet
  facet normal -0.37003218090931655 -0.603837638708814 0.706014370370787
    outer loop
      vertex -4.9902610474441635 -7.464874439233448 11
      vertex -4.085914497655922 -8.01905871769531 11
      vertex -4.702282018339785 -6.47213595499958 12
    endloop
  endfacet
  facet normal -0.2710154527465554 -0.6542891816334128 0.7060143703707868
    outer loop
      vertex -4.085914497655922 -8.01905871769531 11
      vertex -3.9727976711264197 -8.065913241376435 11
      vertex -3.6319239979163744 -7.128052193506943 12
    endloop
  endfacet
  facet normal -0.3700321809093168 -0.603837638708814 0.7060143703707866
    outer loop
      vertex -4.085914497655922 -8.01905871769531 11
      vertex -3.6319239979163744 -7.128052193506943 12
      vertex -4.702282018339785 -6.47213595499958 12
    endloop
  endfacet
  facet normal -0.27101545274655287 -0.6542891816334139 0.706014370370787
    outer loop
      vertex -3.9727976711264197 -8.065913241376435 11
      vertex -2.8942697759040272 -8.512654122975258 11
      vertex -3.6319239979163744 -7.128052193506943 12
    endloop
  endfacet
  facet normal -0.27101545274654854 -0.6542891816334131 0.7060143703707892
    outer loop
      vertex -2.8942697759040272 -8.512654122975258 11
      vertex -2.7811529493745266 -8.559508646656381 11
      vertex -3.6319239979163744 -7.128052193506943 12
    endloop
  endfacet
  facet normal -0.27101545274655303 -0.6542891816334141 0.7060143703707866
    outer loop
      vertex -2.7811529493745266 -8.559508646656381 11
      vertex -2.472135954999579 -7.608452130361228 12
      vertex -3.6319239979163744 -7.128052193506943 12
    endloop
  endfacet
  facet normal -0.16532542468845265 -0.6886299534449007 0.7060143703707853
    outer loop
      vertex -2.472135954999579 -7.608452130361228 12
      vertex -1.7498159101492456 -8.807110763226948 11
      vertex -1.407910185362078 -8.88919506535624 11
    endloop
  endfacet
  facet normal -0.16532542468845016 -0.6886299534449002 0.7060143703707866
    outer loop
      vertex -2.7811529493745266 -8.559508646656381 11
      vertex -1.7498159101492456 -8.807110763226948 11
      vertex -2.472135954999579 -7.608452130361228 12
    endloop
  endfacet
  facet normal -0.16532542468845005 -0.6886299534448997 0.706014370370787
    outer loop
      vertex -2.472135954999579 -7.608452130361228 12
      vertex -1.407910185362078 -8.88919506535624 11
      vertex -1.251475720321847 -7.901506724761102 12
    endloop
  endfacet
  facet normal -0.05556453599088845 -0.7060143703707868 0.7060143703707871
    outer loop
      vertex -1.407910185362078 -8.88919506535624 11
      vertex -0.5876084778750618 -8.953754209846617 11
      vertex -1.251475720321847 -7.901506724761102 12
    endloop
  endfacet
  facet normal -0.05556453599088936 -0.7060143703707871 0.7060143703707866
    outer loop
      vertex -1.251475720321847 -7.901506724761102 12
      vertex -0.5876084778750618 -8.953754209846617 11
      vertex 0 -9 11
    endloop
  endfacet
  facet normal -0.05556453599088905 -0.7060143703707868 0.7060143703707868
    outer loop
      vertex -1.251475720321847 -7.901506724761102 12
      vertex 0 -9 11
      vertex 0 -8 12
    endloop
  endfacet
  facet normal 0 0 1
    outer loop
      vertex -1.251475720321847 -7.901506724761102 12
      vertex 0 -8 12
      vertex -0.6809857496093202 -1.336509786282552 12
    endloop
  endfacet
  facet normal 0 0 1
    outer loop
      vertex -2.472135954999579 -7.608452130361228 12
      vertex -3.6319239979163744 7.128052193506943 12
      vertex -3.6319239979163744 -7.128052193506943 12
    endloop
  endfacet
  facet normal 0 0 1
    outer loop
      vertex -4.702282018339785 -6.47213595499958 12
      vertex -3.6319239979163744 -7.128052193506943 12
      vertex -4.702282018339785 6.47213595499958 12
    endloop
  endfacet
  facet normal 0 0 1
    outer loop
      vertex -2.472135954999579 -7.608452130361228 12
      vertex -1.251475720321847 -7.901506724761102 12
      vertex -2.472135954999579 7.608452130361228 12
    endloop
  endfacet
  facet normal 0 0 1
    outer loop
      vertex -1.251475720321847 -7.901506724761102 12
      vertex -1.2135254915624212 -0.8816778784387097 12
      vertex -1.336509786282552 -0.6809857496093202 12
    endloop
  endfacet
  facet normal 0 0 1
    outer loop
      vertex -1.251475720321847 -7.901506724761102 12
      vertex -1.336509786282552 -0.6809857496093202 12
      vertex -1.4265847744427302 -0.46352549156242107 12
    endloop
  endfacet
  facet normal 0 0 1
    outer loop
      vertex -1.251475720321847 -7.901506724761102 12
      vertex -1.4265847744427302 -0.46352549156242107 12
      vertex -1.4815325108927067 -0.23465169756034632 12
    endloop
  endfacet
  facet normal 0 0 1
    outer loop
      vertex -0.46352549156242107 -1.4265847744427302 12
      vertex 0 -8 12
      vertex -0.23465169756034632 -1.4815325108927067 12
    endloop
  endfacet
  facet normal 0 0 1
    outer loop
      vertex -0.23465169756034632 -1.4815325108927067 12
      vertex 0 -8 12
      vertex 0 -1.5 12
    endloop
  endfacet
  facet normal 0 0 1
    outer loop
      vertex -1.251475720321847 -7.901506724761102 12
      vertex -0.8816778784387097 -1.2135254915624212 12
      vertex -1.0606601717798214 -1.0606601717798214 12
    endloop
  endfacet
  facet normal 0 0 1
    outer loop
      vertex -1.251475720321847 -7.901506724761102 12
      vertex -0.6809857496093202 -1.336509786282552 12
      vertex -0.8816778784387097 -1.2135254915624212 12
    endloop
  endfacet
  facet normal 0 0 1
    outer loop
      vertex -1.251475720321847 -7.901506724761102 12
      vertex -1.0606601717798214 -1.0606601717798214 12
      vertex -1.2135254915624212 -0.8816778784387097 12
    endloop
  endfacet
  facet normal 0 0 1
    outer loop
      vertex -0.6809857496093202 -1.336509786282552 12
      vertex 0 -8 12
      vertex -0.46352549156242107 -1.4265847744427302 12
    endloop
  endfacet
  facet normal 0 0 1
    outer loop
      vertex -1.251475720321847 -7.901506724761102 12
      vertex -1.4815325108927067 -0.23465169756034632 12
      vertex -2.472135954999579 7.608452130361228 12
    endloop
  endfacet
  facet normal -0.706014370370787 0.05556453599088933 0.706014370370787
    outer loop
      vertex -9 0 11
      vertex -8 0 12
      vertex -8.953754209846617 0.587608477875062 11
    endloop
  endfacet
  facet normal -0.7060143703707872 0.0555645359908885 0.7060143703707867
    outer loop
      vertex -8.953754209846617 0.587608477875062 11
      vertex -8 0 12
      vertex -8.88919506535624 1.407910185362078 11
    endloop
  endfacet
  facet normal -0.6886299534448986 0.16532542468845582 0.7060143703707867
    outer loop
      vertex -8.88919506535624 1.407910185362078 11
      vertex -7.901506724761102 1.251475720321847 12
      vertex -8.807110763226948 1.7498159101492456 10.999999999999998
    endloop
  endfacet
  facet normal -0.6886299534449007 0.1653254246884503 0.706014370370786
    outer loop
      vertex -8.807110763226948 1.7498159101492456 10.999999999999998
      vertex -7.901506724761102 1.251475720321847 12
      vertex -8.559508646656381 2.7811529493745266 10.999999999999998
    endloop
  endfacet
  facet normal 0 0 1
    outer loop
      vertex -7.901506724761102 -1.251475720321847 12
      vertex -7.901506724761102 1.251475720321847 12
      vertex -8 0 12
    endloop
  endfacet
  facet normal -0.7060143703707866 0.055564535990889036 0.7060143703707871
    outer loop
      vertex -8.88919506535624 1.407910185362078 11
      vertex -8 0 12
      vertex -7.901506724761102 1.251475720321847 12
    endloop
  endfacet
  facet normal 0 0 1
    outer loop
      vertex -7.608452130361228 -2.472135954999579 12
      vertex -7.608452130361228 2.472135954999579 12
      vertex -7.901506724761102 1.251475720321847 12
    endloop
  endfacet
  facet normal 0 0 1
    outer loop
      vertex -7.128052193506943 -3.6319239979163744 12
      vertex -7.128052193506943 3.6319239979163744 12
      vertex -7.608452130361228 2.472135954999579 12
    endloop
  endfacet
  facet normal -0.6886299534449007 0.16532542468845027 0.706014370370786
    outer loop
      vertex -7.901506724761102 1.251475720321847 12
      vertex -7.608452130361228 2.472135954999579 12
      vertex -8.559508646656381 2.7811529493745266 10.999999999999998
    endloop
  endfacet
  facet normal -0.654289181633416 0.2710154527465497 0.7060143703707862
    outer loop
      vertex -8.559508646656381 2.7811529493745266 10.999999999999998
      vertex -7.608452130361228 2.472135954999579 12
      vertex -8.512654122975258 2.8942697759040272 10.999999999999998
    endloop
  endfacet
  facet normal -0.6542891816334147 0.2710154527465525 0.7060143703707862
    outer loop
      vertex -8.512654122975258 2.8942697759040272 10.999999999999998
      vertex -7.608452130361228 2.472135954999579 12
      vertex -8.065913241376435 3.972797671126418 11
    endloop
  endfacet
  facet normal -0.6542891816334151 0.27101545274655214 0.706014370370786
    outer loop
      vertex -7.608452130361228 2.472135954999579 12
      vertex -8.01905871769531 4.085914497655922 11
      vertex -8.065913241376435 3.972797671126418 11
    endloop
  endfacet
  facet normal -0.6542891816334139 0.271015452746553 0.7060143703707866
    outer loop
      vertex -7.608452130361228 2.472135954999579 12
      vertex -7.128052193506943 3.6319239979163744 12
      vertex -8.01905871769531 4.085914497655922 11
    endloop
  endfacet
  facet normal -0.603837638708814 0.3700321809093166 0.7060143703707867
    outer loop
      vertex -8.01905871769531 4.085914497655922 11
      vertex -7.128052193506943 3.6319239979163744 12
      vertex -7.464874439233448 4.9902610474441635 11
    endloop
  endfacet
  facet normal -0.6038376387088141 0.37003218090931655 0.7060143703707867
    outer loop
      vertex -7.128052193506943 3.6319239979163744 12
      vertex -7.281152949374527 5.2900672706322585 11
      vertex -7.464874439233448 4.9902610474441635 11
    endloop
  endfacet
  facet normal 0 0 1
    outer loop
      vertex -6.47213595499958 -4.702282018339785 12
      vertex -6.47213595499958 4.702282018339785 12
      vertex -7.128052193506943 3.6319239979163744 12
    endloop
  endfacet
  facet normal 0 0 1
    outer loop
      vertex -5.656854249492381 -5.656854249492381 12
      vertex -5.656854249492381 5.656854249492381 12
      vertex -6.47213595499958 4.702282018339785 12
    endloop
  endfacet
  facet normal 0 0 1
    outer loop
      vertex -4.702282018339785 -6.47213595499958 12
      vertex -4.702282018339785 6.47213595499958 12
      vertex -5.656854249492381 5.656854249492381 12
    endloop
  endfacet
  facet normal -0.6038376387088138 0.37003218090931667 0.7060143703707868
    outer loop
      vertex -7.128052193506943 3.6319239979163744 12
      vertex -6.47213595499958 4.702282018339785 12
      vertex -7.281152949374527 5.2900672706322585 11
    endloop
  endfacet
  facet normal -0.5385176090969751 0.45993748871169315 0.7060143703707868
    outer loop
      vertex -6.47213595499958 4.702282018339785 12
      vertex -6.746762258248302 5.9157583794719795 10.999999999999998
      vertex -7.281152949374527 5.2900672706322585 11
    endloop
  endfacet
  facet normal -0.5385176090969764 0.45993748871169243 0.7060143703707863
    outer loop
      vertex -6.47213595499958 4.702282018339785 12
      vertex -6.3639610306789285 6.3639610306789285 10.999999999999998
      vertex -6.746762258248302 5.9157583794719795 10.999999999999998
    endloop
  endfacet
  facet normal -0.5385176090969763 0.45993748871169243 0.7060143703707864
    outer loop
      vertex -6.47213595499958 4.702282018339785 12
      vertex -5.656854249492381 5.656854249492381 12
      vertex -6.3639610306789285 6.3639610306789285 10.999999999999998
    endloop
  endfacet
  facet normal -0.4599374887116924 0.5385176090969764 0.7060143703707864
    outer loop
      vertex -6.3639610306789285 6.3639610306789285 10.999999999999998
      vertex -5.656854249492381 5.656854249492381 12
      vertex -5.9157583794719795 6.746762258248302 10.999999999999998
    endloop
  endfacet
  facet normal -0.4599374887116937 0.5385176090969758 0.7060143703707861
    outer loop
      vertex -5.656854249492381 5.656854249492381 12
      vertex -5.2900672706322585 7.281152949374527 11
      vertex -5.9157583794719795 6.746762258248302 10.999999999999998
    endloop
  endfacet
  facet normal -0.4599374887116921 0.5385176090969759 0.706014370370787
    outer loop
      vertex -5.656854249492381 5.656854249492381 12
      vertex -4.702282018339785 6.47213595499958 12
      vertex -5.2900672706322585 7.281152949374527 11
    endloop
  endfacet
  facet normal -0.3700321809093165 0.603837638708814 0.706014370370787
    outer loop
      vertex -5.2900672706322585 7.281152949374527 11
      vertex -4.702282018339785 6.47213595499958 12
      vertex -4.9902610474441635 7.464874439233448 11
    endloop
  endfacet
  facet normal 0 0 1
    outer loop
      vertex -3.6319239979163744 -7.128052193506943 12
      vertex -3.6319239979163744 7.128052193506943 12
      vertex -4.702282018339785 6.47213595499958 12
    endloop
  endfacet
  facet normal 0 0 1
    outer loop
      vertex -2.472135954999579 -7.608452130361228 12
      vertex -2.472135954999579 7.608452130361228 12
      vertex -3.6319239979163744 7.128052193506943 12
    endloop
  endfacet
  facet normal 0 0 1
    outer loop
      vertex -1.4815325108927067 -0.23465169756034632 12
      vertex -1.5 0 12
      vertex -2.472135954999579 7.608452130361228 12
    endloop
  endfacet
  facet normal 0 0 1
    outer loop
      vertex -1.5 0 12
      vertex -1.4815325108927067 0.23465169756034632 12
      vertex -2.472135954999579 7.608452130361228 12
    endloop
  endfacet
  facet normal 0 0 1
    outer loop
      vertex -1.4815325108927067 0.23465169756034632 12
      vertex -1.4265847744427302 0.46352549156242107 12
      vertex -2.472135954999579 7.608452130361228 12
    endloop
  endfacet
  facet normal 0 0 1
    outer loop
      vertex -1.4265847744427302 0.46352549156242107 12
      vertex -1.336509786282552 0.6809857496093202 12
      vertex -2.472135954999579 7.608452130361228 12
    endloop
  endfacet
  facet normal 0 0 1
    outer loop
      vertex -1.336509786282552 0.6809857496093202 12
      vertex -1.2135254915624212 0.8816778784387097 12
      vertex -2.472135954999579 7.608452130361228 12
    endloop
  endfacet
  facet normal 0 0 1
    outer loop
      vertex -1.2135254915624212 0.8816778784387097 12
      vertex -1.0606601717798214 1.0606601717798214 12
      vertex -1.251475720321847 7.901506724761102 12
    endloop
  endfacet
  facet normal 0 0 1
    outer loop
      vertex -1.0606601717798214 1.0606601717798214 12
      vertex -0.8816778784387097 1.2135254915624212 12
      vertex -1.251475720321847 7.901506724761102 12
    endloop
  endfacet
  facet normal 0 0 1
    outer loop
      vertex -0.8816778784387097 1.2135254915624212 12
      vertex -0.6809857496093202 1.336509786282552 12
      vertex -1.251475720321847 7.901506724761102 12
    endloop
  endfacet
  facet normal 0 0 1
    outer loop
      vertex -0.6809857496093202 1.336509786282552 12
      vertex -0.46352549156242107 1.4265847744427302 12
      vertex -1.251475720321847 7.901506724761102 12
    endloop
  endfacet
  facet normal 0 0 1
    outer loop
      vertex -0.46352549156242107 1.4265847744427302 12
      vertex -0.23465169756034632 1.4815325108927067 12
      vertex -1.251475720321847 7.901506724761102 12
    endloop
  endfacet
  facet normal 0 0 1
    outer loop
      vertex -0.23465169756034632 1.4815325108927067 12
      vertex 0 1.5 12
      vertex -1.251475720321847 7.901506724761102 12
    endloop
  endfacet
  facet normal -0.3700321809093166 0.603837638708814 0.7060143703707868
    outer loop
      vertex -4.9902610474441635 7.464874439233448 11
      vertex -4.702282018339785 6.47213595499958 12
      vertex -4.085914497655922 8.01905871769531 11
    endloop
  endfacet
  facet normal -0.2710154527465554 0.6542891816334128 0.7060143703707867
    outer loop
      vertex -3.6319239979163744 7.128052193506943 12
      vertex -3.9727976711264197 8.065913241376435 11
      vertex -4.085914497655922 8.01905871769531 11
    endloop
  endfacet
  facet normal -0.3700321809093168 0.603837638708814 0.7060143703707868
    outer loop
      vertex -4.702282018339785 6.47213595499958 12
      vertex -3.6319239979163744 7.128052193506943 12
      vertex -4.085914497655922 8.01905871769531 11
    endloop
  endfacet
  facet normal -0.27101545274655287 0.6542891816334139 0.706014370370787
    outer loop
      vertex -3.6319239979163744 7.128052193506943 12
      vertex -2.8942697759040272 8.512654122975258 11
      vertex -3.9727976711264197 8.065913241376435 11
    endloop
  endfacet
  facet normal -0.27101545274654854 0.6542891816334131 0.7060143703707891
    outer loop
      vertex -3.6319239979163744 7.128052193506943 12
      vertex -2.7811529493745266 8.559508646656381 11
      vertex -2.8942697759040272 8.512654122975258 11
    endloop
  endfacet
  facet normal -0.27101545274655303 0.6542891816334141 0.7060143703707866
    outer loop
      vertex -3.6319239979163744 7.128052193506943 12
      vertex -2.472135954999579 7.608452130361228 12
      vertex -2.7811529493745266 8.559508646656381 11
    endloop
  endfacet
  facet normal 0 0 1
    outer loop
      vertex -1.2135254915624212 0.8816778784387097 12
      vertex -1.251475720321847 7.901506724761102 12
      vertex -2.472135954999579 7.608452130361228 12
    endloop
  endfacet
  facet normal 0 0 1
    outer loop
      vertex -1.251475720321847 7.901506724761102 12
      vertex 0 1.5 12
      vertex 0 8 12
    endloop
  endfacet
  facet normal -0.16532542468845016 0.6886299534449002 0.7060143703707866
    outer loop
      vertex -2.472135954999579 7.608452130361228 12
      vertex -1.7498159101492456 8.807110763226948 11
      vertex -2.7811529493745266 8.559508646656381 11
    endloop
  endfacet
  facet normal -0.16532542468845005 0.6886299534448997 0.706014370370787
    outer loop
      vertex -2.472135954999579 7.608452130361228 12
      vertex -1.251475720321847 7.901506724761102 12
      vertex -1.407910185362078 8.88919506535624 11
    endloop
  endfacet
  facet normal -0.16532542468845263 0.6886299534449006 0.7060143703707855
    outer loop
      vertex -2.472135954999579 7.608452130361228 12
      vertex -1.407910185362078 8.88919506535624 11
      vertex -1.7498159101492456 8.807110763226948 11
    endloop
  endfacet
  facet normal -0.05556453599088905 0.7060143703707868 0.7060143703707868
    outer loop
      vertex -1.251475720321847 7.901506724761102 12
      vertex 0 8 12
      vertex 0 9 11
    endloop
  endfacet
  facet normal -0.05556453599088845 0.7060143703707868 0.7060143703707871
    outer loop
      vertex -1.251475720321847 7.901506724761102 12
      vertex -0.5876084778750618 8.953754209846617 11
      vertex -1.407910185362078 8.88919506535624 11
    endloop
  endfacet
  facet normal -0.055564535990889355 0.706014370370787 0.7060143703707866
    outer loop
      vertex -1.251475720321847 7.901506724761102 12
      vertex 0 9 11
      vertex -0.5876084778750618 8.953754209846617 11
    endloop
  endfacet
  facet normal 0.055564535990889355 -0.706014370370787 0.7060143703707866
    outer loop
      vertex 0 -9 11
      vertex 0.5876084778750618 -8.953754209846617 11
      vertex 1.251475720321847 -7.901506724761102 12
    endloop
  endfacet
  facet normal 0.05556453599088845 -0.7060143703707868 0.7060143703707871
    outer loop
      vertex 0.5876084778750618 -8.953754209846617 11
      vertex 1.407910185362078 -8.88919506535624 11
      vertex 1.251475720321847 -7.901506724761102 12
    endloop
  endfacet
  facet normal 0.05556453599088905 -0.7060143703707868 0.7060143703707868
    outer loop
      vertex 0 -9 11
      vertex 1.251475720321847 -7.901506724761102 12
      vertex 0 -8 12
    endloop
  endfacet
  facet normal 0.16532542468845265 -0.6886299534449007 0.7060143703707854
    outer loop
      vertex 1.407910185362078 -8.88919506535624 11
      vertex 1.7498159101492456 -8.807110763226948 11
      vertex 2.472135954999579 -7.608452130361228 12
    endloop
  endfacet
  facet normal 0.16532542468845005 -0.6886299534448997 0.706014370370787
    outer loop
      vertex 1.407910185362078 -8.88919506535624 11
      vertex 2.472135954999579 -7.608452130361228 12
      vertex 1.251475720321847 -7.901506724761102 12
    endloop
  endfacet
  facet normal 0.16532542468845016 -0.6886299534449002 0.7060143703707866
    outer loop
      vertex 1.7498159101492456 -8.807110763226948 11
      vertex 2.7811529493745266 -8.559508646656381 11
      vertex 2.472135954999579 -7.608452130361228 12
    endloop
  endfacet
  facet normal 0 0 1
    outer loop
      vertex 0 -8 12
      vertex 1.251475720321847 -7.901506724761102 12
      vertex 0 -1.5 12
    endloop
  endfacet
  facet normal 0 0 1
    outer loop
      vertex 1.251475720321847 -7.901506724761102 12
      vertex 2.472135954999579 -7.608452130361228 12
      vertex 1.2135254915624212 -0.8816778784387097 12
    endloop
  endfacet
  facet normal 0.27101545274655303 -0.6542891816334141 0.7060143703707866
    outer loop
      vertex 2.7811529493745266 -8.559508646656381 11
      vertex 3.6319239979163744 -7.128052193506943 12
      vertex 2.472135954999579 -7.608452130361228 12
    endloop
  endfacet
  facet normal 0.27101545274654854 -0.6542891816334131 0.7060143703707892
    outer loop
      vertex 2.7811529493745266 -8.559508646656381 11
      vertex 2.8942697759040272 -8.512654122975258 11
      vertex 3.6319239979163744 -7.128052193506943 12
    endloop
  endfacet
  facet normal 0.27101545274655287 -0.6542891816334139 0.706014370370787
    outer loop
      vertex 2.8942697759040272 -8.512654122975258 11
      vertex 3.9727976711264197 -8.065913241376435 11
      vertex 3.6319239979163744 -7.128052193506943 12
    endloop
  endfacet
  facet normal 0.2710154527465554 -0.6542891816334128 0.7060143703707868
    outer loop
      vertex 3.9727976711264197 -8.065913241376435 11
      vertex 4.085914497655922 -8.01905871769531 11
      vertex 3.6319239979163744 -7.128052193506943 12
    endloop
  endfacet
  facet normal 0.3700321809093168 -0.603837638708814 0.7060143703707868
    outer loop
      vertex 4.085914497655922 -8.01905871769531 11
      vertex 4.702282018339785 -6.47213595499958 12
      vertex 3.6319239979163744 -7.128052193506943 12
    endloop
  endfacet
  facet normal 0.37003218090931655 -0.603837638708814 0.706014370370787
    outer loop
      vertex 4.085914497655922 -8.01905871769531 11
      vertex 4.9902610474441635 -7.464874439233448 11
      vertex 4.702282018339785 -6.47213595499958 12
    endloop
  endfacet
  facet normal 0 0 1
    outer loop
      vertex 1.251475720321847 -7.901506724761102 12
      vertex 0.23465169756034632 -1.4815325108927067 12
      vertex 0 -1.5 12
    endloop
  endfacet
  facet normal 0 0 1
    outer loop
      vertex 1.251475720321847 -7.901506724761102 12
      vertex 0.46352549156242107 -1.4265847744427302 12
      vertex 0.23465169756034632 -1.4815325108927067 12
    endloop
  endfacet
  facet normal 0 0 1
    outer loop
      vertex 1.251475720321847 -7.901506724761102 12
      vertex 0.6809857496093202 -1.336509786282552 12
      vertex 0.46352549156242107 -1.4265847744427302 12
    endloop
  endfacet
  facet normal 0 0 1
    outer loop
      vertex 1.251475720321847 -7.901506724761102 12
      vertex 0.8816778784387097 -1.2135254915624212 12
      vertex 0.6809857496093202 -1.336509786282552 12
    endloop
  endfacet
  facet normal 0 0 1
    outer loop
      vertex 1.251475720321847 -7.901506724761102 12
      vertex 1.0606601717798214 -1.0606601717798214 12
      vertex 0.8816778784387097 -1.2135254915624212 12
    endloop
  endfacet
  facet normal 0 0 1
    outer loop
      vertex 1.251475720321847 -7.901506724761102 12
      vertex 1.2135254915624212 -0.8816778784387097 12
      vertex 1.0606601717798214 -1.0606601717798214 12
    endloop
  endfacet
  facet normal 0 0 1
    outer loop
      vertex 2.472135954999579 -7.608452130361228 12
      vertex 1.336509786282552 -0.6809857496093202 12
      vertex 1.2135254915624212 -0.8816778784387097 12
    endloop
  endfacet
  facet normal 0 0 1
    outer loop
      vertex 2.472135954999579 -7.608452130361228 12
      vertex 1.4265847744427302 -0.46352549156242107 12
      vertex 1.336509786282552 -0.6809857496093202 12
    endloop
  endfacet
  facet normal 0 0 1
    outer loop
      vertex 2.472135954999579 -7.608452130361228 12
      vertex 1.4815325108927067 -0.23465169756034632 12
      vertex 1.4265847744427302 -0.46352549156242107 12
    endloop
  endfacet
  facet normal 0 0 1
    outer loop
      vertex 2.472135954999579 -7.608452130361228 12
      vertex 1.5 0 12
      vertex 1.4815325108927067 -0.23465169756034632 12
    endloop
  endfacet
  facet normal 0 0 1
    outer loop
      vertex 2.472135954999579 -7.608452130361228 12
      vertex 1.4815325108927067 0.23465169756034632 12
      vertex 1.5 0 12
    endloop
  endfacet
  facet normal 0 0 1
    outer loop
      vertex 2.472135954999579 -7.608452130361228 12
      vertex 3.6319239979163744 -7.128052193506943 12
      vertex 2.472135954999579 7.608452130361228 12
    endloop
  endfacet
  facet normal 0 0 1
    outer loop
      vertex 3.6319239979163744 -7.128052193506943 12
      vertex 4.702282018339785 -6.47213595499958 12
      vertex 3.6319239979163744 7.128052193506943 12
    endloop
  endfacet
  facet normal 0.3700321809093165 -0.603837638708814 0.706014370370787
    outer loop
      vertex 4.702282018339785 -6.47213595499958 12
      vertex 4.9902610474441635 -7.464874439233448 11
      vertex 5.2900672706322585 -7.281152949374527 11
    endloop
  endfacet
  facet normal 0.4599374887116921 -0.5385176090969759 0.706014370370787
    outer loop
      vertex 4.702282018339785 -6.47213595499958 12
      vertex 5.2900672706322585 -7.281152949374527 11
      vertex 5.656854249492381 -5.656854249492381 12
    endloop
  endfacet
  facet normal 0.45993748871169193 -0.538517609096976 0.7060143703707872
    outer loop
      vertex 5.2900672706322585 -7.281152949374527 11
      vertex 5.9157583794719795 -6.746762258248302 11
      vertex 5.656854249492381 -5.656854249492381 12
    endloop
  endfacet
  facet normal 0.459937488711692 -0.5385176090969759 0.7060143703707871
    outer loop
      vertex 5.9157583794719795 -6.746762258248302 11
      vertex 6.3639610306789285 -6.3639610306789285 11
      vertex 5.656854249492381 -5.656854249492381 12
    endloop
  endfacet
  facet normal 0.538517609096976 -0.45993748871169204 0.706014370370787
    outer loop
      vertex 6.3639610306789285 -6.3639610306789285 11
      vertex 6.746762258248302 -5.9157583794719795 11
      vertex 6.47213595499958 -4.702282018339785 12
    endloop
  endfacet
  facet normal 0.5385176090969759 -0.4599374887116921 0.7060143703707871
    outer loop
      vertex 5.656854249492381 -5.656854249492381 12
      vertex 6.3639610306789285 -6.3639610306789285 11
      vertex 6.47213595499958 -4.702282018339785 12
    endloop
  endfacet
  facet normal 0.5385176090969761 -0.45993748871169204 0.706014370370787
    outer loop
      vertex 6.746762258248302 -5.9157583794719795 11
      vertex 7.281152949374527 -5.2900672706322585 11
      vertex 6.47213595499958 -4.702282018339785 12
    endloop
  endfacet
  facet normal 0.6038376387088138 -0.37003218090931667 0.7060143703707868
    outer loop
      vertex 7.281152949374527 -5.2900672706322585 11
      vertex 7.128052193506943 -3.6319239979163744 12
      vertex 6.47213595499958 -4.702282018339785 12
    endloop
  endfacet
  facet normal 0 0 1
    outer loop
      vertex 4.702282018339785 -6.47213595499958 12
      vertex 5.656854249492381 -5.656854249492381 12
      vertex 4.702282018339785 6.47213595499958 12
    endloop
  endfacet
  facet normal 0 0 1
    outer loop
      vertex 5.656854249492381 -5.656854249492381 12
      vertex 6.47213595499958 -4.702282018339785 12
      vertex 5.656854249492381 5.656854249492381 12
    endloop
  endfacet
  facet normal 0 0 1
    outer loop
      vertex 6.47213595499958 -4.702282018339785 12
      vertex 7.128052193506943 -3.6319239979163744 12
      vertex 6.47213595499958 4.702282018339785 12
    endloop
  endfacet
  facet normal 0.6038376387088141 -0.37003218090931655 0.7060143703707867
    outer loop
      vertex 7.281152949374527 -5.2900672706322585 11
      vertex 7.464874439233448 -4.9902610474441635 11
      vertex 7.128052193506943 -3.6319239979163744 12
    endloop
  endfacet
  facet normal 0.603837638708814 -0.3700321809093166 0.7060143703707867
    outer loop
      vertex 7.464874439233448 -4.9902610474441635 11
      vertex 8.01905871769531 -4.085914497655922 11
      vertex 7.128052193506943 -3.6319239979163744 12
    endloop
  endfacet
  facet normal 0.6542891816334139 -0.271015452746553 0.7060143703707866
    outer loop
      vertex 7.128052193506943 -3.6319239979163744 12
      vertex 8.01905871769531 -4.085914497655922 11
      vertex 7.608452130361228 -2.472135954999579 12
    endloop
  endfacet
  facet normal 0.6542891816334112 -0.2710154527465548 0.7060143703707885
    outer loop
      vertex 8.01905871769531 -4.085914497655922 11
      vertex 8.065913241376435 -3.9727976711264197 11
      vertex 7.608452130361228 -2.472135954999579 12
    endloop
  endfacet
  facet normal 0.6542891816334291 -0.2710154527465416 0.706014370370777
    outer loop
      vertex 8.065913241376435 -3.9727976711264197 11
      vertex 8.512654122975258 -2.894269775904027 10.999999999999973
      vertex 7.608452130361228 -2.472135954999579 12
    endloop
  endfacet
  facet normal 0.6542891816333619 -0.2710154527466946 0.7060143703707805
    outer loop
      vertex 7.608452130361228 -2.472135954999579 12
      vertex 8.512654122975258 -2.894269775904027 10.999999999999973
      vertex 8.559508646656381 -2.7811529493745266 11
    endloop
  endfacet
  facet normal 0.6886299534449002 -0.16532542468845013 0.7060143703707865
    outer loop
      vertex 7.608452130361228 -2.472135954999579 12
      vertex 8.559508646656381 -2.7811529493745266 11
      vertex 7.901506724761102 -1.251475720321847 12
    endloop
  endfacet
  facet normal 0 0 1
    outer loop
      vertex 7.128052193506943 -3.6319239979163744 12
      vertex 7.608452130361228 -2.472135954999579 12
      vertex 7.128052193506943 3.6319239979163744 12
    endloop
  endfacet
  facet normal 0 0 1
    outer loop
      vertex 7.608452130361228 -2.472135954999579 12
      vertex 7.901506724761102 -1.251475720321847 12
      vertex 7.608452130361228 2.472135954999579 12
    endloop
  endfacet
  facet normal 0.7060143703707866 -0.055564535990889036 0.7060143703707871
    outer loop
      vertex 7.901506724761102 -1.251475720321847 12
      vertex 8.88919506535624 -1.407910185362078 11
      vertex 8 0 12
    endloop
  endfacet
  facet normal 0.6886299534449002 -0.16532542468845016 0.7060143703707866
    outer loop
      vertex 8.559508646656381 -2.7811529493745266 11
      vertex 8.807110763226948 -1.7498159101492456 11
      vertex 7.901506724761102 -1.251475720321847 12
    endloop
  endfacet
  facet normal 0.6886299534448993 -0.16532542468845232 0.706014370370787
    outer loop
      vertex 7.901506724761102 -1.251475720321847 12
      vertex 8.807110763226948 -1.7498159101492456 11
      vertex 8.88919506535624 -1.407910185362078 11
    endloop
  endfacet
  facet normal 0.7060143703707872 -0.05556453599088849 0.7060143703707865
    outer loop
      vertex 8.88919506535624 -1.407910185362078 11
      vertex 8.953754209846617 -0.5876084778750619 11
      vertex 8 0 12
    endloop
  endfacet
  facet normal 0.7060143703707868 -0.055564535990889334 0.7060143703707868
    outer loop
      vertex 8.953754209846617 -0.5876084778750619 11
      vertex 9 0 11
      vertex 8 0 12
    endloop
  endfacet
  facet normal 0 0 1
    outer loop
      vertex 2.472135954999579 -7.608452130361228 12
      vertex 1.251475720321847 7.901506724761102 12
      vertex 1.4815325108927067 0.23465169756034632 12
    endloop
  endfacet
  facet normal 0 0 1
    outer loop
      vertex 0.46352549156242107 1.4265847744427302 12
      vertex 0.6809857496093202 1.336509786282552 12
      vertex 0 8 12
    endloop
  endfacet
  facet normal 0 0 1
    outer loop
      vertex 1.0606601717798214 1.0606601717798214 12
      vertex 1.2135254915624212 0.8816778784387097 12
      vertex 1.251475720321847 7.901506724761102 12
    endloop
  endfacet
  facet normal 0 0 1
    outer loop
      vertex 0.6809857496093202 1.336509786282552 12
      vertex 0.8816778784387097 1.2135254915624212 12
      vertex 1.251475720321847 7.901506724761102 12
    endloop
  endfacet
  facet normal 0 0 1
    outer loop
      vertex 1.0606601717798214 1.0606601717798214 12
      vertex 1.251475720321847 7.901506724761102 12
      vertex 0.8816778784387097 1.2135254915624212 12
    endloop
  endfacet
  facet normal 0 0 1
    outer loop
      vertex 0.23465169756034632 1.4815325108927067 12
      vertex 0 8 12
      vertex 0 1.5 12
    endloop
  endfacet
  facet normal 0 0 1
    outer loop
      vertex 0.23465169756034632 1.4815325108927067 12
      vertex 0.46352549156242107 1.4265847744427302 12
      vertex 0 8 12
    endloop
  endfacet
  facet normal 0 0 1
    outer loop
      vertex 1.4815325108927067 0.23465169756034632 12
      vertex 1.251475720321847 7.901506724761102 12
      vertex 1.4265847744427302 0.46352549156242107 12
    endloop
  endfacet
  facet normal 0 0 1
    outer loop
      vertex 1.4265847744427302 0.46352549156242107 12
      vertex 1.251475720321847 7.901506724761102 12
      vertex 1.336509786282552 0.6809857496093202 12
    endloop
  endfacet
  facet normal 0 0 1
    outer loop
      vertex 1.336509786282552 0.6809857496093202 12
      vertex 1.251475720321847 7.901506724761102 12
      vertex 1.2135254915624212 0.8816778784387097 12
    endloop
  endfacet
  facet normal 0 0 1
    outer loop
      vertex 2.472135954999579 -7.608452130361228 12
      vertex 2.472135954999579 7.608452130361228 12
      vertex 1.251475720321847 7.901506724761102 12
    endloop
  endfacet
  facet normal 0 0 1
    outer loop
      vertex 4.702282018339785 -6.47213595499958 12
      vertex 4.702282018339785 6.47213595499958 12
      vertex 3.6319239979163744 7.128052193506943 12
    endloop
  endfacet
  facet normal 0 0 1
    outer loop
      vertex 3.6319239979163744 -7.128052193506943 12
      vertex 3.6319239979163744 7.128052193506943 12
      vertex 2.472135954999579 7.608452130361228 12
    endloop
  endfacet
  facet normal 0 0 1
    outer loop
      vertex 0.6809857496093202 1.336509786282552 12
      vertex 1.251475720321847 7.901506724761102 12
      vertex 0 8 12
    endloop
  endfacet
  facet normal 0.05556453599088905 0.7060143703707868 0.7060143703707868
    outer loop
      vertex 0 8 12
      vertex 1.251475720321847 7.901506724761102 12
      vertex 0 9 11
    endloop
  endfacet
  facet normal 0.055564535990889355 0.706014370370787 0.7060143703707866
    outer loop
      vertex 0.5876084778750618 8.953754209846617 11
      vertex 0 9 11
      vertex 1.251475720321847 7.901506724761102 12
    endloop
  endfacet
  facet normal 0.055564535990888446 0.7060143703707867 0.706014370370787
    outer loop
      vertex 0.5876084778750618 8.953754209846617 11
      vertex 1.251475720321847 7.901506724761102 12
      vertex 1.407910185362078 8.88919506535624 11
    endloop
  endfacet
  facet normal 0.16532542468845005 0.6886299534448997 0.706014370370787
    outer loop
      vertex 1.251475720321847 7.901506724761102 12
      vertex 2.472135954999579 7.608452130361228 12
      vertex 1.407910185362078 8.88919506535624 11
    endloop
  endfacet
  facet normal 0.16532542468845016 0.6886299534449002 0.7060143703707866
    outer loop
      vertex 1.7498159101492456 8.807110763226948 11
      vertex 2.472135954999579 7.608452130361228 12
      vertex 2.7811529493745266 8.559508646656381 11
    endloop
  endfacet
  facet normal 0.16532542468845265 0.6886299534449007 0.7060143703707854
    outer loop
      vertex 1.407910185362078 8.88919506535624 11
      vertex 2.472135954999579 7.608452130361228 12
      vertex 1.7498159101492456 8.807110763226948 11
    endloop
  endfacet
  facet normal 0.27101545274655303 0.654289181633414 0.7060143703707866
    outer loop
      vertex 3.6319239979163744 7.128052193506943 12
      vertex 2.7811529493745266 8.559508646656381 11
      vertex 2.472135954999579 7.608452130361228 12
    endloop
  endfacet
  facet normal 0.27101545274654854 0.6542891816334132 0.706014370370789
    outer loop
      vertex 3.6319239979163744 7.128052193506943 12
      vertex 2.8942697759040272 8.512654122975258 11
      vertex 2.7811529493745266 8.559508646656381 11
    endloop
  endfacet
  facet normal 0.27101545274655287 0.6542891816334139 0.706014370370787
    outer loop
      vertex 3.6319239979163744 7.128052193506943 12
      vertex 3.9727976711264197 8.065913241376435 11
      vertex 2.8942697759040272 8.512654122975258 11
    endloop
  endfacet
  facet normal 0.2710154527465554 0.6542891816334128 0.7060143703707868
    outer loop
      vertex 3.6319239979163744 7.128052193506943 12
      vertex 4.085914497655922 8.01905871769531 11
      vertex 3.9727976711264197 8.065913241376435 11
    endloop
  endfacet
  facet normal 0.3700321809093168 0.603837638708814 0.7060143703707868
    outer loop
      vertex 3.6319239979163744 7.128052193506943 12
      vertex 4.702282018339785 6.47213595499958 12
      vertex 4.085914497655922 8.01905871769531 11
    endloop
  endfacet
  facet normal 0.3700321809093166 0.603837638708814 0.7060143703707868
    outer loop
      vertex 4.702282018339785 6.47213595499958 12
      vertex 4.9902610474441635 7.464874439233448 11
      vertex 4.085914497655922 8.01905871769531 11
    endloop
  endfacet
  facet normal 0 0 1
    outer loop
      vertex 5.656854249492381 -5.656854249492381 12
      vertex 5.656854249492381 5.656854249492381 12
      vertex 4.702282018339785 6.47213595499958 12
    endloop
  endfacet
  facet normal 0 0 1
    outer loop
      vertex 6.47213595499958 -4.702282018339785 12
      vertex 6.47213595499958 4.702282018339785 12
      vertex 5.656854249492381 5.656854249492381 12
    endloop
  endfacet
  facet normal 0 0 1
    outer loop
      vertex 7.128052193506943 -3.6319239979163744 12
      vertex 7.128052193506943 3.6319239979163744 12
      vertex 6.47213595499958 4.702282018339785 12
    endloop
  endfacet
  facet normal 0.6038376387088138 0.37003218090931667 0.7060143703707868
    outer loop
      vertex 6.47213595499958 4.702282018339785 12
      vertex 7.128052193506943 3.6319239979163744 12
      vertex 7.281152949374527 5.2900672706322585 11
    endloop
  endfacet
  facet normal 0 0 1
    outer loop
      vertex 7.901506724761102 -1.251475720321847 12
      vertex 8 0 12
      vertex 7.901506724761102 1.251475720321847 12
    endloop
  endfacet
  facet normal 0.7060143703707868 0.05556453599088905 0.7060143703707868
    outer loop
      vertex 8 0 12
      vertex 9 0 11
      vertex 7.901506724761102 1.251475720321847 12
    endloop
  endfacet
  facet normal 0 0 1
    outer loop
      vertex 7.901506724761102 -1.251475720321847 12
      vertex 7.901506724761102 1.251475720321847 12
      vertex 7.608452130361228 2.472135954999579 12
    endloop
  endfacet
  facet normal 0 0 1
    outer loop
      vertex 7.608452130361228 -2.472135954999579 12
      vertex 7.608452130361228 2.472135954999579 12
      vertex 7.128052193506943 3.6319239979163744 12
    endloop
  endfacet
  facet normal 0.6886299534449002 0.16532542468845013 0.7060143703707866
    outer loop
      vertex 7.901506724761102 1.251475720321847 12
      vertex 8.559508646656381 2.7811529493745266 11
      vertex 7.608452130361228 2.472135954999579 12
    endloop
  endfacet
  facet normal 0.7060143703707871 0.05556453599088935 0.7060143703707865
    outer loop
      vertex 7.901506724761102 1.251475720321847 12
      vertex 9 0 11
      vertex 8.953754209846617 0.5876084778750619 11
    endloop
  endfacet
  facet normal 0.7060143703707868 0.05556453599088847 0.7060143703707871
    outer loop
      vertex 7.901506724761102 1.251475720321847 12
      vertex 8.953754209846617 0.5876084778750619 11
      vertex 8.88919506535624 1.407910185362078 11
    endloop
  endfacet
  facet normal 0.6886299534448993 0.16532542468845232 0.706014370370787
    outer loop
      vertex 7.901506724761102 1.251475720321847 12
      vertex 8.88919506535624 1.407910185362078 11
      vertex 8.807110763226948 1.7498159101492456 11
    endloop
  endfacet
  facet normal 0.6886299534449002 0.16532542468845016 0.7060143703707866
    outer loop
      vertex 7.901506724761102 1.251475720321847 12
      vertex 8.807110763226948 1.7498159101492456 11
      vertex 8.559508646656381 2.7811529493745266 11
    endloop
  endfacet
  facet normal 0.6542891816334139 0.271015452746553 0.7060143703707866
    outer loop
      vertex 7.128052193506943 3.6319239979163744 12
      vertex 7.608452130361228 2.472135954999579 12
      vertex 8.01905871769531 4.085914497655922 11
    endloop
  endfacet
  facet normal 0.6542891816334153 0.2710154527465494 0.7060143703707867
    outer loop
      vertex 7.608452130361228 2.472135954999579 12
      vertex 8.559508646656381 2.7811529493745266 11
      vertex 8.512654122975258 2.8942697759040272 11
    endloop
  endfacet
  facet normal 0.6542891816334091 0.2710154527465637 0.7060143703707871
    outer loop
      vertex 7.608452130361228 2.472135954999579 12
      vertex 8.512654122975258 2.8942697759040272 11
      vertex 8.065913241376435 3.9727976711264197 10.99999999999998
    endloop
  endfacet
  facet normal 0.6542891816335237 0.2710154527464794 0.7060143703707132
    outer loop
      vertex 7.608452130361228 2.472135954999579 12
      vertex 8.065913241376435 3.9727976711264197 10.99999999999998
      vertex 8.01905871769531 4.085914497655922 11
    endloop
  endfacet
  facet normal 0.6038376387088141 0.37003218090931655 0.7060143703707867
    outer loop
      vertex 7.128052193506943 3.6319239979163744 12
      vertex 7.464874439233448 4.9902610474441635 11
      vertex 7.281152949374527 5.2900672706322585 11
    endloop
  endfacet
  facet normal 0.603837638708814 0.3700321809093166 0.7060143703707867
    outer loop
      vertex 7.128052193506943 3.6319239979163744 12
      vertex 8.01905871769531 4.085914497655922 11
      vertex 7.464874439233448 4.9902610474441635 11
    endloop
  endfacet
  facet normal 0.4599374887116921 0.5385176090969759 0.706014370370787
    outer loop
      vertex 4.702282018339785 6.47213595499958 12
      vertex 5.656854249492381 5.656854249492381 12
      vertex 5.2900672706322585 7.281152949374527 11
    endloop
  endfacet
  facet normal 0.3700321809093165 0.603837638708814 0.706014370370787
    outer loop
      vertex 4.702282018339785 6.47213595499958 12
      vertex 5.2900672706322585 7.281152949374527 11
      vertex 4.9902610474441635 7.464874439233448 11
    endloop
  endfacet
  facet normal 0.45993748871169193 0.538517609096976 0.7060143703707872
    outer loop
      vertex 5.656854249492381 5.656854249492381 12
      vertex 5.9157583794719795 6.746762258248302 11
      vertex 5.2900672706322585 7.281152949374527 11
    endloop
  endfacet
  facet normal 0.459937488711692 0.5385176090969759 0.7060143703707871
    outer loop
      vertex 5.656854249492381 5.656854249492381 12
      vertex 6.3639610306789285 6.3639610306789285 11
      vertex 5.9157583794719795 6.746762258248302 11
    endloop
  endfacet
  facet normal 0.538517609096976 0.45993748871169204 0.7060143703707868
    outer loop
      vertex 6.47213595499958 4.702282018339785 12
      vertex 6.746762258248302 5.9157583794719795 11
      vertex 6.3639610306789285 6.3639610306789285 11
    endloop
  endfacet
  facet normal 0.5385176090969759 0.4599374887116921 0.7060143703707871
    outer loop
      vertex 6.47213595499958 4.702282018339785 12
      vertex 6.3639610306789285 6.3639610306789285 11
      vertex 5.656854249492381 5.656854249492381 12
    endloop
  endfacet
  facet normal 0.5385176090969761 0.45993748871169204 0.706014370370787
    outer loop
      vertex 6.47213595499958 4.702282018339785 12
      vertex 7.281152949374527 5.2900672706322585 11
      vertex 6.746762258248302 5.9157583794719795 11
    endloop
  endfacet
  facet normal 0.9238795325112871 0.3826834323650893 0
    outer loop
      vertex -2.7398450618792314 -1.3960207866991066 0.59
      vertex -2.924498787607597 -0.9502272577029633 0.59
      vertex -2.7398450618792314 -1.3960207866991066 9.99
    endloop
  endfacet
  facet normal 0.8526401643540922 0.522498564715949 0
    outer loop
      vertex -2.4877272577029634 -1.807439650799355 0.59
      vertex -2.7398450618792314 -1.3960207866991066 0.59
      vertex -2.4877272577029634 -1.807439650799355 9.99
    endloop
  endfacet
  facet normal 0.9969173337331281 0.07845909572784479 0
    outer loop
      vertex -3.0371416473300488 -0.48103597999870995 0.59
      vertex -3.075 0 0.59
      vertex -3.0371416473300488 -0.48103597999870995 9.99
    endloop
  endfacet
  facet normal 0.9723699203976764 0.233445363855906 6.432701428335229e-19
    outer loop
      vertex -3.0371416473300488 -0.48103597999870995 0.59
      vertex -2.924498787607597 -0.9502272577029633 9.99
      vertex -2.924498787607597 -0.9502272577029633 0.59
    endloop
  endfacet
  facet normal 0.5224985647159532 0.8526401643540896 4.120920015153766e-20
    outer loop
      vertex -1.807439650799355 -2.4877272577029634 0.59
      vertex -1.7817266342936198 -2.5034842144831333 9
      vertex -1.7817266342936198 -2.5034842144831333 0.59
    endloop
  endfacet
  facet normal 0.38268343236508867 0.9238795325112872 -6.801258916804841e-19
    outer loop
      vertex -0.9502272577029633 -2.924498787607597 0.59
      vertex -1.2765050375991658 -2.789350106073607 0.59
      vertex -1.2765050375991658 -2.789350106073607 9
    endloop
  endfacet
  facet normal 0.233445363855906 0.9723699203976764 6.432701428335229e-19
    outer loop
      vertex -0.9502272577029633 -2.924498787607597 0.59
      vertex -0.48103597999870995 -3.0371416473300488 9.99
      vertex -0.48103597999870995 -3.0371416473300488 0.59
    endloop
  endfacet
  facet normal 0.07845909572784479 0.9969173337331281 -1.4691481582453539e-19
    outer loop
      vertex -0.48103597999870995 -3.0371416473300488 0.59
      vertex 0 -3.075 9.99
      vertex 0 -3.075 0.59
    endloop
  endfacet
  facet normal 0.760405965600031 0.6494480483301837 7.297114625398112e-19
    outer loop
      vertex -2.4877272577029634 -1.807439650799355 0.59
      vertex -2.174353352148634 -2.174353352148634 9.99
      vertex -2.174353352148634 -2.174353352148634 0.59
    endloop
  endfacet
  facet normal 0.6494480483301837 0.760405965600031 0
    outer loop
      vertex -1.807439650799355 -2.4877272577029634 0.59
      vertex -2.174353352148634 -2.174353352148634 0.59
      vertex -1.807439650799355 -2.4877272577029634 9.99
    endloop
  endfacet
  facet normal 0.8526401643540922 0.522498564715949 0
    outer loop
      vertex -2.7398450618792314 -1.3960207866991066 0.59
      vertex -2.7398450618792314 -1.3960207866991066 9.99
      vertex -2.4877272577029634 -1.807439650799355 9.99
    endloop
  endfacet
  facet normal 0.9969173337331281 0.07845909572784479 -1.4691481582453539e-19
    outer loop
      vertex -3.0371416473300488 -0.48103597999870995 9.99
      vertex -3.075 0 0.59
      vertex -3.075 0 9.99
    endloop
  endfacet
  facet normal 0.9238795325112871 0.3826834323650893 0
    outer loop
      vertex -2.924498787607597 -0.9502272577029633 0.59
      vertex -2.924498787607597 -0.9502272577029633 9.99
      vertex -2.7398450618792314 -1.3960207866991066 9.99
    endloop
  endfacet
  facet normal 0.9723699203976764 0.233445363855906 0
    outer loop
      vertex -3.0371416473300488 -0.48103597999870995 0.59
      vertex -3.0371416473300488 -0.48103597999870995 9.99
      vertex -2.924498787607597 -0.9502272577029633 9.99
    endloop
  endfacet
  facet normal 0.522498564715953 0.8526401643540896 0
    outer loop
      vertex -1.807439650799355 -2.4877272577029634 0.59
      vertex -1.807439650799355 -2.4877272577029634 9.99
      vertex -1.7817266342936198 -2.5034842144831333 9
    endloop
  endfacet
  facet normal 0.3826834323650887 0.9238795325112872 0
    outer loop
      vertex -0.9502272577029633 -2.924498787607597 0.59
      vertex -1.2765050375991658 -2.789350106073607 9
      vertex -0.9502272577029633 -2.924498787607597 9.99
    endloop
  endfacet
  facet normal 0.233445363855906 0.9723699203976764 0
    outer loop
      vertex -0.9502272577029633 -2.924498787607597 0.59
      vertex -0.9502272577029633 -2.924498787607597 9.99
      vertex -0.48103597999870995 -3.0371416473300488 9.99
    endloop
  endfacet
  facet normal 0.07845909572784479 0.9969173337331281 0
    outer loop
      vertex -0.48103597999870995 -3.0371416473300488 0.59
      vertex -0.48103597999870995 -3.0371416473300488 9.99
      vertex 0 -3.075 9.99
    endloop
  endfacet
  facet normal 0.760405965600031 0.6494480483301837 0
    outer loop
      vertex -2.4877272577029634 -1.807439650799355 0.59
      vertex -2.4877272577029634 -1.807439650799355 9.99
      vertex -2.174353352148634 -2.174353352148634 9.99
    endloop
  endfacet
  facet normal 0.6494480483301837 0.760405965600031 0
    outer loop
      vertex -2.174353352148634 -2.174353352148634 0.59
      vertex -2.174353352148634 -2.174353352148634 9.99
      vertex -1.807439650799355 -2.4877272577029634 9.99
    endloop
  endfacet
  facet normal 0 0 -1
    outer loop
      vertex -2.4877272577029634 -1.807439650799355 9.99
      vertex -2.7398450618792314 -1.3960207866991066 9.99
      vertex -2.7398450618792314 1.3960207866991066 9.99
    endloop
  endfacet
  facet normal 0 0 -1
    outer loop
      vertex -2.7398450618792314 -1.3960207866991066 9.99
      vertex -2.924498787607597 -0.9502272577029633 9.99
      vertex -2.924498787607597 0.9502272577029633 9.99
    endloop
  endfacet
  facet normal 0 0 -1
    outer loop
      vertex -3.0371416473300488 -0.48103597999870995 9.99
      vertex -3.0371416473300488 0.48103597999870995 9.99
      vertex -2.924498787607597 -0.9502272577029633 9.99
    endloop
  endfacet
  facet normal 0.5224985647159487 0.8526401643540924 0
    outer loop
      vertex -1.3960207866991066 -2.7398450618792314 9.99
      vertex -1.3960207866991066 -2.7398450618792314 9
      vertex -1.7817266342936198 -2.5034842144831333 9
    endloop
  endfacet
  facet normal 0.3826834323650906 0.9238795325112865 -7.390380950874317e-16
    outer loop
      vertex -0.9502272577029633 -2.924498787607597 9.99
      vertex -1.2765050375991658 -2.789350106073607 9
      vertex -1.3960207866991066 -2.7398450618792314 9
    endloop
  endfacet
  facet normal 0.5224985647159489 0.8526401643540922 -1.4802465762238416e-16
    outer loop
      vertex -1.807439650799355 -2.4877272577029634 9.99
      vertex -1.3960207866991066 -2.7398450618792314 9.99
      vertex -1.7817266342936198 -2.5034842144831333 9
    endloop
  endfacet
  facet normal 0.3826834323650892 0.923879532511287 0
    outer loop
      vertex -1.3960207866991066 -2.7398450618792314 9.99
      vertex -0.9502272577029633 -2.924498787607597 9.99
      vertex -1.3960207866991066 -2.7398450618792314 9
    endloop
  endfacet
  facet normal 0 0 -1
    outer loop
      vertex -0.9502272577029633 -2.924498787607597 9.99
      vertex -0.46352549156242107 -1.4265847744427302 9.99
      vertex -0.48103597999870995 -3.0371416473300488 9.99
    endloop
  endfacet
  facet normal 0 0 -1
    outer loop
      vertex -0.48103597999870995 -3.0371416473300488 9.99
      vertex 0 -1.5 9.99
      vertex 0 -3.075 9.99
    endloop
  endfacet
  facet normal 0 0 -1
    outer loop
      vertex -1.3960207866991066 -2.7398450618792314 9.99
      vertex -1.2135254915624212 -0.8816778784387097 9.99
      vertex -1.0606601717798214 -1.0606601717798214 9.99
    endloop
  endfacet
  facet normal 0 0 -1
    outer loop
      vertex -1.3960207866991066 -2.7398450618792314 9.99
      vertex -1.4265847744427302 -0.46352549156242107 9.99
      vertex -1.336509786282552 -0.6809857496093202 9.99
    endloop
  endfacet
  facet normal 0 0 -1
    outer loop
      vertex -1.3960207866991066 -2.7398450618792314 9.99
      vertex -1.336509786282552 -0.6809857496093202 9.99
      vertex -1.2135254915624212 -0.8816778784387097 9.99
    endloop
  endfacet
  facet normal 0 0 -1
    outer loop
      vertex -2.4877272577029634 -1.807439650799355 9.99
      vertex -2.4877272577029634 1.807439650799355 9.99
      vertex -2.174353352148634 -2.174353352148634 9.99
    endloop
  endfacet
  facet normal 0 0 -1
    outer loop
      vertex -1.807439650799355 -2.4877272577029634 9.99
      vertex -2.174353352148634 -2.174353352148634 9.99
      vertex -2.174353352148634 2.174353352148634 9.99
    endloop
  endfacet
  facet normal 0 0 -1
    outer loop
      vertex -1.807439650799355 -2.4877272577029634 9.99
      vertex -1.807439650799355 2.4877272577029634 9.99
      vertex -1.3960207866991066 -2.7398450618792314 9.99
    endloop
  endfacet
  facet normal 0 0 -1
    outer loop
      vertex -1.3960207866991066 -2.7398450618792314 9.99
      vertex -1.4815325108927067 -0.23465169756034632 9.99
      vertex -1.4265847744427302 -0.46352549156242107 9.99
    endloop
  endfacet
  facet normal 0 0 -1
    outer loop
      vertex -1.3960207866991066 -2.7398450618792314 9.99
      vertex -1.807439650799355 2.4877272577029634 9.99
      vertex -1.4815325108927067 -0.23465169756034632 9.99
    endloop
  endfacet
  facet normal 0 0 -1
    outer loop
      vertex -1.3960207866991066 -2.7398450618792314 9.99
      vertex -1.0606601717798214 -1.0606601717798214 9.99
      vertex -0.9502272577029633 -2.924498787607597 9.99
    endloop
  endfacet
  facet normal 0 0 -1
    outer loop
      vertex -0.9502272577029633 -2.924498787607597 9.99
      vertex -0.8816778784387097 -1.2135254915624212 9.99
      vertex -0.6809857496093202 -1.336509786282552 9.99
    endloop
  endfacet
  facet normal 0 0 -1
    outer loop
      vertex -0.9502272577029633 -2.924498787607597 9.99
      vertex -0.6809857496093202 -1.336509786282552 9.99
      vertex -0.46352549156242107 -1.4265847744427302 9.99
    endloop
  endfacet
  facet normal 0 0 -1
    outer loop
      vertex -0.9502272577029633 -2.924498787607597 9.99
      vertex -1.0606601717798214 -1.0606601717798214 9.99
      vertex -0.8816778784387097 -1.2135254915624212 9.99
    endloop
  endfacet
  facet normal 0 0 -1
    outer loop
      vertex -0.48103597999870995 -3.0371416473300488 9.99
      vertex -0.46352549156242107 -1.4265847744427302 9.99
      vertex -0.23465169756034632 -1.4815325108927067 9.99
    endloop
  endfacet
  facet normal 0 0 -1
    outer loop
      vertex -0.48103597999870995 -3.0371416473300488 9.99
      vertex -0.23465169756034632 -1.4815325108927067 9.99
      vertex 0 -1.5 9.99
    endloop
  endfacet
  facet normal 0.9969173337331281 -0.07845909572784479 0
    outer loop
      vertex -3.075 0 0.59
      vertex -3.0371416473300488 0.48103597999870995 0.59
      vertex -3.075 0 9.99
    endloop
  endfacet
  facet normal 0.9723699203976764 -0.233445363855906 0
    outer loop
      vertex -3.0371416473300488 0.48103597999870995 0.59
      vertex -2.924498787607597 0.9502272577029633 0.59
      vertex -3.0371416473300488 0.48103597999870995 9.99
    endloop
  endfacet
  facet normal 0.9238795325112871 -0.3826834323650893 0
    outer loop
      vertex -2.924498787607597 0.9502272577029633 0.59
      vertex -2.7398450618792314 1.3960207866991066 0.59
      vertex -2.924498787607597 0.9502272577029633 9.99
    endloop
  endfacet
  facet normal 0.8526401643540922 -0.522498564715949 0
    outer loop
      vertex -2.7398450618792314 1.3960207866991066 0.59
      vertex -2.4877272577029634 1.807439650799355 0.59
      vertex -2.7398450618792314 1.3960207866991066 9.99
    endloop
  endfacet
  facet normal 0.760405965600031 -0.6494480483301837 0
    outer loop
      vertex -2.4877272577029634 1.807439650799355 0.59
      vertex -2.174353352148634 2.174353352148634 0.59
      vertex -2.4877272577029634 1.807439650799355 9.99
    endloop
  endfacet
  facet normal 0.6494480483301837 -0.760405965600031 0
    outer loop
      vertex -2.174353352148634 2.174353352148634 0.59
      vertex -1.807439650799355 2.4877272577029634 0.59
      vertex -2.174353352148634 2.174353352148634 9.99
    endloop
  endfacet
  facet normal 0.5224985647159532 -0.8526401643540896 -4.120920015153766e-20
    outer loop
      vertex -1.807439650799355 2.4877272577029634 0.59
      vertex -1.7817266342936198 2.5034842144831333 0.59
      vertex -1.7817266342936198 2.5034842144831333 9
    endloop
  endfacet
  facet normal 0.38268343236508867 -0.9238795325112872 6.801258916804841e-19
    outer loop
      vertex -0.9502272577029633 2.924498787607597 0.59
      vertex -1.2765050375991658 2.789350106073607 9
      vertex -1.2765050375991658 2.789350106073607 0.59
    endloop
  endfacet
  facet normal 0.233445363855906 -0.9723699203976764 0
    outer loop
      vertex -0.9502272577029633 2.924498787607597 0.59
      vertex -0.48103597999870995 3.0371416473300488 0.59
      vertex -0.9502272577029633 2.924498787607597 9.99
    endloop
  endfacet
  facet normal 0.07845909572784479 -0.9969173337331281 0
    outer loop
      vertex -0.48103597999870995 3.0371416473300488 0.59
      vertex 0 3.075 0.59
      vertex -0.48103597999870995 3.0371416473300488 9.99
    endloop
  endfacet
  facet normal 0.9969173337331281 -0.07845909572784479 0
    outer loop
      vertex -3.0371416473300488 0.48103597999870995 0.59
      vertex -3.0371416473300488 0.48103597999870995 9.99
      vertex -3.075 0 9.99
    endloop
  endfacet
  facet normal 0.9723699203976764 -0.233445363855906 0
    outer loop
      vertex -2.924498787607597 0.9502272577029633 0.59
      vertex -2.924498787607597 0.9502272577029633 9.99
      vertex -3.0371416473300488 0.48103597999870995 9.99
    endloop
  endfacet
  facet normal 0.9238795325112871 -0.3826834323650893 0
    outer loop
      vertex -2.7398450618792314 1.3960207866991066 0.59
      vertex -2.7398450618792314 1.3960207866991066 9.99
      vertex -2.924498787607597 0.9502272577029633 9.99
    endloop
  endfacet
  facet normal 0.8526401643540922 -0.522498564715949 0
    outer loop
      vertex -2.4877272577029634 1.807439650799355 0.59
      vertex -2.4877272577029634 1.807439650799355 9.99
      vertex -2.7398450618792314 1.3960207866991066 9.99
    endloop
  endfacet
  facet normal 0.760405965600031 -0.6494480483301837 0
    outer loop
      vertex -2.174353352148634 2.174353352148634 0.59
      vertex -2.174353352148634 2.174353352148634 9.99
      vertex -2.4877272577029634 1.807439650799355 9.99
    endloop
  endfacet
  facet normal 0.6494480483301837 -0.760405965600031 0
    outer loop
      vertex -1.807439650799355 2.4877272577029634 0.59
      vertex -1.807439650799355 2.4877272577029634 9.99
      vertex -2.174353352148634 2.174353352148634 9.99
    endloop
  endfacet
  facet normal 0.522498564715953 -0.8526401643540896 0
    outer loop
      vertex -1.807439650799355 2.4877272577029634 0.59
      vertex -1.7817266342936198 2.5034842144831333 9
      vertex -1.807439650799355 2.4877272577029634 9.99
    endloop
  endfacet
  facet normal 0.3826834323650887 -0.9238795325112872 0
    outer loop
      vertex -0.9502272577029633 2.924498787607597 0.59
      vertex -0.9502272577029633 2.924498787607597 9.99
      vertex -1.2765050375991658 2.789350106073607 9
    endloop
  endfacet
  facet normal 0.233445363855906 -0.9723699203976764 0
    outer loop
      vertex -0.48103597999870995 3.0371416473300488 0.59
      vertex -0.48103597999870995 3.0371416473300488 9.99
      vertex -0.9502272577029633 2.924498787607597 9.99
    endloop
  endfacet
  facet normal 0.07845909572784479 -0.9969173337331281 1.4691481582453539e-19
    outer loop
      vertex -0.48103597999870995 3.0371416473300488 9.99
      vertex 0 3.075 0.59
      vertex 0 3.075 9.99
    endloop
  endfacet
  facet normal 0 0 -1
    outer loop
      vertex -3.0371416473300488 -0.48103597999870995 9.99
      vertex -3.075 0 9.99
      vertex -3.0371416473300488 0.48103597999870995 9.99
    endloop
  endfacet
  facet normal 0 0 -1
    outer loop
      vertex -2.924498787607597 -0.9502272577029633 9.99
      vertex -3.0371416473300488 0.48103597999870995 9.99
      vertex -2.924498787607597 0.9502272577029633 9.99
    endloop
  endfacet
  facet normal 0 0 -1
    outer loop
      vertex -2.7398450618792314 -1.3960207866991066 9.99
      vertex -2.924498787607597 0.9502272577029633 9.99
      vertex -2.7398450618792314 1.3960207866991066 9.99
    endloop
  endfacet
  facet normal 0 0 -1
    outer loop
      vertex -2.4877272577029634 -1.807439650799355 9.99
      vertex -2.7398450618792314 1.3960207866991066 9.99
      vertex -2.4877272577029634 1.807439650799355 9.99
    endloop
  endfacet
  facet normal 0 0 -1
    outer loop
      vertex -2.174353352148634 -2.174353352148634 9.99
      vertex -2.4877272577029634 1.807439650799355 9.99
      vertex -2.174353352148634 2.174353352148634 9.99
    endloop
  endfacet
  facet normal 0 0 -1
    outer loop
      vertex -1.807439650799355 -2.4877272577029634 9.99
      vertex -2.174353352148634 2.174353352148634 9.99
      vertex -1.807439650799355 2.4877272577029634 9.99
    endloop
  endfacet
  facet normal 0 0 -1
    outer loop
      vertex -1.4815325108927067 -0.23465169756034632 9.99
      vertex -1.807439650799355 2.4877272577029634 9.99
      vertex -1.5 0 9.99
    endloop
  endfacet
  facet normal 0 0 -1
    outer loop
      vertex -1.5 0 9.99
      vertex -1.807439650799355 2.4877272577029634 9.99
      vertex -1.4815325108927067 0.23465169756034632 9.99
    endloop
  endfacet
  facet normal 0 0 -1
    outer loop
      vertex -1.4815325108927067 0.23465169756034632 9.99
      vertex -1.807439650799355 2.4877272577029634 9.99
      vertex -1.4265847744427302 0.46352549156242107 9.99
    endloop
  endfacet
  facet normal 0 0 -1
    outer loop
      vertex -1.4265847744427302 0.46352549156242107 9.99
      vertex -1.3960207866991066 2.7398450618792314 9.99
      vertex -1.336509786282552 0.6809857496093202 9.99
    endloop
  endfacet
  facet normal 0 0 -1
    outer loop
      vertex -1.336509786282552 0.6809857496093202 9.99
      vertex -1.3960207866991066 2.7398450618792314 9.99
      vertex -1.2135254915624212 0.8816778784387097 9.99
    endloop
  endfacet
  facet normal 0 0 -1
    outer loop
      vertex -1.2135254915624212 0.8816778784387097 9.99
      vertex -1.3960207866991066 2.7398450618792314 9.99
      vertex -1.0606601717798214 1.0606601717798214 9.99
    endloop
  endfacet
  facet normal 0 0 -1
    outer loop
      vertex -1.4265847744427302 0.46352549156242107 9.99
      vertex -1.807439650799355 2.4877272577029634 9.99
      vertex -1.3960207866991066 2.7398450618792314 9.99
    endloop
  endfacet
  facet normal 0 0 -1
    outer loop
      vertex -1.0606601717798214 1.0606601717798214 9.99
      vertex -0.9502272577029633 2.924498787607597 9.99
      vertex -0.8816778784387097 1.2135254915624212 9.99
    endloop
  endfacet
  facet normal 0 0 -1
    outer loop
      vertex -1.0606601717798214 1.0606601717798214 9.99
      vertex -1.3960207866991066 2.7398450618792314 9.99
      vertex -0.9502272577029633 2.924498787607597 9.99
    endloop
  endfacet
  facet normal 0 0 -1
    outer loop
      vertex -0.8816778784387097 1.2135254915624212 9.99
      vertex -0.9502272577029633 2.924498787607597 9.99
      vertex -0.6809857496093202 1.336509786282552 9.99
    endloop
  endfacet
  facet normal 0 0 -1
    outer loop
      vertex -0.6809857496093202 1.336509786282552 9.99
      vertex -0.48103597999870995 3.0371416473300488 9.99
      vertex -0.46352549156242107 1.4265847744427302 9.99
    endloop
  endfacet
  facet normal 0 0 -1
    outer loop
      vertex -0.46352549156242107 1.4265847744427302 9.99
      vertex -0.48103597999870995 3.0371416473300488 9.99
      vertex -0.23465169756034632 1.4815325108927067 9.99
    endloop
  endfacet
  facet normal 0 0 -1
    outer loop
      vertex -0.23465169756034632 1.4815325108927067 9.99
      vertex -0.48103597999870995 3.0371416473300488 9.99
      vertex 0 1.5 9.99
    endloop
  endfacet
  facet normal 0.5224985647159487 -0.8526401643540924 -1.5969800772494398e-16
    outer loop
      vertex -1.807439650799355 2.4877272577029634 9.99
      vertex -1.7817266342936198 2.5034842144831333 9
      vertex -1.3960207866991066 2.7398450618792314 9
    endloop
  endfacet
  facet normal 0.3826834323650906 -0.9238795325112864 0
    outer loop
      vertex -1.3960207866991066 2.7398450618792314 9.99
      vertex -1.3960207866991066 2.7398450618792314 9
      vertex -1.2765050375991658 2.789350106073607 9
    endloop
  endfacet
  facet normal 0.5224985647159489 -0.8526401643540922 4.3304326641950634e-18
    outer loop
      vertex -1.807439650799355 2.4877272577029634 9.99
      vertex -1.3960207866991066 2.7398450618792314 9
      vertex -1.3960207866991066 2.7398450618792314 9.99
    endloop
  endfacet
  facet normal 0.3826834323650892 -0.923879532511287 -1.9429779046063698e-16
    outer loop
      vertex -1.3960207866991066 2.7398450618792314 9.99
      vertex -1.2765050375991658 2.789350106073607 9
      vertex -0.9502272577029633 2.924498787607597 9.99
    endloop
  endfacet
  facet normal 0 0 -1
    outer loop
      vertex -0.6809857496093202 1.336509786282552 9.99
      vertex -0.9502272577029633 2.924498787607597 9.99
      vertex -0.48103597999870995 3.0371416473300488 9.99
    endloop
  endfacet
  facet normal 0 0 -1
    outer loop
      vertex -0.48103597999870995 3.0371416473300488 9.99
      vertex 0 3.075 9.99
      vertex 0 1.5 9.99
    endloop
  endfacet
  facet normal -0.07845909572784479 0.9969173337331281 1.4691481582453539e-19
    outer loop
      vertex 0 -3.075 0.59
      vertex 0.48103597999870995 -3.0371416473300488 9.99
      vertex 0.48103597999870995 -3.0371416473300488 0.59
    endloop
  endfacet
  facet normal -0.233445363855906 0.9723699203976764 -6.432701428335229e-19
    outer loop
      vertex 0.48103597999870995 -3.0371416473300488 0.59
      vertex 0.9502272577029633 -2.924498787607597 9.99
      vertex 0.9502272577029633 -2.924498787607597 0.59
    endloop
  endfacet
  facet normal -0.3826834323650893 0.9238795325112871 1.1689041104754045e-18
    outer loop
      vertex 0.9502272577029633 -2.924498787607597 0.59
      vertex 1.3960207866991066 -2.7398450618792314 9.99
      vertex 1.3960207866991066 -2.7398450618792314 0.59
    endloop
  endfacet
  facet normal -0.522498564715949 0.8526401643540922 4.560774827184164e-19
    outer loop
      vertex 1.3960207866991066 -2.7398450618792314 0.59
      vertex 1.807439650799355 -2.4877272577029634 9.99
      vertex 1.807439650799355 -2.4877272577029634 0.59
    endloop
  endfacet
  facet normal -0.6494480483301837 0.760405965600031 -7.297114625398112e-19
    outer loop
      vertex 1.807439650799355 -2.4877272577029634 0.59
      vertex 2.174353352148634 -2.174353352148634 9.99
      vertex 2.174353352148634 -2.174353352148634 0.59
    endloop
  endfacet
  facet normal -0.760405965600031 0.6494480483301837 -7.297114625398112e-19
    outer loop
      vertex 2.174353352148634 -2.174353352148634 0.59
      vertex 2.4877272577029634 -1.807439650799355 9.99
      vertex 2.4877272577029634 -1.807439650799355 0.59
    endloop
  endfacet
  facet normal -0.8526401643540922 0.522498564715949 4.560774827184164e-19
    outer loop
      vertex 2.4877272577029634 -1.807439650799355 0.59
      vertex 2.7398450618792314 -1.3960207866991066 9.99
      vertex 2.7398450618792314 -1.3960207866991066 0.59
    endloop
  endfacet
  facet normal -0.9238795325112871 0.3826834323650893 1.1689041104754045e-18
    outer loop
      vertex 2.7398450618792314 -1.3960207866991066 0.59
      vertex 2.924498787607597 -0.9502272577029633 9.99
      vertex 2.924498787607597 -0.9502272577029633 0.59
    endloop
  endfacet
  facet normal -0.9723699203976764 0.233445363855906 -6.432701428335229e-19
    outer loop
      vertex 2.924498787607597 -0.9502272577029633 0.59
      vertex 3.0371416473300488 -0.48103597999870995 9.99
      vertex 3.0371416473300488 -0.48103597999870995 0.59
    endloop
  endfacet
  facet normal -0.996917333733128 0.07845909572784483 0
    outer loop
      vertex 3.0371416473300488 -0.48103597999870995 0.59
      vertex 3.0371416473300488 -0.48103597999870995 9.99
      vertex 3.0522927260847235 -0.2885232713679061 0.59
    endloop
  endfacet
  facet normal -0.07845909572784479 0.9969173337331281 0
    outer loop
      vertex 0 -3.075 0.59
      vertex 0 -3.075 9.99
      vertex 0.48103597999870995 -3.0371416473300488 9.99
    endloop
  endfacet
  facet normal -0.233445363855906 0.9723699203976764 0
    outer loop
      vertex 0.48103597999870995 -3.0371416473300488 0.59
      vertex 0.48103597999870995 -3.0371416473300488 9.99
      vertex 0.9502272577029633 -2.924498787607597 9.99
    endloop
  endfacet
  facet normal -0.3826834323650893 0.9238795325112871 0
    outer loop
      vertex 0.9502272577029633 -2.924498787607597 0.59
      vertex 0.9502272577029633 -2.924498787607597 9.99
      vertex 1.3960207866991066 -2.7398450618792314 9.99
    endloop
  endfacet
  facet normal -0.522498564715949 0.8526401643540922 0
    outer loop
      vertex 1.3960207866991066 -2.7398450618792314 0.59
      vertex 1.3960207866991066 -2.7398450618792314 9.99
      vertex 1.807439650799355 -2.4877272577029634 9.99
    endloop
  endfacet
  facet normal -0.6494480483301837 0.760405965600031 0
    outer loop
      vertex 1.807439650799355 -2.4877272577029634 0.59
      vertex 1.807439650799355 -2.4877272577029634 9.99
      vertex 2.174353352148634 -2.174353352148634 9.99
    endloop
  endfacet
  facet normal -0.760405965600031 0.6494480483301837 0
    outer loop
      vertex 2.174353352148634 -2.174353352148634 0.59
      vertex 2.174353352148634 -2.174353352148634 9.99
      vertex 2.4877272577029634 -1.807439650799355 9.99
    endloop
  endfacet
  facet normal -0.8526401643540922 0.522498564715949 0
    outer loop
      vertex 2.4877272577029634 -1.807439650799355 0.59
      vertex 2.4877272577029634 -1.807439650799355 9.99
      vertex 2.7398450618792314 -1.3960207866991066 9.99
    endloop
  endfacet
  facet normal -0.9238795325112871 0.3826834323650893 0
    outer loop
      vertex 2.7398450618792314 -1.3960207866991066 0.59
      vertex 2.7398450618792314 -1.3960207866991066 9.99
      vertex 2.924498787607597 -0.9502272577029633 9.99
    endloop
  endfacet
  facet normal -0.9969173337331279 0.07845909572784483 1.3242691122471682e-19
    outer loop
      vertex 3.0371416473300488 -0.48103597999870995 9.99
      vertex 3.0522927260847235 -0.2885232713679061 9
      vertex 3.0522927260847235 -0.2885232713679061 0.59
    endloop
  endfacet
  facet normal -0.9723699203976764 0.233445363855906 0
    outer loop
      vertex 2.924498787607597 -0.9502272577029633 0.59
      vertex 2.924498787607597 -0.9502272577029633 9.99
      vertex 3.0371416473300488 -0.48103597999870995 9.99
    endloop
  endfacet
  facet normal 0 0 -1
    outer loop
      vertex 0 -3.075 9.99
      vertex 0 -1.5 9.99
      vertex 0.48103597999870995 -3.0371416473300488 9.99
    endloop
  endfacet
  facet normal 0 0 -1
    outer loop
      vertex 0.48103597999870995 -3.0371416473300488 9.99
      vertex 0.6809857496093202 -1.336509786282552 9.99
      vertex 0.9502272577029633 -2.924498787607597 9.99
    endloop
  endfacet
  facet normal 0 0 -1
    outer loop
      vertex 0.48103597999870995 -3.0371416473300488 9.99
      vertex 0 -1.5 9.99
      vertex 0.23465169756034632 -1.4815325108927067 9.99
    endloop
  endfacet
  facet normal 0 0 -1
    outer loop
      vertex 0.48103597999870995 -3.0371416473300488 9.99
      vertex 0.23465169756034632 -1.4815325108927067 9.99
      vertex 0.46352549156242107 -1.4265847744427302 9.99
    endloop
  endfacet
  facet normal 0 0 -1
    outer loop
      vertex 0.48103597999870995 -3.0371416473300488 9.99
      vertex 0.46352549156242107 -1.4265847744427302 9.99
      vertex 0.6809857496093202 -1.336509786282552 9.99
    endloop
  endfacet
  facet normal 0 0 -1
    outer loop
      vertex 0.9502272577029633 -2.924498787607597 9.99
      vertex 0.6809857496093202 -1.336509786282552 9.99
      vertex 0.8816778784387097 -1.2135254915624212 9.99
    endloop
  endfacet
  facet normal 0 0 -1
    outer loop
      vertex 0.9502272577029633 -2.924498787607597 9.99
      vertex 1.0606601717798214 -1.0606601717798214 9.99
      vertex 1.3960207866991066 -2.7398450618792314 9.99
    endloop
  endfacet
  facet normal 0 0 -1
    outer loop
      vertex 0.9502272577029633 -2.924498787607597 9.99
      vertex 0.8816778784387097 -1.2135254915624212 9.99
      vertex 1.0606601717798214 -1.0606601717798214 9.99
    endloop
  endfacet
  facet normal 0 0 -1
    outer loop
      vertex 1.3960207866991066 -2.7398450618792314 9.99
      vertex 1.4265847744427302 -0.46352549156242107 9.99
      vertex 1.807439650799355 -2.4877272577029634 9.99
    endloop
  endfacet
  facet normal 0 0 -1
    outer loop
      vertex 1.3960207866991066 -2.7398450618792314 9.99
      vertex 1.0606601717798214 -1.0606601717798214 9.99
      vertex 1.2135254915624212 -0.8816778784387097 9.99
    endloop
  endfacet
  facet normal 0 0 -1
    outer loop
      vertex 1.3960207866991066 -2.7398450618792314 9.99
      vertex 1.2135254915624212 -0.8816778784387097 9.99
      vertex 1.336509786282552 -0.6809857496093202 9.99
    endloop
  endfacet
  facet normal 0 0 -1
    outer loop
      vertex 1.3960207866991066 -2.7398450618792314 9.99
      vertex 1.336509786282552 -0.6809857496093202 9.99
      vertex 1.4265847744427302 -0.46352549156242107 9.99
    endloop
  endfacet
  facet normal 0 0 -1
    outer loop
      vertex 1.807439650799355 -2.4877272577029634 9.99
      vertex 1.4265847744427302 -0.46352549156242107 9.99
      vertex 1.4815325108927067 -0.23465169756034632 9.99
    endloop
  endfacet
  facet normal 0 0 -1
    outer loop
      vertex 1.807439650799355 -2.4877272577029634 9.99
      vertex 1.4815325108927067 -0.23465169756034632 9.99
      vertex 1.5 0 9.99
    endloop
  endfacet
  facet normal 0 0 -1
    outer loop
      vertex 1.807439650799355 -2.4877272577029634 9.99
      vertex 1.5 0 9.99
      vertex 1.4815325108927067 0.23465169756034632 9.99
    endloop
  endfacet
  facet normal 0 0 -1
    outer loop
      vertex 1.807439650799355 -2.4877272577029634 9.99
      vertex 1.807439650799355 2.4877272577029634 9.99
      vertex 2.174353352148634 -2.174353352148634 9.99
    endloop
  endfacet
  facet normal 0 0 -1
    outer loop
      vertex 2.174353352148634 -2.174353352148634 9.99
      vertex 2.174353352148634 2.174353352148634 9.99
      vertex 2.4877272577029634 -1.807439650799355 9.99
    endloop
  endfacet
  facet normal -0.9969173337331281 0.07845909572784475 0
    outer loop
      vertex 3.075 0 9.99
      vertex 3.075 0 9
      vertex 3.0522927260847235 -0.2885232713679061 9
    endloop
  endfacet
  facet normal -0.996917333733128 0.07845909572784478 -1.248503211557582e-17
    outer loop
      vertex 3.0371416473300488 -0.48103597999870995 9.99
      vertex 3.075 0 9.99
      vertex 3.0522927260847235 -0.2885232713679061 9
    endloop
  endfacet
  facet normal 0 0 -1
    outer loop
      vertex 2.4877272577029634 -1.807439650799355 9.99
      vertex 2.4877272577029634 1.807439650799355 9.99
      vertex 2.7398450618792314 -1.3960207866991066 9.99
    endloop
  endfacet
  facet normal 0 0 -1
    outer loop
      vertex 2.7398450618792314 -1.3960207866991066 9.99
      vertex 2.7398450618792314 1.3960207866991066 9.99
      vertex 2.924498787607597 -0.9502272577029633 9.99
    endloop
  endfacet
  facet normal 0 0 -1
    outer loop
      vertex 2.924498787607597 -0.9502272577029633 9.99
      vertex 2.924498787607597 0.9502272577029633 9.99
      vertex 3.0371416473300488 -0.48103597999870995 9.99
    endloop
  endfacet
  facet normal -0.6494480483301837 -0.760405965600031 7.297114625398112e-19
    outer loop
      vertex 2.174353352148634 2.174353352148634 0.59
      vertex 1.807439650799355 2.4877272577029634 9.99
      vertex 1.807439650799355 2.4877272577029634 0.59
    endloop
  endfacet
  facet normal -0.760405965600031 -0.6494480483301837 0
    outer loop
      vertex 2.174353352148634 2.174353352148634 0.59
      vertex 2.4877272577029634 1.807439650799355 0.59
      vertex 2.174353352148634 2.174353352148634 9.99
    endloop
  endfacet
  facet normal -0.07845909572784479 -0.9969173337331281 0
    outer loop
      vertex 0 3.075 0.59
      vertex 0.48103597999870995 3.0371416473300488 0.59
      vertex 0 3.075 9.99
    endloop
  endfacet
  facet normal -0.233445363855906 -0.9723699203976764 0
    outer loop
      vertex 0.48103597999870995 3.0371416473300488 0.59
      vertex 0.9502272577029633 2.924498787607597 0.59
      vertex 0.48103597999870995 3.0371416473300488 9.99
    endloop
  endfacet
  facet normal -0.3826834323650893 -0.9238795325112871 0
    outer loop
      vertex 0.9502272577029633 2.924498787607597 0.59
      vertex 1.3960207866991066 2.7398450618792314 0.59
      vertex 0.9502272577029633 2.924498787607597 9.99
    endloop
  endfacet
  facet normal -0.522498564715949 -0.8526401643540922 0
    outer loop
      vertex 1.3960207866991066 2.7398450618792314 0.59
      vertex 1.807439650799355 2.4877272577029634 0.59
      vertex 1.3960207866991066 2.7398450618792314 9.99
    endloop
  endfacet
  facet normal -0.9723699203976764 -0.233445363855906 0
    outer loop
      vertex 2.924498787607597 0.9502272577029633 0.59
      vertex 3.0371416473300488 0.48103597999870995 0.59
      vertex 2.924498787607597 0.9502272577029633 9.99
    endloop
  endfacet
  facet normal -0.9969173337331279 -0.07845909572784483 -1.3242691122471682e-19
    outer loop
      vertex 3.0371416473300488 0.48103597999870995 0.59
      vertex 3.0522927260847235 0.2885232713679061 0.59
      vertex 3.0522927260847235 0.2885232713679061 9
    endloop
  endfacet
  facet normal -0.8526401643540922 -0.522498564715949 -4.560774827184164e-19
    outer loop
      vertex 2.7398450618792314 1.3960207866991066 0.59
      vertex 2.4877272577029634 1.807439650799355 9.99
      vertex 2.4877272577029634 1.807439650799355 0.59
    endloop
  endfacet
  facet normal -0.9238795325112871 -0.3826834323650893 -1.1689041104754045e-18
    outer loop
      vertex 2.924498787607597 0.9502272577029633 0.59
      vertex 2.7398450618792314 1.3960207866991066 9.99
      vertex 2.7398450618792314 1.3960207866991066 0.59
    endloop
  endfacet
  facet normal -0.6494480483301837 -0.760405965600031 0
    outer loop
      vertex 2.174353352148634 2.174353352148634 0.59
      vertex 2.174353352148634 2.174353352148634 9.99
      vertex 1.807439650799355 2.4877272577029634 9.99
    endloop
  endfacet
  facet normal -0.760405965600031 -0.6494480483301837 0
    outer loop
      vertex 2.4877272577029634 1.807439650799355 0.59
      vertex 2.4877272577029634 1.807439650799355 9.99
      vertex 2.174353352148634 2.174353352148634 9.99
    endloop
  endfacet
  facet normal -0.07845909572784479 -0.9969173337331281 0
    outer loop
      vertex 0.48103597999870995 3.0371416473300488 0.59
      vertex 0.48103597999870995 3.0371416473300488 9.99
      vertex 0 3.075 9.99
    endloop
  endfacet
  facet normal -0.233445363855906 -0.9723699203976764 0
    outer loop
      vertex 0.9502272577029633 2.924498787607597 0.59
      vertex 0.9502272577029633 2.924498787607597 9.99
      vertex 0.48103597999870995 3.0371416473300488 9.99
    endloop
  endfacet
  facet normal -0.3826834323650893 -0.9238795325112871 0
    outer loop
      vertex 1.3960207866991066 2.7398450618792314 0.59
      vertex 1.3960207866991066 2.7398450618792314 9.99
      vertex 0.9502272577029633 2.924498787607597 9.99
    endloop
  endfacet
  facet normal -0.522498564715949 -0.8526401643540922 0
    outer loop
      vertex 1.807439650799355 2.4877272577029634 0.59
      vertex 1.807439650799355 2.4877272577029634 9.99
      vertex 1.3960207866991066 2.7398450618792314 9.99
    endloop
  endfacet
  facet normal -0.996917333733128 -0.07845909572784483 0
    outer loop
      vertex 3.0371416473300488 0.48103597999870995 0.59
      vertex 3.0522927260847235 0.2885232713679061 9
      vertex 3.0371416473300488 0.48103597999870995 9.99
    endloop
  endfacet
  facet normal -0.9723699203976764 -0.233445363855906 0
    outer loop
      vertex 3.0371416473300488 0.48103597999870995 0.59
      vertex 3.0371416473300488 0.48103597999870995 9.99
      vertex 2.924498787607597 0.9502272577029633 9.99
    endloop
  endfacet
  facet normal -0.9238795325112871 -0.3826834323650893 0
    outer loop
      vertex 2.924498787607597 0.9502272577029633 0.59
      vertex 2.924498787607597 0.9502272577029633 9.99
      vertex 2.7398450618792314 1.3960207866991066 9.99
    endloop
  endfacet
  facet normal -0.8526401643540922 -0.522498564715949 0
    outer loop
      vertex 2.7398450618792314 1.3960207866991066 0.59
      vertex 2.7398450618792314 1.3960207866991066 9.99
      vertex 2.4877272577029634 1.807439650799355 9.99
    endloop
  endfacet
  facet normal 0 0 -1
    outer loop
      vertex 0.23465169756034632 1.4815325108927067 9.99
      vertex 0 1.5 9.99
      vertex 0.48103597999870995 3.0371416473300488 9.99
    endloop
  endfacet
  facet normal 0 0 -1
    outer loop
      vertex 0.23465169756034632 1.4815325108927067 9.99
      vertex 0.48103597999870995 3.0371416473300488 9.99
      vertex 0.46352549156242107 1.4265847744427302 9.99
    endloop
  endfacet
  facet normal 0 0 -1
    outer loop
      vertex 1.0606601717798214 1.0606601717798214 9.99
      vertex 0.8816778784387097 1.2135254915624212 9.99
      vertex 0.9502272577029633 2.924498787607597 9.99
    endloop
  endfacet
  facet normal 0 0 -1
    outer loop
      vertex 0.46352549156242107 1.4265847744427302 9.99
      vertex 0.9502272577029633 2.924498787607597 9.99
      vertex 0.6809857496093202 1.336509786282552 9.99
    endloop
  endfacet
  facet normal 0 0 -1
    outer loop
      vertex 0.6809857496093202 1.336509786282552 9.99
      vertex 0.9502272577029633 2.924498787607597 9.99
      vertex 0.8816778784387097 1.2135254915624212 9.99
    endloop
  endfacet
  facet normal 0 0 -1
    outer loop
      vertex 1.0606601717798214 1.0606601717798214 9.99
      vertex 0.9502272577029633 2.924498787607597 9.99
      vertex 1.3960207866991066 2.7398450618792314 9.99
    endloop
  endfacet
  facet normal 0 0 -1
    outer loop
      vertex 1.807439650799355 -2.4877272577029634 9.99
      vertex 1.4815325108927067 0.23465169756034632 9.99
      vertex 1.3960207866991066 2.7398450618792314 9.99
    endloop
  endfacet
  facet normal 0 0 -1
    outer loop
      vertex 1.4815325108927067 0.23465169756034632 9.99
      vertex 1.4265847744427302 0.46352549156242107 9.99
      vertex 1.3960207866991066 2.7398450618792314 9.99
    endloop
  endfacet
  facet normal 0 0 -1
    outer loop
      vertex 1.807439650799355 -2.4877272577029634 9.99
      vertex 1.3960207866991066 2.7398450618792314 9.99
      vertex 1.807439650799355 2.4877272577029634 9.99
    endloop
  endfacet
  facet normal 0 0 -1
    outer loop
      vertex 2.174353352148634 -2.174353352148634 9.99
      vertex 1.807439650799355 2.4877272577029634 9.99
      vertex 2.174353352148634 2.174353352148634 9.99
    endloop
  endfacet
  facet normal 0 0 -1
    outer loop
      vertex 2.4877272577029634 -1.807439650799355 9.99
      vertex 2.174353352148634 2.174353352148634 9.99
      vertex 2.4877272577029634 1.807439650799355 9.99
    endloop
  endfacet
  facet normal 0 0 -1
    outer loop
      vertex 1.336509786282552 0.6809857496093202 9.99
      vertex 1.2135254915624212 0.8816778784387097 9.99
      vertex 1.3960207866991066 2.7398450618792314 9.99
    endloop
  endfacet
  facet normal 0 0 -1
    outer loop
      vertex 1.4265847744427302 0.46352549156242107 9.99
      vertex 1.336509786282552 0.6809857496093202 9.99
      vertex 1.3960207866991066 2.7398450618792314 9.99
    endloop
  endfacet
  facet normal 0 0 -1
    outer loop
      vertex 1.0606601717798214 1.0606601717798214 9.99
      vertex 1.3960207866991066 2.7398450618792314 9.99
      vertex 1.2135254915624212 0.8816778784387097 9.99
    endloop
  endfacet
  facet normal 0 0 -1
    outer loop
      vertex 0 1.5 9.99
      vertex 0 3.075 9.99
      vertex 0.48103597999870995 3.0371416473300488 9.99
    endloop
  endfacet
  facet normal 0 0 -1
    outer loop
      vertex 0.46352549156242107 1.4265847744427302 9.99
      vertex 0.48103597999870995 3.0371416473300488 9.99
      vertex 0.9502272577029633 2.924498787607597 9.99
    endloop
  endfacet
  facet normal -0.9969173337331281 -0.07845909572784475 0
    outer loop
      vertex 3.075 0 9.99
      vertex 3.0522927260847235 0.2885232713679061 9
      vertex 3.075 0 9
    endloop
  endfacet
  facet normal -0.996917333733128 -0.07845909572784478 -1.206427017817112e-17
    outer loop
      vertex 3.075 0 9.99
      vertex 3.0371416473300488 0.48103597999870995 9.99
      vertex 3.0522927260847235 0.2885232713679061 9
    endloop
  endfacet
  facet normal 0 0 -1
    outer loop
      vertex 3.0371416473300488 -0.48103597999870995 9.99
      vertex 2.924498787607597 0.9502272577029633 9.99
      vertex 3.0371416473300488 0.48103597999870995 9.99
    endloop
  endfacet
  facet normal 0 0 -1
    outer loop
      vertex 2.924498787607597 -0.9502272577029633 9.99
      vertex 2.7398450618792314 1.3960207866991066 9.99
      vertex 2.924498787607597 0.9502272577029633 9.99
    endloop
  endfacet
  facet normal 0 0 -1
    outer loop
      vertex 2.7398450618792314 -1.3960207866991066 9.99
      vertex 2.4877272577029634 1.807439650799355 9.99
      vertex 2.7398450618792314 1.3960207866991066 9.99
    endloop
  endfacet
  facet normal 0 0 -1
    outer loop
      vertex 3.0371416473300488 -0.48103597999870995 9.99
      vertex 3.0371416473300488 0.48103597999870995 9.99
      vertex 3.075 0 9.99
    endloop
  endfacet
  facet normal 0.7546847909951554 0.312600675746898 -0.5768289900509347
    outer loop
      vertex -3.1122115384462865 -1.585750983048592 0
      vertex -3.32196115670928 -1.0793706099354934 0
      vertex -2.924498787607597 -0.9502272577029633 0.59
    endloop
  endfacet
  facet normal 0.6211489669659043 0.5305113354811642 -0.5768289900509348
    outer loop
      vertex -2.4698650611195117 -2.4698650611195117 0
      vertex -2.825828943268827 -2.053084904153251 0
      vertex -2.4877272577029634 -1.807439650799355 0.59
    endloop
  endfacet
  facet normal 0.696491849408713 0.42681075425069764 -0.5768289900509345
    outer loop
      vertex -3.1122115384462865 -1.585750983048592 0
      vertex -2.7398450618792314 -1.3960207866991066 0.59
      vertex -2.825828943268827 -2.053084904153251 0
    endloop
  endfacet
  facet normal 0.7546847909951558 0.31260067574689765 -0.5768289900509345
    outer loop
      vertex -3.1122115384462865 -1.585750983048592 0
      vertex -2.924498787607597 -0.9502272577029633 0.59
      vertex -2.7398450618792314 -1.3960207866991066 0.59
    endloop
  endfacet
  facet normal 0.6964918494087127 0.4268107542506981 -0.5768289900509348
    outer loop
      vertex -2.825828943268827 -2.053084904153251 0
      vertex -2.7398450618792314 -1.3960207866991066 0.59
      vertex -2.4877272577029634 -1.807439650799355 0.59
    endloop
  endfacet
  facet normal 0.7942948883720743 0.19069333114404688 -0.5768289900509345
    outer loop
      vertex -3.32196115670928 -1.0793706099354934 0
      vertex -3.4499130663371 -0.5464125501801064 0
      vertex -3.0371416473300488 -0.48103597999870995 0.59
    endloop
  endfacet
  facet normal 0.794294888372074 0.1906933311440473 -0.5768289900509349
    outer loop
      vertex -3.32196115670928 -1.0793706099354934 0
      vertex -3.0371416473300488 -0.48103597999870995 0.59
      vertex -2.924498787607597 -0.9502272577029633 0.59
    endloop
  endfacet
  facet normal 0.8143468094836726 0.06409048385354774 -0.5768289900509348
    outer loop
      vertex -3.4499130663371 -0.5464125501801064 0
      vertex -3.492916666666667 0 0
      vertex -3.075 0 0.59
    endloop
  endfacet
  facet normal 0.8143468094836727 0.06409048385354726 -0.5768289900509345
    outer loop
      vertex -3.4499130663371 -0.5464125501801064 0
      vertex -3.075 0 0.59
      vertex -3.0371416473300488 -0.48103597999870995 0.59
    endloop
  endfacet
  facet normal 0.5305113354811644 0.6211489669659045 -0.5768289900509346
    outer loop
      vertex -2.4698650611195117 -2.4698650611195117 0
      vertex -2.174353352148634 -2.174353352148634 0.59
      vertex -2.053084904153251 -2.825828943268827 0
    endloop
  endfacet
  facet normal 0.42681075425069764 0.6964918494087128 -0.5768289900509348
    outer loop
      vertex -2.053084904153251 -2.825828943268827 0
      vertex -1.8297777478867205 -2.745003957186827 0.2628228512179927
      vertex -1.69 -2.9271658647914025 0.14629674196263195
    endloop
  endfacet
  facet normal 0.42681075425069764 0.6964918494087129 -0.5768289900509348
    outer loop
      vertex -2.053084904153251 -2.825828943268827 0
      vertex -1.807439650799355 -2.4877272577029634 0.59
      vertex -1.8297777478867205 -2.745003957186827 0.2628228512179927
    endloop
  endfacet
  facet normal 0.530511335481164 0.6211489669659046 -0.5768289900509348
    outer loop
      vertex -2.053084904153251 -2.825828943268827 0
      vertex -2.174353352148634 -2.174353352148634 0.59
      vertex -1.807439650799355 -2.4877272577029634 0.59
    endloop
  endfacet
  facet normal 0.42681075425070336 0.6964918494087105 -0.5768289900509334
    outer loop
      vertex -1.807439650799355 -2.4877272577029634 0.59
      vertex -1.7998076211353315 -2.517358243656071 0.5598692191816101
      vertex -1.8297777478867205 -2.745003957186827 0.2628228512179927
    endloop
  endfacet
  facet normal 0.31260067574689804 0.7546847909951555 -0.5768289900509347
    outer loop
      vertex -1.585750983048592 -3.1122115384462865 0
      vertex -1.5039460569484724 -2.951660331080119 0.2543870576624824
      vertex -1.0793706099354934 -3.32196115670928 0
    endloop
  endfacet
  facet normal 0.31260067574689926 0.7546847909951557 -0.5768289900509337
    outer loop
      vertex -1.0793706099354934 -3.32196115670928 0
      vertex -1.5039460569484724 -2.951660331080119 0.2543870576624824
      vertex -1.4623542864692438 -2.957135991542791 0.2697628762126239
    endloop
  endfacet
  facet normal 0.3126006757468981 0.7546847909951556 -0.5768289900509346
    outer loop
      vertex -1.0793706099354934 -3.32196115670928 0
      vertex -1.4623542864692438 -2.957135991542791 0.2697628762126239
      vertex -1.2801923788646685 -2.817358243656071 0.5513577312975847
    endloop
  endfacet
  facet normal 0.42681075425069764 0.696491849408713 -0.5768289900509346
    outer loop
      vertex -2.053084904153251 -2.825828943268827 0
      vertex -1.69 -2.9271658647914025 0.14629674196263195
      vertex -1.585750983048592 -3.1122115384462865 0
    endloop
  endfacet
  facet normal 0.4268107542506976 0.696491849408713 -0.5768289900509346
    outer loop
      vertex -1.585750983048592 -3.1122115384462865 0
      vertex -1.69 -2.9271658647914025 0.14629674196263195
      vertex -1.5039460569484724 -2.951660331080119 0.2543870576624824
    endloop
  endfacet
  facet normal 0.42681075425070164 0.6964918494087109 -0.5768289900509341
    outer loop
      vertex -1.807439650799355 -2.4877272577029634 0.59
      vertex -1.7817266342936198 -2.5034842144831333 0.59
      vertex -1.7998076211353315 -2.517358243656071 0.5598692191816101
    endloop
  endfacet
  facet normal 0.19069333114404685 0.7942948883720741 -0.5768289900509348
    outer loop
      vertex -1.0793706099354934 -3.32196115670928 0
      vertex -0.9502272577029633 -2.924498787607597 0.59
      vertex -0.5464125501801064 -3.4499130663371 0
    endloop
  endfacet
  facet normal 0.31260067574689754 0.7546847909951555 -0.5768289900509348
    outer loop
      vertex -1.0793706099354934 -3.32196115670928 0
      vertex -1.2801923788646685 -2.817358243656071 0.5513577312975847
      vertex -0.9502272577029633 -2.924498787607597 0.59
    endloop
  endfacet
  facet normal 0.19069333114404735 0.7942948883720741 -0.5768289900509345
    outer loop
      vertex -0.9502272577029633 -2.924498787607597 0.59
      vertex -0.48103597999870995 -3.0371416473300488 0.59
      vertex -0.5464125501801064 -3.4499130663371 0
    endloop
  endfacet
  facet normal 0.31260067574689776 0.7546847909951573 -0.5768289900509322
    outer loop
      vertex -0.9502272577029633 -2.924498787607597 0.59
      vertex -1.2801923788646685 -2.817358243656071 0.5513577312975847
      vertex -1.2765050375991658 -2.789350106073607 0.59
    endloop
  endfacet
  facet normal 0.06409048385354776 0.8143468094836728 -0.5768289900509346
    outer loop
      vertex -0.5464125501801064 -3.4499130663371 0
      vertex -0.48103597999870995 -3.0371416473300488 0.59
      vertex 0 -3.492916666666667 0
    endloop
  endfacet
  facet normal 0.06409048385354726 0.8143468094836726 -0.5768289900509348
    outer loop
      vertex -0.48103597999870995 -3.0371416473300488 0.59
      vertex 0 -3.075 0.59
      vertex 0 -3.492916666666667 0
    endloop
  endfacet
  facet normal 0.6211489669659046 0.530511335481164 -0.5768289900509346
    outer loop
      vertex -2.4698650611195117 -2.4698650611195117 0
      vertex -2.4877272577029634 -1.807439650799355 0.59
      vertex -2.174353352148634 -2.174353352148634 0.59
    endloop
  endfacet
  facet normal 0.8143468094836728 -0.06409048385354776 -0.5768289900509346
    outer loop
      vertex -3.492916666666667 0 0
      vertex -3.4499130663371 0.5464125501801064 0
      vertex -3.0371416473300488 0.48103597999870995 0.59
    endloop
  endfacet
  facet normal 0.8143468094836726 -0.06409048385354721 -0.5768289900509348
    outer loop
      vertex -3.492916666666667 0 0
      vertex -3.0371416473300488 0.48103597999870995 0.59
      vertex -3.075 0 0.59
    endloop
  endfacet
  facet normal 0.7942948883720742 -0.19069333114404755 -0.5768289900509344
    outer loop
      vertex -3.4499130663371 0.5464125501801064 0
      vertex -3.3219611567092797 1.0793706099354934 0
      vertex -2.924498787607597 0.9502272577029633 0.59
    endloop
  endfacet
  facet normal 0.7942948883720741 -0.19069333114404735 -0.5768289900509345
    outer loop
      vertex -3.4499130663371 0.5464125501801064 0
      vertex -2.924498787607597 0.9502272577029633 0.59
      vertex -3.0371416473300488 0.48103597999870995 0.59
    endloop
  endfacet
  facet normal 0.7546847909951558 -0.3126006757468976 -0.5768289900509344
    outer loop
      vertex -3.3219611567092797 1.0793706099354934 0
      vertex -2.7398450618792314 1.3960207866991066 0.59
      vertex -2.924498787607597 0.9502272577029633 0.59
    endloop
  endfacet
  facet normal 0.7546847909951558 -0.31260067574689754 -0.5768289900509345
    outer loop
      vertex -3.3219611567092797 1.0793706099354934 0
      vertex -3.1122115384462865 1.585750983048592 0
      vertex -2.7398450618792314 1.3960207866991066 0.59
    endloop
  endfacet
  facet normal 0.6964918494087128 -0.4268107542506982 -0.5768289900509345
    outer loop
      vertex -3.1122115384462865 1.585750983048592 0
      vertex -2.4877272577029634 1.807439650799355 0.59
      vertex -2.7398450618792314 1.3960207866991066 0.59
    endloop
  endfacet
  facet normal 0.6964918494087129 -0.4268107542506976 -0.5768289900509348
    outer loop
      vertex -3.1122115384462865 1.585750983048592 0
      vertex -2.825828943268827 2.053084904153251 0
      vertex -2.4877272577029634 1.807439650799355 0.59
    endloop
  endfacet
  facet normal 0.6211489669659045 -0.5305113354811644 -0.5768289900509347
    outer loop
      vertex -2.825828943268827 2.053084904153251 0
      vertex -2.4698650611195117 2.4698650611195117 0
      vertex -2.174353352148634 2.174353352148634 0.59
    endloop
  endfacet
  facet normal 0.6211489669659046 -0.530511335481164 -0.5768289900509348
    outer loop
      vertex -2.825828943268827 2.053084904153251 0
      vertex -2.174353352148634 2.174353352148634 0.59
      vertex -2.4877272577029634 1.807439650799355 0.59
    endloop
  endfacet
  facet normal 0.530511335481164 -0.6211489669659046 -0.5768289900509346
    outer loop
      vertex -2.4698650611195117 2.4698650611195117 0
      vertex -1.807439650799355 2.4877272577029634 0.59
      vertex -2.174353352148634 2.174353352148634 0.59
    endloop
  endfacet
  facet normal 0.5305113354811642 -0.6211489669659043 -0.5768289900509348
    outer loop
      vertex -2.4698650611195117 2.4698650611195117 0
      vertex -2.053084904153251 2.825828943268827 0
      vertex -1.807439650799355 2.4877272577029634 0.59
    endloop
  endfacet
  facet normal 0.42681075425069787 -0.6964918494087127 -0.5768289900509348
    outer loop
      vertex -2.053084904153251 2.825828943268827 0
      vertex -1.8297777478867205 2.745003957186827 0.26282285121799276
      vertex -1.807439650799355 2.4877272577029634 0.59
    endloop
  endfacet
  facet normal 0.42681075425069787 -0.6964918494087126 -0.5768289900509348
    outer loop
      vertex -2.053084904153251 2.825828943268827 0
      vertex -1.69 2.9271658647914025 0.14629674196263215
      vertex -1.8297777478867205 2.745003957186827 0.26282285121799276
    endloop
  endfacet
  facet normal 0.4268107542506977 -0.6964918494087128 -0.5768289900509349
    outer loop
      vertex -1.807439650799355 2.4877272577029634 0.59
      vertex -1.8297777478867205 2.745003957186827 0.26282285121799276
      vertex -1.7998076211353315 2.517358243656071 0.55986921918161
    endloop
  endfacet
  facet normal 0.4268107542506978 -0.6964918494087134 -0.5768289900509341
    outer loop
      vertex -2.053084904153251 2.825828943268827 0
      vertex -1.585750983048592 3.1122115384462865 0
      vertex -1.69 2.9271658647914025 0.14629674196263215
    endloop
  endfacet
  facet normal 0.42681075425069703 -0.6964918494087133 -0.5768289900509346
    outer loop
      vertex -1.585750983048592 3.1122115384462865 0
      vertex -1.5039460569484724 2.951660331080119 0.2543870576624824
      vertex -1.69 2.9271658647914025 0.14629674196263215
    endloop
  endfacet
  facet normal 0.3126006757468976 -0.7546847909951557 -0.5768289900509344
    outer loop
      vertex -1.585750983048592 3.1122115384462865 0
      vertex -0.9502272577029633 2.924498787607597 0.59
      vertex -1.4623542864692438 2.957135991542791 0.2697628762126239
    endloop
  endfacet
  facet normal 0.4268107542507022 -0.6964918494087118 -0.5768289900509328
    outer loop
      vertex -1.807439650799355 2.4877272577029634 0.59
      vertex -1.7998076211353315 2.517358243656071 0.55986921918161
      vertex -1.7817266342936198 2.5034842144831333 0.59
    endloop
  endfacet
  facet normal 0.31260067574689737 -0.7546847909951561 -0.576828990050934
    outer loop
      vertex -0.9502272577029633 2.924498787607597 0.59
      vertex -1.2801923788646685 2.817358243656071 0.5513577312975848
      vertex -1.4623542864692438 2.957135991542791 0.2697628762126239
    endloop
  endfacet
  facet normal 0.31260067574689926 -0.754684790995155 -0.5768289900509348
    outer loop
      vertex -1.585750983048592 3.1122115384462865 0
      vertex -1.4623542864692438 2.957135991542791 0.2697628762126239
      vertex -1.5039460569484724 2.951660331080119 0.2543870576624824
    endloop
  endfacet
  facet normal 0.312600675746898 -0.7546847909951554 -0.5768289900509347
    outer loop
      vertex -1.585750983048592 3.1122115384462865 0
      vertex -1.0793706099354934 3.32196115670928 0
      vertex -0.9502272577029633 2.924498787607597 0.59
    endloop
  endfacet
  facet normal 0.3126006757468974 -0.7546847909951565 -0.5768289900509337
    outer loop
      vertex -0.9502272577029633 2.924498787607597 0.59
      vertex -1.2765050375991658 2.789350106073607 0.59
      vertex -1.2801923788646685 2.817358243656071 0.5513577312975848
    endloop
  endfacet
  facet normal 0.19069333114404688 -0.7942948883720743 -0.5768289900509345
    outer loop
      vertex -1.0793706099354934 3.32196115670928 0
      vertex -0.5464125501801064 3.4499130663371 0
      vertex -0.48103597999870995 3.0371416473300488 0.59
    endloop
  endfacet
  facet normal 0.19069333114404732 -0.794294888372074 -0.5768289900509349
    outer loop
      vertex -0.9502272577029633 2.924498787607597 0.59
      vertex -1.0793706099354934 3.32196115670928 0
      vertex -0.48103597999870995 3.0371416473300488 0.59
    endloop
  endfacet
  facet normal 0.06409048385354774 -0.8143468094836726 -0.5768289900509348
    outer loop
      vertex -0.5464125501801064 3.4499130663371 0
      vertex 0 3.492916666666667 0
      vertex 0 3.075 0.59
    endloop
  endfacet
  facet normal 0.0640904838535473 -0.8143468094836727 -0.5768289900509345
    outer loop
      vertex -0.5464125501801064 3.4499130663371 0
      vertex 0 3.075 0.59
      vertex -0.48103597999870995 3.0371416473300488 0.59
    endloop
  endfacet
  facet normal -0.06409048385354774 0.8143468094836726 -0.5768289900509348
    outer loop
      vertex 0 -3.492916666666667 0
      vertex 0 -3.075 0.59
      vertex 0.5464125501801064 -3.4499130663371 0
    endloop
  endfacet
  facet normal -0.0640904838535473 0.8143468094836727 -0.5768289900509345
    outer loop
      vertex 0.5464125501801064 -3.4499130663371 0
      vertex 0 -3.075 0.59
      vertex 0.48103597999870995 -3.0371416473300488 0.59
    endloop
  endfacet
  facet normal -0.19069333114404688 0.7942948883720743 -0.5768289900509345
    outer loop
      vertex 0.5464125501801064 -3.4499130663371 0
      vertex 0.48103597999870995 -3.0371416473300488 0.59
      vertex 1.0793706099354934 -3.32196115670928 0
    endloop
  endfacet
  facet normal -0.19069333114404732 0.794294888372074 -0.5768289900509349
    outer loop
      vertex 0.48103597999870995 -3.0371416473300488 0.59
      vertex 0.9502272577029633 -2.924498787607597 0.59
      vertex 1.0793706099354934 -3.32196115670928 0
    endloop
  endfacet
  facet normal -0.312600675746898 0.7546847909951554 -0.5768289900509347
    outer loop
      vertex 1.0793706099354934 -3.32196115670928 0
      vertex 0.9502272577029633 -2.924498787607597 0.59
      vertex 1.585750983048592 -3.1122115384462865 0
    endloop
  endfacet
  facet normal -0.42681075425069764 0.696491849408713 -0.5768289900509345
    outer loop
      vertex 1.585750983048592 -3.1122115384462865 0
      vertex 1.3960207866991066 -2.7398450618792314 0.59
      vertex 2.053084904153251 -2.825828943268827 0
    endloop
  endfacet
  facet normal -0.31260067574689765 0.7546847909951558 -0.5768289900509345
    outer loop
      vertex 0.9502272577029633 -2.924498787607597 0.59
      vertex 1.3960207866991066 -2.7398450618792314 0.59
      vertex 1.585750983048592 -3.1122115384462865 0
    endloop
  endfacet
  facet normal -0.426810754250698 0.6964918494087126 -0.5768289900509348
    outer loop
      vertex 1.3960207866991066 -2.7398450618792314 0.59
      vertex 1.807439650799355 -2.4877272577029634 0.59
      vertex 2.053084904153251 -2.825828943268827 0
    endloop
  endfacet
  facet normal -0.5305113354811642 0.6211489669659043 -0.5768289900509347
    outer loop
      vertex 2.053084904153251 -2.825828943268827 0
      vertex 1.807439650799355 -2.4877272577029634 0.59
      vertex 2.4698650611195117 -2.4698650611195117 0
    endloop
  endfacet
  facet normal -0.530511335481164 0.6211489669659046 -0.5768289900509345
    outer loop
      vertex 1.807439650799355 -2.4877272577029634 0.59
      vertex 2.174353352148634 -2.174353352148634 0.59
      vertex 2.4698650611195117 -2.4698650611195117 0
    endloop
  endfacet
  facet normal -0.6211489669659045 0.5305113354811644 -0.5768289900509346
    outer loop
      vertex 2.174353352148634 -2.174353352148634 0.59
      vertex 2.825828943268827 -2.053084904153251 0
      vertex 2.4698650611195117 -2.4698650611195117 0
    endloop
  endfacet
  facet normal -0.6964918494087129 0.4268107542506976 -0.5768289900509348
    outer loop
      vertex 2.825828943268827 -2.053084904153251 0
      vertex 2.4877272577029634 -1.807439650799355 0.59
      vertex 3.1122115384462865 -1.585750983048592 0
    endloop
  endfacet
  facet normal -0.6211489669659046 0.530511335481164 -0.5768289900509348
    outer loop
      vertex 2.174353352148634 -2.174353352148634 0.59
      vertex 2.4877272577029634 -1.807439650799355 0.59
      vertex 2.825828943268827 -2.053084904153251 0
    endloop
  endfacet
  facet normal -0.6964918494087128 0.42681075425069814 -0.5768289900509345
    outer loop
      vertex 2.4877272577029634 -1.807439650799355 0.59
      vertex 2.7398450618792314 -1.3960207866991066 0.59
      vertex 3.1122115384462865 -1.585750983048592 0
    endloop
  endfacet
  facet normal -0.7546847909951558 0.3126006757468975 -0.5768289900509345
    outer loop
      vertex 2.7398450618792314 -1.3960207866991066 0.59
      vertex 3.3219611567092797 -1.0793706099354934 0
      vertex 3.1122115384462865 -1.585750983048592 0
    endloop
  endfacet
  facet normal -0.7546847909951558 0.31260067574689765 -0.5768289900509344
    outer loop
      vertex 2.7398450618792314 -1.3960207866991066 0.59
      vertex 2.924498787607597 -0.9502272577029633 0.59
      vertex 3.3219611567092797 -1.0793706099354934 0
    endloop
  endfacet
  facet normal -0.7942948883720741 0.19069333114404755 -0.5768289900509345
    outer loop
      vertex 2.924498787607597 -0.9502272577029633 0.59
      vertex 3.4499130663371 -0.5464125501801064 0
      vertex 3.3219611567092797 -1.0793706099354934 0
    endloop
  endfacet
  facet normal -0.7942948883720741 0.19069333114404735 -0.5768289900509345
    outer loop
      vertex 2.924498787607597 -0.9502272577029633 0.59
      vertex 3.0371416473300488 -0.48103597999870995 0.59
      vertex 3.4499130663371 -0.5464125501801064 0
    endloop
  endfacet
  facet normal -0.8143468094836727 0.06409048385354779 -0.5768289900509346
    outer loop
      vertex 3.4499130663371 -0.5464125501801064 0
      vertex 3.0371416473300488 -0.48103597999870995 0.59
      vertex 3.2921320343559644 -0.21213203435596426 0.2598910293666488
    endloop
  endfacet
  facet normal -0.8143468094836724 0.06409048385354774 -0.5768289900509347
    outer loop
      vertex 3.4499130663371 -0.5464125501801064 0
      vertex 3.38 0 0.1594117647058828
      vertex 3.492916666666667 0 0
    endloop
  endfacet
  facet normal -0.8143468094836728 0.06409048385354756 -0.5768289900509344
    outer loop
      vertex 3.4499130663371 -0.5464125501801064 0
      vertex 3.2921320343559644 -0.21213203435596426 0.2598910293666488
      vertex 3.38 0 0.1594117647058828
    endloop
  endfacet
  facet normal -0.8143468094836724 0.06409048385354744 -0.5768289900509347
    outer loop
      vertex 3.0371416473300488 -0.48103597999870995 0.59
      vertex 3.08 -0.3 0.5496086888742795
      vertex 3.2921320343559644 -0.21213203435596426 0.2598910293666488
    endloop
  endfacet
  facet normal -0.8143468094836724 0.0640904838535473 -0.5768289900509351
    outer loop
      vertex 3.0371416473300488 -0.48103597999870995 0.59
      vertex 3.0522927260847235 -0.2885232713679061 0.59
      vertex 3.08 -0.3 0.5496086888742795
    endloop
  endfacet
  facet normal -0.6211489669659046 -0.530511335481164 -0.5768289900509346
    outer loop
      vertex 2.174353352148634 2.174353352148634 0.59
      vertex 2.4698650611195117 2.4698650611195117 0
      vertex 2.4877272577029634 1.807439650799355 0.59
    endloop
  endfacet
  facet normal -0.06409048385354776 -0.8143468094836728 -0.5768289900509346
    outer loop
      vertex 0 3.492916666666667 0
      vertex 0.5464125501801064 3.4499130663371 0
      vertex 0.48103597999870995 3.0371416473300488 0.59
    endloop
  endfacet
  facet normal -0.06409048385354726 -0.8143468094836726 -0.5768289900509348
    outer loop
      vertex 0 3.492916666666667 0
      vertex 0.48103597999870995 3.0371416473300488 0.59
      vertex 0 3.075 0.59
    endloop
  endfacet
  facet normal -0.31260067574689754 -0.7546847909951556 -0.5768289900509348
    outer loop
      vertex 0.9502272577029633 2.924498787607597 0.59
      vertex 1.0793706099354934 3.32196115670928 0
      vertex 1.3960207866991066 2.7398450618792314 0.59
    endloop
  endfacet
  facet normal -0.19069333114404685 -0.7942948883720741 -0.5768289900509348
    outer loop
      vertex 0.5464125501801064 3.4499130663371 0
      vertex 1.0793706099354934 3.32196115670928 0
      vertex 0.9502272577029633 2.924498787607597 0.59
    endloop
  endfacet
  facet normal -0.19069333114404732 -0.7942948883720741 -0.5768289900509345
    outer loop
      vertex 0.5464125501801064 3.4499130663371 0
      vertex 0.9502272577029633 2.924498787607597 0.59
      vertex 0.48103597999870995 3.0371416473300488 0.59
    endloop
  endfacet
  facet normal -0.42681075425069814 -0.6964918494087128 -0.5768289900509345
    outer loop
      vertex 1.3960207866991066 2.7398450618792314 0.59
      vertex 1.585750983048592 3.1122115384462865 0
      vertex 1.807439650799355 2.4877272577029634 0.59
    endloop
  endfacet
  facet normal -0.31260067574689804 -0.7546847909951555 -0.5768289900509345
    outer loop
      vertex 1.0793706099354934 3.32196115670928 0
      vertex 1.585750983048592 3.1122115384462865 0
      vertex 1.3960207866991066 2.7398450618792314 0.59
    endloop
  endfacet
  facet normal -0.4268107542506976 -0.6964918494087129 -0.5768289900509348
    outer loop
      vertex 1.585750983048592 3.1122115384462865 0
      vertex 2.053084904153251 2.825828943268827 0
      vertex 1.807439650799355 2.4877272577029634 0.59
    endloop
  endfacet
  facet normal -0.5305113354811644 -0.6211489669659045 -0.5768289900509346
    outer loop
      vertex 2.174353352148634 2.174353352148634 0.59
      vertex 2.053084904153251 2.825828943268827 0
      vertex 2.4698650611195117 2.4698650611195117 0
    endloop
  endfacet
  facet normal -0.530511335481164 -0.6211489669659046 -0.5768289900509348
    outer loop
      vertex 2.174353352148634 2.174353352148634 0.59
      vertex 1.807439650799355 2.4877272577029634 0.59
      vertex 2.053084904153251 2.825828943268827 0
    endloop
  endfacet
  facet normal -0.8143468094836726 -0.06409048385354747 -0.5768289900509346
    outer loop
      vertex 3.4499130663371 0.5464125501801064 0
      vertex 3.2921320343559644 0.21213203435596426 0.2598910293666486
      vertex 3.08 0.3 0.5496086888742794
    endloop
  endfacet
  facet normal -0.8143468094836726 -0.06409048385354782 -0.5768289900509349
    outer loop
      vertex 3.492916666666667 0 0
      vertex 3.38 0 0.1594117647058828
      vertex 3.2921320343559644 0.21213203435596426 0.2598910293666486
    endloop
  endfacet
  facet normal -0.8143468094836726 -0.06409048385354774 -0.5768289900509348
    outer loop
      vertex 3.492916666666667 0 0
      vertex 3.2921320343559644 0.21213203435596426 0.2598910293666486
      vertex 3.4499130663371 0.5464125501801064 0
    endloop
  endfacet
  facet normal -0.8143468094836727 -0.06409048385354726 -0.5768289900509345
    outer loop
      vertex 3.4499130663371 0.5464125501801064 0
      vertex 3.08 0.3 0.5496086888742794
      vertex 3.0371416473300488 0.48103597999870995 0.59
    endloop
  endfacet
  facet normal -0.8143468094836731 -0.06409048385354736 -0.5768289900509341
    outer loop
      vertex 3.0371416473300488 0.48103597999870995 0.59
      vertex 3.08 0.3 0.5496086888742794
      vertex 3.0522927260847235 0.2885232713679061 0.59
    endloop
  endfacet
  facet normal -0.7942948883720742 -0.19069333114404688 -0.5768289900509345
    outer loop
      vertex 3.4499130663371 0.5464125501801064 0
      vertex 3.0371416473300488 0.48103597999870995 0.59
      vertex 3.32196115670928 1.0793706099354934 0
    endloop
  endfacet
  facet normal -0.794294888372074 -0.19069333114404732 -0.5768289900509349
    outer loop
      vertex 2.924498787607597 0.9502272577029633 0.59
      vertex 3.32196115670928 1.0793706099354934 0
      vertex 3.0371416473300488 0.48103597999870995 0.59
    endloop
  endfacet
  facet normal -0.696491849408713 -0.42681075425069764 -0.5768289900509345
    outer loop
      vertex 2.7398450618792314 1.3960207866991066 0.59
      vertex 2.825828943268827 2.053084904153251 0
      vertex 3.1122115384462865 1.585750983048592 0
    endloop
  endfacet
  facet normal -0.6964918494087126 -0.426810754250698 -0.5768289900509348
    outer loop
      vertex 2.7398450618792314 1.3960207866991066 0.59
      vertex 2.4877272577029634 1.807439650799355 0.59
      vertex 2.825828943268827 2.053084904153251 0
    endloop
  endfacet
  facet normal -0.7546847909951558 -0.31260067574689765 -0.5768289900509345
    outer loop
      vertex 2.924498787607597 0.9502272577029633 0.59
      vertex 2.7398450618792314 1.3960207866991066 0.59
      vertex 3.1122115384462865 1.585750983048592 0
    endloop
  endfacet
  facet normal -0.6211489669659043 -0.5305113354811642 -0.5768289900509347
    outer loop
      vertex 2.825828943268827 2.053084904153251 0
      vertex 2.4877272577029634 1.807439650799355 0.59
      vertex 2.4698650611195117 2.4698650611195117 0
    endloop
  endfacet
  facet normal -0.7546847909951554 -0.31260067574689804 -0.5768289900509347
    outer loop
      vertex 2.924498787607597 0.9502272577029633 0.59
      vertex 3.1122115384462865 1.585750983048592 0
      vertex 3.32196115670928 1.0793706099354934 0
    endloop
  endfacet
  facet normal 0.8526401643540921 0.5224985647159491 2.4654267183669447e-18
    outer loop
      vertex -1.2135254915624212 -0.8816778784387097 9.99
      vertex -1.336509786282552 -0.6809857496093202 9.99
      vertex -1.336509786282552 -0.6809857496093202 12
    endloop
  endfacet
  facet normal 0.9238795325112872 0.3826834323650888 1.1209037591182046e-18
    outer loop
      vertex -1.336509786282552 -0.6809857496093202 9.99
      vertex -1.4265847744427302 -0.46352549156242107 9.99
      vertex -1.4265847744427302 -0.46352549156242107 12
    endloop
  endfacet
  facet normal 0.9723699203976764 0.23344536385590625 1.821981719020132e-18
    outer loop
      vertex -1.4265847744427302 -0.46352549156242107 9.99
      vertex -1.4815325108927067 -0.23465169756034632 9.99
      vertex -1.4815325108927067 -0.23465169756034632 12
    endloop
  endfacet
  facet normal 0.996917333733128 0.07845909572784465 4.899208152229475e-19
    outer loop
      vertex -1.4815325108927067 -0.23465169756034632 9.99
      vertex -1.5 0 9.99
      vertex -1.5 0 12
    endloop
  endfacet
  facet normal 0.9238795325112872 0.3826834323650888 0
    outer loop
      vertex -1.336509786282552 -0.6809857496093202 9.99
      vertex -1.4265847744427302 -0.46352549156242107 12
      vertex -1.336509786282552 -0.6809857496093202 12
    endloop
  endfacet
  facet normal 0.8526401643540921 0.5224985647159491 0
    outer loop
      vertex -1.2135254915624212 -0.8816778784387097 9.99
      vertex -1.336509786282552 -0.6809857496093202 12
      vertex -1.2135254915624212 -0.8816778784387097 12
    endloop
  endfacet
  facet normal 0.9723699203976764 0.23344536385590625 0
    outer loop
      vertex -1.4265847744427302 -0.46352549156242107 9.99
      vertex -1.4815325108927067 -0.23465169756034632 12
      vertex -1.4265847744427302 -0.46352549156242107 12
    endloop
  endfacet
  facet normal 0.996917333733128 0.07845909572784465 0
    outer loop
      vertex -1.4815325108927067 -0.23465169756034632 9.99
      vertex -1.5 0 12
      vertex -1.4815325108927067 -0.23465169756034632 12
    endloop
  endfacet
  facet normal 0.5224985647159491 0.8526401643540921 0
    outer loop
      vertex -0.8816778784387097 -1.2135254915624212 9.99
      vertex -0.8816778784387097 -1.2135254915624212 12
      vertex -0.6809857496093202 -1.336509786282552 9.99
    endloop
  endfacet
  facet normal 0.3826834323650888 0.9238795325112872 0
    outer loop
      vertex -0.6809857496093202 -1.336509786282552 9.99
      vertex -0.6809857496093202 -1.336509786282552 12
      vertex -0.46352549156242107 -1.4265847744427302 9.99
    endloop
  endfacet
  facet normal 0.23344536385590625 0.9723699203976764 0
    outer loop
      vertex -0.46352549156242107 -1.4265847744427302 9.99
      vertex -0.46352549156242107 -1.4265847744427302 12
      vertex -0.23465169756034632 -1.4815325108927067 9.99
    endloop
  endfacet
  facet normal 0.07845909572784465 0.996917333733128 0
    outer loop
      vertex -0.23465169756034632 -1.4815325108927067 9.99
      vertex -0.23465169756034632 -1.4815325108927067 12
      vertex 0 -1.5 9.99
    endloop
  endfacet
  facet normal 0.5224985647159491 0.8526401643540921 0
    outer loop
      vertex -0.6809857496093202 -1.336509786282552 9.99
      vertex -0.8816778784387097 -1.2135254915624212 12
      vertex -0.6809857496093202 -1.336509786282552 12
    endloop
  endfacet
  facet normal 0.3826834323650888 0.9238795325112872 0
    outer loop
      vertex -0.46352549156242107 -1.4265847744427302 9.99
      vertex -0.6809857496093202 -1.336509786282552 12
      vertex -0.46352549156242107 -1.4265847744427302 12
    endloop
  endfacet
  facet normal 0.23344536385590625 0.9723699203976764 0
    outer loop
      vertex -0.23465169756034632 -1.4815325108927067 9.99
      vertex -0.46352549156242107 -1.4265847744427302 12
      vertex -0.23465169756034632 -1.4815325108927067 12
    endloop
  endfacet
  facet normal 0.07845909572784465 0.996917333733128 4.899208152229475e-19
    outer loop
      vertex -0.23465169756034632 -1.4815325108927067 12
      vertex 0 -1.5 12
      vertex 0 -1.5 9.99
    endloop
  endfacet
  facet normal 0.7604059656000313 0.6494480483301832 0
    outer loop
      vertex -1.2135254915624212 -0.8816778784387097 9.99
      vertex -1.2135254915624212 -0.8816778784387097 12
      vertex -1.0606601717798214 -1.0606601717798214 9.99
    endloop
  endfacet
  facet normal 0.6494480483301832 0.7604059656000313 2.1883132714666357e-18
    outer loop
      vertex -0.8816778784387097 -1.2135254915624212 9.99
      vertex -1.0606601717798214 -1.0606601717798214 9.99
      vertex -1.0606601717798214 -1.0606601717798214 12
    endloop
  endfacet
  facet normal 0.7604059656000313 0.6494480483301832 0
    outer loop
      vertex -1.0606601717798214 -1.0606601717798214 9.99
      vertex -1.2135254915624212 -0.8816778784387097 12
      vertex -1.0606601717798214 -1.0606601717798214 12
    endloop
  endfacet
  facet normal 0.6494480483301832 0.7604059656000313 0
    outer loop
      vertex -0.8816778784387097 -1.2135254915624212 9.99
      vertex -1.0606601717798214 -1.0606601717798214 12
      vertex -0.8816778784387097 -1.2135254915624212 12
    endloop
  endfacet
  facet normal 0.996917333733128 -0.07845909572784465 -4.899208152229475e-19
    outer loop
      vertex -1.5 0 9.99
      vertex -1.4815325108927067 0.23465169756034632 9.99
      vertex -1.4815325108927067 0.23465169756034632 12
    endloop
  endfacet
  facet normal 0.9723699203976764 -0.23344536385590625 -1.821981719020132e-18
    outer loop
      vertex -1.4815325108927067 0.23465169756034632 9.99
      vertex -1.4265847744427302 0.46352549156242107 9.99
      vertex -1.4265847744427302 0.46352549156242107 12
    endloop
  endfacet
  facet normal 0.9238795325112872 -0.3826834323650888 -1.1209037591182046e-18
    outer loop
      vertex -1.4265847744427302 0.46352549156242107 9.99
      vertex -1.336509786282552 0.6809857496093202 9.99
      vertex -1.336509786282552 0.6809857496093202 12
    endloop
  endfacet
  facet normal 0.8526401643540921 -0.5224985647159491 -2.4654267183669447e-18
    outer loop
      vertex -1.336509786282552 0.6809857496093202 9.99
      vertex -1.2135254915624212 0.8816778784387097 9.99
      vertex -1.2135254915624212 0.8816778784387097 12
    endloop
  endfacet
  facet normal 0.996917333733128 -0.07845909572784465 0
    outer loop
      vertex -1.5 0 9.99
      vertex -1.4815325108927067 0.23465169756034632 12
      vertex -1.5 0 12
    endloop
  endfacet
  facet normal 0.9723699203976764 -0.23344536385590625 0
    outer loop
      vertex -1.4815325108927067 0.23465169756034632 9.99
      vertex -1.4265847744427302 0.46352549156242107 12
      vertex -1.4815325108927067 0.23465169756034632 12
    endloop
  endfacet
  facet normal 0.9238795325112872 -0.3826834323650888 0
    outer loop
      vertex -1.4265847744427302 0.46352549156242107 9.99
      vertex -1.336509786282552 0.6809857496093202 12
      vertex -1.4265847744427302 0.46352549156242107 12
    endloop
  endfacet
  facet normal 0.8526401643540921 -0.5224985647159491 0
    outer loop
      vertex -1.336509786282552 0.6809857496093202 9.99
      vertex -1.2135254915624212 0.8816778784387097 12
      vertex -1.336509786282552 0.6809857496093202 12
    endloop
  endfacet
  facet normal 0.7604059656000313 -0.6494480483301832 -2.1883132714666357e-18
    outer loop
      vertex -1.2135254915624212 0.8816778784387097 9.99
      vertex -1.0606601717798214 1.0606601717798214 9.99
      vertex -1.0606601717798214 1.0606601717798214 12
    endloop
  endfacet
  facet normal 0.6494480483301832 -0.7604059656000313 -2.1883132714666357e-18
    outer loop
      vertex -1.0606601717798214 1.0606601717798214 9.99
      vertex -0.8816778784387097 1.2135254915624212 9.99
      vertex -0.8816778784387097 1.2135254915624212 12
    endloop
  endfacet
  facet normal 0.7604059656000313 -0.6494480483301832 0
    outer loop
      vertex -1.2135254915624212 0.8816778784387097 9.99
      vertex -1.0606601717798214 1.0606601717798214 12
      vertex -1.2135254915624212 0.8816778784387097 12
    endloop
  endfacet
  facet normal 0.6494480483301832 -0.7604059656000313 0
    outer loop
      vertex -1.0606601717798214 1.0606601717798214 9.99
      vertex -0.8816778784387097 1.2135254915624212 12
      vertex -1.0606601717798214 1.0606601717798214 12
    endloop
  endfacet
  facet normal 0.5224985647159491 -0.8526401643540921 -2.4654267183669447e-18
    outer loop
      vertex -0.8816778784387097 1.2135254915624212 9.99
      vertex -0.6809857496093202 1.336509786282552 9.99
      vertex -0.6809857496093202 1.336509786282552 12
    endloop
  endfacet
  facet normal 0.3826834323650888 -0.9238795325112872 -1.1209037591182046e-18
    outer loop
      vertex -0.6809857496093202 1.336509786282552 9.99
      vertex -0.46352549156242107 1.4265847744427302 9.99
      vertex -0.46352549156242107 1.4265847744427302 12
    endloop
  endfacet
  facet normal 0.23344536385590625 -0.9723699203976764 -1.821981719020132e-18
    outer loop
      vertex -0.46352549156242107 1.4265847744427302 9.99
      vertex -0.23465169756034632 1.4815325108927067 9.99
      vertex -0.23465169756034632 1.4815325108927067 12
    endloop
  endfacet
  facet normal 0.07845909572784465 -0.996917333733128 -4.899208152229475e-19
    outer loop
      vertex -0.23465169756034632 1.4815325108927067 9.99
      vertex 0 1.5 9.99
      vertex 0 1.5 12
    endloop
  endfacet
  facet normal 0.5224985647159491 -0.8526401643540921 0
    outer loop
      vertex -0.8816778784387097 1.2135254915624212 9.99
      vertex -0.6809857496093202 1.336509786282552 12
      vertex -0.8816778784387097 1.2135254915624212 12
    endloop
  endfacet
  facet normal 0.3826834323650888 -0.9238795325112872 0
    outer loop
      vertex -0.6809857496093202 1.336509786282552 9.99
      vertex -0.46352549156242107 1.4265847744427302 12
      vertex -0.6809857496093202 1.336509786282552 12
    endloop
  endfacet
  facet normal 0.23344536385590625 -0.9723699203976764 0
    outer loop
      vertex -0.46352549156242107 1.4265847744427302 9.99
      vertex -0.23465169756034632 1.4815325108927067 12
      vertex -0.46352549156242107 1.4265847744427302 12
    endloop
  endfacet
  facet normal 0.07845909572784465 -0.996917333733128 0
    outer loop
      vertex -0.23465169756034632 1.4815325108927067 9.99
      vertex 0 1.5 12
      vertex -0.23465169756034632 1.4815325108927067 12
    endloop
  endfacet
  facet normal -0.07845909572784465 0.996917333733128 0
    outer loop
      vertex 0 -1.5 9.99
      vertex 0 -1.5 12
      vertex 0.23465169756034632 -1.4815325108927067 9.99
    endloop
  endfacet
  facet normal -0.23344536385590625 0.9723699203976764 0
    outer loop
      vertex 0.23465169756034632 -1.4815325108927067 9.99
      vertex 0.23465169756034632 -1.4815325108927067 12
      vertex 0.46352549156242107 -1.4265847744427302 9.99
    endloop
  endfacet
  facet normal -0.3826834323650888 0.9238795325112872 0
    outer loop
      vertex 0.46352549156242107 -1.4265847744427302 9.99
      vertex 0.46352549156242107 -1.4265847744427302 12
      vertex 0.6809857496093202 -1.336509786282552 9.99
    endloop
  endfacet
  facet normal -0.5224985647159491 0.8526401643540921 0
    outer loop
      vertex 0.6809857496093202 -1.336509786282552 9.99
      vertex 0.6809857496093202 -1.336509786282552 12
      vertex 0.8816778784387097 -1.2135254915624212 9.99
    endloop
  endfacet
  facet normal -0.07845909572784465 0.996917333733128 0
    outer loop
      vertex 0.23465169756034632 -1.4815325108927067 9.99
      vertex 0 -1.5 12
      vertex 0.23465169756034632 -1.4815325108927067 12
    endloop
  endfacet
  facet normal -0.23344536385590625 0.9723699203976764 0
    outer loop
      vertex 0.46352549156242107 -1.4265847744427302 9.99
      vertex 0.23465169756034632 -1.4815325108927067 12
      vertex 0.46352549156242107 -1.4265847744427302 12
    endloop
  endfacet
  facet normal -0.3826834323650888 0.9238795325112872 0
    outer loop
      vertex 0.6809857496093202 -1.336509786282552 9.99
      vertex 0.46352549156242107 -1.4265847744427302 12
      vertex 0.6809857496093202 -1.336509786282552 12
    endloop
  endfacet
  facet normal -0.5224985647159491 0.8526401643540921 0
    outer loop
      vertex 0.8816778784387097 -1.2135254915624212 9.99
      vertex 0.6809857496093202 -1.336509786282552 12
      vertex 0.8816778784387097 -1.2135254915624212 12
    endloop
  endfacet
  facet normal -0.6494480483301832 0.7604059656000313 0
    outer loop
      vertex 0.8816778784387097 -1.2135254915624212 9.99
      vertex 0.8816778784387097 -1.2135254915624212 12
      vertex 1.0606601717798214 -1.0606601717798214 9.99
    endloop
  endfacet
  facet normal -0.7604059656000313 0.6494480483301832 0
    outer loop
      vertex 1.0606601717798214 -1.0606601717798214 9.99
      vertex 1.0606601717798214 -1.0606601717798214 12
      vertex 1.2135254915624212 -0.8816778784387097 9.99
    endloop
  endfacet
  facet normal -0.6494480483301832 0.7604059656000313 0
    outer loop
      vertex 1.0606601717798214 -1.0606601717798214 9.99
      vertex 0.8816778784387097 -1.2135254915624212 12
      vertex 1.0606601717798214 -1.0606601717798214 12
    endloop
  endfacet
  facet normal -0.7604059656000313 0.6494480483301832 0
    outer loop
      vertex 1.2135254915624212 -0.8816778784387097 9.99
      vertex 1.0606601717798214 -1.0606601717798214 12
      vertex 1.2135254915624212 -0.8816778784387097 12
    endloop
  endfacet
  facet normal -0.8526401643540921 0.5224985647159491 0
    outer loop
      vertex 1.2135254915624212 -0.8816778784387097 9.99
      vertex 1.2135254915624212 -0.8816778784387097 12
      vertex 1.336509786282552 -0.6809857496093202 9.99
    endloop
  endfacet
  facet normal -0.9238795325112872 0.3826834323650888 0
    outer loop
      vertex 1.336509786282552 -0.6809857496093202 9.99
      vertex 1.336509786282552 -0.6809857496093202 12
      vertex 1.4265847744427302 -0.46352549156242107 9.99
    endloop
  endfacet
  facet normal -0.9723699203976764 0.23344536385590625 0
    outer loop
      vertex 1.4265847744427302 -0.46352549156242107 9.99
      vertex 1.4265847744427302 -0.46352549156242107 12
      vertex 1.4815325108927067 -0.23465169756034632 9.99
    endloop
  endfacet
  facet normal -0.996917333733128 0.07845909572784465 0
    outer loop
      vertex 1.4815325108927067 -0.23465169756034632 9.99
      vertex 1.4815325108927067 -0.23465169756034632 12
      vertex 1.5 0 9.99
    endloop
  endfacet
  facet normal -0.8526401643540921 0.5224985647159491 0
    outer loop
      vertex 1.336509786282552 -0.6809857496093202 9.99
      vertex 1.2135254915624212 -0.8816778784387097 12
      vertex 1.336509786282552 -0.6809857496093202 12
    endloop
  endfacet
  facet normal -0.9238795325112872 0.3826834323650888 0
    outer loop
      vertex 1.4265847744427302 -0.46352549156242107 9.99
      vertex 1.336509786282552 -0.6809857496093202 12
      vertex 1.4265847744427302 -0.46352549156242107 12
    endloop
  endfacet
  facet normal -0.9723699203976764 0.23344536385590625 0
    outer loop
      vertex 1.4815325108927067 -0.23465169756034632 9.99
      vertex 1.4265847744427302 -0.46352549156242107 12
      vertex 1.4815325108927067 -0.23465169756034632 12
    endloop
  endfacet
  facet normal -0.996917333733128 0.07845909572784465 -4.899208152229475e-19
    outer loop
      vertex 1.4815325108927067 -0.23465169756034632 12
      vertex 1.5 0 12
      vertex 1.5 0 9.99
    endloop
  endfacet
  facet normal -0.6494480483301832 -0.7604059656000313 0
    outer loop
      vertex 1.0606601717798214 1.0606601717798214 9.99
      vertex 1.0606601717798214 1.0606601717798214 12
      vertex 0.8816778784387097 1.2135254915624212 9.99
    endloop
  endfacet
  facet normal -0.7604059656000313 -0.6494480483301832 2.1883132714666357e-18
    outer loop
      vertex 1.0606601717798214 1.0606601717798214 9.99
      vertex 1.2135254915624212 0.8816778784387097 9.99
      vertex 1.2135254915624212 0.8816778784387097 12
    endloop
  endfacet
  facet normal -0.6494480483301832 -0.7604059656000313 0
    outer loop
      vertex 0.8816778784387097 1.2135254915624212 9.99
      vertex 1.0606601717798214 1.0606601717798214 12
      vertex 0.8816778784387097 1.2135254915624212 12
    endloop
  endfacet
  facet normal -0.7604059656000313 -0.6494480483301832 0
    outer loop
      vertex 1.0606601717798214 1.0606601717798214 9.99
      vertex 1.2135254915624212 0.8816778784387097 12
      vertex 1.0606601717798214 1.0606601717798214 12
    endloop
  endfacet
  facet normal -0.07845909572784465 -0.996917333733128 0
    outer loop
      vertex 0.23465169756034632 1.4815325108927067 9.99
      vertex 0.23465169756034632 1.4815325108927067 12
      vertex 0 1.5 9.99
    endloop
  endfacet
  facet normal -0.23344536385590625 -0.9723699203976764 1.821981719020132e-18
    outer loop
      vertex 0.23465169756034632 1.4815325108927067 9.99
      vertex 0.46352549156242107 1.4265847744427302 9.99
      vertex 0.46352549156242107 1.4265847744427302 12
    endloop
  endfacet
  facet normal -0.3826834323650888 -0.9238795325112872 1.1209037591182046e-18
    outer loop
      vertex 0.46352549156242107 1.4265847744427302 9.99
      vertex 0.6809857496093202 1.336509786282552 9.99
      vertex 0.6809857496093202 1.336509786282552 12
    endloop
  endfacet
  facet normal -0.5224985647159491 -0.8526401643540921 2.4654267183669447e-18
    outer loop
      vertex 0.6809857496093202 1.336509786282552 9.99
      vertex 0.8816778784387097 1.2135254915624212 9.99
      vertex 0.8816778784387097 1.2135254915624212 12
    endloop
  endfacet
  facet normal -0.07845909572784465 -0.996917333733128 0
    outer loop
      vertex 0 1.5 9.99
      vertex 0.23465169756034632 1.4815325108927067 12
      vertex 0 1.5 12
    endloop
  endfacet
  facet normal -0.23344536385590625 -0.9723699203976764 0
    outer loop
      vertex 0.23465169756034632 1.4815325108927067 9.99
      vertex 0.46352549156242107 1.4265847744427302 12
      vertex 0.23465169756034632 1.4815325108927067 12
    endloop
  endfacet
  facet normal -0.3826834323650888 -0.9238795325112872 0
    outer loop
      vertex 0.46352549156242107 1.4265847744427302 9.99
      vertex 0.6809857496093202 1.336509786282552 12
      vertex 0.46352549156242107 1.4265847744427302 12
    endloop
  endfacet
  facet normal -0.5224985647159491 -0.8526401643540921 0
    outer loop
      vertex 0.6809857496093202 1.336509786282552 9.99
      vertex 0.8816778784387097 1.2135254915624212 12
      vertex 0.6809857496093202 1.336509786282552 12
    endloop
  endfacet
  facet normal -0.996917333733128 -0.07845909572784465 4.899208152229475e-19
    outer loop
      vertex 1.4815325108927067 0.23465169756034632 9.99
      vertex 1.5 0 9.99
      vertex 1.5 0 12
    endloop
  endfacet
  facet normal -0.9723699203976764 -0.23344536385590625 0
    outer loop
      vertex 1.4815325108927067 0.23465169756034632 9.99
      vertex 1.4815325108927067 0.23465169756034632 12
      vertex 1.4265847744427302 0.46352549156242107 9.99
    endloop
  endfacet
  facet normal -0.9238795325112872 -0.3826834323650888 0
    outer loop
      vertex 1.4265847744427302 0.46352549156242107 9.99
      vertex 1.4265847744427302 0.46352549156242107 12
      vertex 1.336509786282552 0.6809857496093202 9.99
    endloop
  endfacet
  facet normal -0.8526401643540921 -0.5224985647159491 0
    outer loop
      vertex 1.336509786282552 0.6809857496093202 9.99
      vertex 1.336509786282552 0.6809857496093202 12
      vertex 1.2135254915624212 0.8816778784387097 9.99
    endloop
  endfacet
  facet normal -0.996917333733128 -0.07845909572784465 0
    outer loop
      vertex 1.4815325108927067 0.23465169756034632 9.99
      vertex 1.5 0 12
      vertex 1.4815325108927067 0.23465169756034632 12
    endloop
  endfacet
  facet normal -0.9723699203976764 -0.23344536385590625 0
    outer loop
      vertex 1.4265847744427302 0.46352549156242107 9.99
      vertex 1.4815325108927067 0.23465169756034632 12
      vertex 1.4265847744427302 0.46352549156242107 12
    endloop
  endfacet
  facet normal -0.8526401643540921 -0.5224985647159491 0
    outer loop
      vertex 1.2135254915624212 0.8816778784387097 9.99
      vertex 1.336509786282552 0.6809857496093202 12
      vertex 1.2135254915624212 0.8816778784387097 12
    endloop
  endfacet
  facet normal -0.9238795325112872 -0.3826834323650888 0
    outer loop
      vertex 1.336509786282552 0.6809857496093202 9.99
      vertex 1.4265847744427302 0.46352549156242107 12
      vertex 1.336509786282552 0.6809857496093202 12
    endloop
  endfacet
  facet normal -0.3826834323650898 -0.923879532511287 1.0795522782560525e-17
    outer loop
      vertex 2.867867965644036 -0.21213203435596426 0
      vertex 3.08 -0.3 0
      vertex 3.08 -0.3 0.5496086888742795
    endloop
  endfacet
  facet normal 0 0 -1
    outer loop
      vertex 2.867867965644036 -0.21213203435596426 0
      vertex 3.08 0.3 0
      vertex 3.08 -0.3 0
    endloop
  endfacet
  facet normal 0.3826834323650896 -0.9238795325112867 -2.2830003546851583e-17
    outer loop
      vertex 3.08 -0.3 0
      vertex 3.2921320343559644 -0.21213203435596426 0
      vertex 3.2921320343559644 -0.21213203435596426 0.2598910293666488
    endloop
  endfacet
  facet normal 0 0 -1
    outer loop
      vertex 3.08 -0.3 0
      vertex 3.2921320343559644 0.21213203435596426 0
      vertex 3.2921320343559644 -0.21213203435596426 0
    endloop
  endfacet
  facet normal 0.3826834323650898 -0.923879532511287 0
    outer loop
      vertex 3.08 -0.3 0
      vertex 3.2921320343559644 -0.21213203435596426 0.2598910293666488
      vertex 3.08 -0.3 0.5496086888742795
    endloop
  endfacet
  facet normal 0.9238795325112871 -0.38268343236508906 2.3689334260459206e-18
    outer loop
      vertex 3.2921320343559644 -0.21213203435596426 0
      vertex 3.38 0 0
      vertex 3.38 0 0.1594117647058828
    endloop
  endfacet
  facet normal 0.9238795325112872 -0.38268343236508906 0
    outer loop
      vertex 3.2921320343559644 -0.21213203435596426 0
      vertex 3.38 0 0.1594117647058828
      vertex 3.2921320343559644 -0.21213203435596426 0.2598910293666488
    endloop
  endfacet
  facet normal -0.3826834323650901 -0.9238795325112866 6.722219952355743e-17
    outer loop
      vertex 2.867867965644036 -0.21213203435596426 0
      vertex 3.08 -0.3 0.5496086888742795
      vertex 3.0522927260847235 -0.2885232713679061 0.59
    endloop
  endfacet
  facet normal -0.9238795325112872 -0.38268343236508906 -4.1959539768525904e-20
    outer loop
      vertex 2.867867965644036 -0.21213203435596426 0
      vertex 2.7800000000000002 0 9
      vertex 2.7800000000000002 0 0
    endloop
  endfacet
  facet normal -0.3826834323650896 -0.9238795325112867 0
    outer loop
      vertex 2.867867965644036 -0.21213203435596426 0
      vertex 3.0522927260847235 -0.2885232713679061 0.59
      vertex 2.867867965644036 -0.21213203435596426 9
    endloop
  endfacet
  facet normal -0.9238795325112872 -0.38268343236508906 0
    outer loop
      vertex 2.867867965644036 -0.21213203435596426 0
      vertex 2.867867965644036 -0.21213203435596426 9
      vertex 2.7800000000000002 0 9
    endloop
  endfacet
  facet normal -0.3826834323650896 -0.9238795325112867 3.8724753479827517e-19
    outer loop
      vertex 2.867867965644036 -0.21213203435596426 9
      vertex 3.0522927260847235 -0.2885232713679061 0.59
      vertex 3.0522927260847235 -0.2885232713679061 9
    endloop
  endfacet
  facet normal 0 0 1
    outer loop
      vertex 2.867867965644036 -0.21213203435596426 9
      vertex 3.0522927260847235 -0.2885232713679061 9
      vertex 2.867867965644036 0.21213203435596426 9
    endloop
  endfacet
  facet normal 0 0 1
    outer loop
      vertex 2.867867965644036 0.21213203435596426 9
      vertex 3.0522927260847235 -0.2885232713679061 9
      vertex 3.075 0 9
    endloop
  endfacet
  facet normal 0 0 -1
    outer loop
      vertex 2.867867965644036 -0.21213203435596426 0
      vertex 2.7800000000000002 0 0
      vertex 2.867867965644036 0.21213203435596426 0
    endloop
  endfacet
  facet normal 0 0 -1
    outer loop
      vertex 2.867867965644036 -0.21213203435596426 0
      vertex 2.867867965644036 0.21213203435596426 0
      vertex 3.08 0.3 0
    endloop
  endfacet
  facet normal 0 0 -1
    outer loop
      vertex 3.08 -0.3 0
      vertex 3.08 0.3 0
      vertex 3.2921320343559644 0.21213203435596426 0
    endloop
  endfacet
  facet normal 0.3826834323650897 0.9238795325112868 0
    outer loop
      vertex 3.08 0.3 0
      vertex 3.08 0.3 0.5496086888742794
      vertex 3.2921320343559644 0.21213203435596426 0
    endloop
  endfacet
  facet normal -0.38268343236508967 0.9238795325112867 9.54661567087057e-18
    outer loop
      vertex 2.867867965644036 0.21213203435596426 0
      vertex 3.0522927260847235 0.2885232713679061 0.59
      vertex 3.08 0.3 0
    endloop
  endfacet
  facet normal 0.3826834323650897 0.9238795325112867 0
    outer loop
      vertex 3.2921320343559644 0.21213203435596426 0
      vertex 3.08 0.3 0.5496086888742794
      vertex 3.2921320343559644 0.21213203435596426 0.2598910293666486
    endloop
  endfacet
  facet normal 0 0 -1
    outer loop
      vertex 3.2921320343559644 -0.21213203435596426 0
      vertex 3.2921320343559644 0.21213203435596426 0
      vertex 3.38 0 0
    endloop
  endfacet
  facet normal 0.9238795325112871 0.38268343236508906 0
    outer loop
      vertex 3.38 0 0
      vertex 3.2921320343559644 0.21213203435596426 0
      vertex 3.38 0 0.1594117647058828
    endloop
  endfacet
  facet normal 0.9238795325112871 0.382683432365089 0
    outer loop
      vertex 3.2921320343559644 0.21213203435596426 0
      vertex 3.2921320343559644 0.21213203435596426 0.2598910293666486
      vertex 3.38 0 0.1594117647058828
    endloop
  endfacet
  facet normal -0.38268343236509006 0.9238795325112866 0
    outer loop
      vertex 3.08 0.3 0
      vertex 3.0522927260847235 0.2885232713679061 0.59
      vertex 3.08 0.3 0.5496086888742794
    endloop
  endfacet
  facet normal -0.9238795325112872 0.38268343236508906 4.1959539768525904e-20
    outer loop
      vertex 2.7800000000000002 0 0
      vertex 2.867867965644036 0.21213203435596426 9
      vertex 2.867867965644036 0.21213203435596426 0
    endloop
  endfacet
  facet normal -0.3826834323650896 0.9238795325112867 0
    outer loop
      vertex 2.867867965644036 0.21213203435596426 0
      vertex 2.867867965644036 0.21213203435596426 9
      vertex 3.0522927260847235 0.2885232713679061 0.59
    endloop
  endfacet
  facet normal -0.9238795325112872 0.38268343236508906 0
    outer loop
      vertex 2.7800000000000002 0 0
      vertex 2.7800000000000002 0 9
      vertex 2.867867965644036 0.21213203435596426 9
    endloop
  endfacet
  facet normal -0.3826834323650896 0.9238795325112867 -3.8724753479827517e-19
    outer loop
      vertex 2.867867965644036 0.21213203435596426 9
      vertex 3.0522927260847235 0.2885232713679061 9
      vertex 3.0522927260847235 0.2885232713679061 0.59
    endloop
  endfacet
  facet normal 0 0 1
    outer loop
      vertex 2.867867965644036 -0.21213203435596426 9
      vertex 2.867867965644036 0.21213203435596426 9
      vertex 2.7800000000000002 0 9
    endloop
  endfacet
  facet normal 0 0 1
    outer loop
      vertex 2.867867965644036 0.21213203435596426 9
      vertex 3.075 0 9
      vertex 3.0522927260847235 0.2885232713679061 9
    endloop
  endfacet
  facet normal -0.9914448613738104 -0.13052619222005207 4.932753895313361e-18
    outer loop
      vertex -1.7998076211353315 2.517358243656071 0
      vertex -1.8297777478867205 2.745003957186827 0.26282285121799276
      vertex -1.8297777478867205 2.745003957186827 0
    endloop
  endfacet
  facet normal -0.9914448613738104 -0.1305261922200521 0
    outer loop
      vertex -1.7998076211353315 2.517358243656071 0
      vertex -1.7998076211353315 2.517358243656071 0.55986921918161
      vertex -1.8297777478867205 2.745003957186827 0.26282285121799276
    endloop
  endfacet
  facet normal 0 0 -1
    outer loop
      vertex -1.7998076211353315 2.517358243656071 0
      vertex -1.69 2.9271658647914025 0
      vertex -1.6176457135307563 2.3775804957693505 0
    endloop
  endfacet
  facet normal -0.6087614290087212 -0.7933533402912349 1.9389261165075867e-16
    outer loop
      vertex -1.7998076211353315 2.517358243656071 0
      vertex -1.6176457135307563 2.3775804957693505 0
      vertex -1.7817266342936198 2.5034842144831333 0.59
    endloop
  endfacet
  facet normal 0 0 -1
    outer loop
      vertex -1.7998076211353315 2.517358243656071 0
      vertex -1.8297777478867205 2.745003957186827 0
      vertex -1.69 2.9271658647914025 0
    endloop
  endfacet
  facet normal -0.7933533402912348 0.6087614290087211 0
    outer loop
      vertex -1.8297777478867205 2.745003957186827 0
      vertex -1.8297777478867205 2.745003957186827 0.26282285121799276
      vertex -1.69 2.9271658647914025 0.14629674196263215
    endloop
  endfacet
  facet normal -0.7933533402912347 0.608761429008721 4.366805892196214e-18
    outer loop
      vertex -1.8297777478867205 2.745003957186827 0
      vertex -1.69 2.9271658647914025 0.14629674196263215
      vertex -1.69 2.9271658647914025 0
    endloop
  endfacet
  facet normal 0 0 -1
    outer loop
      vertex -1.6176457135307563 2.3775804957693505 0
      vertex -1.69 2.9271658647914025 0
      vertex -1.4623542864692438 2.957135991542791 0
    endloop
  endfacet
  facet normal -0.13052619222005016 0.9914448613738105 0
    outer loop
      vertex -1.69 2.9271658647914025 0
      vertex -1.69 2.9271658647914025 0.14629674196263215
      vertex -1.4623542864692438 2.957135991542791 0
    endloop
  endfacet
  facet normal -0.13052619222004982 0.9914448613738107 5.478178064433938e-16
    outer loop
      vertex -1.4623542864692438 2.957135991542791 0
      vertex -1.69 2.9271658647914025 0.14629674196263215
      vertex -1.5039460569484724 2.951660331080119 0.2543870576624824
    endloop
  endfacet
  facet normal 0 0 -1
    outer loop
      vertex -1.6176457135307563 2.3775804957693505 0
      vertex -1.4623542864692438 2.957135991542791 0
      vertex -1.3900000000000001 2.4075506225207395 0
    endloop
  endfacet
  facet normal 0 0 -1
    outer loop
      vertex -1.3900000000000001 2.4075506225207395 0
      vertex -1.2801923788646685 2.817358243656071 0
      vertex -1.2502222521132795 2.5897125301253143 0
    endloop
  endfacet
  facet normal 0 0 -1
    outer loop
      vertex -1.3900000000000001 2.4075506225207395 0
      vertex -1.4623542864692438 2.957135991542791 0
      vertex -1.2801923788646685 2.817358243656071 0
    endloop
  endfacet
  facet normal 0.6087614290087199 0.7933533402912357 0
    outer loop
      vertex -1.4623542864692438 2.957135991542791 0
      vertex -1.4623542864692438 2.957135991542791 0.2697628762126239
      vertex -1.2801923788646685 2.817358243656071 0
    endloop
  endfacet
  facet normal -0.13052619222005313 0.9914448613738103 0
    outer loop
      vertex -1.4623542864692438 2.957135991542791 0
      vertex -1.5039460569484724 2.951660331080119 0.2543870576624824
      vertex -1.4623542864692438 2.957135991542791 0.2697628762126239
    endloop
  endfacet
  facet normal 0.9914448613738104 0.1305261922200518 -1.0332537246192114e-20
    outer loop
      vertex -1.2502222521132795 2.5897125301253143 0
      vertex -1.2801923788646685 2.817358243656071 0
      vertex -1.2801923788646685 2.817358243656071 0.5513577312975848
    endloop
  endfacet
  facet normal 0.6087614290087199 0.7933533402912357 0
    outer loop
      vertex -1.2801923788646685 2.817358243656071 0
      vertex -1.4623542864692438 2.957135991542791 0.2697628762126239
      vertex -1.2801923788646685 2.817358243656071 0.5513577312975848
    endloop
  endfacet
  facet normal -0.6087614290087171 -0.7933533402912378 0
    outer loop
      vertex -1.7998076211353315 2.517358243656071 0
      vertex -1.7817266342936198 2.5034842144831333 0.59
      vertex -1.7998076211353315 2.517358243656071 0.55986921918161
    endloop
  endfacet
  facet normal 0.9914448613738105 0.1305261922200508 4.313462698689678e-16
    outer loop
      vertex -1.2502222521132795 2.5897125301253143 0
      vertex -1.2801923788646685 2.817358243656071 0.5513577312975848
      vertex -1.2765050375991658 2.789350106073607 0.59
    endloop
  endfacet
  facet normal 0.13052619222005207 -0.9914448613738104 -1.4404893812476865e-19
    outer loop
      vertex -1.6176457135307563 2.3775804957693505 0
      vertex -1.3900000000000001 2.4075506225207395 0
      vertex -1.3900000000000001 2.4075506225207395 9
    endloop
  endfacet
  facet normal -0.6087614290087215 -0.7933533402912345 0
    outer loop
      vertex -1.6176457135307563 2.3775804957693505 0
      vertex -1.6176457135307563 2.3775804957693505 9
      vertex -1.7817266342936198 2.5034842144831333 0.59
    endloop
  endfacet
  facet normal 0.793353340291234 -0.608761429008722 0
    outer loop
      vertex -1.3900000000000001 2.4075506225207395 0
      vertex -1.2502222521132795 2.5897125301253143 0
      vertex -1.3900000000000001 2.4075506225207395 9
    endloop
  endfacet
  facet normal 0.9914448613738104 0.13052619222005205 0
    outer loop
      vertex -1.2502222521132795 2.5897125301253143 0
      vertex -1.2765050375991658 2.789350106073607 0.59
      vertex -1.2502222521132795 2.5897125301253143 9
    endloop
  endfacet
  facet normal 0.13052619222005207 -0.9914448613738104 0
    outer loop
      vertex -1.6176457135307563 2.3775804957693505 0
      vertex -1.3900000000000001 2.4075506225207395 9
      vertex -1.6176457135307563 2.3775804957693505 9
    endloop
  endfacet
  facet normal -0.6087614290087215 -0.7933533402912346 -4.930431365019605e-19
    outer loop
      vertex -1.6176457135307563 2.3775804957693505 9
      vertex -1.7817266342936198 2.5034842144831333 9
      vertex -1.7817266342936198 2.5034842144831333 0.59
    endloop
  endfacet
  facet normal 0.793353340291234 -0.608761429008722 0
    outer loop
      vertex -1.2502222521132795 2.5897125301253143 0
      vertex -1.2502222521132795 2.5897125301253143 9
      vertex -1.3900000000000001 2.4075506225207395 9
    endloop
  endfacet
  facet normal 0.9914448613738104 0.13052619222005205 -7.998650390516958e-20
    outer loop
      vertex -1.2502222521132795 2.5897125301253143 9
      vertex -1.2765050375991658 2.789350106073607 0.59
      vertex -1.2765050375991658 2.789350106073607 9
    endloop
  endfacet
  facet normal 0 0 1
    outer loop
      vertex -1.6176457135307563 2.3775804957693505 9
      vertex -1.3960207866991066 2.7398450618792314 9
      vertex -1.7817266342936198 2.5034842144831333 9
    endloop
  endfacet
  facet normal 0 0 1
    outer loop
      vertex -1.6176457135307563 2.3775804957693505 9
      vertex -1.3900000000000001 2.4075506225207395 9
      vertex -1.3960207866991066 2.7398450618792314 9
    endloop
  endfacet
  facet normal 0 0 1
    outer loop
      vertex -1.3900000000000001 2.4075506225207395 9
      vertex -1.2765050375991658 2.789350106073607 9
      vertex -1.3960207866991066 2.7398450618792314 9
    endloop
  endfacet
  facet normal 0 0 1
    outer loop
      vertex -1.3900000000000001 2.4075506225207395 9
      vertex -1.2502222521132795 2.5897125301253143 9
      vertex -1.2765050375991658 2.789350106073607 9
    endloop
  endfacet
  facet normal -0.9914448613738104 0.13052619222005207 0
    outer loop
      vertex -1.8297777478867205 -2.745003957186827 0
      vertex -1.8297777478867205 -2.745003957186827 0.2628228512179927
      vertex -1.7998076211353315 -2.517358243656071 0
    endloop
  endfacet
  facet normal -0.9914448613738104 0.1305261922200521 0
    outer loop
      vertex -1.7998076211353315 -2.517358243656071 0
      vertex -1.8297777478867205 -2.745003957186827 0.2628228512179927
      vertex -1.7998076211353315 -2.517358243656071 0.5598692191816101
    endloop
  endfacet
  facet normal -0.7933533402912348 -0.6087614290087212 0
    outer loop
      vertex -1.69 -2.9271658647914025 0
      vertex -1.69 -2.9271658647914025 0.14629674196263195
      vertex -1.8297777478867205 -2.745003957186827 0
    endloop
  endfacet
  facet normal 0 0 -1
    outer loop
      vertex -1.69 -2.9271658647914025 0
      vertex -1.8297777478867205 -2.745003957186827 0
      vertex -1.7998076211353315 -2.517358243656071 0
    endloop
  endfacet
  facet normal -0.7933533402912347 -0.6087614290087211 0
    outer loop
      vertex -1.8297777478867205 -2.745003957186827 0
      vertex -1.69 -2.9271658647914025 0.14629674196263195
      vertex -1.8297777478867205 -2.745003957186827 0.2628228512179927
    endloop
  endfacet
  facet normal -0.13052619222005019 -0.9914448613738106 4.961646144887283e-16
    outer loop
      vertex -1.69 -2.9271658647914025 0
      vertex -1.4623542864692438 -2.957135991542791 0
      vertex -1.5039460569484724 -2.951660331080119 0.2543870576624824
    endloop
  endfacet
  facet normal -0.13052619222004952 -0.9914448613738108 0
    outer loop
      vertex -1.69 -2.9271658647914025 0
      vertex -1.5039460569484724 -2.951660331080119 0.2543870576624824
      vertex -1.69 -2.9271658647914025 0.14629674196263195
    endloop
  endfacet
  facet normal 0 0 -1
    outer loop
      vertex -1.69 -2.9271658647914025 0
      vertex -1.6176457135307563 -2.3775804957693505 0
      vertex -1.4623542864692438 -2.957135991542791 0
    endloop
  endfacet
  facet normal 0 0 -1
    outer loop
      vertex -1.69 -2.9271658647914025 0
      vertex -1.7998076211353315 -2.517358243656071 0
      vertex -1.6176457135307563 -2.3775804957693505 0
    endloop
  endfacet
  facet normal -0.6087614290087211 0.7933533402912348 0
    outer loop
      vertex -1.7998076211353315 -2.517358243656071 0
      vertex -1.7998076211353315 -2.517358243656071 0.5598692191816101
      vertex -1.6176457135307563 -2.3775804957693505 0
    endloop
  endfacet
  facet normal -0.13052619222005313 -0.9914448613738103 0
    outer loop
      vertex -1.4623542864692438 -2.957135991542791 0
      vertex -1.4623542864692438 -2.957135991542791 0.2697628762126239
      vertex -1.5039460569484724 -2.951660331080119 0.2543870576624824
    endloop
  endfacet
  facet normal 0 0 -1
    outer loop
      vertex -1.4623542864692438 -2.957135991542791 0
      vertex -1.3900000000000001 -2.4075506225207395 0
      vertex -1.2801923788646685 -2.817358243656071 0
    endloop
  endfacet
  facet normal 0.6087614290087199 -0.7933533402912358 -7.521263025776386e-18
    outer loop
      vertex -1.4623542864692438 -2.957135991542791 0
      vertex -1.2801923788646685 -2.817358243656071 0
      vertex -1.2801923788646685 -2.817358243656071 0.5513577312975847
    endloop
  endfacet
  facet normal 0.9914448613738104 -0.1305261922200518 0
    outer loop
      vertex -1.2801923788646685 -2.817358243656071 0
      vertex -1.2502222521132795 -2.5897125301253143 0
      vertex -1.2801923788646685 -2.817358243656071 0.5513577312975847
    endloop
  endfacet
  facet normal 0.6087614290087199 -0.7933533402912357 0
    outer loop
      vertex -1.4623542864692438 -2.957135991542791 0
      vertex -1.2801923788646685 -2.817358243656071 0.5513577312975847
      vertex -1.4623542864692438 -2.957135991542791 0.2697628762126239
    endloop
  endfacet
  facet normal 0 0 -1
    outer loop
      vertex -1.6176457135307563 -2.3775804957693505 0
      vertex -1.3900000000000001 -2.4075506225207395 0
      vertex -1.4623542864692438 -2.957135991542791 0
    endloop
  endfacet
  facet normal 0 0 -1
    outer loop
      vertex -1.2801923788646685 -2.817358243656071 0
      vertex -1.3900000000000001 -2.4075506225207395 0
      vertex -1.2502222521132795 -2.5897125301253143 0
    endloop
  endfacet
  facet normal -0.6087614290087182 0.7933533402912369 1.3863482113363878e-15
    outer loop
      vertex -1.6176457135307563 -2.3775804957693505 0
      vertex -1.7998076211353315 -2.517358243656071 0.5598692191816101
      vertex -1.7817266342936198 -2.5034842144831333 0.59
    endloop
  endfacet
  facet normal 0.9914448613738105 -0.13052619222005082 4.110515386176606e-16
    outer loop
      vertex -1.2502222521132795 -2.5897125301253143 0
      vertex -1.2765050375991658 -2.789350106073607 0.59
      vertex -1.2801923788646685 -2.817358243656071 0.5513577312975847
    endloop
  endfacet
  facet normal -0.6087614290087215 0.7933533402912345 0
    outer loop
      vertex -1.6176457135307563 -2.3775804957693505 0
      vertex -1.7817266342936198 -2.5034842144831333 0.59
      vertex -1.6176457135307563 -2.3775804957693505 9
    endloop
  endfacet
  facet normal 0.9914448613738104 -0.13052619222005205 7.998650390516958e-20
    outer loop
      vertex -1.2502222521132795 -2.5897125301253143 0
      vertex -1.2765050375991658 -2.789350106073607 9
      vertex -1.2765050375991658 -2.789350106073607 0.59
    endloop
  endfacet
  facet normal 0.793353340291234 0.608761429008722 0
    outer loop
      vertex -1.2502222521132795 -2.5897125301253143 0
      vertex -1.3900000000000001 -2.4075506225207395 0
      vertex -1.2502222521132795 -2.5897125301253143 9
    endloop
  endfacet
  facet normal 0.13052619222005207 0.9914448613738104 0
    outer loop
      vertex -1.6176457135307563 -2.3775804957693505 0
      vertex -1.6176457135307563 -2.3775804957693505 9
      vertex -1.3900000000000001 -2.4075506225207395 0
    endloop
  endfacet
  facet normal -0.6087614290087215 0.7933533402912346 4.930431365019605e-19
    outer loop
      vertex -1.6176457135307563 -2.3775804957693505 9
      vertex -1.7817266342936198 -2.5034842144831333 0.59
      vertex -1.7817266342936198 -2.5034842144831333 9
    endloop
  endfacet
  facet normal 0.9914448613738104 -0.13052619222005205 0
    outer loop
      vertex -1.2502222521132795 -2.5897125301253143 0
      vertex -1.2502222521132795 -2.5897125301253143 9
      vertex -1.2765050375991658 -2.789350106073607 9
    endloop
  endfacet
  facet normal 0.793353340291234 0.608761429008722 0
    outer loop
      vertex -1.3900000000000001 -2.4075506225207395 0
      vertex -1.3900000000000001 -2.4075506225207395 9
      vertex -1.2502222521132795 -2.5897125301253143 9
    endloop
  endfacet
  facet normal 0.13052619222005207 0.9914448613738104 0
    outer loop
      vertex -1.3900000000000001 -2.4075506225207395 0
      vertex -1.6176457135307563 -2.3775804957693505 9
      vertex -1.3900000000000001 -2.4075506225207395 9
    endloop
  endfacet
  facet normal 0 0 1
    outer loop
      vertex -1.3900000000000001 -2.4075506225207395 9
      vertex -1.7817266342936198 -2.5034842144831333 9
      vertex -1.3960207866991066 -2.7398450618792314 9
    endloop
  endfacet
  facet normal 0 0 1
    outer loop
      vertex -1.6176457135307563 -2.3775804957693505 9
      vertex -1.7817266342936198 -2.5034842144831333 9
      vertex -1.3900000000000001 -2.4075506225207395 9
    endloop
  endfacet
  facet normal 0 0 1
    outer loop
      vertex -1.2502222521132795 -2.5897125301253143 9
      vertex -1.3960207866991066 -2.7398450618792314 9
      vertex -1.2765050375991658 -2.789350106073607 9
    endloop
  endfacet
  facet normal 0 0 1
    outer loop
      vertex -1.2502222521132795 -2.5897125301253143 9
      vertex -1.3900000000000001 -2.4075506225207395 9
      vertex -1.3960207866991066 -2.7398450618792314 9
    endloop
  endfacet
endsolid OpenSCAD_Model
