solid OpenSCAD_Model
  facet normal -0.8968727415326881 -0.44228869021900147 -1.1326360803935773e-17
    outer loop
      vertex 1.485194228055569 4.449999999254942 0
      vertex 1.0165757852818897 5.40026419727253 1.5999999999999996
      vertex 1.0165757852818897 5.40026419727253 0
    endloop
  endfacet
  facet normal -0.8314696123025456 -0.5555702330196018 8.275346507034449e-18
    outer loop
      vertex 2.0738379424588063 3.5690324241222378 0
      vertex 1.485194228055569 4.449999999254942 1.5999999999999996
      vertex 1.485194228055569 4.449999999254942 0
    endloop
  endfacet
  facet normal -0.659345815100069 -0.7518398074789773 0
    outer loop
      vertex 2.772435071335294 2.772435071335294 0
      vertex 3.5690324241222378 2.0738379424588063 0
      vertex 2.772435071335294 2.772435071335294 1.5999999999999996
    endloop
  endfacet
  facet normal -0.5555702330196018 -0.8314696123025456 0
    outer loop
      vertex 3.5690324241222378 2.0738379424588063 0
      vertex 4.449999999254942 1.485194228055569 0
      vertex 3.5690324241222378 2.0738379424588063 1.5999999999999996
    endloop
  endfacet
  facet normal -0.7518398074789773 -0.659345815100069 0
    outer loop
      vertex 2.0738379424588063 3.5690324241222378 0
      vertex 2.772435071335294 2.772435071335294 0
      vertex 2.0738379424588063 3.5690324241222378 1.5999999999999996
    endloop
  endfacet
  facet normal -0.8314696123025456 -0.5555702330196018 0
    outer loop
      vertex 2.0738379424588063 3.5690324241222378 0
      vertex 2.0738379424588063 3.5690324241222378 1.5999999999999996
      vertex 1.485194228055569 4.449999999254942 1.5999999999999996
    endloop
  endfacet
  facet normal -0.8968727415326881 -0.44228869021900147 0
    outer loop
      vertex 1.485194228055569 4.449999999254942 0
      vertex 1.485194228055569 4.449999999254942 1.5999999999999996
      vertex 1.0165757852818897 5.40026419727253 1.5999999999999996
    endloop
  endfacet
  facet normal -0.659345815100069 -0.7518398074789773 0
    outer loop
      vertex 3.5690324241222378 2.0738379424588063 0
      vertex 3.5690324241222378 2.0738379424588063 1.5999999999999996
      vertex 2.772435071335294 2.772435071335294 1.5999999999999996
    endloop
  endfacet
  facet normal -0.7518398074789773 -0.659345815100069 0
    outer loop
      vertex 2.772435071335294 2.772435071335294 0
      vertex 2.772435071335294 2.772435071335294 1.5999999999999996
      vertex 2.0738379424588063 3.5690324241222378 1.5999999999999996
    endloop
  endfacet
  facet normal -0.9469301294951057 -0.32143946530316164 0
    outer loop
      vertex 0.6760008056192053 6.403565734283911 0
      vertex 1.0165757852818897 5.40026419727253 0
      vertex 0.6760008056192053 6.403565734283911 1.5999999999999996
    endloop
  endfacet
  facet normal -0.9807852804032307 -0.19509032201612753 3.06273775625038e-18
    outer loop
      vertex 0.6760008056192053 6.403565734283911 0
      vertex 0.46929662139476847 7.4427378428230835 1.5999999999999996
      vertex 0.46929662139476847 7.4427378428230835 0
    endloop
  endfacet
  facet normal -0.9978589232386034 -0.06540312923014381 -2.451474693127412e-19
    outer loop
      vertex 0.46929662139476847 7.4427378428230835 0
      vertex 0.3999999985098839 8.5 1.5999999999999996
      vertex 0.3999999985098839 8.5 0
    endloop
  endfacet
  facet normal -1 0 0
    outer loop
      vertex 0.3999999985098839 8.5 0
      vertex 0.3999999985098839 8.5 1.5999999999999996
      vertex 0.3999999985098839 12 0
    endloop
  endfacet
  facet normal -0.9469301294951057 -0.32143946530316164 0
    outer loop
      vertex 1.0165757852818897 5.40026419727253 0
      vertex 1.0165757852818897 5.40026419727253 1.5999999999999996
      vertex 0.6760008056192053 6.403565734283911 1.5999999999999996
    endloop
  endfacet
  facet normal -0.9807852804032307 -0.19509032201612753 0
    outer loop
      vertex 0.6760008056192053 6.403565734283911 0
      vertex 0.6760008056192053 6.403565734283911 1.5999999999999996
      vertex 0.46929662139476847 7.4427378428230835 1.5999999999999996
    endloop
  endfacet
  facet normal -0.9978589232386034 -0.06540312923014381 0
    outer loop
      vertex 0.46929662139476847 7.4427378428230835 0
      vertex 0.46929662139476847 7.4427378428230835 1.5999999999999996
      vertex 0.3999999985098839 8.5 1.5999999999999996
    endloop
  endfacet
  facet normal -0.44228869021900147 -0.8968727415326881 0
    outer loop
      vertex 4.449999999254942 1.485194228055569 0
      vertex 5.40026419727253 1.0165757852818897 0
      vertex 4.449999999254942 1.485194228055569 1.5999999999999996
    endloop
  endfacet
  facet normal -0.32143946530316164 -0.9469301294951057 0
    outer loop
      vertex 5.40026419727253 1.0165757852818897 0
      vertex 6.403565734283911 0.6760008056192053 0
      vertex 5.40026419727253 1.0165757852818897 1.5999999999999996
    endloop
  endfacet
  facet normal -0.19509032201612753 -0.9807852804032307 0
    outer loop
      vertex 6.403565734283911 0.6760008056192053 0
      vertex 7.4427378428230835 0.46929662139476847 0
      vertex 6.403565734283911 0.6760008056192053 1.5999999999999996
    endloop
  endfacet
  facet normal -0.5555702330196018 -0.8314696123025456 0
    outer loop
      vertex 4.449999999254942 1.485194228055569 0
      vertex 4.449999999254942 1.485194228055569 1.5999999999999996
      vertex 3.5690324241222378 2.0738379424588063 1.5999999999999996
    endloop
  endfacet
  facet normal -0.44228869021900147 -0.8968727415326881 0
    outer loop
      vertex 5.40026419727253 1.0165757852818897 0
      vertex 5.40026419727253 1.0165757852818897 1.5999999999999996
      vertex 4.449999999254942 1.485194228055569 1.5999999999999996
    endloop
  endfacet
  facet normal -0.32143946530316164 -0.9469301294951057 0
    outer loop
      vertex 6.403565734283911 0.6760008056192053 0
      vertex 6.403565734283911 0.6760008056192053 1.5999999999999996
      vertex 5.40026419727253 1.0165757852818897 1.5999999999999996
    endloop
  endfacet
  facet normal -0.19509032201612753 -0.9807852804032307 0
    outer loop
      vertex 7.4427378428230835 0.46929662139476847 0
      vertex 7.4427378428230835 0.46929662139476847 1.5999999999999996
      vertex 6.403565734283911 0.6760008056192053 1.5999999999999996
    endloop
  endfacet
  facet normal -1 0 0
    outer loop
      vertex 0.3999999985098839 8.5 1.5999999999999996
      vertex 0.3999999985098839 12 1.5999999999999996
      vertex 0.3999999985098839 12 0
    endloop
  endfacet
  facet normal -0.06540312923014381 -0.9978589232386034 0
    outer loop
      vertex 7.4427378428230835 0.46929662139476847 0
      vertex 8.5 0.3999999985098839 0
      vertex 7.4427378428230835 0.46929662139476847 1.5999999999999996
    endloop
  endfacet
  facet normal -0.06540312923014381 -0.9978589232386034 -2.451474693127412e-19
    outer loop
      vertex 7.4427378428230835 0.46929662139476847 1.5999999999999996
      vertex 8.5 0.3999999985098839 0
      vertex 8.5 0.3999999985098839 1.5999999999999996
    endloop
  endfacet
  facet normal 0 -1 0
    outer loop
      vertex 8.5 0.3999999985098839 0
      vertex 38.6 0.3999999985098839 1.5999999999999996
      vertex 8.5 0.3999999985098839 1.5999999999999996
    endloop
  endfacet
  facet normal 0 -1 0
    outer loop
      vertex 8.5 0.3999999985098839 0
      vertex 38.6 0.3999999985098839 0
      vertex 38.6 0.3999999985098839 1.5999999999999996
    endloop
  endfacet
  facet normal -1 0 0
    outer loop
      vertex 0.3999999985098839 69.4 0
      vertex 0.3999999985098839 26 0
      vertex 0.3999999985098839 26 1.5999999999999996
    endloop
  endfacet
  facet normal -1 0 0
    outer loop
      vertex 0.3999999985098839 69.4 0
      vertex 0.3999999985098839 26 1.5999999999999996
      vertex 0.3999999985098839 69.4 1.5999999999999996
    endloop
  endfacet
  facet normal -0.9978589232386034 0.06540312923014348 -2.948295165447368e-18
    outer loop
      vertex 0.3999999985098839 69.4 0
      vertex 0.46929662139476847 70.45726215717693 1.5999999999999996
      vertex 0.46929662139476847 70.45726215717693 0
    endloop
  endfacet
  facet normal -0.9807852804032303 0.19509032201612928 8.687595754761353e-19
    outer loop
      vertex 0.46929662139476847 70.45726215717693 0
      vertex 0.6760008056192053 71.49643426571609 1.5999999999999996
      vertex 0.6760008056192053 71.49643426571609 0
    endloop
  endfacet
  facet normal -0.9469301294951057 0.32143946530316164 -1.375718650874199e-17
    outer loop
      vertex 0.6760008056192053 71.49643426571609 0
      vertex 1.0165757852818897 72.49973580272747 1.5999999999999996
      vertex 1.0165757852818897 72.49973580272747 0
    endloop
  endfacet
  facet normal -0.9978589232386034 0.06540312923014348 0
    outer loop
      vertex 0.3999999985098839 69.4 0
      vertex 0.3999999985098839 69.4 1.5999999999999996
      vertex 0.46929662139476847 70.45726215717693 1.5999999999999996
    endloop
  endfacet
  facet normal -0.9807852804032303 0.19509032201612928 0
    outer loop
      vertex 0.46929662139476847 70.45726215717693 0
      vertex 0.46929662139476847 70.45726215717693 1.5999999999999996
      vertex 0.6760008056192053 71.49643426571609 1.5999999999999996
    endloop
  endfacet
  facet normal -0.9469301294951057 0.32143946530316164 0
    outer loop
      vertex 0.6760008056192053 71.49643426571609 0
      vertex 0.6760008056192053 71.49643426571609 1.5999999999999996
      vertex 1.0165757852818897 72.49973580272747 1.5999999999999996
    endloop
  endfacet
  facet normal -0.896872741532689 0.44228869021899986 -5.390832495881537e-18
    outer loop
      vertex 1.0165757852818897 72.49973580272747 0
      vertex 1.485194228055569 73.45000000074506 1.5999999999999996
      vertex 1.485194228055569 73.45000000074506 0
    endloop
  endfacet
  facet normal -0.8314696123025445 0.5555702330196033 2.425836334429639e-18
    outer loop
      vertex 1.485194228055569 73.45000000074506 0
      vertex 2.0738379424588063 74.33096757587776 1.5999999999999996
      vertex 2.0738379424588063 74.33096757587776 0
    endloop
  endfacet
  facet normal -0.7518398074789784 0.6593458151000678 1.1277354174434055e-17
    outer loop
      vertex 2.0738379424588063 74.33096757587776 0
      vertex 2.772435071335294 75.12756492866471 1.5999999999999996
      vertex 2.772435071335294 75.12756492866471 0
    endloop
  endfacet
  facet normal -0.6593458151000681 0.7518398074789782 -2.2246371584899398e-17
    outer loop
      vertex 2.772435071335294 75.12756492866471 0
      vertex 3.5690324241222378 75.8261620575412 1.5999999999999996
      vertex 3.5690324241222378 75.8261620575412 0
    endloop
  endfacet
  facet normal -0.896872741532689 0.44228869021899986 0
    outer loop
      vertex 1.0165757852818897 72.49973580272747 0
      vertex 1.0165757852818897 72.49973580272747 1.5999999999999996
      vertex 1.485194228055569 73.45000000074506 1.5999999999999996
    endloop
  endfacet
  facet normal -0.8314696123025445 0.5555702330196033 0
    outer loop
      vertex 1.485194228055569 73.45000000074506 0
      vertex 1.485194228055569 73.45000000074506 1.5999999999999996
      vertex 2.0738379424588063 74.33096757587776 1.5999999999999996
    endloop
  endfacet
  facet normal -0.7518398074789784 0.6593458151000678 0
    outer loop
      vertex 2.0738379424588063 74.33096757587776 0
      vertex 2.0738379424588063 74.33096757587776 1.5999999999999996
      vertex 2.772435071335294 75.12756492866471 1.5999999999999996
    endloop
  endfacet
  facet normal -0.6593458151000681 0.7518398074789782 0
    outer loop
      vertex 2.772435071335294 75.12756492866471 0
      vertex 2.772435071335294 75.12756492866471 1.5999999999999996
      vertex 3.5690324241222378 75.8261620575412 1.5999999999999996
    endloop
  endfacet
  facet normal -0.5555702330195988 0.8314696123025473 0
    outer loop
      vertex 3.5690324241222378 75.8261620575412 0
      vertex 3.5690324241222378 75.8261620575412 1.5999999999999996
      vertex 4.449999999254942 76.41480577194443 1.5999999999999996
    endloop
  endfacet
  facet normal -0.5555702330195988 0.8314696123025473 -2.3908068033550646e-17
    outer loop
      vertex 3.5690324241222378 75.8261620575412 0
      vertex 4.449999999254942 76.41480577194443 1.5999999999999996
      vertex 4.449999999254942 76.41480577194443 0
    endloop
  endfacet
  facet normal -0.4422886902190089 0.8968727415326845 -1.33471317135283e-17
    outer loop
      vertex 4.449999999254942 76.41480577194443 0
      vertex 5.40026419727253 76.88342421471812 1.5999999999999996
      vertex 5.40026419727253 76.88342421471812 0
    endloop
  endfacet
  facet normal -0.3214394653031549 0.946930129495108 3.4202098585919783e-18
    outer loop
      vertex 5.40026419727253 76.88342421471812 0
      vertex 6.403565734283911 77.2239991943808 1.5999999999999996
      vertex 6.403565734283911 77.2239991943808 0
    endloop
  endfacet
  facet normal -0.1950903220161388 0.9807852804032284 5.927513213829406e-18
    outer loop
      vertex 6.403565734283911 77.2239991943808 0
      vertex 7.4427378428230835 77.43070337860524 1.5999999999999996
      vertex 7.4427378428230835 77.43070337860524 0
    endloop
  endfacet
  facet normal -0.4422886902190089 0.8968727415326845 0
    outer loop
      vertex 4.449999999254942 76.41480577194443 0
      vertex 4.449999999254942 76.41480577194443 1.5999999999999996
      vertex 5.40026419727253 76.88342421471812 1.5999999999999996
    endloop
  endfacet
  facet normal -0.3214394653031549 0.946930129495108 0
    outer loop
      vertex 5.40026419727253 76.88342421471812 0
      vertex 5.40026419727253 76.88342421471812 1.5999999999999996
      vertex 6.403565734283911 77.2239991943808 1.5999999999999996
    endloop
  endfacet
  facet normal -0.1950903220161388 0.9807852804032284 0
    outer loop
      vertex 6.403565734283911 77.2239991943808 0
      vertex 6.403565734283911 77.2239991943808 1.5999999999999996
      vertex 7.4427378428230835 77.43070337860524 1.5999999999999996
    endloop
  endfacet
  facet normal -0.06540312923013715 0.9978589232386039 -2.3599279190492057e-18
    outer loop
      vertex 7.4427378428230835 77.43070337860524 0
      vertex 8.5 77.50000000149012 1.5999999999999996
      vertex 8.5 77.50000000149012 0
    endloop
  endfacet
  facet normal -0.06540312923013715 0.9978589232386039 0
    outer loop
      vertex 7.4427378428230835 77.43070337860524 0
      vertex 7.4427378428230835 77.43070337860524 1.5999999999999996
      vertex 8.5 77.50000000149012 1.5999999999999996
    endloop
  endfacet
  facet normal 0 1 0
    outer loop
      vertex 8.5 77.50000000149012 0
      vertex 8.5 77.50000000149012 1.5999999999999996
      vertex 49.5 77.50000000149012 1.5999999999999996
    endloop
  endfacet
  facet normal 0.19509032201612686 -0.9807852804032308 0
    outer loop
      vertex 51.59643426571609 0.6760008056192053 0
      vertex 51.59643426571609 0.6760008056192053 1.5999999999999996
      vertex 51.400000000000006 0.6369276007911342 0
    endloop
  endfacet
  facet normal 0.32143946530316164 -0.9469301294951057 0
    outer loop
      vertex 51.59643426571609 0.6760008056192053 0
      vertex 52.59973580272747 1.0165757852818897 0
      vertex 51.59643426571609 0.6760008056192053 1.5999999999999996
    endloop
  endfacet
  facet normal 0.4422886902190026 -0.8968727415326877 0
    outer loop
      vertex 52.59973580272747 1.0165757852818897 0
      vertex 53.55000000074506 1.485194228055569 0
      vertex 52.59973580272747 1.0165757852818897 1.5999999999999996
    endloop
  endfacet
  facet normal 0.5555702330196033 -0.8314696123025445 0
    outer loop
      vertex 53.55000000074506 1.485194228055569 0
      vertex 54.43096757587776 2.0738379424588063 0
      vertex 53.55000000074506 1.485194228055569 1.5999999999999996
    endloop
  endfacet
  facet normal 0.19509032201612686 -0.9807852804032308 4.786621811908916e-19
    outer loop
      vertex 51.59643426571609 0.6760008056192053 1.5999999999999996
      vertex 51.400000000000006 0.6369276007911342 1.5999999999999996
      vertex 51.400000000000006 0.6369276007911342 0
    endloop
  endfacet
  facet normal 0.32143946530316164 -0.9469301294951057 0
    outer loop
      vertex 52.59973580272747 1.0165757852818897 0
      vertex 52.59973580272747 1.0165757852818897 1.5999999999999996
      vertex 51.59643426571609 0.6760008056192053 1.5999999999999996
    endloop
  endfacet
  facet normal 0.4422886902190026 -0.8968727415326877 0
    outer loop
      vertex 53.55000000074506 1.485194228055569 0
      vertex 53.55000000074506 1.485194228055569 1.5999999999999996
      vertex 52.59973580272747 1.0165757852818897 1.5999999999999996
    endloop
  endfacet
  facet normal 0.6593458151000678 -0.7518398074789784 0
    outer loop
      vertex 54.43096757587776 2.0738379424588063 0
      vertex 55.227564928664705 2.772435071335294 0
      vertex 54.43096757587776 2.0738379424588063 1.5999999999999996
    endloop
  endfacet
  facet normal 0.7518398074789782 -0.6593458151000681 0
    outer loop
      vertex 55.227564928664705 2.772435071335294 0
      vertex 55.92616205754119 3.5690324241222378 0
      vertex 55.227564928664705 2.772435071335294 1.5999999999999996
    endloop
  endfacet
  facet normal 0.8314696123025443 -0.5555702330196035 0
    outer loop
      vertex 55.92616205754119 3.5690324241222378 0
      vertex 56.51480577194443 4.449999999254942 0
      vertex 55.92616205754119 3.5690324241222378 1.5999999999999996
    endloop
  endfacet
  facet normal 0.8968727415326871 -0.4422886902190036 0
    outer loop
      vertex 56.51480577194443 4.449999999254942 0
      vertex 56.98342421471811 5.40026419727253 0
      vertex 56.51480577194443 4.449999999254942 1.5999999999999996
    endloop
  endfacet
  facet normal 0.5555702330196033 -0.8314696123025445 0
    outer loop
      vertex 54.43096757587776 2.0738379424588063 0
      vertex 54.43096757587776 2.0738379424588063 1.5999999999999996
      vertex 53.55000000074506 1.485194228055569 1.5999999999999996
    endloop
  endfacet
  facet normal 0.6593458151000678 -0.7518398074789784 0
    outer loop
      vertex 55.227564928664705 2.772435071335294 0
      vertex 55.227564928664705 2.772435071335294 1.5999999999999996
      vertex 54.43096757587776 2.0738379424588063 1.5999999999999996
    endloop
  endfacet
  facet normal 0.7518398074789782 -0.6593458151000681 0
    outer loop
      vertex 55.92616205754119 3.5690324241222378 0
      vertex 55.92616205754119 3.5690324241222378 1.5999999999999996
      vertex 55.227564928664705 2.772435071335294 1.5999999999999996
    endloop
  endfacet
  facet normal 0.8314696123025443 -0.5555702330196035 0
    outer loop
      vertex 56.51480577194443 4.449999999254942 0
      vertex 56.51480577194443 4.449999999254942 1.5999999999999996
      vertex 55.92616205754119 3.5690324241222378 1.5999999999999996
    endloop
  endfacet
  facet normal 0.8968727415326871 -0.4422886902190036 0
    outer loop
      vertex 56.98342421471811 5.40026419727253 0
      vertex 56.98342421471811 5.40026419727253 1.5999999999999996
      vertex 56.51480577194443 4.449999999254942 1.5999999999999996
    endloop
  endfacet
  facet normal 0.9469301294951059 -0.3214394653031609 0
    outer loop
      vertex 56.98342421471811 5.40026419727253 0
      vertex 57.3239991943808 6.403565734283911 0
      vertex 56.98342421471811 5.40026419727253 1.5999999999999996
    endloop
  endfacet
  facet normal 0.980785280403231 -0.19509032201612592 0
    outer loop
      vertex 57.3239991943808 6.403565734283911 0
      vertex 57.53070337860523 7.4427378428230835 0
      vertex 57.3239991943808 6.403565734283911 1.5999999999999996
    endloop
  endfacet
  facet normal 0.9978589232386034 -0.06540312923014381 0
    outer loop
      vertex 57.53070337860523 7.4427378428230835 0
      vertex 57.600000001490116 8.5 0
      vertex 57.53070337860523 7.4427378428230835 1.5999999999999996
    endloop
  endfacet
  facet normal 0.9469301294951059 -0.3214394653031609 0
    outer loop
      vertex 57.3239991943808 6.403565734283911 0
      vertex 57.3239991943808 6.403565734283911 1.5999999999999996
      vertex 56.98342421471811 5.40026419727253 1.5999999999999996
    endloop
  endfacet
  facet normal 0.980785280403231 -0.19509032201612592 0
    outer loop
      vertex 57.53070337860523 7.4427378428230835 0
      vertex 57.53070337860523 7.4427378428230835 1.5999999999999996
      vertex 57.3239991943808 6.403565734283911 1.5999999999999996
    endloop
  endfacet
  facet normal 0.9978589232386034 -0.06540312923014381 0
    outer loop
      vertex 57.600000001490116 8.5 0
      vertex 57.600000001490116 8.5 1.5999999999999996
      vertex 57.53070337860523 7.4427378428230835 1.5999999999999996
    endloop
  endfacet
  facet normal 1 0 0
    outer loop
      vertex 57.600000001490116 8.5 0
      vertex 57.600000001490116 69.4 0
      vertex 57.600000001490116 8.5 1.5999999999999996
    endloop
  endfacet
  facet normal 0 1 0
    outer loop
      vertex 8.5 77.50000000149012 0
      vertex 49.5 77.50000000149012 1.5999999999999996
      vertex 49.5 77.50000000149012 0
    endloop
  endfacet
  facet normal 1 0 0
    outer loop
      vertex 57.600000001490116 8.5 1.5999999999999996
      vertex 57.600000001490116 69.4 0
      vertex 57.600000001490116 69.4 1.5999999999999996
    endloop
  endfacet
  facet normal 0.06540312923013726 0.9978589232386039 1.2954470407883875e-18
    outer loop
      vertex 49.5 77.50000000149012 0
      vertex 50.557262157176915 77.43070337860524 1.5999999999999996
      vertex 50.557262157176915 77.43070337860524 0
    endloop
  endfacet
  facet normal 0.06540312923013726 0.9978589232386039 0
    outer loop
      vertex 49.5 77.50000000149012 0
      vertex 49.5 77.50000000149012 1.5999999999999996
      vertex 50.557262157176915 77.43070337860524 1.5999999999999996
    endloop
  endfacet
  facet normal 0.195090322016138 0.9807852804032285 -7.117298904777922e-18
    outer loop
      vertex 50.557262157176915 77.43070337860524 0
      vertex 51.59643426571609 77.2239991943808 1.5999999999999996
      vertex 51.59643426571609 77.2239991943808 0
    endloop
  endfacet
  facet normal 0.3214394653031549 0.946930129495108 -3.4202098585919783e-18
    outer loop
      vertex 51.59643426571609 77.2239991943808 0
      vertex 52.59973580272747 76.88342421471812 1.5999999999999996
      vertex 52.59973580272747 76.88342421471812 0
    endloop
  endfacet
  facet normal 0.44228869021900996 0.8968727415326839 -3.232210118088337e-18
    outer loop
      vertex 52.59973580272747 76.88342421471812 0
      vertex 53.55000000074506 76.41480577194443 1.5999999999999996
      vertex 53.55000000074506 76.41480577194443 0
    endloop
  endfacet
  facet normal 0.195090322016138 0.9807852804032285 0
    outer loop
      vertex 50.557262157176915 77.43070337860524 0
      vertex 50.557262157176915 77.43070337860524 1.5999999999999996
      vertex 51.59643426571609 77.2239991943808 1.5999999999999996
    endloop
  endfacet
  facet normal 0.3214394653031549 0.946930129495108 0
    outer loop
      vertex 51.59643426571609 77.2239991943808 0
      vertex 51.59643426571609 77.2239991943808 1.5999999999999996
      vertex 52.59973580272747 76.88342421471812 1.5999999999999996
    endloop
  endfacet
  facet normal 0.44228869021900996 0.8968727415326839 0
    outer loop
      vertex 52.59973580272747 76.88342421471812 0
      vertex 52.59973580272747 76.88342421471812 1.5999999999999996
      vertex 53.55000000074506 76.41480577194443 1.5999999999999996
    endloop
  endfacet
  facet normal 0.5555702330196004 0.8314696123025465 0
    outer loop
      vertex 53.55000000074506 76.41480577194443 0
      vertex 53.55000000074506 76.41480577194443 1.5999999999999996
      vertex 54.43096757587776 75.8261620575412 1.5999999999999996
    endloop
  endfacet
  facet normal 0.9978589232386034 0.06540312923014348 0
    outer loop
      vertex 57.600000001490116 69.4 0
      vertex 57.53070337860523 70.45726215717693 0
      vertex 57.600000001490116 69.4 1.5999999999999996
    endloop
  endfacet
  facet normal 0.9807852804032305 0.19509032201612767 0
    outer loop
      vertex 57.53070337860523 70.45726215717693 0
      vertex 57.3239991943808 71.49643426571609 0
      vertex 57.53070337860523 70.45726215717693 1.5999999999999996
    endloop
  endfacet
  facet normal 0.9469301294951059 0.3214394653031609 1.5486934607783584e-17
    outer loop
      vertex 56.98342421471811 72.49973580272747 0
      vertex 57.3239991943808 71.49643426571609 1.5999999999999996
      vertex 57.3239991943808 71.49643426571609 0
    endloop
  endfacet
  facet normal 0.9978589232386034 0.06540312923014348 0
    outer loop
      vertex 57.53070337860523 70.45726215717693 0
      vertex 57.53070337860523 70.45726215717693 1.5999999999999996
      vertex 57.600000001490116 69.4 1.5999999999999996
    endloop
  endfacet
  facet normal 0.9807852804032305 0.19509032201612767 0
    outer loop
      vertex 57.3239991943808 71.49643426571609 0
      vertex 57.3239991943808 71.49643426571609 1.5999999999999996
      vertex 57.53070337860523 70.45726215717693 1.5999999999999996
    endloop
  endfacet
  facet normal 0.9469301294951059 0.3214394653031609 0
    outer loop
      vertex 56.98342421471811 72.49973580272747 0
      vertex 56.98342421471811 72.49973580272747 1.5999999999999996
      vertex 57.3239991943808 71.49643426571609 1.5999999999999996
    endloop
  endfacet
  facet normal 0.7518398074789792 0.6593458151000667 -2.794084980794036e-17
    outer loop
      vertex 55.227564928664705 75.12756492866471 0
      vertex 55.92616205754119 74.33096757587776 1.5999999999999996
      vertex 55.92616205754119 74.33096757587776 0
    endloop
  endfacet
  facet normal 0.5555702330196004 0.8314696123025465 1.3206885192077269e-17
    outer loop
      vertex 53.55000000074506 76.41480577194443 0
      vertex 54.43096757587776 75.8261620575412 1.5999999999999996
      vertex 54.43096757587776 75.8261620575412 0
    endloop
  endfacet
  facet normal 0.6593458151000667 0.7518398074789792 -2.794084980794036e-17
    outer loop
      vertex 54.43096757587776 75.8261620575412 0
      vertex 55.227564928664705 75.12756492866471 1.5999999999999996
      vertex 55.227564928664705 75.12756492866471 0
    endloop
  endfacet
  facet normal 0.8314696123025433 0.5555702330196051 0
    outer loop
      vertex 56.51480577194443 73.45000000074506 0
      vertex 55.92616205754119 74.33096757587776 0
      vertex 56.51480577194443 73.45000000074506 1.5999999999999996
    endloop
  endfacet
  facet normal 0.896872741532688 0.44228869021900197 0
    outer loop
      vertex 56.98342421471811 72.49973580272747 0
      vertex 56.51480577194443 73.45000000074506 0
      vertex 56.98342421471811 72.49973580272747 1.5999999999999996
    endloop
  endfacet
  facet normal 0.7518398074789792 0.6593458151000667 0
    outer loop
      vertex 55.227564928664705 75.12756492866471 0
      vertex 55.227564928664705 75.12756492866471 1.5999999999999996
      vertex 55.92616205754119 74.33096757587776 1.5999999999999996
    endloop
  endfacet
  facet normal 0.6593458151000667 0.7518398074789792 0
    outer loop
      vertex 54.43096757587776 75.8261620575412 0
      vertex 54.43096757587776 75.8261620575412 1.5999999999999996
      vertex 55.227564928664705 75.12756492866471 1.5999999999999996
    endloop
  endfacet
  facet normal 0.896872741532688 0.44228869021900197 0
    outer loop
      vertex 56.51480577194443 73.45000000074506 0
      vertex 56.51480577194443 73.45000000074506 1.5999999999999996
      vertex 56.98342421471811 72.49973580272747 1.5999999999999996
    endloop
  endfacet
  facet normal 0.8314696123025433 0.5555702330196051 0
    outer loop
      vertex 55.92616205754119 74.33096757587776 0
      vertex 55.92616205754119 74.33096757587776 1.5999999999999996
      vertex 56.51480577194443 73.45000000074506 1.5999999999999996
    endloop
  endfacet
  facet normal 0 0 1
    outer loop
      vertex 3.5690324241222378 2.0738379424588063 1.5999999999999996
      vertex 4.449999999254942 1.485194228055569 1.5999999999999996
      vertex 3.4000000000000004 12 1.5999999999999996
    endloop
  endfacet
  facet normal 0 0 1
    outer loop
      vertex 1.485194228055569 4.449999999254942 1.5999999999999996
      vertex 0.3999999985098839 12 1.5999999999999996
      vertex 1.0165757852818897 5.40026419727253 1.5999999999999996
    endloop
  endfacet
  facet normal 0 0 1
    outer loop
      vertex 2.0738379424588063 3.5690324241222378 1.5999999999999996
      vertex 2.772435071335294 2.772435071335294 1.5999999999999996
      vertex 0.3999999985098839 12 1.5999999999999996
    endloop
  endfacet
  facet normal 0 0 1
    outer loop
      vertex 2.0738379424588063 3.5690324241222378 1.5999999999999996
      vertex 0.3999999985098839 12 1.5999999999999996
      vertex 1.485194228055569 4.449999999254942 1.5999999999999996
    endloop
  endfacet
  facet normal 0 0 1
    outer loop
      vertex 0.6760008056192053 6.403565734283911 1.5999999999999996
      vertex 1.0165757852818897 5.40026419727253 1.5999999999999996
      vertex 0.3999999985098839 12 1.5999999999999996
    endloop
  endfacet
  facet normal 0 0 1
    outer loop
      vertex 0.6760008056192053 6.403565734283911 1.5999999999999996
      vertex 0.3999999985098839 12 1.5999999999999996
      vertex 0.46929662139476847 7.4427378428230835 1.5999999999999996
    endloop
  endfacet
  facet normal 0 0 1
    outer loop
      vertex 0.46929662139476847 7.4427378428230835 1.5999999999999996
      vertex 0.3999999985098839 12 1.5999999999999996
      vertex 0.3999999985098839 8.5 1.5999999999999996
    endloop
  endfacet
  facet normal 0 0 1
    outer loop
      vertex 2.772435071335294 2.772435071335294 1.5999999999999996
      vertex 3.5690324241222378 2.0738379424588063 1.5999999999999996
      vertex 0.3999999985098839 12 1.5999999999999996
    endloop
  endfacet
  facet normal 0 0 1
    outer loop
      vertex 3.5690324241222378 2.0738379424588063 1.5999999999999996
      vertex 3.4000000000000004 12 1.5999999999999996
      vertex 0.3999999985098839 12 1.5999999999999996
    endloop
  endfacet
  facet normal 0 0 1
    outer loop
      vertex 4.449999999254942 1.485194228055569 1.5999999999999996
      vertex 5.40026419727253 1.0165757852818897 1.5999999999999996
      vertex 3.4000000000000004 12 1.5999999999999996
    endloop
  endfacet
  facet normal 0 0 -1
    outer loop
      vertex 0.3999999985098839 8.5 0
      vertex 0.3999999985098839 12 0
      vertex 3.4000000000000004 12 0
    endloop
  endfacet
  facet normal 0 0 1
    outer loop
      vertex 5.40026419727253 1.0165757852818897 1.5999999999999996
      vertex 3.4000000000000004 26 1.5999999999999996
      vertex 3.4000000000000004 12 1.5999999999999996
    endloop
  endfacet
  facet normal 0 0 1
    outer loop
      vertex 5.40026419727253 1.0165757852818897 1.5999999999999996
      vertex 6.403565734283911 0.6760008056192053 1.5999999999999996
      vertex 2.748528137423857 39.151471862576145 1.5999999999999996
    endloop
  endfacet
  facet normal 0 0 1
    outer loop
      vertex 6.403565734283911 0.6760008056192053 1.5999999999999996
      vertex 7.4427378428230835 0.46929662139476847 1.5999999999999996
      vertex 2.748528137423857 39.151471862576145 1.5999999999999996
    endloop
  endfacet
  facet normal 0 0 1
    outer loop
      vertex 8.5 0.3999999985098839 1.5999999999999996
      vertex 9.017457514062631 3.570536869268817 1.5999999999999996
      vertex 8.81248368952908 3.905023750651133 1.5999999999999996
    endloop
  endfacet
  facet normal 0 0 1
    outer loop
      vertex 8.5 0.3999999985098839 1.5999999999999996
      vertex 9.905023750651132 2.8124836895290803 1.5999999999999996
      vertex 9.570536869268816 3.0174575140626314 1.5999999999999996
    endloop
  endfacet
  facet normal 0 0 1
    outer loop
      vertex 8.5 0.3999999985098839 1.5999999999999996
      vertex 9.27223304703363 3.272233047033631 1.5999999999999996
      vertex 9.017457514062631 3.570536869268817 1.5999999999999996
    endloop
  endfacet
  facet normal 0 0 1
    outer loop
      vertex 8.5 0.3999999985098839 1.5999999999999996
      vertex 9.570536869268816 3.0174575140626314 1.5999999999999996
      vertex 9.27223304703363 3.272233047033631 1.5999999999999996
    endloop
  endfacet
  facet normal 0 0 1
    outer loop
      vertex 8.5 0.3999999985098839 1.5999999999999996
      vertex 8.81248368952908 3.905023750651133 1.5999999999999996
      vertex 8.662358709262115 4.267457514062632 1.5999999999999996
    endloop
  endfacet
  facet normal 0 0 1
    outer loop
      vertex 8.5 0.3999999985098839 1.5999999999999996
      vertex 8.662358709262115 4.267457514062632 1.5999999999999996
      vertex 8.570779148512155 4.648913837399423 1.5999999999999996
    endloop
  endfacet
  facet normal 0 0 1
    outer loop
      vertex 8.5 0.3999999985098839 1.5999999999999996
      vertex 10.267457514062631 2.6623587092621164 1.5999999999999996
      vertex 9.905023750651132 2.8124836895290803 1.5999999999999996
    endloop
  endfacet
  facet normal 0 0 1
    outer loop
      vertex 8.5 0.3999999985098839 1.5999999999999996
      vertex 10.648913837399421 2.5707791485121554 1.5999999999999996
      vertex 10.267457514062631 2.6623587092621164 1.5999999999999996
    endloop
  endfacet
  facet normal 0 0 1
    outer loop
      vertex 8.5 0.3999999985098839 1.5999999999999996
      vertex 11.04 2.54 1.5999999999999996
      vertex 10.648913837399421 2.5707791485121554 1.5999999999999996
    endloop
  endfacet
  facet normal 0 0 1
    outer loop
      vertex 8.5 0.3999999985098839 1.5999999999999996
      vertex 11.431086162600577 2.5707791485121554 1.5999999999999996
      vertex 11.04 2.54 1.5999999999999996
    endloop
  endfacet
  facet normal 0 0 1
    outer loop
      vertex 8.5 0.3999999985098839 1.5999999999999996
      vertex 11.812542485937367 2.6623587092621164 1.5999999999999996
      vertex 11.431086162600577 2.5707791485121554 1.5999999999999996
    endloop
  endfacet
  facet normal 0 0 1
    outer loop
      vertex 5.40026419727253 1.0165757852818897 1.5999999999999996
      vertex 2.748528137423857 39.151471862576145 1.5999999999999996
      vertex 3.4000000000000004 26 1.5999999999999996
    endloop
  endfacet
  facet normal 0 0 1
    outer loop
      vertex 7.4427378428230835 0.46929662139476847 1.5999999999999996
      vertex 8.5 0.3999999985098839 1.5999999999999996
      vertex 0.3999999985098839 69.4 1.5999999999999996
    endloop
  endfacet
  facet normal 0 0 1
    outer loop
      vertex 7.4427378428230835 0.46929662139476847 1.5999999999999996
      vertex 3.008655439013544 39.54077988116189 1.5999999999999996
      vertex 2.748528137423857 39.151471862576145 1.5999999999999996
    endloop
  endfacet
  facet normal 0 0 1
    outer loop
      vertex 7.4427378428230835 0.46929662139476847 1.5999999999999996
      vertex 3.0999999999999996 40 1.5999999999999996
      vertex 3.008655439013544 39.54077988116189 1.5999999999999996
    endloop
  endfacet
  facet normal 0 0 1
    outer loop
      vertex 8.5 0.3999999985098839 1.5999999999999996
      vertex 8.570779148512155 4.648913837399423 1.5999999999999996
      vertex 0.3999999985098839 69.4 1.5999999999999996
    endloop
  endfacet
  facet normal 0 0 1
    outer loop
      vertex 8.570779148512155 4.648913837399423 1.5999999999999996
      vertex 8.54 5.04 1.5999999999999996
      vertex 0.3999999985098839 69.4 1.5999999999999996
    endloop
  endfacet
  facet normal 0 0 1
    outer loop
      vertex 8.54 5.04 1.5999999999999996
      vertex 8.570779148512155 5.431086162600577 1.5999999999999996
      vertex 0.3999999985098839 69.4 1.5999999999999996
    endloop
  endfacet
  facet normal 0 0 1
    outer loop
      vertex 8.570779148512155 5.431086162600577 1.5999999999999996
      vertex 8.662358709262115 5.812542485937368 1.5999999999999996
      vertex 0.3999999985098839 69.4 1.5999999999999996
    endloop
  endfacet
  facet normal 0 0 1
    outer loop
      vertex 8.662358709262115 5.812542485937368 1.5999999999999996
      vertex 8.81248368952908 6.174976249348867 1.5999999999999996
      vertex 0.3999999985098839 69.4 1.5999999999999996
    endloop
  endfacet
  facet normal 0 0 1
    outer loop
      vertex 8.81248368952908 6.174976249348867 1.5999999999999996
      vertex 9.017457514062631 6.5094631307311825 1.5999999999999996
      vertex 0.3999999985098839 69.4 1.5999999999999996
    endloop
  endfacet
  facet normal 0 0 1
    outer loop
      vertex 9.017457514062631 6.5094631307311825 1.5999999999999996
      vertex 9.27223304703363 6.807766952966369 1.5999999999999996
      vertex 0.3999999985098839 69.4 1.5999999999999996
    endloop
  endfacet
  facet normal 0 0 1
    outer loop
      vertex 9.27223304703363 6.807766952966369 1.5999999999999996
      vertex 9.570536869268816 7.062542485937369 1.5999999999999996
      vertex 0.3999999985098839 69.4 1.5999999999999996
    endloop
  endfacet
  facet normal 0 0 1
    outer loop
      vertex 9.570536869268816 7.062542485937369 1.5999999999999996
      vertex 9.905023750651132 7.26751631047092 1.5999999999999996
      vertex 0.3999999985098839 69.4 1.5999999999999996
    endloop
  endfacet
  facet normal 0 0 1
    outer loop
      vertex 9.905023750651132 7.26751631047092 1.5999999999999996
      vertex 10.267457514062631 7.417641290737883 1.5999999999999996
      vertex 0.3999999985098839 69.4 1.5999999999999996
    endloop
  endfacet
  facet normal 0 0 1
    outer loop
      vertex 10.267457514062631 7.417641290737883 1.5999999999999996
      vertex 10.648913837399421 7.509220851487845 1.5999999999999996
      vertex 0.3999999985098839 69.4 1.5999999999999996
    endloop
  endfacet
  facet normal 0 0 1
    outer loop
      vertex 10.648913837399421 7.509220851487845 1.5999999999999996
      vertex 11.04 7.54 1.5999999999999996
      vertex 0.3999999985098839 69.4 1.5999999999999996
    endloop
  endfacet
  facet normal 0 0 -1
    outer loop
      vertex 0.3999999985098839 26 0
      vertex 2.748528137423857 39.151471862576145 0
      vertex 3.4000000000000004 26 0
    endloop
  endfacet
  facet normal 0 0 -1
    outer loop
      vertex 0.3999999985098839 26 0
      vertex 0.7913445609864558 39.54077988116189 0
      vertex 1.0514718625761428 39.151471862576145 0
    endloop
  endfacet
  facet normal 0 0 -1
    outer loop
      vertex 0.3999999985098839 26 0
      vertex 0.7 40 0
      vertex 0.7913445609864558 39.54077988116189 0
    endloop
  endfacet
  facet normal 0 0 -1
    outer loop
      vertex 0.3999999985098839 26 0
      vertex 1.0514718625761428 39.151471862576145 0
      vertex 1.4407798811618922 38.891344560986454 0
    endloop
  endfacet
  facet normal 0 0 -1
    outer loop
      vertex 0.3999999985098839 26 0
      vertex 1.4407798811618922 38.891344560986454 0
      vertex 1.9 38.8 0
    endloop
  endfacet
  facet normal 0 0 -1
    outer loop
      vertex 0.3999999985098839 26 0
      vertex 1.9 38.8 0
      vertex 2.3592201188381074 38.891344560986454 0
    endloop
  endfacet
  facet normal 0 0 -1
    outer loop
      vertex 0.3999999985098839 26 0
      vertex 2.3592201188381074 38.891344560986454 0
      vertex 2.748528137423857 39.151471862576145 0
    endloop
  endfacet
  facet normal 0 0 -1
    outer loop
      vertex 3.4000000000000004 26 0
      vertex 2.748528137423857 39.151471862576145 0
      vertex 3.008655439013544 39.54077988116189 0
    endloop
  endfacet
  facet normal 0 0 -1
    outer loop
      vertex 3.4000000000000004 26 0
      vertex 3.008655439013544 39.54077988116189 0
      vertex 3.0999999999999996 40 0
    endloop
  endfacet
  facet normal 0 0 1
    outer loop
      vertex 3.4000000000000004 26 1.5999999999999996
      vertex 0.7913445609864558 39.54077988116189 1.5999999999999996
      vertex 0.3999999985098839 26 1.5999999999999996
    endloop
  endfacet
  facet normal 0 0 1
    outer loop
      vertex 0.3999999985098839 26 1.5999999999999996
      vertex 0.7913445609864558 39.54077988116189 1.5999999999999996
      vertex 0.7 40 1.5999999999999996
    endloop
  endfacet
  facet normal 0 0 1
    outer loop
      vertex 3.4000000000000004 26 1.5999999999999996
      vertex 1.4407798811618922 38.891344560986454 1.5999999999999996
      vertex 1.0514718625761428 39.151471862576145 1.5999999999999996
    endloop
  endfacet
  facet normal 0 0 1
    outer loop
      vertex 3.4000000000000004 26 1.5999999999999996
      vertex 1.0514718625761428 39.151471862576145 1.5999999999999996
      vertex 0.7913445609864558 39.54077988116189 1.5999999999999996
    endloop
  endfacet
  facet normal 0 0 1
    outer loop
      vertex 3.4000000000000004 26 1.5999999999999996
      vertex 1.9 38.8 1.5999999999999996
      vertex 1.4407798811618922 38.891344560986454 1.5999999999999996
    endloop
  endfacet
  facet normal 0 0 1
    outer loop
      vertex 1.9 38.8 1.5999999999999996
      vertex 3.4000000000000004 26 1.5999999999999996
      vertex 2.3592201188381074 38.891344560986454 1.5999999999999996
    endloop
  endfacet
  facet normal 0 0 1
    outer loop
      vertex 2.748528137423857 39.151471862576145 1.5999999999999996
      vertex 2.3592201188381074 38.891344560986454 1.5999999999999996
      vertex 3.4000000000000004 26 1.5999999999999996
    endloop
  endfacet
  facet normal 0 0 1
    outer loop
      vertex 7.4427378428230835 0.46929662139476847 1.5999999999999996
      vertex 0.3999999985098839 69.4 1.5999999999999996
      vertex 3.0999999999999996 40 1.5999999999999996
    endloop
  endfacet
  facet normal 0 0 1
    outer loop
      vertex 11.812542485937367 7.417641290737883 1.5999999999999996
      vertex 12.174976249348866 7.26751631047092 1.5999999999999996
      vertex 0.3999999985098839 69.4 1.5999999999999996
    endloop
  endfacet
  facet normal 0 0 1
    outer loop
      vertex 12.174976249348866 7.26751631047092 1.5999999999999996
      vertex 12.509463130731183 7.062542485937369 1.5999999999999996
      vertex 0.3999999985098839 69.4 1.5999999999999996
    endloop
  endfacet
  facet normal 0 0 1
    outer loop
      vertex 11.04 7.54 1.5999999999999996
      vertex 11.431086162600577 7.509220851487845 1.5999999999999996
      vertex 0.3999999985098839 69.4 1.5999999999999996
    endloop
  endfacet
  facet normal 0 0 1
    outer loop
      vertex 11.431086162600577 7.509220851487845 1.5999999999999996
      vertex 11.812542485937367 7.417641290737883 1.5999999999999996
      vertex 0.3999999985098839 69.4 1.5999999999999996
    endloop
  endfacet
  facet normal 0 0 1
    outer loop
      vertex 12.807766952966368 6.807766952966369 1.5999999999999996
      vertex 0.3999999985098839 69.4 1.5999999999999996
      vertex 12.509463130731183 7.062542485937369 1.5999999999999996
    endloop
  endfacet
  facet normal 0 0 1
    outer loop
      vertex 12.807766952966368 6.807766952966369 1.5999999999999996
      vertex 13.062542485937367 6.5094631307311825 1.5999999999999996
      vertex 0.3999999985098839 69.4 1.5999999999999996
    endloop
  endfacet
  facet normal 0 0 1
    outer loop
      vertex 13.062542485937367 6.5094631307311825 1.5999999999999996
      vertex 26.797457514062632 6.5094631307311825 1.5999999999999996
      vertex 0.3999999985098839 69.4 1.5999999999999996
    endloop
  endfacet
  facet normal 0 0 1
    outer loop
      vertex 8.5 0.3999999985098839 1.5999999999999996
      vertex 28.047457514062632 2.6623587092621164 1.5999999999999996
      vertex 11.812542485937367 2.6623587092621164 1.5999999999999996
    endloop
  endfacet
  facet normal 0 0 1
    outer loop
      vertex 11.812542485937367 2.6623587092621164 1.5999999999999996
      vertex 28.047457514062632 2.6623587092621164 1.5999999999999996
      vertex 12.174976249348866 2.8124836895290803 1.5999999999999996
    endloop
  endfacet
  facet normal 0 0 1
    outer loop
      vertex 12.174976249348866 2.8124836895290803 1.5999999999999996
      vertex 27.685023750651133 2.8124836895290803 1.5999999999999996
      vertex 12.509463130731183 3.0174575140626314 1.5999999999999996
    endloop
  endfacet
  facet normal 0 0 1
    outer loop
      vertex 12.509463130731183 3.0174575140626314 1.5999999999999996
      vertex 27.35053686926882 3.0174575140626314 1.5999999999999996
      vertex 12.807766952966368 3.272233047033631 1.5999999999999996
    endloop
  endfacet
  facet normal 0 0 1
    outer loop
      vertex 12.807766952966368 3.272233047033631 1.5999999999999996
      vertex 27.05223304703363 3.272233047033631 1.5999999999999996
      vertex 13.062542485937367 3.570536869268817 1.5999999999999996
    endloop
  endfacet
  facet normal 0 0 1
    outer loop
      vertex 13.062542485937367 3.570536869268817 1.5999999999999996
      vertex 26.797457514062632 3.570536869268817 1.5999999999999996
      vertex 13.267516310470919 3.905023750651133 1.5999999999999996
    endloop
  endfacet
  facet normal 0 0 1
    outer loop
      vertex 13.267516310470919 3.905023750651133 1.5999999999999996
      vertex 26.592483689529082 3.905023750651133 1.5999999999999996
      vertex 13.417641290737883 4.267457514062632 1.5999999999999996
    endloop
  endfacet
  facet normal 0 0 1
    outer loop
      vertex 13.417641290737883 4.267457514062632 1.5999999999999996
      vertex 26.442358709262116 4.267457514062632 1.5999999999999996
      vertex 13.509220851487843 4.648913837399423 1.5999999999999996
    endloop
  endfacet
  facet normal 0 0 1
    outer loop
      vertex 13.509220851487843 4.648913837399423 1.5999999999999996
      vertex 26.350779148512157 4.648913837399423 1.5999999999999996
      vertex 13.54 5.04 1.5999999999999996
    endloop
  endfacet
  facet normal 0 0 1
    outer loop
      vertex 13.54 5.04 1.5999999999999996
      vertex 26.32 5.04 1.5999999999999996
      vertex 13.509220851487843 5.431086162600577 1.5999999999999996
    endloop
  endfacet
  facet normal 0 0 1
    outer loop
      vertex 13.509220851487843 5.431086162600577 1.5999999999999996
      vertex 26.350779148512157 5.431086162600577 1.5999999999999996
      vertex 13.417641290737883 5.812542485937368 1.5999999999999996
    endloop
  endfacet
  facet normal 0 0 1
    outer loop
      vertex 13.267516310470919 6.174976249348867 1.5999999999999996
      vertex 13.417641290737883 5.812542485937368 1.5999999999999996
      vertex 26.442358709262116 5.812542485937368 1.5999999999999996
    endloop
  endfacet
  facet normal 0 0 1
    outer loop
      vertex 13.267516310470919 6.174976249348867 1.5999999999999996
      vertex 26.592483689529082 6.174976249348867 1.5999999999999996
      vertex 13.062542485937367 6.5094631307311825 1.5999999999999996
    endloop
  endfacet
  facet normal 0 0 1
    outer loop
      vertex 8.5 0.3999999985098839 1.5999999999999996
      vertex 28.428913837399424 2.5707791485121554 1.5999999999999996
      vertex 28.047457514062632 2.6623587092621164 1.5999999999999996
    endloop
  endfacet
  facet normal 0 0 -1
    outer loop
      vertex 8.5 0.3999999985098839 0
      vertex 38.6 5.6 0
      vertex 38.6 0.3999999985098839 0
    endloop
  endfacet
  facet normal 0 0 1
    outer loop
      vertex 8.5 0.3999999985098839 1.5999999999999996
      vertex 28.82 2.54 1.5999999999999996
      vertex 28.428913837399424 2.5707791485121554 1.5999999999999996
    endloop
  endfacet
  facet normal 0 0 1
    outer loop
      vertex 8.5 0.3999999985098839 1.5999999999999996
      vertex 29.211086162600576 2.5707791485121554 1.5999999999999996
      vertex 28.82 2.54 1.5999999999999996
    endloop
  endfacet
  facet normal 0 0 1
    outer loop
      vertex 12.174976249348866 2.8124836895290803 1.5999999999999996
      vertex 28.047457514062632 2.6623587092621164 1.5999999999999996
      vertex 27.685023750651133 2.8124836895290803 1.5999999999999996
    endloop
  endfacet
  facet normal 0 0 1
    outer loop
      vertex 13.267516310470919 3.905023750651133 1.5999999999999996
      vertex 26.797457514062632 3.570536869268817 1.5999999999999996
      vertex 26.592483689529082 3.905023750651133 1.5999999999999996
    endloop
  endfacet
  facet normal 0 0 1
    outer loop
      vertex 12.509463130731183 3.0174575140626314 1.5999999999999996
      vertex 27.685023750651133 2.8124836895290803 1.5999999999999996
      vertex 27.35053686926882 3.0174575140626314 1.5999999999999996
    endloop
  endfacet
  facet normal 0 0 1
    outer loop
      vertex 12.807766952966368 3.272233047033631 1.5999999999999996
      vertex 27.35053686926882 3.0174575140626314 1.5999999999999996
      vertex 27.05223304703363 3.272233047033631 1.5999999999999996
    endloop
  endfacet
  facet normal 0 0 1
    outer loop
      vertex 13.062542485937367 3.570536869268817 1.5999999999999996
      vertex 27.05223304703363 3.272233047033631 1.5999999999999996
      vertex 26.797457514062632 3.570536869268817 1.5999999999999996
    endloop
  endfacet
  facet normal 0 0 1
    outer loop
      vertex 13.417641290737883 4.267457514062632 1.5999999999999996
      vertex 26.592483689529082 3.905023750651133 1.5999999999999996
      vertex 26.442358709262116 4.267457514062632 1.5999999999999996
    endloop
  endfacet
  facet normal 0 0 1
    outer loop
      vertex 13.509220851487843 4.648913837399423 1.5999999999999996
      vertex 26.442358709262116 4.267457514062632 1.5999999999999996
      vertex 26.350779148512157 4.648913837399423 1.5999999999999996
    endloop
  endfacet
  facet normal 0 0 1
    outer loop
      vertex 13.54 5.04 1.5999999999999996
      vertex 26.350779148512157 4.648913837399423 1.5999999999999996
      vertex 26.32 5.04 1.5999999999999996
    endloop
  endfacet
  facet normal 0 0 1
    outer loop
      vertex 13.509220851487843 5.431086162600577 1.5999999999999996
      vertex 26.32 5.04 1.5999999999999996
      vertex 26.350779148512157 5.431086162600577 1.5999999999999996
    endloop
  endfacet
  facet normal 0 0 1
    outer loop
      vertex 13.417641290737883 5.812542485937368 1.5999999999999996
      vertex 26.350779148512157 5.431086162600577 1.5999999999999996
      vertex 26.442358709262116 5.812542485937368 1.5999999999999996
    endloop
  endfacet
  facet normal 0 0 1
    outer loop
      vertex 13.267516310470919 6.174976249348867 1.5999999999999996
      vertex 26.442358709262116 5.812542485937368 1.5999999999999996
      vertex 26.592483689529082 6.174976249348867 1.5999999999999996
    endloop
  endfacet
  facet normal 0 0 1
    outer loop
      vertex 13.062542485937367 6.5094631307311825 1.5999999999999996
      vertex 26.592483689529082 6.174976249348867 1.5999999999999996
      vertex 26.797457514062632 6.5094631307311825 1.5999999999999996
    endloop
  endfacet
  facet normal 0 0 1
    outer loop
      vertex 8.5 0.3999999985098839 1.5999999999999996
      vertex 38.6 0.3999999985098839 1.5999999999999996
      vertex 29.211086162600576 2.5707791485121554 1.5999999999999996
    endloop
  endfacet
  facet normal 0 0 -1
    outer loop
      vertex 1.485194228055569 4.449999999254942 0
      vertex 1.0165757852818897 5.40026419727253 0
      vertex 57.600000001490116 69.4 0
    endloop
  endfacet
  facet normal 0 0 -1
    outer loop
      vertex 0.6760008056192053 6.403565734283911 0
      vertex 0.46929662139476847 7.4427378428230835 0
      vertex 57.600000001490116 69.4 0
    endloop
  endfacet
  facet normal 0 0 -1
    outer loop
      vertex 0.6760008056192053 6.403565734283911 0
      vertex 57.600000001490116 69.4 0
      vertex 1.0165757852818897 5.40026419727253 0
    endloop
  endfacet
  facet normal 0 0 -1
    outer loop
      vertex 0.46929662139476847 7.4427378428230835 0
      vertex 0.3999999985098839 8.5 0
      vertex 57.600000001490116 69.4 0
    endloop
  endfacet
  facet normal 0 0 -1
    outer loop
      vertex 2.0738379424588063 3.5690324241222378 0
      vertex 57.600000001490116 69.4 0
      vertex 2.772435071335294 2.772435071335294 0
    endloop
  endfacet
  facet normal 0 0 -1
    outer loop
      vertex 2.0738379424588063 3.5690324241222378 0
      vertex 1.485194228055569 4.449999999254942 0
      vertex 57.600000001490116 69.4 0
    endloop
  endfacet
  facet normal 0 0 -1
    outer loop
      vertex 2.772435071335294 2.772435071335294 0
      vertex 57.600000001490116 69.4 0
      vertex 3.5690324241222378 2.0738379424588063 0
    endloop
  endfacet
  facet normal 0 0 1
    outer loop
      vertex 26.797457514062632 6.5094631307311825 1.5999999999999996
      vertex 27.05223304703363 6.807766952966369 1.5999999999999996
      vertex 0.3999999985098839 69.4 1.5999999999999996
    endloop
  endfacet
  facet normal 0 0 1
    outer loop
      vertex 27.05223304703363 6.807766952966369 1.5999999999999996
      vertex 27.35053686926882 7.062542485937369 1.5999999999999996
      vertex 0.3999999985098839 69.4 1.5999999999999996
    endloop
  endfacet
  facet normal 0 0 1
    outer loop
      vertex 27.35053686926882 7.062542485937369 1.5999999999999996
      vertex 27.685023750651133 7.26751631047092 1.5999999999999996
      vertex 0.3999999985098839 69.4 1.5999999999999996
    endloop
  endfacet
  facet normal 0 0 1
    outer loop
      vertex 27.685023750651133 7.26751631047092 1.5999999999999996
      vertex 28.047457514062632 7.417641290737883 1.5999999999999996
      vertex 0.3999999985098839 69.4 1.5999999999999996
    endloop
  endfacet
  facet normal 0 0 1
    outer loop
      vertex 28.047457514062632 7.417641290737883 1.5999999999999996
      vertex 28.428913837399424 7.509220851487845 1.5999999999999996
      vertex 0.3999999985098839 69.4 1.5999999999999996
    endloop
  endfacet
  facet normal 0 0 1
    outer loop
      vertex 0.3999999985098839 69.4 1.5999999999999996
      vertex 29.59254248593737 7.417641290737883 1.5999999999999996
      vertex 29.954976249348867 7.26751631047092 1.5999999999999996
    endloop
  endfacet
  facet normal 0 0 1
    outer loop
      vertex 28.428913837399424 7.509220851487845 1.5999999999999996
      vertex 28.82 7.54 1.5999999999999996
      vertex 0.3999999985098839 69.4 1.5999999999999996
    endloop
  endfacet
  facet normal 0 0 1
    outer loop
      vertex 28.82 7.54 1.5999999999999996
      vertex 29.211086162600576 7.509220851487845 1.5999999999999996
      vertex 0.3999999985098839 69.4 1.5999999999999996
    endloop
  endfacet
  facet normal 0 0 1
    outer loop
      vertex 0.3999999985098839 69.4 1.5999999999999996
      vertex 29.211086162600576 7.509220851487845 1.5999999999999996
      vertex 29.59254248593737 7.417641290737883 1.5999999999999996
    endloop
  endfacet
  facet normal 0 0 1
    outer loop
      vertex 0.3999999985098839 69.4 1.5999999999999996
      vertex 29.954976249348867 7.26751631047092 1.5999999999999996
      vertex 30.289463130731182 7.062542485937369 1.5999999999999996
    endloop
  endfacet
  facet normal 0 0 1
    outer loop
      vertex 0.3999999985098839 69.4 1.5999999999999996
      vertex 30.289463130731182 7.062542485937369 1.5999999999999996
      vertex 30.58776695296637 6.807766952966369 1.5999999999999996
    endloop
  endfacet
  facet normal 0 0 1
    outer loop
      vertex 0.3999999985098839 69.4 1.5999999999999996
      vertex 30.84254248593737 6.5094631307311825 1.5999999999999996
      vertex 31.047516310470918 6.174976249348867 1.5999999999999996
    endloop
  endfacet
  facet normal 0 0 1
    outer loop
      vertex 0.3999999985098839 69.4 1.5999999999999996
      vertex 30.58776695296637 6.807766952966369 1.5999999999999996
      vertex 30.84254248593737 6.5094631307311825 1.5999999999999996
    endloop
  endfacet
  facet normal 0 0 -1
    outer loop
      vertex 0.3999999985098839 8.5 0
      vertex 3.4000000000000004 12 0
      vertex 56.51480577194443 73.45000000074506 0
    endloop
  endfacet
  facet normal 0 0 -1
    outer loop
      vertex 56.51480577194443 73.45000000074506 0
      vertex 3.4000000000000004 12 0
      vertex 3.4000000000000004 26 0
    endloop
  endfacet
  facet normal 0 0 -1
    outer loop
      vertex 3.5690324241222378 2.0738379424588063 0
      vertex 57.600000001490116 69.4 0
      vertex 4.449999999254942 1.485194228055569 0
    endloop
  endfacet
  facet normal 0 0 -1
    outer loop
      vertex 4.449999999254942 1.485194228055569 0
      vertex 57.600000001490116 69.4 0
      vertex 5.40026419727253 1.0165757852818897 0
    endloop
  endfacet
  facet normal 0 0 -1
    outer loop
      vertex 5.40026419727253 1.0165757852818897 0
      vertex 57.600000001490116 69.4 0
      vertex 6.403565734283911 0.6760008056192053 0
    endloop
  endfacet
  facet normal 0 0 -1
    outer loop
      vertex 6.403565734283911 0.6760008056192053 0
      vertex 57.600000001490116 69.4 0
      vertex 7.4427378428230835 0.46929662139476847 0
    endloop
  endfacet
  facet normal 0 0 -1
    outer loop
      vertex 7.4427378428230835 0.46929662139476847 0
      vertex 57.600000001490116 69.4 0
      vertex 8.5 0.3999999985098839 0
    endloop
  endfacet
  facet normal 0 0 1
    outer loop
      vertex 0.3999999985098839 69.4 1.5999999999999996
      vertex 31.047516310470918 6.174976249348867 1.5999999999999996
      vertex 38.6 5.6 1.5999999999999996
    endloop
  endfacet
  facet normal 0 0 -1
    outer loop
      vertex 0.6760008056192053 71.49643426571609 0
      vertex 0.7 40 0
      vertex 0.3999999985098839 26 0
    endloop
  endfacet
  facet normal 0 0 -1
    outer loop
      vertex 6.403565734283911 77.2239991943808 0
      vertex 3.4000000000000004 26 0
      vertex 3.0999999999999996 40 0
    endloop
  endfacet
  facet normal 0 0 1
    outer loop
      vertex 0.3999999985098839 69.4 1.5999999999999996
      vertex 0.3999999985098839 26 1.5999999999999996
      vertex 0.7 40 1.5999999999999996
    endloop
  endfacet
  facet normal 0 0 -1
    outer loop
      vertex 1.0165757852818897 72.49973580272747 0
      vertex 0.7913445609864558 40.45922011883811 0
      vertex 0.7 40 0
    endloop
  endfacet
  facet normal 0 0 -1
    outer loop
      vertex 1.485194228055569 73.45000000074506 0
      vertex 1.0514718625761428 40.848528137423855 0
      vertex 0.7913445609864558 40.45922011883811 0
    endloop
  endfacet
  facet normal 0 0 -1
    outer loop
      vertex 2.0738379424588063 74.33096757587776 0
      vertex 1.4407798811618922 41.108655439013546 0
      vertex 1.0514718625761428 40.848528137423855 0
    endloop
  endfacet
  facet normal 0 0 -1
    outer loop
      vertex 2.772435071335294 75.12756492866471 0
      vertex 1.9 41.2 0
      vertex 1.4407798811618922 41.108655439013546 0
    endloop
  endfacet
  facet normal 0 0 -1
    outer loop
      vertex 4.449999999254942 76.41480577194443 0
      vertex 2.3592201188381074 41.108655439013546 0
      vertex 1.9 41.2 0
    endloop
  endfacet
  facet normal 0 0 -1
    outer loop
      vertex 4.449999999254942 76.41480577194443 0
      vertex 2.748528137423857 40.848528137423855 0
      vertex 2.3592201188381074 41.108655439013546 0
    endloop
  endfacet
  facet normal 0 0 -1
    outer loop
      vertex 0.3999999985098839 69.4 0
      vertex 0.46929662139476847 70.45726215717693 0
      vertex 0.3999999985098839 26 0
    endloop
  endfacet
  facet normal 0 0 -1
    outer loop
      vertex 0.46929662139476847 70.45726215717693 0
      vertex 0.6760008056192053 71.49643426571609 0
      vertex 0.3999999985098839 26 0
    endloop
  endfacet
  facet normal 0 0 -1
    outer loop
      vertex 6.403565734283911 77.2239991943808 0
      vertex 3.0999999999999996 40 0
      vertex 3.008655439013544 40.45922011883811 0
    endloop
  endfacet
  facet normal 0 0 -1
    outer loop
      vertex 6.403565734283911 77.2239991943808 0
      vertex 3.008655439013544 40.45922011883811 0
      vertex 2.748528137423857 40.848528137423855 0
    endloop
  endfacet
  facet normal 0 0 1
    outer loop
      vertex 0.3999999985098839 69.4 1.5999999999999996
      vertex 0.7 40 1.5999999999999996
      vertex 0.7913445609864558 40.45922011883811 1.5999999999999996
    endloop
  endfacet
  facet normal 0 0 1
    outer loop
      vertex 0.3999999985098839 69.4 1.5999999999999996
      vertex 0.7913445609864558 40.45922011883811 1.5999999999999996
      vertex 1.0514718625761428 40.848528137423855 1.5999999999999996
    endloop
  endfacet
  facet normal 0 0 1
    outer loop
      vertex 0.3999999985098839 69.4 1.5999999999999996
      vertex 1.0514718625761428 40.848528137423855 1.5999999999999996
      vertex 1.4407798811618922 41.108655439013546 1.5999999999999996
    endloop
  endfacet
  facet normal 0 0 1
    outer loop
      vertex 0.3999999985098839 69.4 1.5999999999999996
      vertex 1.4407798811618922 41.108655439013546 1.5999999999999996
      vertex 1.9 41.2 1.5999999999999996
    endloop
  endfacet
  facet normal 0 0 1
    outer loop
      vertex 0.3999999985098839 69.4 1.5999999999999996
      vertex 1.9 41.2 1.5999999999999996
      vertex 2.3592201188381074 41.108655439013546 1.5999999999999996
    endloop
  endfacet
  facet normal 0 0 1
    outer loop
      vertex 0.3999999985098839 69.4 1.5999999999999996
      vertex 3.008655439013544 40.45922011883811 1.5999999999999996
      vertex 3.0999999999999996 40 1.5999999999999996
    endloop
  endfacet
  facet normal 0 0 1
    outer loop
      vertex 0.3999999985098839 69.4 1.5999999999999996
      vertex 2.748528137423857 40.848528137423855 1.5999999999999996
      vertex 3.008655439013544 40.45922011883811 1.5999999999999996
    endloop
  endfacet
  facet normal 0 0 1
    outer loop
      vertex 0.3999999985098839 69.4 1.5999999999999996
      vertex 2.3592201188381074 41.108655439013546 1.5999999999999996
      vertex 2.748528137423857 40.848528137423855 1.5999999999999996
    endloop
  endfacet
  facet normal 0 0 -1
    outer loop
      vertex 0.6760008056192053 71.49643426571609 0
      vertex 1.0165757852818897 72.49973580272747 0
      vertex 0.7 40 0
    endloop
  endfacet
  facet normal 0 0 -1
    outer loop
      vertex 1.0165757852818897 72.49973580272747 0
      vertex 1.485194228055569 73.45000000074506 0
      vertex 0.7913445609864558 40.45922011883811 0
    endloop
  endfacet
  facet normal 0 0 -1
    outer loop
      vertex 1.485194228055569 73.45000000074506 0
      vertex 2.0738379424588063 74.33096757587776 0
      vertex 1.0514718625761428 40.848528137423855 0
    endloop
  endfacet
  facet normal 0 0 -1
    outer loop
      vertex 2.0738379424588063 74.33096757587776 0
      vertex 2.772435071335294 75.12756492866471 0
      vertex 1.4407798811618922 41.108655439013546 0
    endloop
  endfacet
  facet normal 0 0 -1
    outer loop
      vertex 2.772435071335294 75.12756492866471 0
      vertex 3.5690324241222378 75.8261620575412 0
      vertex 1.9 41.2 0
    endloop
  endfacet
  facet normal 0 0 -1
    outer loop
      vertex 3.5690324241222378 75.8261620575412 0
      vertex 4.449999999254942 76.41480577194443 0
      vertex 1.9 41.2 0
    endloop
  endfacet
  facet normal 0 0 -1
    outer loop
      vertex 6.403565734283911 77.2239991943808 0
      vertex 7.4427378428230835 77.43070337860524 0
      vertex 3.4000000000000004 26 0
    endloop
  endfacet
  facet normal 0 0 -1
    outer loop
      vertex 7.4427378428230835 77.43070337860524 0
      vertex 8.5 77.50000000149012 0
      vertex 3.4000000000000004 26 0
    endloop
  endfacet
  facet normal 0 0 -1
    outer loop
      vertex 4.449999999254942 76.41480577194443 0
      vertex 5.40026419727253 76.88342421471812 0
      vertex 2.748528137423857 40.848528137423855 0
    endloop
  endfacet
  facet normal 0 0 -1
    outer loop
      vertex 5.40026419727253 76.88342421471812 0
      vertex 6.403565734283911 77.2239991943808 0
      vertex 2.748528137423857 40.848528137423855 0
    endloop
  endfacet
  facet normal 0 0 1
    outer loop
      vertex 1.0165757852818897 72.49973580272747 1.5999999999999996
      vertex 14.93 59.92 1.5999999999999996
      vertex 1.485194228055569 73.45000000074506 1.5999999999999996
    endloop
  endfacet
  facet normal 0 0 1
    outer loop
      vertex 1.485194228055569 73.45000000074506 1.5999999999999996
      vertex 14.93 59.92 1.5999999999999996
      vertex 2.0738379424588063 74.33096757587776 1.5999999999999996
    endloop
  endfacet
  facet normal 0 0 1
    outer loop
      vertex 2.0738379424588063 74.33096757587776 1.5999999999999996
      vertex 14.93 59.92 1.5999999999999996
      vertex 2.772435071335294 75.12756492866471 1.5999999999999996
    endloop
  endfacet
  facet normal 0 0 1
    outer loop
      vertex 2.772435071335294 75.12756492866471 1.5999999999999996
      vertex 14.93 59.92 1.5999999999999996
      vertex 3.5690324241222378 75.8261620575412 1.5999999999999996
    endloop
  endfacet
  facet normal 0 0 1
    outer loop
      vertex 1.0165757852818897 72.49973580272747 1.5999999999999996
      vertex 14.93 56.92 1.5999999999999996
      vertex 14.93 59.92 1.5999999999999996
    endloop
  endfacet
  facet normal 0 0 1
    outer loop
      vertex 3.5690324241222378 75.8261620575412 1.5999999999999996
      vertex 14.93 59.92 1.5999999999999996
      vertex 4.449999999254942 76.41480577194443 1.5999999999999996
    endloop
  endfacet
  facet normal 0 0 1
    outer loop
      vertex 4.449999999254942 76.41480577194443 1.5999999999999996
      vertex 14.93 59.92 1.5999999999999996
      vertex 5.40026419727253 76.88342421471812 1.5999999999999996
    endloop
  endfacet
  facet normal 0 0 1
    outer loop
      vertex 5.40026419727253 76.88342421471812 1.5999999999999996
      vertex 14.93 59.92 1.5999999999999996
      vertex 6.403565734283911 77.2239991943808 1.5999999999999996
    endloop
  endfacet
  facet normal 0 0 1
    outer loop
      vertex 7.4427378428230835 77.43070337860524 1.5999999999999996
      vertex 14.93 59.92 1.5999999999999996
      vertex 10.955654115187642 73.17297981881035 1.5999999999999996
    endloop
  endfacet
  facet normal 0 0 1
    outer loop
      vertex 6.403565734283911 77.2239991943808 1.5999999999999996
      vertex 14.93 59.92 1.5999999999999996
      vertex 7.4427378428230835 77.43070337860524 1.5999999999999996
    endloop
  endfacet
  facet normal 0 0 1
    outer loop
      vertex 7.4427378428230835 77.43070337860524 1.5999999999999996
      vertex 10.440000000000001 74.76000000000002 1.5999999999999996
      vertex 8.5 77.50000000149012 1.5999999999999996
    endloop
  endfacet
  facet normal 0 0 1
    outer loop
      vertex 7.4427378428230835 77.43070337860524 1.5999999999999996
      vertex 10.955654115187642 73.17297981881035 1.5999999999999996
      vertex 10.734282384691408 73.53422565070325 1.5999999999999996
    endloop
  endfacet
  facet normal 0 0 1
    outer loop
      vertex 7.4427378428230835 77.43070337860524 1.5999999999999996
      vertex 10.734282384691408 73.53422565070325 1.5999999999999996
      vertex 10.572147406003086 73.92565411518765 1.5999999999999996
    endloop
  endfacet
  facet normal 0 0 1
    outer loop
      vertex 7.4427378428230835 77.43070337860524 1.5999999999999996
      vertex 10.572147406003086 73.92565411518765 1.5999999999999996
      vertex 10.473241480393128 74.3376269443914 1.5999999999999996
    endloop
  endfacet
  facet normal 0 0 1
    outer loop
      vertex 7.4427378428230835 77.43070337860524 1.5999999999999996
      vertex 10.473241480393128 74.3376269443914 1.5999999999999996
      vertex 10.440000000000001 74.76000000000002 1.5999999999999996
    endloop
  endfacet
  facet normal 0 0 1
    outer loop
      vertex 8.5 77.50000000149012 1.5999999999999996
      vertex 10.440000000000001 74.76000000000002 1.5999999999999996
      vertex 10.473241480393128 75.18237305560864 1.5999999999999996
    endloop
  endfacet
  facet normal 0 0 1
    outer loop
      vertex 8.5 77.50000000149012 1.5999999999999996
      vertex 10.473241480393128 75.18237305560864 1.5999999999999996
      vertex 10.572147406003086 75.59434588481238 1.5999999999999996
    endloop
  endfacet
  facet normal 0 0 1
    outer loop
      vertex 8.5 77.50000000149012 1.5999999999999996
      vertex 10.572147406003086 75.59434588481238 1.5999999999999996
      vertex 10.734282384691408 75.98577434929679 1.5999999999999996
    endloop
  endfacet
  facet normal 0 0 1
    outer loop
      vertex 8.5 77.50000000149012 1.5999999999999996
      vertex 10.734282384691408 75.98577434929679 1.5999999999999996
      vertex 10.955654115187642 76.34702018118969 1.5999999999999996
    endloop
  endfacet
  facet normal 0 0 1
    outer loop
      vertex 8.5 77.50000000149012 1.5999999999999996
      vertex 10.955654115187642 76.34702018118969 1.5999999999999996
      vertex 11.230811690796322 76.6691883092037 1.5999999999999996
    endloop
  endfacet
  facet normal 0 0 1
    outer loop
      vertex 8.5 77.50000000149012 1.5999999999999996
      vertex 11.230811690796322 76.6691883092037 1.5999999999999996
      vertex 11.552979818810323 76.94434588481238 1.5999999999999996
    endloop
  endfacet
  facet normal 0 0 1
    outer loop
      vertex 8.5 77.50000000149012 1.5999999999999996
      vertex 11.552979818810323 76.94434588481238 1.5999999999999996
      vertex 11.914225650703225 77.16571761530861 1.5999999999999996
    endloop
  endfacet
  facet normal 0 0 1
    outer loop
      vertex 8.5 77.50000000149012 1.5999999999999996
      vertex 11.914225650703225 77.16571761530861 1.5999999999999996
      vertex 12.305654115187643 77.32785259399694 1.5999999999999996
    endloop
  endfacet
  facet normal 0 0 1
    outer loop
      vertex 10.955654115187642 73.17297981881035 1.5999999999999996
      vertex 14.93 59.92 1.5999999999999996
      vertex 11.230811690796322 72.85081169079633 1.5999999999999996
    endloop
  endfacet
  facet normal 0 0 1
    outer loop
      vertex 11.552979818810323 72.57565411518766 1.5999999999999996
      vertex 11.230811690796322 72.85081169079633 1.5999999999999996
      vertex 14.93 59.92 1.5999999999999996
    endloop
  endfacet
  facet normal 0 0 1
    outer loop
      vertex 11.552979818810323 72.57565411518766 1.5999999999999996
      vertex 14.93 59.92 1.5999999999999996
      vertex 11.914225650703225 72.35428238469143 1.5999999999999996
    endloop
  endfacet
  facet normal 0 0 1
    outer loop
      vertex 11.914225650703225 72.35428238469143 1.5999999999999996
      vertex 14.93 59.92 1.5999999999999996
      vertex 12.305654115187643 72.1921474060031 1.5999999999999996
    endloop
  endfacet
  facet normal 0 0 1
    outer loop
      vertex 8.5 77.50000000149012 1.5999999999999996
      vertex 12.305654115187643 77.32785259399694 1.5999999999999996
      vertex 12.717626944391377 77.42675851960689 1.5999999999999996
    endloop
  endfacet
  facet normal 0 0 1
    outer loop
      vertex 8.5 77.50000000149012 1.5999999999999996
      vertex 12.717626944391377 77.42675851960689 1.5999999999999996
      vertex 13.14 77.46000000000002 1.5999999999999996
    endloop
  endfacet
  facet normal 0 0 1
    outer loop
      vertex 0.3999999985098839 69.4 1.5999999999999996
      vertex 57.600000001490116 8.5 1.5999999999999996
      vertex 0.46929662139476847 70.45726215717693 1.5999999999999996
    endloop
  endfacet
  facet normal 0 0 1
    outer loop
      vertex 0.46929662139476847 70.45726215717693 1.5999999999999996
      vertex 57.600000001490116 8.5 1.5999999999999996
      vertex 0.6760008056192053 71.49643426571609 1.5999999999999996
    endloop
  endfacet
  facet normal 0 0 1
    outer loop
      vertex 0.6760008056192053 71.49643426571609 1.5999999999999996
      vertex 57.600000001490116 8.5 1.5999999999999996
      vertex 1.0165757852818897 72.49973580272747 1.5999999999999996
    endloop
  endfacet
  facet normal 0 0 1
    outer loop
      vertex 1.0165757852818897 72.49973580272747 1.5999999999999996
      vertex 57.600000001490116 8.5 1.5999999999999996
      vertex 14.93 56.92 1.5999999999999996
    endloop
  endfacet
  facet normal 0 0 1
    outer loop
      vertex 14.93 56.92 1.5999999999999996
      vertex 42.95081169079632 37.29081169079633 1.5999999999999996
      vertex 24.93 56.92 1.5999999999999996
    endloop
  endfacet
  facet normal 0 0 1
    outer loop
      vertex 14.365774349296776 72.35428238469143 1.5999999999999996
      vertex 24.93 59.92 1.5999999999999996
      vertex 42.29214740600308 40.03434588481237 1.5999999999999996
    endloop
  endfacet
  facet normal 0 0 -1
    outer loop
      vertex 8.5 77.50000000149012 0
      vertex 49.5 77.50000000149012 0
      vertex 3.4000000000000004 26 0
    endloop
  endfacet
  facet normal 0 0 1
    outer loop
      vertex 12.305654115187643 72.1921474060031 1.5999999999999996
      vertex 14.93 59.92 1.5999999999999996
      vertex 24.93 59.92 1.5999999999999996
    endloop
  endfacet
  facet normal 0 0 1
    outer loop
      vertex 12.305654115187643 72.1921474060031 1.5999999999999996
      vertex 24.93 59.92 1.5999999999999996
      vertex 12.717626944391377 72.09324148039315 1.5999999999999996
    endloop
  endfacet
  facet normal 0 0 1
    outer loop
      vertex 12.717626944391377 72.09324148039315 1.5999999999999996
      vertex 24.93 59.92 1.5999999999999996
      vertex 13.14 72.06000000000002 1.5999999999999996
    endloop
  endfacet
  facet normal 0 0 1
    outer loop
      vertex 13.14 72.06000000000002 1.5999999999999996
      vertex 24.93 59.92 1.5999999999999996
      vertex 13.562373055608624 72.09324148039315 1.5999999999999996
    endloop
  endfacet
  facet normal 0 0 1
    outer loop
      vertex 13.562373055608624 72.09324148039315 1.5999999999999996
      vertex 24.93 59.92 1.5999999999999996
      vertex 13.974345884812358 72.1921474060031 1.5999999999999996
    endloop
  endfacet
  facet normal 0 0 1
    outer loop
      vertex 13.974345884812358 72.1921474060031 1.5999999999999996
      vertex 24.93 59.92 1.5999999999999996
      vertex 14.365774349296776 72.35428238469143 1.5999999999999996
    endloop
  endfacet
  facet normal 0 0 1
    outer loop
      vertex 14.365774349296776 72.35428238469143 1.5999999999999996
      vertex 42.4542823846914 40.42577434929679 1.5999999999999996
      vertex 14.727020181189678 72.57565411518766 1.5999999999999996
    endloop
  endfacet
  facet normal 0 0 1
    outer loop
      vertex 14.727020181189678 72.57565411518766 1.5999999999999996
      vertex 42.4542823846914 40.42577434929679 1.5999999999999996
      vertex 15.049188309203679 72.85081169079633 1.5999999999999996
    endloop
  endfacet
  facet normal 0 0 1
    outer loop
      vertex 8.5 77.50000000149012 1.5999999999999996
      vertex 13.14 77.46000000000002 1.5999999999999996
      vertex 44.437626944391376 77.42675851960689 1.5999999999999996
    endloop
  endfacet
  facet normal 0 0 1
    outer loop
      vertex 15.049188309203679 72.85081169079633 1.5999999999999996
      vertex 42.4542823846914 73.53422565070325 1.5999999999999996
      vertex 15.32434588481236 73.17297981881035 1.5999999999999996
    endloop
  endfacet
  facet normal 0 0 1
    outer loop
      vertex 15.32434588481236 73.17297981881035 1.5999999999999996
      vertex 42.4542823846914 73.53422565070325 1.5999999999999996
      vertex 15.545717615308593 73.53422565070325 1.5999999999999996
    endloop
  endfacet
  facet normal 0 0 1
    outer loop
      vertex 15.545717615308593 73.53422565070325 1.5999999999999996
      vertex 42.4542823846914 73.53422565070325 1.5999999999999996
      vertex 15.707852593996915 73.92565411518765 1.5999999999999996
    endloop
  endfacet
  facet normal 0 0 1
    outer loop
      vertex 15.707852593996915 73.92565411518765 1.5999999999999996
      vertex 42.29214740600308 73.92565411518765 1.5999999999999996
      vertex 15.806758519606873 74.3376269443914 1.5999999999999996
    endloop
  endfacet
  facet normal 0 0 1
    outer loop
      vertex 15.806758519606873 74.3376269443914 1.5999999999999996
      vertex 42.19324148039313 74.3376269443914 1.5999999999999996
      vertex 15.84 74.76000000000002 1.5999999999999996
    endloop
  endfacet
  facet normal 0 0 1
    outer loop
      vertex 15.84 74.76000000000002 1.5999999999999996
      vertex 42.16 74.76000000000002 1.5999999999999996
      vertex 15.806758519606873 75.18237305560864 1.5999999999999996
    endloop
  endfacet
  facet normal 0 0 1
    outer loop
      vertex 15.545717615308593 75.98577434929679 1.5999999999999996
      vertex 15.707852593996915 75.59434588481238 1.5999999999999996
      vertex 42.29214740600308 75.59434588481238 1.5999999999999996
    endloop
  endfacet
  facet normal 0 0 1
    outer loop
      vertex 15.545717615308593 75.98577434929679 1.5999999999999996
      vertex 42.4542823846914 75.98577434929679 1.5999999999999996
      vertex 15.32434588481236 76.34702018118969 1.5999999999999996
    endloop
  endfacet
  facet normal 0 0 1
    outer loop
      vertex 13.14 77.46000000000002 1.5999999999999996
      vertex 13.562373055608624 77.42675851960689 1.5999999999999996
      vertex 44.437626944391376 77.42675851960689 1.5999999999999996
    endloop
  endfacet
  facet normal 0 0 1
    outer loop
      vertex 13.562373055608624 77.42675851960689 1.5999999999999996
      vertex 13.974345884812358 77.32785259399694 1.5999999999999996
      vertex 44.02565411518764 77.32785259399694 1.5999999999999996
    endloop
  endfacet
  facet normal 0 0 1
    outer loop
      vertex 13.974345884812358 77.32785259399694 1.5999999999999996
      vertex 14.365774349296776 77.16571761530861 1.5999999999999996
      vertex 43.63422565070322 77.16571761530861 1.5999999999999996
    endloop
  endfacet
  facet normal 0 0 1
    outer loop
      vertex 15.049188309203679 76.6691883092037 1.5999999999999996
      vertex 42.95081169079632 76.6691883092037 1.5999999999999996
      vertex 14.727020181189678 76.94434588481238 1.5999999999999996
    endloop
  endfacet
  facet normal 0 0 1
    outer loop
      vertex 15.049188309203679 76.6691883092037 1.5999999999999996
      vertex 15.32434588481236 76.34702018118969 1.5999999999999996
      vertex 42.67565411518764 76.34702018118969 1.5999999999999996
    endloop
  endfacet
  facet normal 0 0 1
    outer loop
      vertex 14.365774349296776 77.16571761530861 1.5999999999999996
      vertex 14.727020181189678 76.94434588481238 1.5999999999999996
      vertex 43.27297981881032 76.94434588481238 1.5999999999999996
    endloop
  endfacet
  facet normal 0 0 1
    outer loop
      vertex 15.806758519606873 75.18237305560864 1.5999999999999996
      vertex 42.19324148039313 75.18237305560864 1.5999999999999996
      vertex 15.707852593996915 75.59434588481238 1.5999999999999996
    endloop
  endfacet
  facet normal 0 0 1
    outer loop
      vertex 29.211086162600576 2.5707791485121554 1.5999999999999996
      vertex 38.6 0.3999999985098839 1.5999999999999996
      vertex 29.59254248593737 2.6623587092621164 1.5999999999999996
    endloop
  endfacet
  facet normal 0 0 1
    outer loop
      vertex 29.59254248593737 2.6623587092621164 1.5999999999999996
      vertex 38.6 0.3999999985098839 1.5999999999999996
      vertex 29.954976249348867 2.8124836895290803 1.5999999999999996
    endloop
  endfacet
  facet normal 0 0 1
    outer loop
      vertex 29.954976249348867 2.8124836895290803 1.5999999999999996
      vertex 38.6 0.3999999985098839 1.5999999999999996
      vertex 30.289463130731182 3.0174575140626314 1.5999999999999996
    endloop
  endfacet
  facet normal 0 0 1
    outer loop
      vertex 30.289463130731182 3.0174575140626314 1.5999999999999996
      vertex 38.6 0.3999999985098839 1.5999999999999996
      vertex 30.58776695296637 3.272233047033631 1.5999999999999996
    endloop
  endfacet
  facet normal 0 0 1
    outer loop
      vertex 30.58776695296637 3.272233047033631 1.5999999999999996
      vertex 38.6 0.3999999985098839 1.5999999999999996
      vertex 30.84254248593737 3.570536869268817 1.5999999999999996
    endloop
  endfacet
  facet normal 0 0 1
    outer loop
      vertex 30.84254248593737 3.570536869268817 1.5999999999999996
      vertex 38.6 0.3999999985098839 1.5999999999999996
      vertex 31.047516310470918 3.905023750651133 1.5999999999999996
    endloop
  endfacet
  facet normal 0 0 1
    outer loop
      vertex 31.047516310470918 3.905023750651133 1.5999999999999996
      vertex 38.6 0.3999999985098839 1.5999999999999996
      vertex 31.197641290737884 4.267457514062632 1.5999999999999996
    endloop
  endfacet
  facet normal 0 0 1
    outer loop
      vertex 31.197641290737884 4.267457514062632 1.5999999999999996
      vertex 38.6 0.3999999985098839 1.5999999999999996
      vertex 31.289220851487844 4.648913837399423 1.5999999999999996
    endloop
  endfacet
  facet normal 0 0 1
    outer loop
      vertex 31.289220851487844 4.648913837399423 1.5999999999999996
      vertex 38.6 0.3999999985098839 1.5999999999999996
      vertex 31.32 5.04 1.5999999999999996
    endloop
  endfacet
  facet normal 0 0 1
    outer loop
      vertex 31.32 5.04 1.5999999999999996
      vertex 38.6 0.3999999985098839 1.5999999999999996
      vertex 31.289220851487844 5.431086162600577 1.5999999999999996
    endloop
  endfacet
  facet normal 0 0 1
    outer loop
      vertex 31.197641290737884 5.812542485937368 1.5999999999999996
      vertex 31.289220851487844 5.431086162600577 1.5999999999999996
      vertex 38.6 0.3999999985098839 1.5999999999999996
    endloop
  endfacet
  facet normal 0 0 1
    outer loop
      vertex 31.197641290737884 5.812542485937368 1.5999999999999996
      vertex 38.6 0.3999999985098839 1.5999999999999996
      vertex 38.6 5.6 1.5999999999999996
    endloop
  endfacet
  facet normal 0 0 1
    outer loop
      vertex 31.197641290737884 5.812542485937368 1.5999999999999996
      vertex 38.6 5.6 1.5999999999999996
      vertex 31.047516310470918 6.174976249348867 1.5999999999999996
    endloop
  endfacet
  facet normal 0 0 -1
    outer loop
      vertex 8.5 0.3999999985098839 0
      vertex 57.600000001490116 69.4 0
      vertex 38.6 5.6 0
    endloop
  endfacet
  facet normal 0 0 1
    outer loop
      vertex 0.3999999985098839 69.4 1.5999999999999996
      vertex 38.6 5.6 1.5999999999999996
      vertex 51.400000000000006 5.6 1.5999999999999996
    endloop
  endfacet
  facet normal 0 0 1
    outer loop
      vertex 0.3999999985098839 69.4 1.5999999999999996
      vertex 51.400000000000006 5.6 1.5999999999999996
      vertex 54.43096757587776 2.0738379424588063 1.5999999999999996
    endloop
  endfacet
  facet normal 0 0 1
    outer loop
      vertex 0.3999999985098839 69.4 1.5999999999999996
      vertex 54.43096757587776 2.0738379424588063 1.5999999999999996
      vertex 55.227564928664705 2.772435071335294 1.5999999999999996
    endloop
  endfacet
  facet normal 0 0 1
    outer loop
      vertex 0.3999999985098839 69.4 1.5999999999999996
      vertex 55.227564928664705 2.772435071335294 1.5999999999999996
      vertex 55.92616205754119 3.5690324241222378 1.5999999999999996
    endloop
  endfacet
  facet normal 0 0 1
    outer loop
      vertex 0.3999999985098839 69.4 1.5999999999999996
      vertex 55.92616205754119 3.5690324241222378 1.5999999999999996
      vertex 56.51480577194443 4.449999999254942 1.5999999999999996
    endloop
  endfacet
  facet normal 0 0 1
    outer loop
      vertex 0.3999999985098839 69.4 1.5999999999999996
      vertex 56.51480577194443 4.449999999254942 1.5999999999999996
      vertex 56.98342421471811 5.40026419727253 1.5999999999999996
    endloop
  endfacet
  facet normal 0 0 1
    outer loop
      vertex 0.3999999985098839 69.4 1.5999999999999996
      vertex 56.98342421471811 5.40026419727253 1.5999999999999996
      vertex 57.3239991943808 6.403565734283911 1.5999999999999996
    endloop
  endfacet
  facet normal 0 0 1
    outer loop
      vertex 0.3999999985098839 69.4 1.5999999999999996
      vertex 57.3239991943808 6.403565734283911 1.5999999999999996
      vertex 57.53070337860523 7.4427378428230835 1.5999999999999996
    endloop
  endfacet
  facet normal 0 0 1
    outer loop
      vertex 0.3999999985098839 69.4 1.5999999999999996
      vertex 57.53070337860523 7.4427378428230835 1.5999999999999996
      vertex 57.600000001490116 8.5 1.5999999999999996
    endloop
  endfacet
  facet normal 0 0 1
    outer loop
      vertex 14.93 56.92 1.5999999999999996
      vertex 57.600000001490116 8.5 1.5999999999999996
      vertex 42.95081169079632 37.29081169079633 1.5999999999999996
    endloop
  endfacet
  facet normal 0 0 -1
    outer loop
      vertex 38.6 5.6 0
      vertex 56.1 28.8 0
      vertex 51.400000000000006 5.6 0
    endloop
  endfacet
  facet normal 0 0 -1
    outer loop
      vertex 51.59643426571609 0.6760008056192053 0
      vertex 51.400000000000006 0.6369276007911342 0
      vertex 51.400000000000006 5.6 0
    endloop
  endfacet
  facet normal 0 0 -1
    outer loop
      vertex 51.59643426571609 0.6760008056192053 0
      vertex 51.400000000000006 5.6 0
      vertex 52.59973580272747 1.0165757852818897 0
    endloop
  endfacet
  facet normal 0 0 -1
    outer loop
      vertex 52.59973580272747 1.0165757852818897 0
      vertex 51.400000000000006 5.6 0
      vertex 53.55000000074506 1.485194228055569 0
    endloop
  endfacet
  facet normal 0 0 -1
    outer loop
      vertex 53.55000000074506 1.485194228055569 0
      vertex 51.400000000000006 5.6 0
      vertex 54.43096757587776 2.0738379424588063 0
    endloop
  endfacet
  facet normal 0 0 -1
    outer loop
      vertex 54.43096757587776 2.0738379424588063 0
      vertex 51.400000000000006 5.6 0
      vertex 55.227564928664705 2.772435071335294 0
    endloop
  endfacet
  facet normal 0 0 -1
    outer loop
      vertex 55.227564928664705 2.772435071335294 0
      vertex 51.400000000000006 5.6 0
      vertex 55.92616205754119 3.5690324241222378 0
    endloop
  endfacet
  facet normal 0 0 -1
    outer loop
      vertex 55.92616205754119 3.5690324241222378 0
      vertex 51.400000000000006 5.6 0
      vertex 56.51480577194443 4.449999999254942 0
    endloop
  endfacet
  facet normal 0 0 -1
    outer loop
      vertex 56.51480577194443 4.449999999254942 0
      vertex 51.400000000000006 5.6 0
      vertex 56.98342421471811 5.40026419727253 0
    endloop
  endfacet
  facet normal 0 0 -1
    outer loop
      vertex 56.98342421471811 5.40026419727253 0
      vertex 51.400000000000006 5.6 0
      vertex 57.3239991943808 6.403565734283911 0
    endloop
  endfacet
  facet normal 0 0 -1
    outer loop
      vertex 57.3239991943808 6.403565734283911 0
      vertex 51.400000000000006 5.6 0
      vertex 57.53070337860523 7.4427378428230835 0
    endloop
  endfacet
  facet normal 0 0 -1
    outer loop
      vertex 57.53070337860523 7.4427378428230835 0
      vertex 51.400000000000006 5.6 0
      vertex 57.600000001490116 8.5 0
    endloop
  endfacet
  facet normal 0 0 1
    outer loop
      vertex 51.59643426571609 0.6760008056192053 1.5999999999999996
      vertex 52.59973580272747 1.0165757852818897 1.5999999999999996
      vertex 51.400000000000006 0.6369276007911342 1.5999999999999996
    endloop
  endfacet
  facet normal 0 0 1
    outer loop
      vertex 52.59973580272747 1.0165757852818897 1.5999999999999996
      vertex 53.55000000074506 1.485194228055569 1.5999999999999996
      vertex 51.400000000000006 0.6369276007911342 1.5999999999999996
    endloop
  endfacet
  facet normal 0 0 1
    outer loop
      vertex 53.55000000074506 1.485194228055569 1.5999999999999996
      vertex 54.43096757587776 2.0738379424588063 1.5999999999999996
      vertex 51.400000000000006 0.6369276007911342 1.5999999999999996
    endloop
  endfacet
  facet normal 0 0 1
    outer loop
      vertex 54.43096757587776 2.0738379424588063 1.5999999999999996
      vertex 51.400000000000006 5.6 1.5999999999999996
      vertex 51.400000000000006 0.6369276007911342 1.5999999999999996
    endloop
  endfacet
  facet normal 0 0 -1
    outer loop
      vertex 57.600000001490116 8.5 0
      vertex 51.400000000000006 5.6 0
      vertex 56.1 28.8 0
    endloop
  endfacet
  facet normal 0 0 -1
    outer loop
      vertex 38.6 5.6 0
      vertex 54.9 30 0
      vertex 54.991344560986455 29.540779881161892 0
    endloop
  endfacet
  facet normal 0 0 -1
    outer loop
      vertex 38.6 5.6 0
      vertex 54.991344560986455 29.540779881161892 0
      vertex 55.251471862576146 29.151471862576145 0
    endloop
  endfacet
  facet normal 0 0 -1
    outer loop
      vertex 38.6 5.6 0
      vertex 55.251471862576146 29.151471862576145 0
      vertex 55.64077988116189 28.891344560986457 0
    endloop
  endfacet
  facet normal 0 0 -1
    outer loop
      vertex 38.6 5.6 0
      vertex 55.64077988116189 28.891344560986457 0
      vertex 56.1 28.8 0
    endloop
  endfacet
  facet normal 0 0 1
    outer loop
      vertex 43.27297981881032 37.01565411518765 1.5999999999999996
      vertex 57.600000001490116 8.5 1.5999999999999996
      vertex 43.63422565070322 36.794282384691414 1.5999999999999996
    endloop
  endfacet
  facet normal 0 0 1
    outer loop
      vertex 43.27297981881032 37.01565411518765 1.5999999999999996
      vertex 42.95081169079632 37.29081169079633 1.5999999999999996
      vertex 57.600000001490116 8.5 1.5999999999999996
    endloop
  endfacet
  facet normal 0 0 1
    outer loop
      vertex 57.600000001490116 8.5 1.5999999999999996
      vertex 44.02565411518764 36.63214740600309 1.5999999999999996
      vertex 43.63422565070322 36.794282384691414 1.5999999999999996
    endloop
  endfacet
  facet normal 0 0 1
    outer loop
      vertex 57.600000001490116 8.5 1.5999999999999996
      vertex 44.437626944391376 36.53324148039314 1.5999999999999996
      vertex 44.02565411518764 36.63214740600309 1.5999999999999996
    endloop
  endfacet
  facet normal 0 0 1
    outer loop
      vertex 57.600000001490116 8.5 1.5999999999999996
      vertex 44.86 36.50000000000001 1.5999999999999996
      vertex 44.437626944391376 36.53324148039314 1.5999999999999996
    endloop
  endfacet
  facet normal 0 0 1
    outer loop
      vertex 57.600000001490116 8.5 1.5999999999999996
      vertex 45.28237305560862 36.53324148039314 1.5999999999999996
      vertex 44.86 36.50000000000001 1.5999999999999996
    endloop
  endfacet
  facet normal 0 0 1
    outer loop
      vertex 57.600000001490116 8.5 1.5999999999999996
      vertex 45.69434588481236 36.63214740600309 1.5999999999999996
      vertex 45.28237305560862 36.53324148039314 1.5999999999999996
    endloop
  endfacet
  facet normal 0 0 1
    outer loop
      vertex 57.600000001490116 8.5 1.5999999999999996
      vertex 46.08577434929678 36.794282384691414 1.5999999999999996
      vertex 45.69434588481236 36.63214740600309 1.5999999999999996
    endloop
  endfacet
  facet normal 0 0 1
    outer loop
      vertex 57.600000001490116 8.5 1.5999999999999996
      vertex 46.44702018118968 37.01565411518765 1.5999999999999996
      vertex 46.08577434929678 36.794282384691414 1.5999999999999996
    endloop
  endfacet
  facet normal 0 0 1
    outer loop
      vertex 57.600000001490116 8.5 1.5999999999999996
      vertex 46.76918830920368 37.29081169079633 1.5999999999999996
      vertex 46.44702018118968 37.01565411518765 1.5999999999999996
    endloop
  endfacet
  facet normal 0 0 -1
    outer loop
      vertex 57.600000001490116 69.4 0
      vertex 54.9 30 0
      vertex 38.6 5.6 0
    endloop
  endfacet
  facet normal 0 0 -1
    outer loop
      vertex 57.600000001490116 8.5 0
      vertex 56.1 28.8 0
      vertex 56.55922011883811 28.891344560986457 0
    endloop
  endfacet
  facet normal 0 0 -1
    outer loop
      vertex 57.600000001490116 8.5 0
      vertex 56.55922011883811 28.891344560986457 0
      vertex 56.94852813742386 29.151471862576145 0
    endloop
  endfacet
  facet normal 0 0 -1
    outer loop
      vertex 57.600000001490116 8.5 0
      vertex 56.94852813742386 29.151471862576145 0
      vertex 57.20865543901355 29.540779881161892 0
    endloop
  endfacet
  facet normal 0 0 -1
    outer loop
      vertex 57.600000001490116 8.5 0
      vertex 57.20865543901355 29.540779881161892 0
      vertex 57.300000000000004 30 0
    endloop
  endfacet
  facet normal 0 0 1
    outer loop
      vertex 57.600000001490116 8.5 1.5999999999999996
      vertex 47.04434588481236 37.61297981881033 1.5999999999999996
      vertex 46.76918830920368 37.29081169079633 1.5999999999999996
    endloop
  endfacet
  facet normal 0 0 1
    outer loop
      vertex 57.600000001490116 8.5 1.5999999999999996
      vertex 47.265717615308596 37.97422565070323 1.5999999999999996
      vertex 47.04434588481236 37.61297981881033 1.5999999999999996
    endloop
  endfacet
  facet normal 0 0 1
    outer loop
      vertex 57.600000001490116 8.5 1.5999999999999996
      vertex 47.42785259399692 38.36565411518765 1.5999999999999996
      vertex 47.265717615308596 37.97422565070323 1.5999999999999996
    endloop
  endfacet
  facet normal 0 0 1
    outer loop
      vertex 57.600000001490116 8.5 1.5999999999999996
      vertex 47.52675851960687 38.777626944391386 1.5999999999999996
      vertex 47.42785259399692 38.36565411518765 1.5999999999999996
    endloop
  endfacet
  facet normal 0 0 1
    outer loop
      vertex 57.600000001490116 8.5 1.5999999999999996
      vertex 53.4 39 1.5999999999999996
      vertex 47.52675851960687 38.777626944391386 1.5999999999999996
    endloop
  endfacet
  facet normal 0 0 1
    outer loop
      vertex 57.600000001490116 8.5 1.5999999999999996
      vertex 56.1 28.8 1.5999999999999996
      vertex 55.64077988116189 28.891344560986457 1.5999999999999996
    endloop
  endfacet
  facet normal 0 0 1
    outer loop
      vertex 57.600000001490116 8.5 1.5999999999999996
      vertex 56.55922011883811 28.891344560986457 1.5999999999999996
      vertex 56.1 28.8 1.5999999999999996
    endloop
  endfacet
  facet normal 0 0 1
    outer loop
      vertex 57.600000001490116 8.5 1.5999999999999996
      vertex 54.991344560986455 29.540779881161892 1.5999999999999996
      vertex 54.9 30 1.5999999999999996
    endloop
  endfacet
  facet normal 0 0 1
    outer loop
      vertex 57.600000001490116 8.5 1.5999999999999996
      vertex 55.251471862576146 29.151471862576145 1.5999999999999996
      vertex 54.991344560986455 29.540779881161892 1.5999999999999996
    endloop
  endfacet
  facet normal 0 0 1
    outer loop
      vertex 57.600000001490116 8.5 1.5999999999999996
      vertex 55.64077988116189 28.891344560986457 1.5999999999999996
      vertex 55.251471862576146 29.151471862576145 1.5999999999999996
    endloop
  endfacet
  facet normal 0 0 1
    outer loop
      vertex 57.600000001490116 8.5 1.5999999999999996
      vertex 56.94852813742386 29.151471862576145 1.5999999999999996
      vertex 56.55922011883811 28.891344560986457 1.5999999999999996
    endloop
  endfacet
  facet normal 0 0 1
    outer loop
      vertex 57.600000001490116 8.5 1.5999999999999996
      vertex 57.20865543901355 29.540779881161892 1.5999999999999996
      vertex 56.94852813742386 29.151471862576145 1.5999999999999996
    endloop
  endfacet
  facet normal 0 0 1
    outer loop
      vertex 57.600000001490116 8.5 1.5999999999999996
      vertex 57.300000000000004 30 1.5999999999999996
      vertex 57.20865543901355 29.540779881161892 1.5999999999999996
    endloop
  endfacet
  facet normal 0 0 1
    outer loop
      vertex 57.600000001490116 8.5 1.5999999999999996
      vertex 54.9 30 1.5999999999999996
      vertex 53.4 39 1.5999999999999996
    endloop
  endfacet
  facet normal 0 0 1
    outer loop
      vertex 57.600000001490116 8.5 1.5999999999999996
      vertex 57.6 39 1.5999999999999996
      vertex 57.300000000000004 30 1.5999999999999996
    endloop
  endfacet
  facet normal 0 0 -1
    outer loop
      vertex 57.600000001490116 8.5 0
      vertex 57.300000000000004 30 0
      vertex 57.600000001490116 69.4 0
    endloop
  endfacet
  facet normal 0 0 1
    outer loop
      vertex 53.4 39 1.5999999999999996
      vertex 54.9 30 1.5999999999999996
      vertex 54.991344560986455 30.459220118838108 1.5999999999999996
    endloop
  endfacet
  facet normal 0 0 1
    outer loop
      vertex 53.4 39 1.5999999999999996
      vertex 54.991344560986455 30.459220118838108 1.5999999999999996
      vertex 55.251471862576146 30.848528137423855 1.5999999999999996
    endloop
  endfacet
  facet normal 0 0 1
    outer loop
      vertex 53.4 39 1.5999999999999996
      vertex 55.251471862576146 30.848528137423855 1.5999999999999996
      vertex 55.64077988116189 31.108655439013543 1.5999999999999996
    endloop
  endfacet
  facet normal 0 0 1
    outer loop
      vertex 53.4 39 1.5999999999999996
      vertex 55.64077988116189 31.108655439013543 1.5999999999999996
      vertex 56.1 31.2 1.5999999999999996
    endloop
  endfacet
  facet normal 0 0 1
    outer loop
      vertex 57.600000001490116 8.5 1.5999999999999996
      vertex 57.6 51 1.5999999999999996
      vertex 57.6 39 1.5999999999999996
    endloop
  endfacet
  facet normal 0 0 1
    outer loop
      vertex 57.6 39 1.5999999999999996
      vertex 56.1 31.2 1.5999999999999996
      vertex 56.55922011883811 31.108655439013543 1.5999999999999996
    endloop
  endfacet
  facet normal 0 0 1
    outer loop
      vertex 57.6 39 1.5999999999999996
      vertex 56.55922011883811 31.108655439013543 1.5999999999999996
      vertex 56.94852813742386 30.848528137423855 1.5999999999999996
    endloop
  endfacet
  facet normal 0 0 1
    outer loop
      vertex 57.6 39 1.5999999999999996
      vertex 57.20865543901355 30.459220118838108 1.5999999999999996
      vertex 57.300000000000004 30 1.5999999999999996
    endloop
  endfacet
  facet normal 0 0 1
    outer loop
      vertex 57.6 39 1.5999999999999996
      vertex 56.94852813742386 30.848528137423855 1.5999999999999996
      vertex 57.20865543901355 30.459220118838108 1.5999999999999996
    endloop
  endfacet
  facet normal 0 0 1
    outer loop
      vertex 53.4 39 1.5999999999999996
      vertex 56.1 31.2 1.5999999999999996
      vertex 57.6 39 1.5999999999999996
    endloop
  endfacet
  facet normal 0 0 1
    outer loop
      vertex 24.93 56.92 1.5999999999999996
      vertex 42.29214740600308 40.03434588481237 1.5999999999999996
      vertex 24.93 59.92 1.5999999999999996
    endloop
  endfacet
  facet normal 0 0 1
    outer loop
      vertex 14.365774349296776 72.35428238469143 1.5999999999999996
      vertex 42.29214740600308 40.03434588481237 1.5999999999999996
      vertex 42.4542823846914 40.42577434929679 1.5999999999999996
    endloop
  endfacet
  facet normal 0 0 1
    outer loop
      vertex 24.93 56.92 1.5999999999999996
      vertex 42.4542823846914 37.97422565070323 1.5999999999999996
      vertex 42.29214740600308 38.36565411518765 1.5999999999999996
    endloop
  endfacet
  facet normal 0 0 1
    outer loop
      vertex 24.93 56.92 1.5999999999999996
      vertex 42.29214740600308 38.36565411518765 1.5999999999999996
      vertex 42.19324148039313 38.777626944391386 1.5999999999999996
    endloop
  endfacet
  facet normal 0 0 1
    outer loop
      vertex 24.93 56.92 1.5999999999999996
      vertex 42.19324148039313 38.777626944391386 1.5999999999999996
      vertex 42.16 39.20000000000001 1.5999999999999996
    endloop
  endfacet
  facet normal 0 0 1
    outer loop
      vertex 24.93 56.92 1.5999999999999996
      vertex 42.67565411518764 37.61297981881033 1.5999999999999996
      vertex 42.4542823846914 37.97422565070323 1.5999999999999996
    endloop
  endfacet
  facet normal 0 0 1
    outer loop
      vertex 24.93 56.92 1.5999999999999996
      vertex 42.95081169079632 37.29081169079633 1.5999999999999996
      vertex 42.67565411518764 37.61297981881033 1.5999999999999996
    endloop
  endfacet
  facet normal 0 0 1
    outer loop
      vertex 24.93 56.92 1.5999999999999996
      vertex 42.16 39.20000000000001 1.5999999999999996
      vertex 42.19324148039313 39.622373055608634 1.5999999999999996
    endloop
  endfacet
  facet normal 0 0 1
    outer loop
      vertex 24.93 56.92 1.5999999999999996
      vertex 42.19324148039313 39.622373055608634 1.5999999999999996
      vertex 42.29214740600308 40.03434588481237 1.5999999999999996
    endloop
  endfacet
  facet normal 0 0 -1
    outer loop
      vertex 0.3999999985098839 8.5 0
      vertex 57.53070337860523 70.45726215717693 0
      vertex 57.600000001490116 69.4 0
    endloop
  endfacet
  facet normal 0 0 -1
    outer loop
      vertex 0.3999999985098839 8.5 0
      vertex 56.98342421471811 72.49973580272747 0
      vertex 57.3239991943808 71.49643426571609 0
    endloop
  endfacet
  facet normal 0 0 -1
    outer loop
      vertex 0.3999999985098839 8.5 0
      vertex 57.3239991943808 71.49643426571609 0
      vertex 57.53070337860523 70.45726215717693 0
    endloop
  endfacet
  facet normal 0 0 -1
    outer loop
      vertex 0.3999999985098839 8.5 0
      vertex 56.51480577194443 73.45000000074506 0
      vertex 56.98342421471811 72.49973580272747 0
    endloop
  endfacet
  facet normal 0 0 -1
    outer loop
      vertex 56.51480577194443 73.45000000074506 0
      vertex 3.4000000000000004 26 0
      vertex 55.92616205754119 74.33096757587776 0
    endloop
  endfacet
  facet normal 0 0 1
    outer loop
      vertex 42.4542823846914 40.42577434929679 1.5999999999999996
      vertex 42.67565411518764 40.78702018118969 1.5999999999999996
      vertex 42.67565411518764 73.17297981881035 1.5999999999999996
    endloop
  endfacet
  facet normal 0 0 1
    outer loop
      vertex 42.67565411518764 40.78702018118969 1.5999999999999996
      vertex 42.95081169079632 41.10918830920369 1.5999999999999996
      vertex 42.95081169079632 72.85081169079633 1.5999999999999996
    endloop
  endfacet
  facet normal 0 0 1
    outer loop
      vertex 42.95081169079632 41.10918830920369 1.5999999999999996
      vertex 43.27297981881032 41.38434588481237 1.5999999999999996
      vertex 43.27297981881032 72.57565411518766 1.5999999999999996
    endloop
  endfacet
  facet normal 0 0 -1
    outer loop
      vertex 49.5 77.50000000149012 0
      vertex 50.557262157176915 77.43070337860524 0
      vertex 3.4000000000000004 26 0
    endloop
  endfacet
  facet normal 0 0 -1
    outer loop
      vertex 50.557262157176915 77.43070337860524 0
      vertex 51.59643426571609 77.2239991943808 0
      vertex 3.4000000000000004 26 0
    endloop
  endfacet
  facet normal 0 0 -1
    outer loop
      vertex 51.59643426571609 77.2239991943808 0
      vertex 52.59973580272747 76.88342421471812 0
      vertex 3.4000000000000004 26 0
    endloop
  endfacet
  facet normal 0 0 1
    outer loop
      vertex 15.049188309203679 72.85081169079633 1.5999999999999996
      vertex 42.4542823846914 40.42577434929679 1.5999999999999996
      vertex 42.4542823846914 73.53422565070325 1.5999999999999996
    endloop
  endfacet
  facet normal 0 0 1
    outer loop
      vertex 15.806758519606873 74.3376269443914 1.5999999999999996
      vertex 42.29214740600308 73.92565411518765 1.5999999999999996
      vertex 42.19324148039313 74.3376269443914 1.5999999999999996
    endloop
  endfacet
  facet normal 0 0 1
    outer loop
      vertex 15.84 74.76000000000002 1.5999999999999996
      vertex 42.19324148039313 74.3376269443914 1.5999999999999996
      vertex 42.16 74.76000000000002 1.5999999999999996
    endloop
  endfacet
  facet normal 0 0 1
    outer loop
      vertex 15.806758519606873 75.18237305560864 1.5999999999999996
      vertex 42.16 74.76000000000002 1.5999999999999996
      vertex 42.19324148039313 75.18237305560864 1.5999999999999996
    endloop
  endfacet
  facet normal 0 0 1
    outer loop
      vertex 15.707852593996915 73.92565411518765 1.5999999999999996
      vertex 42.4542823846914 73.53422565070325 1.5999999999999996
      vertex 42.29214740600308 73.92565411518765 1.5999999999999996
    endloop
  endfacet
  facet normal 0 0 1
    outer loop
      vertex 15.707852593996915 75.59434588481238 1.5999999999999996
      vertex 42.19324148039313 75.18237305560864 1.5999999999999996
      vertex 42.29214740600308 75.59434588481238 1.5999999999999996
    endloop
  endfacet
  facet normal 0 0 1
    outer loop
      vertex 15.545717615308593 75.98577434929679 1.5999999999999996
      vertex 42.29214740600308 75.59434588481238 1.5999999999999996
      vertex 42.4542823846914 75.98577434929679 1.5999999999999996
    endloop
  endfacet
  facet normal 0 0 1
    outer loop
      vertex 8.5 77.50000000149012 1.5999999999999996
      vertex 44.437626944391376 77.42675851960689 1.5999999999999996
      vertex 44.86 77.46000000000002 1.5999999999999996
    endloop
  endfacet
  facet normal 0 0 1
    outer loop
      vertex 15.32434588481236 76.34702018118969 1.5999999999999996
      vertex 42.4542823846914 75.98577434929679 1.5999999999999996
      vertex 42.67565411518764 76.34702018118969 1.5999999999999996
    endloop
  endfacet
  facet normal 0 0 1
    outer loop
      vertex 15.049188309203679 76.6691883092037 1.5999999999999996
      vertex 42.67565411518764 76.34702018118969 1.5999999999999996
      vertex 42.95081169079632 76.6691883092037 1.5999999999999996
    endloop
  endfacet
  facet normal 0 0 1
    outer loop
      vertex 14.727020181189678 76.94434588481238 1.5999999999999996
      vertex 42.95081169079632 76.6691883092037 1.5999999999999996
      vertex 43.27297981881032 76.94434588481238 1.5999999999999996
    endloop
  endfacet
  facet normal 0 0 1
    outer loop
      vertex 14.365774349296776 77.16571761530861 1.5999999999999996
      vertex 43.27297981881032 76.94434588481238 1.5999999999999996
      vertex 43.63422565070322 77.16571761530861 1.5999999999999996
    endloop
  endfacet
  facet normal 0 0 1
    outer loop
      vertex 13.974345884812358 77.32785259399694 1.5999999999999996
      vertex 43.63422565070322 77.16571761530861 1.5999999999999996
      vertex 44.02565411518764 77.32785259399694 1.5999999999999996
    endloop
  endfacet
  facet normal 0 0 1
    outer loop
      vertex 13.562373055608624 77.42675851960689 1.5999999999999996
      vertex 44.02565411518764 77.32785259399694 1.5999999999999996
      vertex 44.437626944391376 77.42675851960689 1.5999999999999996
    endloop
  endfacet
  facet normal 0 0 1
    outer loop
      vertex 8.5 77.50000000149012 1.5999999999999996
      vertex 44.86 77.46000000000002 1.5999999999999996
      vertex 49.5 77.50000000149012 1.5999999999999996
    endloop
  endfacet
  facet normal 0 0 -1
    outer loop
      vertex 52.59973580272747 76.88342421471812 0
      vertex 53.55000000074506 76.41480577194443 0
      vertex 3.4000000000000004 26 0
    endloop
  endfacet
  facet normal 0 0 -1
    outer loop
      vertex 53.55000000074506 76.41480577194443 0
      vertex 54.43096757587776 75.8261620575412 0
      vertex 3.4000000000000004 26 0
    endloop
  endfacet
  facet normal 0 0 -1
    outer loop
      vertex 54.43096757587776 75.8261620575412 0
      vertex 55.227564928664705 75.12756492866471 0
      vertex 3.4000000000000004 26 0
    endloop
  endfacet
  facet normal 0 0 -1
    outer loop
      vertex 55.227564928664705 75.12756492866471 0
      vertex 55.92616205754119 74.33096757587776 0
      vertex 3.4000000000000004 26 0
    endloop
  endfacet
  facet normal 0 0 1
    outer loop
      vertex 42.4542823846914 40.42577434929679 1.5999999999999996
      vertex 42.67565411518764 73.17297981881035 1.5999999999999996
      vertex 42.4542823846914 73.53422565070325 1.5999999999999996
    endloop
  endfacet
  facet normal 0 0 1
    outer loop
      vertex 42.67565411518764 40.78702018118969 1.5999999999999996
      vertex 42.95081169079632 72.85081169079633 1.5999999999999996
      vertex 42.67565411518764 73.17297981881035 1.5999999999999996
    endloop
  endfacet
  facet normal 0 0 1
    outer loop
      vertex 42.95081169079632 41.10918830920369 1.5999999999999996
      vertex 43.27297981881032 72.57565411518766 1.5999999999999996
      vertex 42.95081169079632 72.85081169079633 1.5999999999999996
    endloop
  endfacet
  facet normal 0 0 1
    outer loop
      vertex 47.52675851960687 38.777626944391386 1.5999999999999996
      vertex 53.4 39 1.5999999999999996
      vertex 47.56 39.20000000000001 1.5999999999999996
    endloop
  endfacet
  facet normal 0 0 1
    outer loop
      vertex 47.56 39.20000000000001 1.5999999999999996
      vertex 53.4 39 1.5999999999999996
      vertex 47.52675851960687 39.622373055608634 1.5999999999999996
    endloop
  endfacet
  facet normal 0 0 1
    outer loop
      vertex 47.52675851960687 39.622373055608634 1.5999999999999996
      vertex 53.4 39 1.5999999999999996
      vertex 47.42785259399692 40.03434588481237 1.5999999999999996
    endloop
  endfacet
  facet normal 0 0 1
    outer loop
      vertex 47.265717615308596 40.42577434929679 1.5999999999999996
      vertex 53.4 39 1.5999999999999996
      vertex 47.04434588481236 40.78702018118969 1.5999999999999996
    endloop
  endfacet
  facet normal 0 0 1
    outer loop
      vertex 47.42785259399692 40.03434588481237 1.5999999999999996
      vertex 53.4 39 1.5999999999999996
      vertex 47.265717615308596 40.42577434929679 1.5999999999999996
    endloop
  endfacet
  facet normal 0 0 1
    outer loop
      vertex 43.27297981881032 41.38434588481237 1.5999999999999996
      vertex 43.63422565070322 41.605717615308606 1.5999999999999996
      vertex 43.63422565070322 72.35428238469143 1.5999999999999996
    endloop
  endfacet
  facet normal 0 0 1
    outer loop
      vertex 43.63422565070322 41.605717615308606 1.5999999999999996
      vertex 44.02565411518764 41.76785259399693 1.5999999999999996
      vertex 44.02565411518764 72.1921474060031 1.5999999999999996
    endloop
  endfacet
  facet normal 0 0 1
    outer loop
      vertex 44.02565411518764 41.76785259399693 1.5999999999999996
      vertex 44.437626944391376 41.86675851960688 1.5999999999999996
      vertex 44.437626944391376 72.09324148039315 1.5999999999999996
    endloop
  endfacet
  facet normal 0 0 1
    outer loop
      vertex 44.437626944391376 41.86675851960688 1.5999999999999996
      vertex 44.86 41.90000000000001 1.5999999999999996
      vertex 44.86 72.06000000000002 1.5999999999999996
    endloop
  endfacet
  facet normal 0 0 1
    outer loop
      vertex 44.86 41.90000000000001 1.5999999999999996
      vertex 45.28237305560862 41.86675851960688 1.5999999999999996
      vertex 44.86 72.06000000000002 1.5999999999999996
    endloop
  endfacet
  facet normal 0 0 1
    outer loop
      vertex 45.28237305560862 41.86675851960688 1.5999999999999996
      vertex 45.69434588481236 41.76785259399693 1.5999999999999996
      vertex 44.86 72.06000000000002 1.5999999999999996
    endloop
  endfacet
  facet normal 0 0 1
    outer loop
      vertex 45.69434588481236 41.76785259399693 1.5999999999999996
      vertex 46.08577434929678 41.605717615308606 1.5999999999999996
      vertex 44.86 72.06000000000002 1.5999999999999996
    endloop
  endfacet
  facet normal 0 0 1
    outer loop
      vertex 46.08577434929678 41.605717615308606 1.5999999999999996
      vertex 46.44702018118968 41.38434588481237 1.5999999999999996
      vertex 44.86 72.06000000000002 1.5999999999999996
    endloop
  endfacet
  facet normal 0 0 1
    outer loop
      vertex 46.76918830920368 41.10918830920369 1.5999999999999996
      vertex 44.86 72.06000000000002 1.5999999999999996
      vertex 46.44702018118968 41.38434588481237 1.5999999999999996
    endloop
  endfacet
  facet normal 0 0 1
    outer loop
      vertex 46.76918830920368 41.10918830920369 1.5999999999999996
      vertex 47.04434588481236 40.78702018118969 1.5999999999999996
      vertex 44.86 72.06000000000002 1.5999999999999996
    endloop
  endfacet
  facet normal 0 0 1
    outer loop
      vertex 47.04434588481236 40.78702018118969 1.5999999999999996
      vertex 53.4 39 1.5999999999999996
      vertex 44.86 72.06000000000002 1.5999999999999996
    endloop
  endfacet
  facet normal 0 0 -1
    outer loop
      vertex 57.600000001490116 69.4 0
      vertex 54.991344560986455 30.459220118838108 0
      vertex 54.9 30 0
    endloop
  endfacet
  facet normal 0 0 -1
    outer loop
      vertex 57.600000001490116 69.4 0
      vertex 55.251471862576146 30.848528137423855 0
      vertex 54.991344560986455 30.459220118838108 0
    endloop
  endfacet
  facet normal 0 0 -1
    outer loop
      vertex 57.600000001490116 69.4 0
      vertex 57.300000000000004 30 0
      vertex 57.20865543901355 30.459220118838108 0
    endloop
  endfacet
  facet normal 0 0 -1
    outer loop
      vertex 57.600000001490116 69.4 0
      vertex 57.20865543901355 30.459220118838108 0
      vertex 56.94852813742386 30.848528137423855 0
    endloop
  endfacet
  facet normal 0 0 -1
    outer loop
      vertex 57.600000001490116 69.4 0
      vertex 55.64077988116189 31.108655439013543 0
      vertex 55.251471862576146 30.848528137423855 0
    endloop
  endfacet
  facet normal 0 0 -1
    outer loop
      vertex 57.600000001490116 69.4 0
      vertex 56.1 31.2 0
      vertex 55.64077988116189 31.108655439013543 0
    endloop
  endfacet
  facet normal 0 0 -1
    outer loop
      vertex 57.600000001490116 69.4 0
      vertex 56.55922011883811 31.108655439013543 0
      vertex 56.1 31.2 0
    endloop
  endfacet
  facet normal 0 0 -1
    outer loop
      vertex 57.600000001490116 69.4 0
      vertex 56.94852813742386 30.848528137423855 0
      vertex 56.55922011883811 31.108655439013543 0
    endloop
  endfacet
  facet normal 0 0 1
    outer loop
      vertex 57.600000001490116 8.5 1.5999999999999996
      vertex 57.600000001490116 69.4 1.5999999999999996
      vertex 57.6 51 1.5999999999999996
    endloop
  endfacet
  facet normal 0 0 1
    outer loop
      vertex 53.4 39 1.5999999999999996
      vertex 53.4 51 1.5999999999999996
      vertex 50.557262157176915 77.43070337860524 1.5999999999999996
    endloop
  endfacet
  facet normal 0 0 1
    outer loop
      vertex 53.4 51 1.5999999999999996
      vertex 57.6 51 1.5999999999999996
      vertex 57.600000001490116 69.4 1.5999999999999996
    endloop
  endfacet
  facet normal 0 0 1
    outer loop
      vertex 43.27297981881032 41.38434588481237 1.5999999999999996
      vertex 43.63422565070322 72.35428238469143 1.5999999999999996
      vertex 43.27297981881032 72.57565411518766 1.5999999999999996
    endloop
  endfacet
  facet normal 0 0 1
    outer loop
      vertex 43.63422565070322 41.605717615308606 1.5999999999999996
      vertex 44.02565411518764 72.1921474060031 1.5999999999999996
      vertex 43.63422565070322 72.35428238469143 1.5999999999999996
    endloop
  endfacet
  facet normal 0 0 1
    outer loop
      vertex 44.02565411518764 41.76785259399693 1.5999999999999996
      vertex 44.437626944391376 72.09324148039315 1.5999999999999996
      vertex 44.02565411518764 72.1921474060031 1.5999999999999996
    endloop
  endfacet
  facet normal 0 0 1
    outer loop
      vertex 44.437626944391376 41.86675851960688 1.5999999999999996
      vertex 44.86 72.06000000000002 1.5999999999999996
      vertex 44.437626944391376 72.09324148039315 1.5999999999999996
    endloop
  endfacet
  facet normal 0 0 1
    outer loop
      vertex 53.4 39 1.5999999999999996
      vertex 45.28237305560862 72.09324148039315 1.5999999999999996
      vertex 44.86 72.06000000000002 1.5999999999999996
    endloop
  endfacet
  facet normal 0 0 1
    outer loop
      vertex 53.4 39 1.5999999999999996
      vertex 45.69434588481236 72.1921474060031 1.5999999999999996
      vertex 45.28237305560862 72.09324148039315 1.5999999999999996
    endloop
  endfacet
  facet normal 0 0 1
    outer loop
      vertex 53.4 39 1.5999999999999996
      vertex 46.08577434929678 72.35428238469143 1.5999999999999996
      vertex 45.69434588481236 72.1921474060031 1.5999999999999996
    endloop
  endfacet
  facet normal 0 0 1
    outer loop
      vertex 53.4 39 1.5999999999999996
      vertex 46.44702018118968 72.57565411518766 1.5999999999999996
      vertex 46.08577434929678 72.35428238469143 1.5999999999999996
    endloop
  endfacet
  facet normal 0 0 1
    outer loop
      vertex 53.4 39 1.5999999999999996
      vertex 46.76918830920368 72.85081169079633 1.5999999999999996
      vertex 46.44702018118968 72.57565411518766 1.5999999999999996
    endloop
  endfacet
  facet normal 0 0 1
    outer loop
      vertex 53.4 39 1.5999999999999996
      vertex 47.04434588481236 73.17297981881035 1.5999999999999996
      vertex 46.76918830920368 72.85081169079633 1.5999999999999996
    endloop
  endfacet
  facet normal 0 0 1
    outer loop
      vertex 53.4 39 1.5999999999999996
      vertex 47.265717615308596 73.53422565070325 1.5999999999999996
      vertex 47.04434588481236 73.17297981881035 1.5999999999999996
    endloop
  endfacet
  facet normal 0 0 1
    outer loop
      vertex 53.4 39 1.5999999999999996
      vertex 47.42785259399692 73.92565411518765 1.5999999999999996
      vertex 47.265717615308596 73.53422565070325 1.5999999999999996
    endloop
  endfacet
  facet normal 0 0 1
    outer loop
      vertex 53.4 39 1.5999999999999996
      vertex 47.52675851960687 74.3376269443914 1.5999999999999996
      vertex 47.42785259399692 73.92565411518765 1.5999999999999996
    endloop
  endfacet
  facet normal 0 0 1
    outer loop
      vertex 53.4 39 1.5999999999999996
      vertex 47.56 74.76000000000002 1.5999999999999996
      vertex 47.52675851960687 74.3376269443914 1.5999999999999996
    endloop
  endfacet
  facet normal 0 0 1
    outer loop
      vertex 53.4 39 1.5999999999999996
      vertex 49.5 77.50000000149012 1.5999999999999996
      vertex 47.56 74.76000000000002 1.5999999999999996
    endloop
  endfacet
  facet normal 0 0 1
    outer loop
      vertex 44.86 77.46000000000002 1.5999999999999996
      vertex 45.28237305560862 77.42675851960689 1.5999999999999996
      vertex 49.5 77.50000000149012 1.5999999999999996
    endloop
  endfacet
  facet normal 0 0 1
    outer loop
      vertex 45.28237305560862 77.42675851960689 1.5999999999999996
      vertex 45.69434588481236 77.32785259399694 1.5999999999999996
      vertex 49.5 77.50000000149012 1.5999999999999996
    endloop
  endfacet
  facet normal 0 0 1
    outer loop
      vertex 45.69434588481236 77.32785259399694 1.5999999999999996
      vertex 46.08577434929678 77.16571761530861 1.5999999999999996
      vertex 49.5 77.50000000149012 1.5999999999999996
    endloop
  endfacet
  facet normal 0 0 1
    outer loop
      vertex 46.08577434929678 77.16571761530861 1.5999999999999996
      vertex 46.44702018118968 76.94434588481238 1.5999999999999996
      vertex 49.5 77.50000000149012 1.5999999999999996
    endloop
  endfacet
  facet normal 0 0 1
    outer loop
      vertex 46.76918830920368 76.6691883092037 1.5999999999999996
      vertex 49.5 77.50000000149012 1.5999999999999996
      vertex 46.44702018118968 76.94434588481238 1.5999999999999996
    endloop
  endfacet
  facet normal 0 0 1
    outer loop
      vertex 47.56 74.76000000000002 1.5999999999999996
      vertex 49.5 77.50000000149012 1.5999999999999996
      vertex 47.52675851960687 75.18237305560864 1.5999999999999996
    endloop
  endfacet
  facet normal 0 0 1
    outer loop
      vertex 47.52675851960687 75.18237305560864 1.5999999999999996
      vertex 49.5 77.50000000149012 1.5999999999999996
      vertex 47.42785259399692 75.59434588481238 1.5999999999999996
    endloop
  endfacet
  facet normal 0 0 1
    outer loop
      vertex 46.76918830920368 76.6691883092037 1.5999999999999996
      vertex 47.04434588481236 76.34702018118969 1.5999999999999996
      vertex 49.5 77.50000000149012 1.5999999999999996
    endloop
  endfacet
  facet normal 0 0 1
    outer loop
      vertex 47.265717615308596 75.98577434929679 1.5999999999999996
      vertex 49.5 77.50000000149012 1.5999999999999996
      vertex 47.04434588481236 76.34702018118969 1.5999999999999996
    endloop
  endfacet
  facet normal 0 0 1
    outer loop
      vertex 47.265717615308596 75.98577434929679 1.5999999999999996
      vertex 47.42785259399692 75.59434588481238 1.5999999999999996
      vertex 49.5 77.50000000149012 1.5999999999999996
    endloop
  endfacet
  facet normal 0 0 1
    outer loop
      vertex 53.4 39 1.5999999999999996
      vertex 50.557262157176915 77.43070337860524 1.5999999999999996
      vertex 49.5 77.50000000149012 1.5999999999999996
    endloop
  endfacet
  facet normal 0 0 1
    outer loop
      vertex 53.4 51 1.5999999999999996
      vertex 54.43096757587776 75.8261620575412 1.5999999999999996
      vertex 53.55000000074506 76.41480577194443 1.5999999999999996
    endloop
  endfacet
  facet normal 0 0 1
    outer loop
      vertex 53.4 51 1.5999999999999996
      vertex 55.227564928664705 75.12756492866471 1.5999999999999996
      vertex 54.43096757587776 75.8261620575412 1.5999999999999996
    endloop
  endfacet
  facet normal 0 0 1
    outer loop
      vertex 53.4 51 1.5999999999999996
      vertex 55.92616205754119 74.33096757587776 1.5999999999999996
      vertex 55.227564928664705 75.12756492866471 1.5999999999999996
    endloop
  endfacet
  facet normal 0 0 1
    outer loop
      vertex 53.4 51 1.5999999999999996
      vertex 56.51480577194443 73.45000000074506 1.5999999999999996
      vertex 55.92616205754119 74.33096757587776 1.5999999999999996
    endloop
  endfacet
  facet normal 0 0 1
    outer loop
      vertex 53.4 51 1.5999999999999996
      vertex 56.98342421471811 72.49973580272747 1.5999999999999996
      vertex 56.51480577194443 73.45000000074506 1.5999999999999996
    endloop
  endfacet
  facet normal 0 0 1
    outer loop
      vertex 53.4 51 1.5999999999999996
      vertex 57.600000001490116 69.4 1.5999999999999996
      vertex 57.53070337860523 70.45726215717693 1.5999999999999996
    endloop
  endfacet
  facet normal 0 0 1
    outer loop
      vertex 53.4 51 1.5999999999999996
      vertex 57.53070337860523 70.45726215717693 1.5999999999999996
      vertex 57.3239991943808 71.49643426571609 1.5999999999999996
    endloop
  endfacet
  facet normal 0 0 1
    outer loop
      vertex 53.4 51 1.5999999999999996
      vertex 57.3239991943808 71.49643426571609 1.5999999999999996
      vertex 56.98342421471811 72.49973580272747 1.5999999999999996
    endloop
  endfacet
  facet normal 0 0 1
    outer loop
      vertex 53.4 51 1.5999999999999996
      vertex 51.59643426571609 77.2239991943808 1.5999999999999996
      vertex 50.557262157176915 77.43070337860524 1.5999999999999996
    endloop
  endfacet
  facet normal 0 0 1
    outer loop
      vertex 53.4 51 1.5999999999999996
      vertex 52.59973580272747 76.88342421471812 1.5999999999999996
      vertex 51.59643426571609 77.2239991943808 1.5999999999999996
    endloop
  endfacet
  facet normal 0 0 1
    outer loop
      vertex 53.4 51 1.5999999999999996
      vertex 53.55000000074506 76.41480577194443 1.5999999999999996
      vertex 52.59973580272747 76.88342421471812 1.5999999999999996
    endloop
  endfacet
  facet normal -0.8526401643540921 -0.5224985647159495 0
    outer loop
      vertex 8.81248368952908 3.905023750651133 1.5999999999999996
      vertex 9.017457514062631 3.570536869268817 1.5999999999999996
      vertex 8.81248368952908 3.905023750651133 4.800000000000001
    endloop
  endfacet
  facet normal -0.7604059656000315 -0.6494480483301831 -2.221221910426116e-18
    outer loop
      vertex 9.27223304703363 3.272233047033631 1.5999999999999996
      vertex 9.017457514062631 3.570536869268817 4.800000000000001
      vertex 9.017457514062631 3.570536869268817 1.5999999999999996
    endloop
  endfacet
  facet normal -0.972369920397677 -0.23344536385590378 1.8243246747073645e-18
    outer loop
      vertex 8.662358709262115 4.267457514062632 1.5999999999999996
      vertex 8.570779148512155 4.648913837399423 4.800000000000001
      vertex 8.570779148512155 4.648913837399423 1.5999999999999996
    endloop
  endfacet
  facet normal -0.9238795325112867 -0.38268343236508984 -2.1844884128128576e-18
    outer loop
      vertex 8.81248368952908 3.905023750651133 1.5999999999999996
      vertex 8.662358709262115 4.267457514062632 4.800000000000001
      vertex 8.662358709262115 4.267457514062632 1.5999999999999996
    endloop
  endfacet
  facet normal -0.9969173337331279 -0.07845909572784637 -2.4797014888827904e-19
    outer loop
      vertex 8.570779148512155 4.648913837399423 1.5999999999999996
      vertex 8.54 5.04 4.800000000000001
      vertex 8.54 5.04 1.5999999999999996
    endloop
  endfacet
  facet normal -0.38268343236508884 -0.9238795325112871 -1.1024247161745494e-18
    outer loop
      vertex 10.267457514062631 2.6623587092621164 1.5999999999999996
      vertex 9.905023750651132 2.8124836895290803 4.800000000000001
      vertex 9.905023750651132 2.8124836895290803 1.5999999999999996
    endloop
  endfacet
  facet normal -0.23344536385590753 -0.972369920397676 0
    outer loop
      vertex 10.267457514062631 2.6623587092621164 1.5999999999999996
      vertex 10.648913837399421 2.5707791485121554 1.5999999999999996
      vertex 10.267457514062631 2.6623587092621164 4.800000000000001
    endloop
  endfacet
  facet normal -0.07845909572784394 -0.996917333733128 0
    outer loop
      vertex 10.648913837399421 2.5707791485121554 1.5999999999999996
      vertex 11.04 2.54 1.5999999999999996
      vertex 10.648913837399421 2.5707791485121554 4.800000000000001
    endloop
  endfacet
  facet normal -0.6494480483301843 -0.7604059656000304 0
    outer loop
      vertex 9.27223304703363 3.272233047033631 1.5999999999999996
      vertex 9.570536869268816 3.0174575140626314 1.5999999999999996
      vertex 9.27223304703363 3.272233047033631 4.800000000000001
    endloop
  endfacet
  facet normal -0.522498564715948 -0.8526401643540928 0
    outer loop
      vertex 9.570536869268816 3.0174575140626314 1.5999999999999996
      vertex 9.905023750651132 2.8124836895290803 1.5999999999999996
      vertex 9.570536869268816 3.0174575140626314 4.800000000000001
    endloop
  endfacet
  facet normal -0.7604059656000315 -0.6494480483301831 0
    outer loop
      vertex 9.27223304703363 3.272233047033631 1.5999999999999996
      vertex 9.27223304703363 3.272233047033631 4.800000000000001
      vertex 9.017457514062631 3.570536869268817 4.800000000000001
    endloop
  endfacet
  facet normal -0.8526401643540921 -0.5224985647159495 0
    outer loop
      vertex 9.017457514062631 3.570536869268817 1.5999999999999996
      vertex 9.017457514062631 3.570536869268817 4.800000000000001
      vertex 8.81248368952908 3.905023750651133 4.800000000000001
    endloop
  endfacet
  facet normal -0.972369920397677 -0.23344536385590378 0
    outer loop
      vertex 8.662358709262115 4.267457514062632 1.5999999999999996
      vertex 8.662358709262115 4.267457514062632 4.800000000000001
      vertex 8.570779148512155 4.648913837399423 4.800000000000001
    endloop
  endfacet
  facet normal -0.9238795325112867 -0.38268343236508984 0
    outer loop
      vertex 8.81248368952908 3.905023750651133 1.5999999999999996
      vertex 8.81248368952908 3.905023750651133 4.800000000000001
      vertex 8.662358709262115 4.267457514062632 4.800000000000001
    endloop
  endfacet
  facet normal -0.9969173337331279 -0.07845909572784637 0
    outer loop
      vertex 8.570779148512155 4.648913837399423 1.5999999999999996
      vertex 8.570779148512155 4.648913837399423 4.800000000000001
      vertex 8.54 5.04 4.800000000000001
    endloop
  endfacet
  facet normal -0.9969173337331279 0.07845909572784637 0
    outer loop
      vertex 8.54 5.04 1.5999999999999996
      vertex 8.54 5.04 4.800000000000001
      vertex 8.570779148512155 5.431086162600577 4.800000000000001
    endloop
  endfacet
  facet normal -0.38268343236508884 -0.9238795325112871 0
    outer loop
      vertex 10.267457514062631 2.6623587092621164 1.5999999999999996
      vertex 10.267457514062631 2.6623587092621164 4.800000000000001
      vertex 9.905023750651132 2.8124836895290803 4.800000000000001
    endloop
  endfacet
  facet normal -0.23344536385590753 -0.972369920397676 0
    outer loop
      vertex 10.648913837399421 2.5707791485121554 1.5999999999999996
      vertex 10.648913837399421 2.5707791485121554 4.800000000000001
      vertex 10.267457514062631 2.6623587092621164 4.800000000000001
    endloop
  endfacet
  facet normal -0.07845909572784394 -0.996917333733128 0
    outer loop
      vertex 11.04 2.54 1.5999999999999996
      vertex 11.04 2.54 4.800000000000001
      vertex 10.648913837399421 2.5707791485121554 4.800000000000001
    endloop
  endfacet
  facet normal -0.6494480483301843 -0.7604059656000304 0
    outer loop
      vertex 9.570536869268816 3.0174575140626314 1.5999999999999996
      vertex 9.570536869268816 3.0174575140626314 4.800000000000001
      vertex 9.27223304703363 3.272233047033631 4.800000000000001
    endloop
  endfacet
  facet normal -0.522498564715948 -0.8526401643540928 0
    outer loop
      vertex 9.905023750651132 2.8124836895290803 1.5999999999999996
      vertex 9.905023750651132 2.8124836895290803 4.800000000000001
      vertex 9.570536869268816 3.0174575140626314 4.800000000000001
    endloop
  endfacet
  facet normal -0.9969173337331279 0.07845909572784637 2.4797014888827904e-19
    outer loop
      vertex 8.54 5.04 1.5999999999999996
      vertex 8.570779148512155 5.431086162600577 4.800000000000001
      vertex 8.570779148512155 5.431086162600577 1.5999999999999996
    endloop
  endfacet
  facet normal -0.972369920397677 0.23344536385590378 -1.8243246747073645e-18
    outer loop
      vertex 8.570779148512155 5.431086162600577 1.5999999999999996
      vertex 8.662358709262115 5.812542485937368 4.800000000000001
      vertex 8.662358709262115 5.812542485937368 1.5999999999999996
    endloop
  endfacet
  facet normal -0.9238795325112867 0.38268343236508984 2.1844884128128576e-18
    outer loop
      vertex 8.662358709262115 5.812542485937368 1.5999999999999996
      vertex 8.81248368952908 6.174976249348867 4.800000000000001
      vertex 8.81248368952908 6.174976249348867 1.5999999999999996
    endloop
  endfacet
  facet normal -0.8526401643540916 0.5224985647159498 3.921769057535586e-18
    outer loop
      vertex 8.81248368952908 6.174976249348867 1.5999999999999996
      vertex 9.017457514062631 6.5094631307311825 4.800000000000001
      vertex 9.017457514062631 6.5094631307311825 1.5999999999999996
    endloop
  endfacet
  facet normal -0.7604059656000319 0.6494480483301825 3.910607510041933e-18
    outer loop
      vertex 9.017457514062631 6.5094631307311825 1.5999999999999996
      vertex 9.27223304703363 6.807766952966369 4.800000000000001
      vertex 9.27223304703363 6.807766952966369 1.5999999999999996
    endloop
  endfacet
  facet normal -0.649448048330185 0.7604059656000299 1.5427524632866238e-18
    outer loop
      vertex 9.27223304703363 6.807766952966369 1.5999999999999996
      vertex 9.570536869268816 7.062542485937369 4.800000000000001
      vertex 9.570536869268816 7.062542485937369 1.5999999999999996
    endloop
  endfacet
  facet normal -0.5224985647159472 0.8526401643540933 7.287042009628381e-19
    outer loop
      vertex 9.570536869268816 7.062542485937369 1.5999999999999996
      vertex 9.905023750651132 7.26751631047092 4.800000000000001
      vertex 9.905023750651132 7.26751631047092 1.5999999999999996
    endloop
  endfacet
  facet normal -0.3826834323650879 0.9238795325112874 2.0361019536240556e-20
    outer loop
      vertex 9.905023750651132 7.26751631047092 1.5999999999999996
      vertex 10.267457514062631 7.417641290737883 4.800000000000001
      vertex 10.267457514062631 7.417641290737883 1.5999999999999996
    endloop
  endfacet
  facet normal -0.2334453638559086 0.9723699203976759 -2.2077381460093915e-18
    outer loop
      vertex 10.267457514062631 7.417641290737883 1.5999999999999996
      vertex 10.648913837399421 7.509220851487845 4.800000000000001
      vertex 10.648913837399421 7.509220851487845 1.5999999999999996
    endloop
  endfacet
  facet normal -0.07845909572784394 0.996917333733128 -4.1144574842849523e-19
    outer loop
      vertex 10.648913837399421 7.509220851487845 1.5999999999999996
      vertex 11.04 7.54 4.800000000000001
      vertex 11.04 7.54 1.5999999999999996
    endloop
  endfacet
  facet normal -0.972369920397677 0.23344536385590378 0
    outer loop
      vertex 8.570779148512155 5.431086162600577 1.5999999999999996
      vertex 8.570779148512155 5.431086162600577 4.800000000000001
      vertex 8.662358709262115 5.812542485937368 4.800000000000001
    endloop
  endfacet
  facet normal -0.9238795325112867 0.38268343236508984 0
    outer loop
      vertex 8.662358709262115 5.812542485937368 1.5999999999999996
      vertex 8.662358709262115 5.812542485937368 4.800000000000001
      vertex 8.81248368952908 6.174976249348867 4.800000000000001
    endloop
  endfacet
  facet normal -0.8526401643540916 0.5224985647159498 0
    outer loop
      vertex 8.81248368952908 6.174976249348867 1.5999999999999996
      vertex 8.81248368952908 6.174976249348867 4.800000000000001
      vertex 9.017457514062631 6.5094631307311825 4.800000000000001
    endloop
  endfacet
  facet normal -0.7604059656000319 0.6494480483301825 0
    outer loop
      vertex 9.017457514062631 6.5094631307311825 1.5999999999999996
      vertex 9.017457514062631 6.5094631307311825 4.800000000000001
      vertex 9.27223304703363 6.807766952966369 4.800000000000001
    endloop
  endfacet
  facet normal -0.649448048330185 0.7604059656000299 0
    outer loop
      vertex 9.27223304703363 6.807766952966369 1.5999999999999996
      vertex 9.27223304703363 6.807766952966369 4.800000000000001
      vertex 9.570536869268816 7.062542485937369 4.800000000000001
    endloop
  endfacet
  facet normal -0.5224985647159472 0.8526401643540933 0
    outer loop
      vertex 9.570536869268816 7.062542485937369 1.5999999999999996
      vertex 9.570536869268816 7.062542485937369 4.800000000000001
      vertex 9.905023750651132 7.26751631047092 4.800000000000001
    endloop
  endfacet
  facet normal -0.3826834323650879 0.9238795325112874 0
    outer loop
      vertex 9.905023750651132 7.26751631047092 1.5999999999999996
      vertex 9.905023750651132 7.26751631047092 4.800000000000001
      vertex 10.267457514062631 7.417641290737883 4.800000000000001
    endloop
  endfacet
  facet normal -0.2334453638559086 0.9723699203976759 0
    outer loop
      vertex 10.267457514062631 7.417641290737883 1.5999999999999996
      vertex 10.267457514062631 7.417641290737883 4.800000000000001
      vertex 10.648913837399421 7.509220851487845 4.800000000000001
    endloop
  endfacet
  facet normal -0.07845909572784394 0.996917333733128 0
    outer loop
      vertex 10.648913837399421 7.509220851487845 1.5999999999999996
      vertex 10.648913837399421 7.509220851487845 4.800000000000001
      vertex 11.04 7.54 4.800000000000001
    endloop
  endfacet
  facet normal 0.07845909572784394 -0.996917333733128 0
    outer loop
      vertex 11.04 2.54 1.5999999999999996
      vertex 11.431086162600577 2.5707791485121554 1.5999999999999996
      vertex 11.04 2.54 4.800000000000001
    endloop
  endfacet
  facet normal 0.23344536385590753 -0.972369920397676 0
    outer loop
      vertex 11.431086162600577 2.5707791485121554 1.5999999999999996
      vertex 11.812542485937367 2.6623587092621164 1.5999999999999996
      vertex 11.431086162600577 2.5707791485121554 4.800000000000001
    endloop
  endfacet
  facet normal 0.38268343236508884 -0.9238795325112871 0
    outer loop
      vertex 11.812542485937367 2.6623587092621164 1.5999999999999996
      vertex 12.174976249348866 2.8124836895290803 1.5999999999999996
      vertex 11.812542485937367 2.6623587092621164 4.800000000000001
    endloop
  endfacet
  facet normal 0.522498564715948 -0.8526401643540928 0
    outer loop
      vertex 12.174976249348866 2.8124836895290803 1.5999999999999996
      vertex 12.509463130731183 3.0174575140626314 1.5999999999999996
      vertex 12.174976249348866 2.8124836895290803 4.800000000000001
    endloop
  endfacet
  facet normal 0.6494480483301843 -0.7604059656000304 0
    outer loop
      vertex 12.509463130731183 3.0174575140626314 1.5999999999999996
      vertex 12.807766952966368 3.272233047033631 1.5999999999999996
      vertex 12.509463130731183 3.0174575140626314 4.800000000000001
    endloop
  endfacet
  facet normal 0.7604059656000315 -0.6494480483301831 0
    outer loop
      vertex 12.807766952966368 3.272233047033631 1.5999999999999996
      vertex 13.062542485937367 3.570536869268817 1.5999999999999996
      vertex 12.807766952966368 3.272233047033631 4.800000000000001
    endloop
  endfacet
  facet normal 0.8526401643540921 -0.5224985647159495 0
    outer loop
      vertex 13.062542485937367 3.570536869268817 1.5999999999999996
      vertex 13.267516310470919 3.905023750651133 1.5999999999999996
      vertex 13.062542485937367 3.570536869268817 4.800000000000001
    endloop
  endfacet
  facet normal 0.9238795325112867 -0.38268343236508984 0
    outer loop
      vertex 13.267516310470919 3.905023750651133 1.5999999999999996
      vertex 13.417641290737883 4.267457514062632 1.5999999999999996
      vertex 13.267516310470919 3.905023750651133 4.800000000000001
    endloop
  endfacet
  facet normal 0.972369920397677 -0.23344536385590378 0
    outer loop
      vertex 13.417641290737883 4.267457514062632 1.5999999999999996
      vertex 13.509220851487843 4.648913837399423 1.5999999999999996
      vertex 13.417641290737883 4.267457514062632 4.800000000000001
    endloop
  endfacet
  facet normal 0.9969173337331279 -0.07845909572784637 0
    outer loop
      vertex 13.509220851487843 4.648913837399423 1.5999999999999996
      vertex 13.54 5.04 1.5999999999999996
      vertex 13.509220851487843 4.648913837399423 4.800000000000001
    endloop
  endfacet
  facet normal 0.9969173337331279 0.07845909572784637 0
    outer loop
      vertex 13.54 5.04 1.5999999999999996
      vertex 13.509220851487843 5.431086162600577 1.5999999999999996
      vertex 13.54 5.04 4.800000000000001
    endloop
  endfacet
  facet normal 0.07845909572784394 -0.996917333733128 0
    outer loop
      vertex 11.431086162600577 2.5707791485121554 1.5999999999999996
      vertex 11.431086162600577 2.5707791485121554 4.800000000000001
      vertex 11.04 2.54 4.800000000000001
    endloop
  endfacet
  facet normal 0.23344536385590753 -0.972369920397676 0
    outer loop
      vertex 11.812542485937367 2.6623587092621164 1.5999999999999996
      vertex 11.812542485937367 2.6623587092621164 4.800000000000001
      vertex 11.431086162600577 2.5707791485121554 4.800000000000001
    endloop
  endfacet
  facet normal 0.38268343236508884 -0.9238795325112871 0
    outer loop
      vertex 12.174976249348866 2.8124836895290803 1.5999999999999996
      vertex 12.174976249348866 2.8124836895290803 4.800000000000001
      vertex 11.812542485937367 2.6623587092621164 4.800000000000001
    endloop
  endfacet
  facet normal 0.522498564715948 -0.8526401643540928 0
    outer loop
      vertex 12.509463130731183 3.0174575140626314 1.5999999999999996
      vertex 12.509463130731183 3.0174575140626314 4.800000000000001
      vertex 12.174976249348866 2.8124836895290803 4.800000000000001
    endloop
  endfacet
  facet normal 0.6494480483301843 -0.7604059656000304 0
    outer loop
      vertex 12.807766952966368 3.272233047033631 1.5999999999999996
      vertex 12.807766952966368 3.272233047033631 4.800000000000001
      vertex 12.509463130731183 3.0174575140626314 4.800000000000001
    endloop
  endfacet
  facet normal 0.7604059656000315 -0.6494480483301831 0
    outer loop
      vertex 13.062542485937367 3.570536869268817 1.5999999999999996
      vertex 13.062542485937367 3.570536869268817 4.800000000000001
      vertex 12.807766952966368 3.272233047033631 4.800000000000001
    endloop
  endfacet
  facet normal 0.8526401643540921 -0.5224985647159495 0
    outer loop
      vertex 13.267516310470919 3.905023750651133 1.5999999999999996
      vertex 13.267516310470919 3.905023750651133 4.800000000000001
      vertex 13.062542485937367 3.570536869268817 4.800000000000001
    endloop
  endfacet
  facet normal 0.9238795325112867 -0.38268343236508984 0
    outer loop
      vertex 13.417641290737883 4.267457514062632 1.5999999999999996
      vertex 13.417641290737883 4.267457514062632 4.800000000000001
      vertex 13.267516310470919 3.905023750651133 4.800000000000001
    endloop
  endfacet
  facet normal 0.972369920397677 -0.23344536385590378 0
    outer loop
      vertex 13.509220851487843 4.648913837399423 1.5999999999999996
      vertex 13.509220851487843 4.648913837399423 4.800000000000001
      vertex 13.417641290737883 4.267457514062632 4.800000000000001
    endloop
  endfacet
  facet normal 0.9969173337331279 -0.07845909572784637 0
    outer loop
      vertex 13.54 5.04 1.5999999999999996
      vertex 13.54 5.04 4.800000000000001
      vertex 13.509220851487843 4.648913837399423 4.800000000000001
    endloop
  endfacet
  facet normal 0.07845909572784394 0.996917333733128 4.1144574842849523e-19
    outer loop
      vertex 11.04 7.54 1.5999999999999996
      vertex 11.431086162600577 7.509220851487845 4.800000000000001
      vertex 11.431086162600577 7.509220851487845 1.5999999999999996
    endloop
  endfacet
  facet normal 0.2334453638559086 0.9723699203976759 2.2077381460093915e-18
    outer loop
      vertex 11.431086162600577 7.509220851487845 1.5999999999999996
      vertex 11.812542485937367 7.417641290737883 4.800000000000001
      vertex 11.812542485937367 7.417641290737883 1.5999999999999996
    endloop
  endfacet
  facet normal 0.3826834323650879 0.9238795325112874 -2.0361019536240556e-20
    outer loop
      vertex 11.812542485937367 7.417641290737883 1.5999999999999996
      vertex 12.174976249348866 7.26751631047092 4.800000000000001
      vertex 12.174976249348866 7.26751631047092 1.5999999999999996
    endloop
  endfacet
  facet normal 0.5224985647159472 0.8526401643540933 -7.287042009628381e-19
    outer loop
      vertex 12.174976249348866 7.26751631047092 1.5999999999999996
      vertex 12.509463130731183 7.062542485937369 4.800000000000001
      vertex 12.509463130731183 7.062542485937369 1.5999999999999996
    endloop
  endfacet
  facet normal 0.649448048330185 0.7604059656000299 0
    outer loop
      vertex 12.807766952966368 6.807766952966369 1.5999999999999996
      vertex 12.509463130731183 7.062542485937369 1.5999999999999996
      vertex 12.807766952966368 6.807766952966369 4.800000000000001
    endloop
  endfacet
  facet normal 0.8526401643540916 0.5224985647159498 0
    outer loop
      vertex 13.267516310470919 6.174976249348867 1.5999999999999996
      vertex 13.062542485937367 6.5094631307311825 1.5999999999999996
      vertex 13.267516310470919 6.174976249348867 4.800000000000001
    endloop
  endfacet
  facet normal 0.972369920397677 0.23344536385590378 0
    outer loop
      vertex 13.509220851487843 5.431086162600577 1.5999999999999996
      vertex 13.417641290737883 5.812542485937368 1.5999999999999996
      vertex 13.509220851487843 5.431086162600577 4.800000000000001
    endloop
  endfacet
  facet normal 0.9238795325112867 0.38268343236508984 -2.1844884128128576e-18
    outer loop
      vertex 13.267516310470919 6.174976249348867 1.5999999999999996
      vertex 13.417641290737883 5.812542485937368 4.800000000000001
      vertex 13.417641290737883 5.812542485937368 1.5999999999999996
    endloop
  endfacet
  facet normal 0.7604059656000319 0.6494480483301825 -3.910607510041933e-18
    outer loop
      vertex 12.807766952966368 6.807766952966369 1.5999999999999996
      vertex 13.062542485937367 6.5094631307311825 4.800000000000001
      vertex 13.062542485937367 6.5094631307311825 1.5999999999999996
    endloop
  endfacet
  facet normal 0.07845909572784394 0.996917333733128 0
    outer loop
      vertex 11.04 7.54 1.5999999999999996
      vertex 11.04 7.54 4.800000000000001
      vertex 11.431086162600577 7.509220851487845 4.800000000000001
    endloop
  endfacet
  facet normal 0.2334453638559086 0.9723699203976759 0
    outer loop
      vertex 11.431086162600577 7.509220851487845 1.5999999999999996
      vertex 11.431086162600577 7.509220851487845 4.800000000000001
      vertex 11.812542485937367 7.417641290737883 4.800000000000001
    endloop
  endfacet
  facet normal 0.3826834323650879 0.9238795325112874 0
    outer loop
      vertex 11.812542485937367 7.417641290737883 1.5999999999999996
      vertex 11.812542485937367 7.417641290737883 4.800000000000001
      vertex 12.174976249348866 7.26751631047092 4.800000000000001
    endloop
  endfacet
  facet normal 0.5224985647159472 0.8526401643540933 0
    outer loop
      vertex 12.174976249348866 7.26751631047092 1.5999999999999996
      vertex 12.174976249348866 7.26751631047092 4.800000000000001
      vertex 12.509463130731183 7.062542485937369 4.800000000000001
    endloop
  endfacet
  facet normal 0.649448048330185 0.7604059656000299 0
    outer loop
      vertex 12.509463130731183 7.062542485937369 1.5999999999999996
      vertex 12.509463130731183 7.062542485937369 4.800000000000001
      vertex 12.807766952966368 6.807766952966369 4.800000000000001
    endloop
  endfacet
  facet normal 0.7604059656000319 0.6494480483301825 0
    outer loop
      vertex 12.807766952966368 6.807766952966369 1.5999999999999996
      vertex 12.807766952966368 6.807766952966369 4.800000000000001
      vertex 13.062542485937367 6.5094631307311825 4.800000000000001
    endloop
  endfacet
  facet normal 0.8526401643540916 0.5224985647159498 0
    outer loop
      vertex 13.062542485937367 6.5094631307311825 1.5999999999999996
      vertex 13.062542485937367 6.5094631307311825 4.800000000000001
      vertex 13.267516310470919 6.174976249348867 4.800000000000001
    endloop
  endfacet
  facet normal 0.9238795325112867 0.38268343236508984 0
    outer loop
      vertex 13.267516310470919 6.174976249348867 1.5999999999999996
      vertex 13.267516310470919 6.174976249348867 4.800000000000001
      vertex 13.417641290737883 5.812542485937368 4.800000000000001
    endloop
  endfacet
  facet normal 0.9969173337331279 0.07845909572784637 0
    outer loop
      vertex 13.509220851487843 5.431086162600577 1.5999999999999996
      vertex 13.509220851487843 5.431086162600577 4.800000000000001
      vertex 13.54 5.04 4.800000000000001
    endloop
  endfacet
  facet normal 0.972369920397677 0.23344536385590378 0
    outer loop
      vertex 13.417641290737883 5.812542485937368 1.5999999999999996
      vertex 13.417641290737883 5.812542485937368 4.800000000000001
      vertex 13.509220851487843 5.431086162600577 4.800000000000001
    endloop
  endfacet
  facet normal 0 0 1
    outer loop
      vertex 8.81248368952908 3.905023750651133 4.800000000000001
      vertex 9.017457514062631 3.570536869268817 4.800000000000001
      vertex 8.81248368952908 6.174976249348867 4.800000000000001
    endloop
  endfacet
  facet normal 0 0 1
    outer loop
      vertex 8.662358709262115 4.267457514062632 4.800000000000001
      vertex 8.570779148512155 5.431086162600577 4.800000000000001
      vertex 8.570779148512155 4.648913837399423 4.800000000000001
    endloop
  endfacet
  facet normal 0 0 1
    outer loop
      vertex 8.570779148512155 4.648913837399423 4.800000000000001
      vertex 8.570779148512155 5.431086162600577 4.800000000000001
      vertex 8.54 5.04 4.800000000000001
    endloop
  endfacet
  facet normal 0 0 1
    outer loop
      vertex 8.662358709262115 4.267457514062632 4.800000000000001
      vertex 8.662358709262115 5.812542485937368 4.800000000000001
      vertex 8.570779148512155 5.431086162600577 4.800000000000001
    endloop
  endfacet
  facet normal 0 0 1
    outer loop
      vertex 8.81248368952908 3.905023750651133 4.800000000000001
      vertex 8.662358709262115 5.812542485937368 4.800000000000001
      vertex 8.662358709262115 4.267457514062632 4.800000000000001
    endloop
  endfacet
  facet normal 0 0 1
    outer loop
      vertex 9.27223304703363 3.272233047033631 4.800000000000001
      vertex 9.017457514062631 6.5094631307311825 4.800000000000001
      vertex 9.017457514062631 3.570536869268817 4.800000000000001
    endloop
  endfacet
  facet normal 0 0 1
    outer loop
      vertex 9.27223304703363 3.272233047033631 4.800000000000001
      vertex 9.570536869268816 3.0174575140626314 4.800000000000001
      vertex 9.27223304703363 6.807766952966369 4.800000000000001
    endloop
  endfacet
  facet normal 0 0 1
    outer loop
      vertex 9.570536869268816 3.0174575140626314 4.800000000000001
      vertex 9.905023750651132 2.8124836895290803 4.800000000000001
      vertex 9.570536869268816 7.062542485937369 4.800000000000001
    endloop
  endfacet
  facet normal 0 0 1
    outer loop
      vertex 10.267457514062631 2.6623587092621164 4.800000000000001
      vertex 9.905023750651132 7.26751631047092 4.800000000000001
      vertex 9.905023750651132 2.8124836895290803 4.800000000000001
    endloop
  endfacet
  facet normal 0 0 1
    outer loop
      vertex 10.267457514062631 2.6623587092621164 4.800000000000001
      vertex 10.239999999999998 5.04 4.800000000000001
      vertex 9.905023750651132 7.26751631047092 4.800000000000001
    endloop
  endfacet
  facet normal 0 0 1
    outer loop
      vertex 10.267457514062631 2.6623587092621164 4.800000000000001
      vertex 10.648913837399421 2.5707791485121554 4.800000000000001
      vertex 10.47431457505076 4.474314575050762 4.800000000000001
    endloop
  endfacet
  facet normal 0 0 1
    outer loop
      vertex 10.267457514062631 2.6623587092621164 4.800000000000001
      vertex 10.47431457505076 4.474314575050762 4.800000000000001
      vertex 10.30089637399097 4.733853254107928 4.800000000000001
    endloop
  endfacet
  facet normal 0 0 1
    outer loop
      vertex 10.648913837399421 2.5707791485121554 4.800000000000001
      vertex 10.733853254107927 4.3008963739909705 4.800000000000001
      vertex 10.47431457505076 4.474314575050762 4.800000000000001
    endloop
  endfacet
  facet normal 0 0 1
    outer loop
      vertex 10.648913837399421 2.5707791485121554 4.800000000000001
      vertex 11.04 2.54 4.800000000000001
      vertex 10.733853254107927 4.3008963739909705 4.800000000000001
    endloop
  endfacet
  facet normal 0 0 1
    outer loop
      vertex 11.04 2.54 4.800000000000001
      vertex 11.04 4.24 4.800000000000001
      vertex 10.733853254107927 4.3008963739909705 4.800000000000001
    endloop
  endfacet
  facet normal 0 0 1
    outer loop
      vertex 10.267457514062631 2.6623587092621164 4.800000000000001
      vertex 10.30089637399097 4.733853254107928 4.800000000000001
      vertex 10.239999999999998 5.04 4.800000000000001
    endloop
  endfacet
  facet normal 0 0 1
    outer loop
      vertex 8.81248368952908 3.905023750651133 4.800000000000001
      vertex 8.81248368952908 6.174976249348867 4.800000000000001
      vertex 8.662358709262115 5.812542485937368 4.800000000000001
    endloop
  endfacet
  facet normal 0 0 1
    outer loop
      vertex 9.017457514062631 3.570536869268817 4.800000000000001
      vertex 9.017457514062631 6.5094631307311825 4.800000000000001
      vertex 8.81248368952908 6.174976249348867 4.800000000000001
    endloop
  endfacet
  facet normal 0 0 1
    outer loop
      vertex 9.27223304703363 3.272233047033631 4.800000000000001
      vertex 9.27223304703363 6.807766952966369 4.800000000000001
      vertex 9.017457514062631 6.5094631307311825 4.800000000000001
    endloop
  endfacet
  facet normal 0 0 1
    outer loop
      vertex 9.570536869268816 3.0174575140626314 4.800000000000001
      vertex 9.570536869268816 7.062542485937369 4.800000000000001
      vertex 9.27223304703363 6.807766952966369 4.800000000000001
    endloop
  endfacet
  facet normal 0 0 1
    outer loop
      vertex 9.905023750651132 2.8124836895290803 4.800000000000001
      vertex 9.905023750651132 7.26751631047092 4.800000000000001
      vertex 9.570536869268816 7.062542485937369 4.800000000000001
    endloop
  endfacet
  facet normal 0 0 1
    outer loop
      vertex 9.905023750651132 7.26751631047092 4.800000000000001
      vertex 10.239999999999998 5.04 4.800000000000001
      vertex 10.30089637399097 5.346146745892072 4.800000000000001
    endloop
  endfacet
  facet normal 0 0 1
    outer loop
      vertex 9.905023750651132 7.26751631047092 4.800000000000001
      vertex 10.30089637399097 5.346146745892072 4.800000000000001
      vertex 10.267457514062631 7.417641290737883 4.800000000000001
    endloop
  endfacet
  facet normal 0 0 1
    outer loop
      vertex 10.267457514062631 7.417641290737883 4.800000000000001
      vertex 10.30089637399097 5.346146745892072 4.800000000000001
      vertex 10.47431457505076 5.605685424949238 4.800000000000001
    endloop
  endfacet
  facet normal 0 0 1
    outer loop
      vertex 10.267457514062631 7.417641290737883 4.800000000000001
      vertex 10.47431457505076 5.605685424949238 4.800000000000001
      vertex 10.733853254107927 5.77910362600903 4.800000000000001
    endloop
  endfacet
  facet normal 0 0 1
    outer loop
      vertex 10.648913837399421 7.509220851487845 4.800000000000001
      vertex 10.733853254107927 5.77910362600903 4.800000000000001
      vertex 11.04 5.84 4.800000000000001
    endloop
  endfacet
  facet normal 0 0 1
    outer loop
      vertex 10.267457514062631 7.417641290737883 4.800000000000001
      vertex 10.733853254107927 5.77910362600903 4.800000000000001
      vertex 10.648913837399421 7.509220851487845 4.800000000000001
    endloop
  endfacet
  facet normal 0 0 1
    outer loop
      vertex 10.648913837399421 7.509220851487845 4.800000000000001
      vertex 11.04 5.84 4.800000000000001
      vertex 11.04 7.54 4.800000000000001
    endloop
  endfacet
  facet normal 0 0 1
    outer loop
      vertex 11.04 2.54 4.800000000000001
      vertex 11.431086162600577 2.5707791485121554 4.800000000000001
      vertex 11.04 4.24 4.800000000000001
    endloop
  endfacet
  facet normal 0 0 1
    outer loop
      vertex 11.431086162600577 2.5707791485121554 4.800000000000001
      vertex 11.812542485937367 2.6623587092621164 4.800000000000001
      vertex 11.34614674589207 4.3008963739909705 4.800000000000001
    endloop
  endfacet
  facet normal 0 0 1
    outer loop
      vertex 11.431086162600577 2.5707791485121554 4.800000000000001
      vertex 11.34614674589207 4.3008963739909705 4.800000000000001
      vertex 11.04 4.24 4.800000000000001
    endloop
  endfacet
  facet normal 0 0 1
    outer loop
      vertex 11.812542485937367 2.6623587092621164 4.800000000000001
      vertex 12.174976249348866 2.8124836895290803 4.800000000000001
      vertex 11.779103626009029 4.733853254107928 4.800000000000001
    endloop
  endfacet
  facet normal 0 0 1
    outer loop
      vertex 11.812542485937367 2.6623587092621164 4.800000000000001
      vertex 11.605685424949238 4.474314575050762 4.800000000000001
      vertex 11.34614674589207 4.3008963739909705 4.800000000000001
    endloop
  endfacet
  facet normal 0 0 1
    outer loop
      vertex 11.812542485937367 2.6623587092621164 4.800000000000001
      vertex 11.779103626009029 4.733853254107928 4.800000000000001
      vertex 11.605685424949238 4.474314575050762 4.800000000000001
    endloop
  endfacet
  facet normal 0 0 1
    outer loop
      vertex 12.174976249348866 2.8124836895290803 4.800000000000001
      vertex 11.84 5.04 4.800000000000001
      vertex 11.779103626009029 4.733853254107928 4.800000000000001
    endloop
  endfacet
  facet normal 0 0 1
    outer loop
      vertex 12.174976249348866 2.8124836895290803 4.800000000000001
      vertex 11.812542485937367 7.417641290737883 4.800000000000001
      vertex 11.84 5.04 4.800000000000001
    endloop
  endfacet
  facet normal 0 0 1
    outer loop
      vertex 12.174976249348866 2.8124836895290803 4.800000000000001
      vertex 12.509463130731183 3.0174575140626314 4.800000000000001
      vertex 12.174976249348866 7.26751631047092 4.800000000000001
    endloop
  endfacet
  facet normal 0 0 1
    outer loop
      vertex 12.509463130731183 3.0174575140626314 4.800000000000001
      vertex 12.807766952966368 3.272233047033631 4.800000000000001
      vertex 12.509463130731183 7.062542485937369 4.800000000000001
    endloop
  endfacet
  facet normal 0 0 1
    outer loop
      vertex 12.807766952966368 3.272233047033631 4.800000000000001
      vertex 13.062542485937367 3.570536869268817 4.800000000000001
      vertex 12.807766952966368 6.807766952966369 4.800000000000001
    endloop
  endfacet
  facet normal 0 0 1
    outer loop
      vertex 13.062542485937367 3.570536869268817 4.800000000000001
      vertex 13.267516310470919 3.905023750651133 4.800000000000001
      vertex 13.062542485937367 6.5094631307311825 4.800000000000001
    endloop
  endfacet
  facet normal 0 0 1
    outer loop
      vertex 13.267516310470919 3.905023750651133 4.800000000000001
      vertex 13.417641290737883 4.267457514062632 4.800000000000001
      vertex 13.267516310470919 6.174976249348867 4.800000000000001
    endloop
  endfacet
  facet normal 0 0 1
    outer loop
      vertex 13.417641290737883 4.267457514062632 4.800000000000001
      vertex 13.509220851487843 4.648913837399423 4.800000000000001
      vertex 13.417641290737883 5.812542485937368 4.800000000000001
    endloop
  endfacet
  facet normal 0 0 1
    outer loop
      vertex 13.509220851487843 4.648913837399423 4.800000000000001
      vertex 13.54 5.04 4.800000000000001
      vertex 13.509220851487843 5.431086162600577 4.800000000000001
    endloop
  endfacet
  facet normal 0 0 1
    outer loop
      vertex 11.04 7.54 4.800000000000001
      vertex 11.04 5.84 4.800000000000001
      vertex 11.34614674589207 5.77910362600903 4.800000000000001
    endloop
  endfacet
  facet normal 0 0 1
    outer loop
      vertex 11.431086162600577 7.509220851487845 4.800000000000001
      vertex 11.34614674589207 5.77910362600903 4.800000000000001
      vertex 11.605685424949238 5.605685424949238 4.800000000000001
    endloop
  endfacet
  facet normal 0 0 1
    outer loop
      vertex 11.812542485937367 7.417641290737883 4.800000000000001
      vertex 11.605685424949238 5.605685424949238 4.800000000000001
      vertex 11.779103626009029 5.346146745892072 4.800000000000001
    endloop
  endfacet
  facet normal 0 0 1
    outer loop
      vertex 11.812542485937367 7.417641290737883 4.800000000000001
      vertex 11.779103626009029 5.346146745892072 4.800000000000001
      vertex 11.84 5.04 4.800000000000001
    endloop
  endfacet
  facet normal 0 0 1
    outer loop
      vertex 11.04 7.54 4.800000000000001
      vertex 11.34614674589207 5.77910362600903 4.800000000000001
      vertex 11.431086162600577 7.509220851487845 4.800000000000001
    endloop
  endfacet
  facet normal 0 0 1
    outer loop
      vertex 11.431086162600577 7.509220851487845 4.800000000000001
      vertex 11.605685424949238 5.605685424949238 4.800000000000001
      vertex 11.812542485937367 7.417641290737883 4.800000000000001
    endloop
  endfacet
  facet normal 0 0 1
    outer loop
      vertex 12.509463130731183 3.0174575140626314 4.800000000000001
      vertex 12.509463130731183 7.062542485937369 4.800000000000001
      vertex 12.174976249348866 7.26751631047092 4.800000000000001
    endloop
  endfacet
  facet normal 0 0 1
    outer loop
      vertex 12.174976249348866 2.8124836895290803 4.800000000000001
      vertex 12.174976249348866 7.26751631047092 4.800000000000001
      vertex 11.812542485937367 7.417641290737883 4.800000000000001
    endloop
  endfacet
  facet normal 0 0 1
    outer loop
      vertex 12.807766952966368 3.272233047033631 4.800000000000001
      vertex 12.807766952966368 6.807766952966369 4.800000000000001
      vertex 12.509463130731183 7.062542485937369 4.800000000000001
    endloop
  endfacet
  facet normal 0 0 1
    outer loop
      vertex 13.062542485937367 3.570536869268817 4.800000000000001
      vertex 13.062542485937367 6.5094631307311825 4.800000000000001
      vertex 12.807766952966368 6.807766952966369 4.800000000000001
    endloop
  endfacet
  facet normal 0 0 1
    outer loop
      vertex 13.267516310470919 3.905023750651133 4.800000000000001
      vertex 13.267516310470919 6.174976249348867 4.800000000000001
      vertex 13.062542485937367 6.5094631307311825 4.800000000000001
    endloop
  endfacet
  facet normal 0 0 1
    outer loop
      vertex 13.417641290737883 4.267457514062632 4.800000000000001
      vertex 13.417641290737883 5.812542485937368 4.800000000000001
      vertex 13.267516310470919 6.174976249348867 4.800000000000001
    endloop
  endfacet
  facet normal 0 0 1
    outer loop
      vertex 13.509220851487843 4.648913837399423 4.800000000000001
      vertex 13.509220851487843 5.431086162600577 4.800000000000001
      vertex 13.417641290737883 5.812542485937368 4.800000000000001
    endloop
  endfacet
  facet normal -0.852640164354094 -0.5224985647159461 0
    outer loop
      vertex 26.592483689529082 3.905023750651133 1.5999999999999996
      vertex 26.797457514062632 3.570536869268817 1.5999999999999996
      vertex 26.592483689529082 3.905023750651133 4.800000000000001
    endloop
  endfacet
  facet normal -0.6494480483301821 -0.7604059656000323 0
    outer loop
      vertex 27.05223304703363 3.272233047033631 1.5999999999999996
      vertex 27.35053686926882 3.0174575140626314 1.5999999999999996
      vertex 27.05223304703363 3.272233047033631 4.800000000000001
    endloop
  endfacet
  facet normal -0.7604059656000315 -0.6494480483301831 -2.221221910426116e-18
    outer loop
      vertex 27.05223304703363 3.272233047033631 1.5999999999999996
      vertex 26.797457514062632 3.570536869268817 4.800000000000001
      vertex 26.797457514062632 3.570536869268817 1.5999999999999996
    endloop
  endfacet
  facet normal -0.9238795325112852 -0.38268343236509367 -9.852659200136456e-19
    outer loop
      vertex 26.592483689529082 3.905023750651133 1.5999999999999996
      vertex 26.442358709262116 4.267457514062632 4.800000000000001
      vertex 26.442358709262116 4.267457514062632 1.5999999999999996
    endloop
  endfacet
  facet normal -0.972369920397677 -0.23344536385590378 1.8243246747073645e-18
    outer loop
      vertex 26.442358709262116 4.267457514062632 1.5999999999999996
      vertex 26.350779148512157 4.648913837399423 4.800000000000001
      vertex 26.350779148512157 4.648913837399423 1.5999999999999996
    endloop
  endfacet
  facet normal -0.9969173337331279 -0.07845909572784637 -2.4797014888827904e-19
    outer loop
      vertex 26.350779148512157 4.648913837399423 1.5999999999999996
      vertex 26.32 5.04 4.800000000000001
      vertex 26.32 5.04 1.5999999999999996
    endloop
  endfacet
  facet normal -0.38268343236508884 -0.9238795325112871 -1.1024247161745494e-18
    outer loop
      vertex 28.047457514062632 2.6623587092621164 1.5999999999999996
      vertex 27.685023750651133 2.8124836895290803 4.800000000000001
      vertex 27.685023750651133 2.8124836895290803 1.5999999999999996
    endloop
  endfacet
  facet normal -0.23344536385590647 -0.9723699203976763 0
    outer loop
      vertex 28.047457514062632 2.6623587092621164 1.5999999999999996
      vertex 28.428913837399424 2.5707791485121554 1.5999999999999996
      vertex 28.047457514062632 2.6623587092621164 4.800000000000001
    endloop
  endfacet
  facet normal -0.0784590957278443 -0.996917333733128 0
    outer loop
      vertex 28.428913837399424 2.5707791485121554 1.5999999999999996
      vertex 28.82 2.54 1.5999999999999996
      vertex 28.428913837399424 2.5707791485121554 4.800000000000001
    endloop
  endfacet
  facet normal 0.0784590957278443 -0.996917333733128 0
    outer loop
      vertex 28.82 2.54 1.5999999999999996
      vertex 29.211086162600576 2.5707791485121554 1.5999999999999996
      vertex 28.82 2.54 4.800000000000001
    endloop
  endfacet
  facet normal -0.52249856471595 -0.8526401643540915 0
    outer loop
      vertex 27.35053686926882 3.0174575140626314 1.5999999999999996
      vertex 27.685023750651133 2.8124836895290803 1.5999999999999996
      vertex 27.35053686926882 3.0174575140626314 4.800000000000001
    endloop
  endfacet
  facet normal -0.852640164354094 -0.5224985647159461 0
    outer loop
      vertex 26.797457514062632 3.570536869268817 1.5999999999999996
      vertex 26.797457514062632 3.570536869268817 4.800000000000001
      vertex 26.592483689529082 3.905023750651133 4.800000000000001
    endloop
  endfacet
  facet normal -0.7604059656000315 -0.6494480483301831 0
    outer loop
      vertex 27.05223304703363 3.272233047033631 1.5999999999999996
      vertex 27.05223304703363 3.272233047033631 4.800000000000001
      vertex 26.797457514062632 3.570536869268817 4.800000000000001
    endloop
  endfacet
  facet normal -0.972369920397677 -0.23344536385590378 0
    outer loop
      vertex 26.442358709262116 4.267457514062632 1.5999999999999996
      vertex 26.442358709262116 4.267457514062632 4.800000000000001
      vertex 26.350779148512157 4.648913837399423 4.800000000000001
    endloop
  endfacet
  facet normal -0.9238795325112852 -0.38268343236509367 0
    outer loop
      vertex 26.592483689529082 3.905023750651133 1.5999999999999996
      vertex 26.592483689529082 3.905023750651133 4.800000000000001
      vertex 26.442358709262116 4.267457514062632 4.800000000000001
    endloop
  endfacet
  facet normal -0.9969173337331279 -0.07845909572784637 0
    outer loop
      vertex 26.350779148512157 4.648913837399423 1.5999999999999996
      vertex 26.350779148512157 4.648913837399423 4.800000000000001
      vertex 26.32 5.04 4.800000000000001
    endloop
  endfacet
  facet normal -0.9969173337331279 0.07845909572784637 0
    outer loop
      vertex 26.32 5.04 1.5999999999999996
      vertex 26.32 5.04 4.800000000000001
      vertex 26.350779148512157 5.431086162600577 4.800000000000001
    endloop
  endfacet
  facet normal -0.38268343236508884 -0.9238795325112871 0
    outer loop
      vertex 28.047457514062632 2.6623587092621164 1.5999999999999996
      vertex 28.047457514062632 2.6623587092621164 4.800000000000001
      vertex 27.685023750651133 2.8124836895290803 4.800000000000001
    endloop
  endfacet
  facet normal -0.23344536385590647 -0.9723699203976763 0
    outer loop
      vertex 28.428913837399424 2.5707791485121554 1.5999999999999996
      vertex 28.428913837399424 2.5707791485121554 4.800000000000001
      vertex 28.047457514062632 2.6623587092621164 4.800000000000001
    endloop
  endfacet
  facet normal -0.0784590957278443 -0.996917333733128 0
    outer loop
      vertex 28.82 2.54 1.5999999999999996
      vertex 28.82 2.54 4.800000000000001
      vertex 28.428913837399424 2.5707791485121554 4.800000000000001
    endloop
  endfacet
  facet normal -0.6494480483301821 -0.7604059656000323 0
    outer loop
      vertex 27.35053686926882 3.0174575140626314 1.5999999999999996
      vertex 27.35053686926882 3.0174575140626314 4.800000000000001
      vertex 27.05223304703363 3.272233047033631 4.800000000000001
    endloop
  endfacet
  facet normal -0.52249856471595 -0.8526401643540915 0
    outer loop
      vertex 27.685023750651133 2.8124836895290803 1.5999999999999996
      vertex 27.685023750651133 2.8124836895290803 4.800000000000001
      vertex 27.35053686926882 3.0174575140626314 4.800000000000001
    endloop
  endfacet
  facet normal -0.9969173337331279 0.07845909572784637 2.4797014888827904e-19
    outer loop
      vertex 26.32 5.04 1.5999999999999996
      vertex 26.350779148512157 5.431086162600577 4.800000000000001
      vertex 26.350779148512157 5.431086162600577 1.5999999999999996
    endloop
  endfacet
  facet normal -0.972369920397677 0.23344536385590378 -1.8243246747073645e-18
    outer loop
      vertex 26.350779148512157 5.431086162600577 1.5999999999999996
      vertex 26.442358709262116 5.812542485937368 4.800000000000001
      vertex 26.442358709262116 5.812542485937368 1.5999999999999996
    endloop
  endfacet
  facet normal -0.9238795325112852 0.38268343236509367 9.852659200136456e-19
    outer loop
      vertex 26.442358709262116 5.812542485937368 1.5999999999999996
      vertex 26.592483689529082 6.174976249348867 4.800000000000001
      vertex 26.592483689529082 6.174976249348867 1.5999999999999996
    endloop
  endfacet
  facet normal -0.8526401643540935 0.5224985647159465 -5.080510569903792e-18
    outer loop
      vertex 26.592483689529082 6.174976249348867 1.5999999999999996
      vertex 26.797457514062632 6.5094631307311825 4.800000000000001
      vertex 26.797457514062632 6.5094631307311825 1.5999999999999996
    endloop
  endfacet
  facet normal -0.7604059656000319 0.6494480483301825 3.910607510041933e-18
    outer loop
      vertex 26.797457514062632 6.5094631307311825 1.5999999999999996
      vertex 27.05223304703363 6.807766952966369 4.800000000000001
      vertex 27.05223304703363 6.807766952966369 1.5999999999999996
    endloop
  endfacet
  facet normal -0.6494480483301828 0.7604059656000317 -2.7546596969537322e-18
    outer loop
      vertex 27.05223304703363 6.807766952966369 1.5999999999999996
      vertex 27.35053686926882 7.062542485937369 4.800000000000001
      vertex 27.35053686926882 7.062542485937369 1.5999999999999996
    endloop
  endfacet
  facet normal -0.5224985647159492 0.852640164354092 -1.887445713331038e-18
    outer loop
      vertex 27.35053686926882 7.062542485937369 1.5999999999999996
      vertex 27.685023750651133 7.26751631047092 4.800000000000001
      vertex 27.685023750651133 7.26751631047092 1.5999999999999996
    endloop
  endfacet
  facet normal -0.3826834323650879 0.9238795325112874 2.0361019536240556e-20
    outer loop
      vertex 27.685023750651133 7.26751631047092 1.5999999999999996
      vertex 28.047457514062632 7.417641290737883 4.800000000000001
      vertex 28.047457514062632 7.417641290737883 1.5999999999999996
    endloop
  endfacet
  facet normal -0.23344536385590758 0.9723699203976761 2.4849340129750346e-19
    outer loop
      vertex 28.047457514062632 7.417641290737883 1.5999999999999996
      vertex 28.428913837399424 7.509220851487845 4.800000000000001
      vertex 28.428913837399424 7.509220851487845 1.5999999999999996
    endloop
  endfacet
  facet normal -0.0784590957278443 0.996917333733128 2.5482520223021486e-19
    outer loop
      vertex 28.428913837399424 7.509220851487845 1.5999999999999996
      vertex 28.82 7.54 4.800000000000001
      vertex 28.82 7.54 1.5999999999999996
    endloop
  endfacet
  facet normal -0.972369920397677 0.23344536385590378 0
    outer loop
      vertex 26.350779148512157 5.431086162600577 1.5999999999999996
      vertex 26.350779148512157 5.431086162600577 4.800000000000001
      vertex 26.442358709262116 5.812542485937368 4.800000000000001
    endloop
  endfacet
  facet normal -0.9238795325112852 0.38268343236509367 0
    outer loop
      vertex 26.442358709262116 5.812542485937368 1.5999999999999996
      vertex 26.442358709262116 5.812542485937368 4.800000000000001
      vertex 26.592483689529082 6.174976249348867 4.800000000000001
    endloop
  endfacet
  facet normal -0.8526401643540935 0.5224985647159465 0
    outer loop
      vertex 26.592483689529082 6.174976249348867 1.5999999999999996
      vertex 26.592483689529082 6.174976249348867 4.800000000000001
      vertex 26.797457514062632 6.5094631307311825 4.800000000000001
    endloop
  endfacet
  facet normal -0.7604059656000319 0.6494480483301825 0
    outer loop
      vertex 26.797457514062632 6.5094631307311825 1.5999999999999996
      vertex 26.797457514062632 6.5094631307311825 4.800000000000001
      vertex 27.05223304703363 6.807766952966369 4.800000000000001
    endloop
  endfacet
  facet normal -0.6494480483301828 0.7604059656000317 0
    outer loop
      vertex 27.05223304703363 6.807766952966369 1.5999999999999996
      vertex 27.05223304703363 6.807766952966369 4.800000000000001
      vertex 27.35053686926882 7.062542485937369 4.800000000000001
    endloop
  endfacet
  facet normal -0.5224985647159492 0.852640164354092 0
    outer loop
      vertex 27.35053686926882 7.062542485937369 1.5999999999999996
      vertex 27.35053686926882 7.062542485937369 4.800000000000001
      vertex 27.685023750651133 7.26751631047092 4.800000000000001
    endloop
  endfacet
  facet normal -0.3826834323650879 0.9238795325112874 0
    outer loop
      vertex 27.685023750651133 7.26751631047092 1.5999999999999996
      vertex 27.685023750651133 7.26751631047092 4.800000000000001
      vertex 28.047457514062632 7.417641290737883 4.800000000000001
    endloop
  endfacet
  facet normal -0.23344536385590758 0.9723699203976761 0
    outer loop
      vertex 28.047457514062632 7.417641290737883 1.5999999999999996
      vertex 28.047457514062632 7.417641290737883 4.800000000000001
      vertex 28.428913837399424 7.509220851487845 4.800000000000001
    endloop
  endfacet
  facet normal -0.0784590957278443 0.996917333733128 0
    outer loop
      vertex 28.428913837399424 7.509220851487845 1.5999999999999996
      vertex 28.428913837399424 7.509220851487845 4.800000000000001
      vertex 28.82 7.54 4.800000000000001
    endloop
  endfacet
  facet normal 0.0784590957278443 0.996917333733128 0
    outer loop
      vertex 28.82 7.54 1.5999999999999996
      vertex 28.82 7.54 4.800000000000001
      vertex 29.211086162600576 7.509220851487845 4.800000000000001
    endloop
  endfacet
  facet normal 0 0 1
    outer loop
      vertex 26.592483689529082 3.905023750651133 4.800000000000001
      vertex 26.797457514062632 3.570536869268817 4.800000000000001
      vertex 26.592483689529082 6.174976249348867 4.800000000000001
    endloop
  endfacet
  facet normal 0 0 1
    outer loop
      vertex 26.442358709262116 4.267457514062632 4.800000000000001
      vertex 26.350779148512157 5.431086162600577 4.800000000000001
      vertex 26.350779148512157 4.648913837399423 4.800000000000001
    endloop
  endfacet
  facet normal 0 0 1
    outer loop
      vertex 26.592483689529082 3.905023750651133 4.800000000000001
      vertex 26.442358709262116 5.812542485937368 4.800000000000001
      vertex 26.442358709262116 4.267457514062632 4.800000000000001
    endloop
  endfacet
  facet normal 0 0 1
    outer loop
      vertex 26.350779148512157 4.648913837399423 4.800000000000001
      vertex 26.350779148512157 5.431086162600577 4.800000000000001
      vertex 26.32 5.04 4.800000000000001
    endloop
  endfacet
  facet normal 0 0 1
    outer loop
      vertex 26.442358709262116 4.267457514062632 4.800000000000001
      vertex 26.442358709262116 5.812542485937368 4.800000000000001
      vertex 26.350779148512157 5.431086162600577 4.800000000000001
    endloop
  endfacet
  facet normal 0 0 1
    outer loop
      vertex 27.05223304703363 3.272233047033631 4.800000000000001
      vertex 26.797457514062632 6.5094631307311825 4.800000000000001
      vertex 26.797457514062632 3.570536869268817 4.800000000000001
    endloop
  endfacet
  facet normal 0 0 1
    outer loop
      vertex 27.05223304703363 3.272233047033631 4.800000000000001
      vertex 27.35053686926882 3.0174575140626314 4.800000000000001
      vertex 27.05223304703363 6.807766952966369 4.800000000000001
    endloop
  endfacet
  facet normal 0 0 1
    outer loop
      vertex 27.35053686926882 3.0174575140626314 4.800000000000001
      vertex 27.685023750651133 2.8124836895290803 4.800000000000001
      vertex 27.35053686926882 7.062542485937369 4.800000000000001
    endloop
  endfacet
  facet normal 0 0 1
    outer loop
      vertex 28.047457514062632 2.6623587092621164 4.800000000000001
      vertex 27.685023750651133 7.26751631047092 4.800000000000001
      vertex 27.685023750651133 2.8124836895290803 4.800000000000001
    endloop
  endfacet
  facet normal 0 0 1
    outer loop
      vertex 28.047457514062632 2.6623587092621164 4.800000000000001
      vertex 28.08089637399097 4.733853254107928 4.800000000000001
      vertex 28.02 5.04 4.800000000000001
    endloop
  endfacet
  facet normal 0 0 1
    outer loop
      vertex 28.047457514062632 2.6623587092621164 4.800000000000001
      vertex 28.02 5.04 4.800000000000001
      vertex 27.685023750651133 7.26751631047092 4.800000000000001
    endloop
  endfacet
  facet normal 0 0 1
    outer loop
      vertex 28.047457514062632 2.6623587092621164 4.800000000000001
      vertex 28.428913837399424 2.5707791485121554 4.800000000000001
      vertex 28.254314575050763 4.474314575050762 4.800000000000001
    endloop
  endfacet
  facet normal 0 0 1
    outer loop
      vertex 28.047457514062632 2.6623587092621164 4.800000000000001
      vertex 28.254314575050763 4.474314575050762 4.800000000000001
      vertex 28.08089637399097 4.733853254107928 4.800000000000001
    endloop
  endfacet
  facet normal 0 0 1
    outer loop
      vertex 28.428913837399424 2.5707791485121554 4.800000000000001
      vertex 28.51385325410793 4.3008963739909705 4.800000000000001
      vertex 28.254314575050763 4.474314575050762 4.800000000000001
    endloop
  endfacet
  facet normal 0 0 1
    outer loop
      vertex 28.428913837399424 2.5707791485121554 4.800000000000001
      vertex 28.82 2.54 4.800000000000001
      vertex 28.51385325410793 4.3008963739909705 4.800000000000001
    endloop
  endfacet
  facet normal 0 0 1
    outer loop
      vertex 28.82 2.54 4.800000000000001
      vertex 29.211086162600576 2.5707791485121554 4.800000000000001
      vertex 28.82 4.24 4.800000000000001
    endloop
  endfacet
  facet normal 0 0 1
    outer loop
      vertex 28.82 2.54 4.800000000000001
      vertex 28.82 4.24 4.800000000000001
      vertex 28.51385325410793 4.3008963739909705 4.800000000000001
    endloop
  endfacet
  facet normal 0 0 1
    outer loop
      vertex 26.592483689529082 3.905023750651133 4.800000000000001
      vertex 26.592483689529082 6.174976249348867 4.800000000000001
      vertex 26.442358709262116 5.812542485937368 4.800000000000001
    endloop
  endfacet
  facet normal 0 0 1
    outer loop
      vertex 26.797457514062632 3.570536869268817 4.800000000000001
      vertex 26.797457514062632 6.5094631307311825 4.800000000000001
      vertex 26.592483689529082 6.174976249348867 4.800000000000001
    endloop
  endfacet
  facet normal 0 0 1
    outer loop
      vertex 27.05223304703363 3.272233047033631 4.800000000000001
      vertex 27.05223304703363 6.807766952966369 4.800000000000001
      vertex 26.797457514062632 6.5094631307311825 4.800000000000001
    endloop
  endfacet
  facet normal 0 0 1
    outer loop
      vertex 27.35053686926882 3.0174575140626314 4.800000000000001
      vertex 27.35053686926882 7.062542485937369 4.800000000000001
      vertex 27.05223304703363 6.807766952966369 4.800000000000001
    endloop
  endfacet
  facet normal 0 0 1
    outer loop
      vertex 27.685023750651133 2.8124836895290803 4.800000000000001
      vertex 27.685023750651133 7.26751631047092 4.800000000000001
      vertex 27.35053686926882 7.062542485937369 4.800000000000001
    endloop
  endfacet
  facet normal 0 0 1
    outer loop
      vertex 27.685023750651133 7.26751631047092 4.800000000000001
      vertex 28.02 5.04 4.800000000000001
      vertex 28.08089637399097 5.346146745892072 4.800000000000001
    endloop
  endfacet
  facet normal 0 0 1
    outer loop
      vertex 27.685023750651133 7.26751631047092 4.800000000000001
      vertex 28.08089637399097 5.346146745892072 4.800000000000001
      vertex 28.047457514062632 7.417641290737883 4.800000000000001
    endloop
  endfacet
  facet normal 0 0 1
    outer loop
      vertex 28.047457514062632 7.417641290737883 4.800000000000001
      vertex 28.08089637399097 5.346146745892072 4.800000000000001
      vertex 28.254314575050763 5.605685424949238 4.800000000000001
    endloop
  endfacet
  facet normal 0 0 1
    outer loop
      vertex 28.047457514062632 7.417641290737883 4.800000000000001
      vertex 28.254314575050763 5.605685424949238 4.800000000000001
      vertex 28.51385325410793 5.77910362600903 4.800000000000001
    endloop
  endfacet
  facet normal 0 0 1
    outer loop
      vertex 28.428913837399424 7.509220851487845 4.800000000000001
      vertex 28.51385325410793 5.77910362600903 4.800000000000001
      vertex 28.82 5.84 4.800000000000001
    endloop
  endfacet
  facet normal 0 0 1
    outer loop
      vertex 28.82 7.54 4.800000000000001
      vertex 28.82 5.84 4.800000000000001
      vertex 29.126146745892072 5.77910362600903 4.800000000000001
    endloop
  endfacet
  facet normal 0 0 1
    outer loop
      vertex 28.047457514062632 7.417641290737883 4.800000000000001
      vertex 28.51385325410793 5.77910362600903 4.800000000000001
      vertex 28.428913837399424 7.509220851487845 4.800000000000001
    endloop
  endfacet
  facet normal 0 0 1
    outer loop
      vertex 28.428913837399424 7.509220851487845 4.800000000000001
      vertex 28.82 5.84 4.800000000000001
      vertex 28.82 7.54 4.800000000000001
    endloop
  endfacet
  facet normal 0.23344536385590647 -0.9723699203976763 0
    outer loop
      vertex 29.211086162600576 2.5707791485121554 1.5999999999999996
      vertex 29.59254248593737 2.6623587092621164 1.5999999999999996
      vertex 29.211086162600576 2.5707791485121554 4.800000000000001
    endloop
  endfacet
  facet normal 0.38268343236508884 -0.9238795325112871 0
    outer loop
      vertex 29.59254248593737 2.6623587092621164 1.5999999999999996
      vertex 29.954976249348867 2.8124836895290803 1.5999999999999996
      vertex 29.59254248593737 2.6623587092621164 4.800000000000001
    endloop
  endfacet
  facet normal 0.52249856471595 -0.8526401643540915 0
    outer loop
      vertex 29.954976249348867 2.8124836895290803 1.5999999999999996
      vertex 30.289463130731182 3.0174575140626314 1.5999999999999996
      vertex 29.954976249348867 2.8124836895290803 4.800000000000001
    endloop
  endfacet
  facet normal 0.6494480483301821 -0.7604059656000323 0
    outer loop
      vertex 30.289463130731182 3.0174575140626314 1.5999999999999996
      vertex 30.58776695296637 3.272233047033631 1.5999999999999996
      vertex 30.289463130731182 3.0174575140626314 4.800000000000001
    endloop
  endfacet
  facet normal 0.7604059656000315 -0.6494480483301831 0
    outer loop
      vertex 30.58776695296637 3.272233047033631 1.5999999999999996
      vertex 30.84254248593737 3.570536869268817 1.5999999999999996
      vertex 30.58776695296637 3.272233047033631 4.800000000000001
    endloop
  endfacet
  facet normal 0.852640164354094 -0.5224985647159461 0
    outer loop
      vertex 30.84254248593737 3.570536869268817 1.5999999999999996
      vertex 31.047516310470918 3.905023750651133 1.5999999999999996
      vertex 30.84254248593737 3.570536869268817 4.800000000000001
    endloop
  endfacet
  facet normal 0.9238795325112852 -0.38268343236509367 0
    outer loop
      vertex 31.047516310470918 3.905023750651133 1.5999999999999996
      vertex 31.197641290737884 4.267457514062632 1.5999999999999996
      vertex 31.047516310470918 3.905023750651133 4.800000000000001
    endloop
  endfacet
  facet normal 0.972369920397677 -0.23344536385590378 0
    outer loop
      vertex 31.197641290737884 4.267457514062632 1.5999999999999996
      vertex 31.289220851487844 4.648913837399423 1.5999999999999996
      vertex 31.197641290737884 4.267457514062632 4.800000000000001
    endloop
  endfacet
  facet normal 0.9969173337331279 -0.07845909572784637 0
    outer loop
      vertex 31.289220851487844 4.648913837399423 1.5999999999999996
      vertex 31.32 5.04 1.5999999999999996
      vertex 31.289220851487844 4.648913837399423 4.800000000000001
    endloop
  endfacet
  facet normal 0.9969173337331279 0.07845909572784637 0
    outer loop
      vertex 31.32 5.04 1.5999999999999996
      vertex 31.289220851487844 5.431086162600577 1.5999999999999996
      vertex 31.32 5.04 4.800000000000001
    endloop
  endfacet
  facet normal 0.0784590957278443 -0.996917333733128 2.5482520223021486e-19
    outer loop
      vertex 28.82 2.54 4.800000000000001
      vertex 29.211086162600576 2.5707791485121554 1.5999999999999996
      vertex 29.211086162600576 2.5707791485121554 4.800000000000001
    endloop
  endfacet
  facet normal 0.23344536385590647 -0.9723699203976763 0
    outer loop
      vertex 29.59254248593737 2.6623587092621164 1.5999999999999996
      vertex 29.59254248593737 2.6623587092621164 4.800000000000001
      vertex 29.211086162600576 2.5707791485121554 4.800000000000001
    endloop
  endfacet
  facet normal 0.38268343236508884 -0.9238795325112871 0
    outer loop
      vertex 29.954976249348867 2.8124836895290803 1.5999999999999996
      vertex 29.954976249348867 2.8124836895290803 4.800000000000001
      vertex 29.59254248593737 2.6623587092621164 4.800000000000001
    endloop
  endfacet
  facet normal 0.52249856471595 -0.8526401643540915 0
    outer loop
      vertex 30.289463130731182 3.0174575140626314 1.5999999999999996
      vertex 30.289463130731182 3.0174575140626314 4.800000000000001
      vertex 29.954976249348867 2.8124836895290803 4.800000000000001
    endloop
  endfacet
  facet normal 0.6494480483301821 -0.7604059656000323 0
    outer loop
      vertex 30.58776695296637 3.272233047033631 1.5999999999999996
      vertex 30.58776695296637 3.272233047033631 4.800000000000001
      vertex 30.289463130731182 3.0174575140626314 4.800000000000001
    endloop
  endfacet
  facet normal 0.7604059656000315 -0.6494480483301831 0
    outer loop
      vertex 30.84254248593737 3.570536869268817 1.5999999999999996
      vertex 30.84254248593737 3.570536869268817 4.800000000000001
      vertex 30.58776695296637 3.272233047033631 4.800000000000001
    endloop
  endfacet
  facet normal 0.852640164354094 -0.5224985647159461 0
    outer loop
      vertex 31.047516310470918 3.905023750651133 1.5999999999999996
      vertex 31.047516310470918 3.905023750651133 4.800000000000001
      vertex 30.84254248593737 3.570536869268817 4.800000000000001
    endloop
  endfacet
  facet normal 0.9238795325112852 -0.38268343236509367 0
    outer loop
      vertex 31.197641290737884 4.267457514062632 1.5999999999999996
      vertex 31.197641290737884 4.267457514062632 4.800000000000001
      vertex 31.047516310470918 3.905023750651133 4.800000000000001
    endloop
  endfacet
  facet normal 0.972369920397677 -0.23344536385590378 0
    outer loop
      vertex 31.289220851487844 4.648913837399423 1.5999999999999996
      vertex 31.289220851487844 4.648913837399423 4.800000000000001
      vertex 31.197641290737884 4.267457514062632 4.800000000000001
    endloop
  endfacet
  facet normal 0.9969173337331279 -0.07845909572784637 0
    outer loop
      vertex 31.32 5.04 1.5999999999999996
      vertex 31.32 5.04 4.800000000000001
      vertex 31.289220851487844 4.648913837399423 4.800000000000001
    endloop
  endfacet
  facet normal 0.0784590957278443 0.996917333733128 -2.5482520223021486e-19
    outer loop
      vertex 28.82 7.54 1.5999999999999996
      vertex 29.211086162600576 7.509220851487845 4.800000000000001
      vertex 29.211086162600576 7.509220851487845 1.5999999999999996
    endloop
  endfacet
  facet normal 0.23344536385590758 0.9723699203976761 -2.4849340129750346e-19
    outer loop
      vertex 29.211086162600576 7.509220851487845 1.5999999999999996
      vertex 29.59254248593737 7.417641290737883 4.800000000000001
      vertex 29.59254248593737 7.417641290737883 1.5999999999999996
    endloop
  endfacet
  facet normal 0.3826834323650879 0.9238795325112874 -2.0361019536240556e-20
    outer loop
      vertex 29.59254248593737 7.417641290737883 1.5999999999999996
      vertex 29.954976249348867 7.26751631047092 4.800000000000001
      vertex 29.954976249348867 7.26751631047092 1.5999999999999996
    endloop
  endfacet
  facet normal 0.5224985647159492 0.852640164354092 1.887445713331038e-18
    outer loop
      vertex 29.954976249348867 7.26751631047092 1.5999999999999996
      vertex 30.289463130731182 7.062542485937369 4.800000000000001
      vertex 30.289463130731182 7.062542485937369 1.5999999999999996
    endloop
  endfacet
  facet normal 0.6494480483301828 0.7604059656000317 2.7546596969537322e-18
    outer loop
      vertex 30.289463130731182 7.062542485937369 1.5999999999999996
      vertex 30.58776695296637 6.807766952966369 4.800000000000001
      vertex 30.58776695296637 6.807766952966369 1.5999999999999996
    endloop
  endfacet
  facet normal 0.7604059656000319 0.6494480483301825 -3.910607510041933e-18
    outer loop
      vertex 30.58776695296637 6.807766952966369 1.5999999999999996
      vertex 30.84254248593737 6.5094631307311825 4.800000000000001
      vertex 30.84254248593737 6.5094631307311825 1.5999999999999996
    endloop
  endfacet
  facet normal 0.8526401643540935 0.5224985647159465 0
    outer loop
      vertex 31.047516310470918 6.174976249348867 1.5999999999999996
      vertex 30.84254248593737 6.5094631307311825 1.5999999999999996
      vertex 31.047516310470918 6.174976249348867 4.800000000000001
    endloop
  endfacet
  facet normal 0.9238795325112852 0.38268343236509367 0
    outer loop
      vertex 31.197641290737884 5.812542485937368 1.5999999999999996
      vertex 31.047516310470918 6.174976249348867 1.5999999999999996
      vertex 31.197641290737884 5.812542485937368 4.800000000000001
    endloop
  endfacet
  facet normal 0.972369920397677 0.23344536385590378 1.8243246747073645e-18
    outer loop
      vertex 31.197641290737884 5.812542485937368 1.5999999999999996
      vertex 31.289220851487844 5.431086162600577 4.800000000000001
      vertex 31.289220851487844 5.431086162600577 1.5999999999999996
    endloop
  endfacet
  facet normal 0.23344536385590758 0.9723699203976761 0
    outer loop
      vertex 29.211086162600576 7.509220851487845 1.5999999999999996
      vertex 29.211086162600576 7.509220851487845 4.800000000000001
      vertex 29.59254248593737 7.417641290737883 4.800000000000001
    endloop
  endfacet
  facet normal 0.3826834323650879 0.9238795325112874 0
    outer loop
      vertex 29.59254248593737 7.417641290737883 1.5999999999999996
      vertex 29.59254248593737 7.417641290737883 4.800000000000001
      vertex 29.954976249348867 7.26751631047092 4.800000000000001
    endloop
  endfacet
  facet normal 0.5224985647159492 0.852640164354092 0
    outer loop
      vertex 29.954976249348867 7.26751631047092 1.5999999999999996
      vertex 29.954976249348867 7.26751631047092 4.800000000000001
      vertex 30.289463130731182 7.062542485937369 4.800000000000001
    endloop
  endfacet
  facet normal 0.6494480483301828 0.7604059656000317 0
    outer loop
      vertex 30.289463130731182 7.062542485937369 1.5999999999999996
      vertex 30.289463130731182 7.062542485937369 4.800000000000001
      vertex 30.58776695296637 6.807766952966369 4.800000000000001
    endloop
  endfacet
  facet normal 0.7604059656000319 0.6494480483301825 0
    outer loop
      vertex 30.58776695296637 6.807766952966369 1.5999999999999996
      vertex 30.58776695296637 6.807766952966369 4.800000000000001
      vertex 30.84254248593737 6.5094631307311825 4.800000000000001
    endloop
  endfacet
  facet normal 0.972369920397677 0.23344536385590378 0
    outer loop
      vertex 31.197641290737884 5.812542485937368 1.5999999999999996
      vertex 31.197641290737884 5.812542485937368 4.800000000000001
      vertex 31.289220851487844 5.431086162600577 4.800000000000001
    endloop
  endfacet
  facet normal 0.8526401643540935 0.5224985647159465 0
    outer loop
      vertex 30.84254248593737 6.5094631307311825 1.5999999999999996
      vertex 30.84254248593737 6.5094631307311825 4.800000000000001
      vertex 31.047516310470918 6.174976249348867 4.800000000000001
    endloop
  endfacet
  facet normal 0.9238795325112852 0.38268343236509367 0
    outer loop
      vertex 31.047516310470918 6.174976249348867 1.5999999999999996
      vertex 31.047516310470918 6.174976249348867 4.800000000000001
      vertex 31.197641290737884 5.812542485937368 4.800000000000001
    endloop
  endfacet
  facet normal 0.9969173337331279 0.07845909572784637 0
    outer loop
      vertex 31.289220851487844 5.431086162600577 1.5999999999999996
      vertex 31.289220851487844 5.431086162600577 4.800000000000001
      vertex 31.32 5.04 4.800000000000001
    endloop
  endfacet
  facet normal 0 0 1
    outer loop
      vertex 29.211086162600576 2.5707791485121554 4.800000000000001
      vertex 29.59254248593737 2.6623587092621164 4.800000000000001
      vertex 29.126146745892072 4.3008963739909705 4.800000000000001
    endloop
  endfacet
  facet normal 0 0 1
    outer loop
      vertex 29.211086162600576 2.5707791485121554 4.800000000000001
      vertex 29.126146745892072 4.3008963739909705 4.800000000000001
      vertex 28.82 4.24 4.800000000000001
    endloop
  endfacet
  facet normal 0 0 1
    outer loop
      vertex 29.59254248593737 2.6623587092621164 4.800000000000001
      vertex 29.385685424949237 4.474314575050762 4.800000000000001
      vertex 29.126146745892072 4.3008963739909705 4.800000000000001
    endloop
  endfacet
  facet normal 0 0 1
    outer loop
      vertex 29.59254248593737 2.6623587092621164 4.800000000000001
      vertex 29.954976249348867 2.8124836895290803 4.800000000000001
      vertex 29.55910362600903 4.733853254107928 4.800000000000001
    endloop
  endfacet
  facet normal 0 0 1
    outer loop
      vertex 29.59254248593737 2.6623587092621164 4.800000000000001
      vertex 29.55910362600903 4.733853254107928 4.800000000000001
      vertex 29.385685424949237 4.474314575050762 4.800000000000001
    endloop
  endfacet
  facet normal 0 0 1
    outer loop
      vertex 29.954976249348867 2.8124836895290803 4.800000000000001
      vertex 29.62 5.04 4.800000000000001
      vertex 29.55910362600903 4.733853254107928 4.800000000000001
    endloop
  endfacet
  facet normal 0 0 1
    outer loop
      vertex 29.954976249348867 2.8124836895290803 4.800000000000001
      vertex 29.59254248593737 7.417641290737883 4.800000000000001
      vertex 29.62 5.04 4.800000000000001
    endloop
  endfacet
  facet normal 0 0 1
    outer loop
      vertex 29.954976249348867 2.8124836895290803 4.800000000000001
      vertex 30.289463130731182 3.0174575140626314 4.800000000000001
      vertex 29.954976249348867 7.26751631047092 4.800000000000001
    endloop
  endfacet
  facet normal 0 0 1
    outer loop
      vertex 30.289463130731182 3.0174575140626314 4.800000000000001
      vertex 30.58776695296637 3.272233047033631 4.800000000000001
      vertex 30.289463130731182 7.062542485937369 4.800000000000001
    endloop
  endfacet
  facet normal 0 0 1
    outer loop
      vertex 30.58776695296637 3.272233047033631 4.800000000000001
      vertex 30.84254248593737 3.570536869268817 4.800000000000001
      vertex 30.58776695296637 6.807766952966369 4.800000000000001
    endloop
  endfacet
  facet normal 0 0 1
    outer loop
      vertex 30.84254248593737 3.570536869268817 4.800000000000001
      vertex 31.047516310470918 3.905023750651133 4.800000000000001
      vertex 30.84254248593737 6.5094631307311825 4.800000000000001
    endloop
  endfacet
  facet normal 0 0 1
    outer loop
      vertex 31.047516310470918 3.905023750651133 4.800000000000001
      vertex 31.197641290737884 4.267457514062632 4.800000000000001
      vertex 31.047516310470918 6.174976249348867 4.800000000000001
    endloop
  endfacet
  facet normal 0 0 1
    outer loop
      vertex 31.197641290737884 4.267457514062632 4.800000000000001
      vertex 31.289220851487844 4.648913837399423 4.800000000000001
      vertex 31.197641290737884 5.812542485937368 4.800000000000001
    endloop
  endfacet
  facet normal 0 0 1
    outer loop
      vertex 31.289220851487844 4.648913837399423 4.800000000000001
      vertex 31.32 5.04 4.800000000000001
      vertex 31.289220851487844 5.431086162600577 4.800000000000001
    endloop
  endfacet
  facet normal 0 0 1
    outer loop
      vertex 29.211086162600576 7.509220851487845 4.800000000000001
      vertex 29.126146745892072 5.77910362600903 4.800000000000001
      vertex 29.385685424949237 5.605685424949238 4.800000000000001
    endloop
  endfacet
  facet normal 0 0 1
    outer loop
      vertex 29.59254248593737 7.417641290737883 4.800000000000001
      vertex 29.55910362600903 5.346146745892072 4.800000000000001
      vertex 29.62 5.04 4.800000000000001
    endloop
  endfacet
  facet normal 0 0 1
    outer loop
      vertex 29.59254248593737 7.417641290737883 4.800000000000001
      vertex 29.385685424949237 5.605685424949238 4.800000000000001
      vertex 29.55910362600903 5.346146745892072 4.800000000000001
    endloop
  endfacet
  facet normal 0 0 1
    outer loop
      vertex 29.954976249348867 2.8124836895290803 4.800000000000001
      vertex 29.954976249348867 7.26751631047092 4.800000000000001
      vertex 29.59254248593737 7.417641290737883 4.800000000000001
    endloop
  endfacet
  facet normal 0 0 1
    outer loop
      vertex 28.82 7.54 4.800000000000001
      vertex 29.126146745892072 5.77910362600903 4.800000000000001
      vertex 29.211086162600576 7.509220851487845 4.800000000000001
    endloop
  endfacet
  facet normal 0 0 1
    outer loop
      vertex 29.211086162600576 7.509220851487845 4.800000000000001
      vertex 29.385685424949237 5.605685424949238 4.800000000000001
      vertex 29.59254248593737 7.417641290737883 4.800000000000001
    endloop
  endfacet
  facet normal 0 0 1
    outer loop
      vertex 30.289463130731182 3.0174575140626314 4.800000000000001
      vertex 30.289463130731182 7.062542485937369 4.800000000000001
      vertex 29.954976249348867 7.26751631047092 4.800000000000001
    endloop
  endfacet
  facet normal 0 0 1
    outer loop
      vertex 30.58776695296637 3.272233047033631 4.800000000000001
      vertex 30.58776695296637 6.807766952966369 4.800000000000001
      vertex 30.289463130731182 7.062542485937369 4.800000000000001
    endloop
  endfacet
  facet normal 0 0 1
    outer loop
      vertex 30.84254248593737 3.570536869268817 4.800000000000001
      vertex 30.84254248593737 6.5094631307311825 4.800000000000001
      vertex 30.58776695296637 6.807766952966369 4.800000000000001
    endloop
  endfacet
  facet normal 0 0 1
    outer loop
      vertex 31.047516310470918 3.905023750651133 4.800000000000001
      vertex 31.047516310470918 6.174976249348867 4.800000000000001
      vertex 30.84254248593737 6.5094631307311825 4.800000000000001
    endloop
  endfacet
  facet normal 0 0 1
    outer loop
      vertex 31.197641290737884 4.267457514062632 4.800000000000001
      vertex 31.197641290737884 5.812542485937368 4.800000000000001
      vertex 31.047516310470918 6.174976249348867 4.800000000000001
    endloop
  endfacet
  facet normal 0 0 1
    outer loop
      vertex 31.289220851487844 4.648913837399423 4.800000000000001
      vertex 31.289220851487844 5.431086162600577 4.800000000000001
      vertex 31.197641290737884 5.812542485937368 4.800000000000001
    endloop
  endfacet
  facet normal -0.9238795325112874 -0.3826834323650884 0
    outer loop
      vertex 42.29214740600308 38.36565411518765 1.5999999999999996
      vertex 42.4542823846914 37.97422565070323 1.5999999999999996
      vertex 42.29214740600308 38.36565411518765 10.400000000000002
    endloop
  endfacet
  facet normal -0.9723699203976777 -0.23344536385590134 4.536686628264489e-19
    outer loop
      vertex 42.29214740600308 38.36565411518765 1.5999999999999996
      vertex 42.19324148039313 38.777626944391386 10.400000000000002
      vertex 42.19324148039313 38.777626944391386 1.5999999999999996
    endloop
  endfacet
  facet normal -0.7604059656000278 -0.6494480483301874 0
    outer loop
      vertex 42.67565411518764 37.61297981881033 1.5999999999999996
      vertex 42.95081169079632 37.29081169079633 1.5999999999999996
      vertex 42.67565411518764 37.61297981881033 10.400000000000002
    endloop
  endfacet
  facet normal -0.6494480483301874 -0.7604059656000278 1.8386720917449032e-19
    outer loop
      vertex 43.27297981881032 37.01565411518765 1.5999999999999996
      vertex 42.95081169079632 37.29081169079633 10.400000000000002
      vertex 42.95081169079632 37.29081169079633 1.5999999999999996
    endloop
  endfacet
  facet normal -0.8526401643540903 -0.522498564715952 1.8425303947768877e-18
    outer loop
      vertex 42.67565411518764 37.61297981881033 1.5999999999999996
      vertex 42.4542823846914 37.97422565070323 10.400000000000002
      vertex 42.4542823846914 37.97422565070323 1.5999999999999996
    endloop
  endfacet
  facet normal -0.07845909572784927 -0.9969173337331277 0
    outer loop
      vertex 44.437626944391376 36.53324148039314 1.5999999999999996
      vertex 44.86 36.50000000000001 1.5999999999999996
      vertex 44.437626944391376 36.53324148039314 10.400000000000002
    endloop
  endfacet
  facet normal 0.07845909572784927 -0.9969173337331277 0
    outer loop
      vertex 44.86 36.50000000000001 1.5999999999999996
      vertex 45.28237305560862 36.53324148039314 1.5999999999999996
      vertex 44.86 36.50000000000001 10.400000000000002
    endloop
  endfacet
  facet normal -0.522498564715952 -0.8526401643540903 0
    outer loop
      vertex 43.27297981881032 37.01565411518765 1.5999999999999996
      vertex 43.63422565070322 36.794282384691414 1.5999999999999996
      vertex 43.27297981881032 37.01565411518765 10.400000000000002
    endloop
  endfacet
  facet normal -0.3826834323650884 -0.9238795325112874 0
    outer loop
      vertex 43.63422565070322 36.794282384691414 1.5999999999999996
      vertex 44.02565411518764 36.63214740600309 1.5999999999999996
      vertex 43.63422565070322 36.794282384691414 10.400000000000002
    endloop
  endfacet
  facet normal -0.23344536385590134 -0.9723699203976777 4.536686628264489e-19
    outer loop
      vertex 44.437626944391376 36.53324148039314 1.5999999999999996
      vertex 44.02565411518764 36.63214740600309 10.400000000000002
      vertex 44.02565411518764 36.63214740600309 1.5999999999999996
    endloop
  endfacet
  facet normal 0.23344536385590134 -0.9723699203976777 0
    outer loop
      vertex 45.28237305560862 36.53324148039314 1.5999999999999996
      vertex 45.69434588481236 36.63214740600309 1.5999999999999996
      vertex 45.28237305560862 36.53324148039314 10.400000000000002
    endloop
  endfacet
  facet normal 0.3826834323650884 -0.9238795325112874 0
    outer loop
      vertex 45.69434588481236 36.63214740600309 1.5999999999999996
      vertex 46.08577434929678 36.794282384691414 1.5999999999999996
      vertex 45.69434588481236 36.63214740600309 10.400000000000002
    endloop
  endfacet
  facet normal 0.522498564715952 -0.8526401643540903 0
    outer loop
      vertex 46.08577434929678 36.794282384691414 1.5999999999999996
      vertex 46.44702018118968 37.01565411518765 1.5999999999999996
      vertex 46.08577434929678 36.794282384691414 10.400000000000002
    endloop
  endfacet
  facet normal 0.6494480483301874 -0.7604059656000278 0
    outer loop
      vertex 46.44702018118968 37.01565411518765 1.5999999999999996
      vertex 46.76918830920368 37.29081169079633 1.5999999999999996
      vertex 46.44702018118968 37.01565411518765 10.400000000000002
    endloop
  endfacet
  facet normal 0.7604059656000278 -0.6494480483301874 0
    outer loop
      vertex 46.76918830920368 37.29081169079633 1.5999999999999996
      vertex 47.04434588481236 37.61297981881033 1.5999999999999996
      vertex 46.76918830920368 37.29081169079633 10.400000000000002
    endloop
  endfacet
  facet normal 0.8526401643540903 -0.522498564715952 0
    outer loop
      vertex 47.04434588481236 37.61297981881033 1.5999999999999996
      vertex 47.265717615308596 37.97422565070323 1.5999999999999996
      vertex 47.04434588481236 37.61297981881033 10.400000000000002
    endloop
  endfacet
  facet normal 0.9238795325112874 -0.3826834323650884 0
    outer loop
      vertex 47.265717615308596 37.97422565070323 1.5999999999999996
      vertex 47.42785259399692 38.36565411518765 1.5999999999999996
      vertex 47.265717615308596 37.97422565070323 10.400000000000002
    endloop
  endfacet
  facet normal 0.9723699203976777 -0.23344536385590134 0
    outer loop
      vertex 47.42785259399692 38.36565411518765 1.5999999999999996
      vertex 47.52675851960687 38.777626944391386 1.5999999999999996
      vertex 47.42785259399692 38.36565411518765 10.400000000000002
    endloop
  endfacet
  facet normal 0.9969173337331277 -0.07845909572784927 0
    outer loop
      vertex 47.52675851960687 38.777626944391386 1.5999999999999996
      vertex 47.56 39.20000000000001 1.5999999999999996
      vertex 47.52675851960687 38.777626944391386 10.400000000000002
    endloop
  endfacet
  facet normal -0.9238795325112874 -0.3826834323650884 0
    outer loop
      vertex 42.4542823846914 37.97422565070323 1.5999999999999996
      vertex 42.4542823846914 37.97422565070323 10.400000000000002
      vertex 42.29214740600308 38.36565411518765 10.400000000000002
    endloop
  endfacet
  facet normal -0.9969173337331277 -0.07845909572784927 0
    outer loop
      vertex 42.19324148039313 38.777626944391386 1.5999999999999996
      vertex 42.19324148039313 38.777626944391386 10.400000000000002
      vertex 42.16 39.20000000000001 10.400000000000002
    endloop
  endfacet
  facet normal -0.9723699203976777 -0.23344536385590134 0
    outer loop
      vertex 42.29214740600308 38.36565411518765 1.5999999999999996
      vertex 42.29214740600308 38.36565411518765 10.400000000000002
      vertex 42.19324148039313 38.777626944391386 10.400000000000002
    endloop
  endfacet
  facet normal -0.8526401643540903 -0.522498564715952 0
    outer loop
      vertex 42.67565411518764 37.61297981881033 1.5999999999999996
      vertex 42.67565411518764 37.61297981881033 10.400000000000002
      vertex 42.4542823846914 37.97422565070323 10.400000000000002
    endloop
  endfacet
  facet normal -0.6494480483301874 -0.7604059656000278 0
    outer loop
      vertex 43.27297981881032 37.01565411518765 1.5999999999999996
      vertex 43.27297981881032 37.01565411518765 10.400000000000002
      vertex 42.95081169079632 37.29081169079633 10.400000000000002
    endloop
  endfacet
  facet normal -0.7604059656000278 -0.6494480483301874 0
    outer loop
      vertex 42.95081169079632 37.29081169079633 1.5999999999999996
      vertex 42.95081169079632 37.29081169079633 10.400000000000002
      vertex 42.67565411518764 37.61297981881033 10.400000000000002
    endloop
  endfacet
  facet normal 0 0 1
    outer loop
      vertex 42.29214740600308 38.36565411518765 10.400000000000002
      vertex 42.19324148039313 39.622373055608634 10.400000000000002
      vertex 42.19324148039313 38.777626944391386 10.400000000000002
    endloop
  endfacet
  facet normal 0 0 1
    outer loop
      vertex 42.29214740600308 38.36565411518765 10.400000000000002
      vertex 42.4542823846914 37.97422565070323 10.400000000000002
      vertex 42.29214740600308 40.03434588481237 10.400000000000002
    endloop
  endfacet
  facet normal 0 0 1
    outer loop
      vertex 42.67565411518764 37.61297981881033 10.400000000000002
      vertex 42.4542823846914 40.42577434929679 10.400000000000002
      vertex 42.4542823846914 37.97422565070323 10.400000000000002
    endloop
  endfacet
  facet normal 0 0 1
    outer loop
      vertex 42.67565411518764 37.61297981881033 10.400000000000002
      vertex 42.95081169079632 37.29081169079633 10.400000000000002
      vertex 42.67565411518764 40.78702018118969 10.400000000000002
    endloop
  endfacet
  facet normal 0 0 1
    outer loop
      vertex 43.27297981881032 37.01565411518765 10.400000000000002
      vertex 42.95081169079632 41.10918830920369 10.400000000000002
      vertex 42.95081169079632 37.29081169079633 10.400000000000002
    endloop
  endfacet
  facet normal -0.07845909572784927 -0.9969173337331277 0
    outer loop
      vertex 44.86 36.50000000000001 1.5999999999999996
      vertex 44.86 36.50000000000001 10.400000000000002
      vertex 44.437626944391376 36.53324148039314 10.400000000000002
    endloop
  endfacet
  facet normal -0.522498564715952 -0.8526401643540903 0
    outer loop
      vertex 43.63422565070322 36.794282384691414 1.5999999999999996
      vertex 43.63422565070322 36.794282384691414 10.400000000000002
      vertex 43.27297981881032 37.01565411518765 10.400000000000002
    endloop
  endfacet
  facet normal -0.3826834323650884 -0.9238795325112874 0
    outer loop
      vertex 44.02565411518764 36.63214740600309 1.5999999999999996
      vertex 44.02565411518764 36.63214740600309 10.400000000000002
      vertex 43.63422565070322 36.794282384691414 10.400000000000002
    endloop
  endfacet
  facet normal -0.23344536385590134 -0.9723699203976777 0
    outer loop
      vertex 44.437626944391376 36.53324148039314 1.5999999999999996
      vertex 44.437626944391376 36.53324148039314 10.400000000000002
      vertex 44.02565411518764 36.63214740600309 10.400000000000002
    endloop
  endfacet
  facet normal 0.07845909572784927 -0.9969173337331277 0
    outer loop
      vertex 45.28237305560862 36.53324148039314 1.5999999999999996
      vertex 45.28237305560862 36.53324148039314 10.400000000000002
      vertex 44.86 36.50000000000001 10.400000000000002
    endloop
  endfacet
  facet normal 0.23344536385590134 -0.9723699203976777 0
    outer loop
      vertex 45.69434588481236 36.63214740600309 1.5999999999999996
      vertex 45.69434588481236 36.63214740600309 10.400000000000002
      vertex 45.28237305560862 36.53324148039314 10.400000000000002
    endloop
  endfacet
  facet normal 0.3826834323650884 -0.9238795325112874 0
    outer loop
      vertex 46.08577434929678 36.794282384691414 1.5999999999999996
      vertex 46.08577434929678 36.794282384691414 10.400000000000002
      vertex 45.69434588481236 36.63214740600309 10.400000000000002
    endloop
  endfacet
  facet normal 0.522498564715952 -0.8526401643540903 0
    outer loop
      vertex 46.44702018118968 37.01565411518765 1.5999999999999996
      vertex 46.44702018118968 37.01565411518765 10.400000000000002
      vertex 46.08577434929678 36.794282384691414 10.400000000000002
    endloop
  endfacet
  facet normal 0.6494480483301874 -0.7604059656000278 0
    outer loop
      vertex 46.76918830920368 37.29081169079633 1.5999999999999996
      vertex 46.76918830920368 37.29081169079633 10.400000000000002
      vertex 46.44702018118968 37.01565411518765 10.400000000000002
    endloop
  endfacet
  facet normal 0.7604059656000278 -0.6494480483301874 0
    outer loop
      vertex 47.04434588481236 37.61297981881033 1.5999999999999996
      vertex 47.04434588481236 37.61297981881033 10.400000000000002
      vertex 46.76918830920368 37.29081169079633 10.400000000000002
    endloop
  endfacet
  facet normal 0.8526401643540903 -0.522498564715952 0
    outer loop
      vertex 47.265717615308596 37.97422565070323 1.5999999999999996
      vertex 47.265717615308596 37.97422565070323 10.400000000000002
      vertex 47.04434588481236 37.61297981881033 10.400000000000002
    endloop
  endfacet
  facet normal 0.9238795325112874 -0.3826834323650884 0
    outer loop
      vertex 47.42785259399692 38.36565411518765 1.5999999999999996
      vertex 47.42785259399692 38.36565411518765 10.400000000000002
      vertex 47.265717615308596 37.97422565070323 10.400000000000002
    endloop
  endfacet
  facet normal 0.9723699203976777 -0.23344536385590134 0
    outer loop
      vertex 47.52675851960687 38.777626944391386 1.5999999999999996
      vertex 47.52675851960687 38.777626944391386 10.400000000000002
      vertex 47.42785259399692 38.36565411518765 10.400000000000002
    endloop
  endfacet
  facet normal 0 0 1
    outer loop
      vertex 43.27297981881032 37.01565411518765 10.400000000000002
      vertex 43.63422565070322 36.794282384691414 10.400000000000002
      vertex 43.27297981881032 41.38434588481237 10.400000000000002
    endloop
  endfacet
  facet normal 0 0 1
    outer loop
      vertex 43.63422565070322 36.794282384691414 10.400000000000002
      vertex 44.02565411518764 36.63214740600309 10.400000000000002
      vertex 43.63422565070322 41.605717615308606 10.400000000000002
    endloop
  endfacet
  facet normal 0 0 1
    outer loop
      vertex 44.02565411518764 36.63214740600309 10.400000000000002
      vertex 44.12089637399097 38.89385325410794 10.400000000000002
      vertex 44.06 39.20000000000001 10.400000000000002
    endloop
  endfacet
  facet normal 0 0 1
    outer loop
      vertex 44.437626944391376 36.53324148039314 10.400000000000002
      vertex 44.12089637399097 38.89385325410794 10.400000000000002
      vertex 44.02565411518764 36.63214740600309 10.400000000000002
    endloop
  endfacet
  facet normal 0 0 1
    outer loop
      vertex 44.437626944391376 36.53324148039314 10.400000000000002
      vertex 44.86 36.50000000000001 10.400000000000002
      vertex 44.55385325410793 38.460896373990984 10.400000000000002
    endloop
  endfacet
  facet normal 0 0 1
    outer loop
      vertex 44.86 36.50000000000001 10.400000000000002
      vertex 45.28237305560862 36.53324148039314 10.400000000000002
      vertex 44.86 38.40000000000001 10.400000000000002
    endloop
  endfacet
  facet normal 0 0 1
    outer loop
      vertex 44.437626944391376 36.53324148039314 10.400000000000002
      vertex 44.29431457505076 38.63431457505077 10.400000000000002
      vertex 44.12089637399097 38.89385325410794 10.400000000000002
    endloop
  endfacet
  facet normal 0 0 1
    outer loop
      vertex 44.437626944391376 36.53324148039314 10.400000000000002
      vertex 44.55385325410793 38.460896373990984 10.400000000000002
      vertex 44.29431457505076 38.63431457505077 10.400000000000002
    endloop
  endfacet
  facet normal 0 0 1
    outer loop
      vertex 44.86 36.50000000000001 10.400000000000002
      vertex 44.86 38.40000000000001 10.400000000000002
      vertex 44.55385325410793 38.460896373990984 10.400000000000002
    endloop
  endfacet
  facet normal 0 0 1
    outer loop
      vertex 45.28237305560862 36.53324148039314 10.400000000000002
      vertex 45.69434588481236 36.63214740600309 10.400000000000002
      vertex 45.16614674589207 38.460896373990984 10.400000000000002
    endloop
  endfacet
  facet normal 0 0 1
    outer loop
      vertex 45.28237305560862 36.53324148039314 10.400000000000002
      vertex 45.16614674589207 38.460896373990984 10.400000000000002
      vertex 44.86 38.40000000000001 10.400000000000002
    endloop
  endfacet
  facet normal 0 0 1
    outer loop
      vertex 45.69434588481236 36.63214740600309 10.400000000000002
      vertex 45.425685424949236 38.63431457505077 10.400000000000002
      vertex 45.16614674589207 38.460896373990984 10.400000000000002
    endloop
  endfacet
  facet normal 0 0 1
    outer loop
      vertex 45.69434588481236 36.63214740600309 10.400000000000002
      vertex 45.599103626009025 38.89385325410794 10.400000000000002
      vertex 45.425685424949236 38.63431457505077 10.400000000000002
    endloop
  endfacet
  facet normal 0 0 1
    outer loop
      vertex 45.69434588481236 36.63214740600309 10.400000000000002
      vertex 45.66 39.20000000000001 10.400000000000002
      vertex 45.599103626009025 38.89385325410794 10.400000000000002
    endloop
  endfacet
  facet normal 0 0 1
    outer loop
      vertex 45.69434588481236 36.63214740600309 10.400000000000002
      vertex 46.08577434929678 36.794282384691414 10.400000000000002
      vertex 45.69434588481236 41.76785259399693 10.400000000000002
    endloop
  endfacet
  facet normal 0 0 1
    outer loop
      vertex 46.08577434929678 36.794282384691414 10.400000000000002
      vertex 46.44702018118968 37.01565411518765 10.400000000000002
      vertex 46.08577434929678 41.605717615308606 10.400000000000002
    endloop
  endfacet
  facet normal 0 0 1
    outer loop
      vertex 46.44702018118968 37.01565411518765 10.400000000000002
      vertex 46.76918830920368 37.29081169079633 10.400000000000002
      vertex 46.44702018118968 41.38434588481237 10.400000000000002
    endloop
  endfacet
  facet normal 0 0 1
    outer loop
      vertex 46.76918830920368 37.29081169079633 10.400000000000002
      vertex 47.04434588481236 37.61297981881033 10.400000000000002
      vertex 46.76918830920368 41.10918830920369 10.400000000000002
    endloop
  endfacet
  facet normal 0 0 1
    outer loop
      vertex 47.04434588481236 37.61297981881033 10.400000000000002
      vertex 47.265717615308596 37.97422565070323 10.400000000000002
      vertex 47.04434588481236 40.78702018118969 10.400000000000002
    endloop
  endfacet
  facet normal 0 0 1
    outer loop
      vertex 47.265717615308596 37.97422565070323 10.400000000000002
      vertex 47.42785259399692 38.36565411518765 10.400000000000002
      vertex 47.265717615308596 40.42577434929679 10.400000000000002
    endloop
  endfacet
  facet normal -0.9969173337331277 -0.07845909572784927 -2.2829477536247724e-19
    outer loop
      vertex 42.19324148039313 38.777626944391386 1.5999999999999996
      vertex 42.16 39.20000000000001 10.400000000000002
      vertex 42.16 39.20000000000001 1.5999999999999996
    endloop
  endfacet
  facet normal -0.9969173337331277 0.07845909572784927 2.2829477536247724e-19
    outer loop
      vertex 42.16 39.20000000000001 1.5999999999999996
      vertex 42.19324148039313 39.622373055608634 10.400000000000002
      vertex 42.19324148039313 39.622373055608634 1.5999999999999996
    endloop
  endfacet
  facet normal -0.9723699203976777 0.23344536385590134 -4.536686628264489e-19
    outer loop
      vertex 42.19324148039313 39.622373055608634 1.5999999999999996
      vertex 42.29214740600308 40.03434588481237 10.400000000000002
      vertex 42.29214740600308 40.03434588481237 1.5999999999999996
    endloop
  endfacet
  facet normal -0.9238795325112874 0.3826834323650884 -1.2608826970276225e-18
    outer loop
      vertex 42.29214740600308 40.03434588481237 1.5999999999999996
      vertex 42.4542823846914 40.42577434929679 10.400000000000002
      vertex 42.4542823846914 40.42577434929679 1.5999999999999996
    endloop
  endfacet
  facet normal -0.8526401643540903 0.522498564715952 -1.8425303947768877e-18
    outer loop
      vertex 42.4542823846914 40.42577434929679 1.5999999999999996
      vertex 42.67565411518764 40.78702018118969 10.400000000000002
      vertex 42.67565411518764 40.78702018118969 1.5999999999999996
    endloop
  endfacet
  facet normal -0.7604059656000278 0.6494480483301874 -1.8386720917449032e-19
    outer loop
      vertex 42.67565411518764 40.78702018118969 1.5999999999999996
      vertex 42.95081169079632 41.10918830920369 10.400000000000002
      vertex 42.95081169079632 41.10918830920369 1.5999999999999996
    endloop
  endfacet
  facet normal -0.6494480483301874 0.7604059656000278 -1.8386720917449032e-19
    outer loop
      vertex 42.95081169079632 41.10918830920369 1.5999999999999996
      vertex 43.27297981881032 41.38434588481237 10.400000000000002
      vertex 43.27297981881032 41.38434588481237 1.5999999999999996
    endloop
  endfacet
  facet normal -0.522498564715952 0.8526401643540903 -1.8425303947768877e-18
    outer loop
      vertex 43.27297981881032 41.38434588481237 1.5999999999999996
      vertex 43.63422565070322 41.605717615308606 10.400000000000002
      vertex 43.63422565070322 41.605717615308606 1.5999999999999996
    endloop
  endfacet
  facet normal -0.3826834323650884 0.9238795325112874 -1.2608826970276225e-18
    outer loop
      vertex 43.63422565070322 41.605717615308606 1.5999999999999996
      vertex 44.02565411518764 41.76785259399693 10.400000000000002
      vertex 44.02565411518764 41.76785259399693 1.5999999999999996
    endloop
  endfacet
  facet normal -0.23344536385590134 0.9723699203976777 -4.536686628264489e-19
    outer loop
      vertex 44.02565411518764 41.76785259399693 1.5999999999999996
      vertex 44.437626944391376 41.86675851960688 10.400000000000002
      vertex 44.437626944391376 41.86675851960688 1.5999999999999996
    endloop
  endfacet
  facet normal -0.07845909572784927 0.9969173337331277 2.2829477536247724e-19
    outer loop
      vertex 44.437626944391376 41.86675851960688 1.5999999999999996
      vertex 44.86 41.90000000000001 10.400000000000002
      vertex 44.86 41.90000000000001 1.5999999999999996
    endloop
  endfacet
  facet normal 0.6494480483301874 0.7604059656000278 0
    outer loop
      vertex 46.76918830920368 41.10918830920369 1.5999999999999996
      vertex 46.44702018118968 41.38434588481237 1.5999999999999996
      vertex 46.76918830920368 41.10918830920369 10.400000000000002
    endloop
  endfacet
  facet normal 0.07845909572784927 0.9969173337331277 -2.2829477536247724e-19
    outer loop
      vertex 44.86 41.90000000000001 1.5999999999999996
      vertex 45.28237305560862 41.86675851960688 10.400000000000002
      vertex 45.28237305560862 41.86675851960688 1.5999999999999996
    endloop
  endfacet
  facet normal 0.23344536385590134 0.9723699203976777 4.536686628264489e-19
    outer loop
      vertex 45.28237305560862 41.86675851960688 1.5999999999999996
      vertex 45.69434588481236 41.76785259399693 10.400000000000002
      vertex 45.69434588481236 41.76785259399693 1.5999999999999996
    endloop
  endfacet
  facet normal 0.3826834323650884 0.9238795325112874 1.2608826970276225e-18
    outer loop
      vertex 45.69434588481236 41.76785259399693 1.5999999999999996
      vertex 46.08577434929678 41.605717615308606 10.400000000000002
      vertex 46.08577434929678 41.605717615308606 1.5999999999999996
    endloop
  endfacet
  facet normal 0.522498564715952 0.8526401643540903 1.8425303947768877e-18
    outer loop
      vertex 46.08577434929678 41.605717615308606 1.5999999999999996
      vertex 46.44702018118968 41.38434588481237 10.400000000000002
      vertex 46.44702018118968 41.38434588481237 1.5999999999999996
    endloop
  endfacet
  facet normal 0.9969173337331277 0.07845909572784927 0
    outer loop
      vertex 47.56 39.20000000000001 1.5999999999999996
      vertex 47.52675851960687 39.622373055608634 1.5999999999999996
      vertex 47.56 39.20000000000001 10.400000000000002
    endloop
  endfacet
  facet normal 0.9723699203976777 0.23344536385590134 0
    outer loop
      vertex 47.52675851960687 39.622373055608634 1.5999999999999996
      vertex 47.42785259399692 40.03434588481237 1.5999999999999996
      vertex 47.52675851960687 39.622373055608634 10.400000000000002
    endloop
  endfacet
  facet normal 0.8526401643540903 0.522498564715952 0
    outer loop
      vertex 47.265717615308596 40.42577434929679 1.5999999999999996
      vertex 47.04434588481236 40.78702018118969 1.5999999999999996
      vertex 47.265717615308596 40.42577434929679 10.400000000000002
    endloop
  endfacet
  facet normal 0.7604059656000278 0.6494480483301874 1.8386720917449032e-19
    outer loop
      vertex 46.76918830920368 41.10918830920369 1.5999999999999996
      vertex 47.04434588481236 40.78702018118969 10.400000000000002
      vertex 47.04434588481236 40.78702018118969 1.5999999999999996
    endloop
  endfacet
  facet normal 0.9238795325112874 0.3826834323650884 0
    outer loop
      vertex 47.42785259399692 40.03434588481237 1.5999999999999996
      vertex 47.265717615308596 40.42577434929679 1.5999999999999996
      vertex 47.42785259399692 40.03434588481237 10.400000000000002
    endloop
  endfacet
  facet normal -0.9969173337331277 0.07845909572784927 0
    outer loop
      vertex 42.16 39.20000000000001 1.5999999999999996
      vertex 42.16 39.20000000000001 10.400000000000002
      vertex 42.19324148039313 39.622373055608634 10.400000000000002
    endloop
  endfacet
  facet normal -0.9723699203976777 0.23344536385590134 0
    outer loop
      vertex 42.19324148039313 39.622373055608634 1.5999999999999996
      vertex 42.19324148039313 39.622373055608634 10.400000000000002
      vertex 42.29214740600308 40.03434588481237 10.400000000000002
    endloop
  endfacet
  facet normal -0.9238795325112874 0.3826834323650884 0
    outer loop
      vertex 42.29214740600308 40.03434588481237 1.5999999999999996
      vertex 42.29214740600308 40.03434588481237 10.400000000000002
      vertex 42.4542823846914 40.42577434929679 10.400000000000002
    endloop
  endfacet
  facet normal -0.8526401643540903 0.522498564715952 0
    outer loop
      vertex 42.4542823846914 40.42577434929679 1.5999999999999996
      vertex 42.4542823846914 40.42577434929679 10.400000000000002
      vertex 42.67565411518764 40.78702018118969 10.400000000000002
    endloop
  endfacet
  facet normal -0.7604059656000278 0.6494480483301874 0
    outer loop
      vertex 42.67565411518764 40.78702018118969 1.5999999999999996
      vertex 42.67565411518764 40.78702018118969 10.400000000000002
      vertex 42.95081169079632 41.10918830920369 10.400000000000002
    endloop
  endfacet
  facet normal -0.6494480483301874 0.7604059656000278 0
    outer loop
      vertex 42.95081169079632 41.10918830920369 1.5999999999999996
      vertex 42.95081169079632 41.10918830920369 10.400000000000002
      vertex 43.27297981881032 41.38434588481237 10.400000000000002
    endloop
  endfacet
  facet normal 0 0 1
    outer loop
      vertex 42.19324148039313 38.777626944391386 10.400000000000002
      vertex 42.19324148039313 39.622373055608634 10.400000000000002
      vertex 42.16 39.20000000000001 10.400000000000002
    endloop
  endfacet
  facet normal 0 0 1
    outer loop
      vertex 42.29214740600308 38.36565411518765 10.400000000000002
      vertex 42.29214740600308 40.03434588481237 10.400000000000002
      vertex 42.19324148039313 39.622373055608634 10.400000000000002
    endloop
  endfacet
  facet normal 0 0 1
    outer loop
      vertex 42.4542823846914 37.97422565070323 10.400000000000002
      vertex 42.4542823846914 40.42577434929679 10.400000000000002
      vertex 42.29214740600308 40.03434588481237 10.400000000000002
    endloop
  endfacet
  facet normal 0 0 1
    outer loop
      vertex 42.67565411518764 37.61297981881033 10.400000000000002
      vertex 42.67565411518764 40.78702018118969 10.400000000000002
      vertex 42.4542823846914 40.42577434929679 10.400000000000002
    endloop
  endfacet
  facet normal 0 0 1
    outer loop
      vertex 42.95081169079632 37.29081169079633 10.400000000000002
      vertex 42.95081169079632 41.10918830920369 10.400000000000002
      vertex 42.67565411518764 40.78702018118969 10.400000000000002
    endloop
  endfacet
  facet normal 0 0 1
    outer loop
      vertex 43.27297981881032 37.01565411518765 10.400000000000002
      vertex 43.27297981881032 41.38434588481237 10.400000000000002
      vertex 42.95081169079632 41.10918830920369 10.400000000000002
    endloop
  endfacet
  facet normal -0.522498564715952 0.8526401643540903 0
    outer loop
      vertex 43.27297981881032 41.38434588481237 1.5999999999999996
      vertex 43.27297981881032 41.38434588481237 10.400000000000002
      vertex 43.63422565070322 41.605717615308606 10.400000000000002
    endloop
  endfacet
  facet normal -0.3826834323650884 0.9238795325112874 0
    outer loop
      vertex 43.63422565070322 41.605717615308606 1.5999999999999996
      vertex 43.63422565070322 41.605717615308606 10.400000000000002
      vertex 44.02565411518764 41.76785259399693 10.400000000000002
    endloop
  endfacet
  facet normal -0.23344536385590134 0.9723699203976777 0
    outer loop
      vertex 44.02565411518764 41.76785259399693 1.5999999999999996
      vertex 44.02565411518764 41.76785259399693 10.400000000000002
      vertex 44.437626944391376 41.86675851960688 10.400000000000002
    endloop
  endfacet
  facet normal -0.07845909572784927 0.9969173337331277 0
    outer loop
      vertex 44.437626944391376 41.86675851960688 1.5999999999999996
      vertex 44.437626944391376 41.86675851960688 10.400000000000002
      vertex 44.86 41.90000000000001 10.400000000000002
    endloop
  endfacet
  facet normal 0.07845909572784927 0.9969173337331277 0
    outer loop
      vertex 44.86 41.90000000000001 1.5999999999999996
      vertex 44.86 41.90000000000001 10.400000000000002
      vertex 45.28237305560862 41.86675851960688 10.400000000000002
    endloop
  endfacet
  facet normal 0.6494480483301874 0.7604059656000278 0
    outer loop
      vertex 46.44702018118968 41.38434588481237 1.5999999999999996
      vertex 46.44702018118968 41.38434588481237 10.400000000000002
      vertex 46.76918830920368 41.10918830920369 10.400000000000002
    endloop
  endfacet
  facet normal 0.7604059656000278 0.6494480483301874 0
    outer loop
      vertex 46.76918830920368 41.10918830920369 1.5999999999999996
      vertex 46.76918830920368 41.10918830920369 10.400000000000002
      vertex 47.04434588481236 40.78702018118969 10.400000000000002
    endloop
  endfacet
  facet normal 0.23344536385590134 0.9723699203976777 0
    outer loop
      vertex 45.28237305560862 41.86675851960688 1.5999999999999996
      vertex 45.28237305560862 41.86675851960688 10.400000000000002
      vertex 45.69434588481236 41.76785259399693 10.400000000000002
    endloop
  endfacet
  facet normal 0.3826834323650884 0.9238795325112874 0
    outer loop
      vertex 45.69434588481236 41.76785259399693 1.5999999999999996
      vertex 45.69434588481236 41.76785259399693 10.400000000000002
      vertex 46.08577434929678 41.605717615308606 10.400000000000002
    endloop
  endfacet
  facet normal 0.522498564715952 0.8526401643540903 0
    outer loop
      vertex 46.08577434929678 41.605717615308606 1.5999999999999996
      vertex 46.08577434929678 41.605717615308606 10.400000000000002
      vertex 46.44702018118968 41.38434588481237 10.400000000000002
    endloop
  endfacet
  facet normal 0.9969173337331277 0.07845909572784927 0
    outer loop
      vertex 47.52675851960687 39.622373055608634 1.5999999999999996
      vertex 47.52675851960687 39.622373055608634 10.400000000000002
      vertex 47.56 39.20000000000001 10.400000000000002
    endloop
  endfacet
  facet normal 0.9969173337331277 -0.07845909572784927 2.2829477536247724e-19
    outer loop
      vertex 47.52675851960687 38.777626944391386 10.400000000000002
      vertex 47.56 39.20000000000001 1.5999999999999996
      vertex 47.56 39.20000000000001 10.400000000000002
    endloop
  endfacet
  facet normal 0.9723699203976777 0.23344536385590134 0
    outer loop
      vertex 47.42785259399692 40.03434588481237 1.5999999999999996
      vertex 47.42785259399692 40.03434588481237 10.400000000000002
      vertex 47.52675851960687 39.622373055608634 10.400000000000002
    endloop
  endfacet
  facet normal 0.9238795325112874 0.3826834323650884 0
    outer loop
      vertex 47.265717615308596 40.42577434929679 1.5999999999999996
      vertex 47.265717615308596 40.42577434929679 10.400000000000002
      vertex 47.42785259399692 40.03434588481237 10.400000000000002
    endloop
  endfacet
  facet normal 0.8526401643540903 0.522498564715952 0
    outer loop
      vertex 47.04434588481236 40.78702018118969 1.5999999999999996
      vertex 47.04434588481236 40.78702018118969 10.400000000000002
      vertex 47.265717615308596 40.42577434929679 10.400000000000002
    endloop
  endfacet
  facet normal 0 0 1
    outer loop
      vertex 43.63422565070322 36.794282384691414 10.400000000000002
      vertex 43.63422565070322 41.605717615308606 10.400000000000002
      vertex 43.27297981881032 41.38434588481237 10.400000000000002
    endloop
  endfacet
  facet normal 0 0 1
    outer loop
      vertex 44.02565411518764 36.63214740600309 10.400000000000002
      vertex 44.06 39.20000000000001 10.400000000000002
      vertex 44.02565411518764 41.76785259399693 10.400000000000002
    endloop
  endfacet
  facet normal 0 0 1
    outer loop
      vertex 44.02565411518764 36.63214740600309 10.400000000000002
      vertex 44.02565411518764 41.76785259399693 10.400000000000002
      vertex 43.63422565070322 41.605717615308606 10.400000000000002
    endloop
  endfacet
  facet normal 0 0 1
    outer loop
      vertex 44.02565411518764 41.76785259399693 10.400000000000002
      vertex 44.06 39.20000000000001 10.400000000000002
      vertex 44.12089637399097 39.50614674589208 10.400000000000002
    endloop
  endfacet
  facet normal 0 0 1
    outer loop
      vertex 44.02565411518764 41.76785259399693 10.400000000000002
      vertex 44.12089637399097 39.50614674589208 10.400000000000002
      vertex 44.29431457505076 39.76568542494925 10.400000000000002
    endloop
  endfacet
  facet normal 0 0 1
    outer loop
      vertex 44.02565411518764 41.76785259399693 10.400000000000002
      vertex 44.29431457505076 39.76568542494925 10.400000000000002
      vertex 44.55385325410793 39.939103626009036 10.400000000000002
    endloop
  endfacet
  facet normal 0 0 1
    outer loop
      vertex 44.437626944391376 41.86675851960688 10.400000000000002
      vertex 44.55385325410793 39.939103626009036 10.400000000000002
      vertex 44.86 40.00000000000001 10.400000000000002
    endloop
  endfacet
  facet normal 0 0 1
    outer loop
      vertex 44.02565411518764 41.76785259399693 10.400000000000002
      vertex 44.55385325410793 39.939103626009036 10.400000000000002
      vertex 44.437626944391376 41.86675851960688 10.400000000000002
    endloop
  endfacet
  facet normal 0 0 1
    outer loop
      vertex 44.86 41.90000000000001 10.400000000000002
      vertex 44.86 40.00000000000001 10.400000000000002
      vertex 45.16614674589207 39.939103626009036 10.400000000000002
    endloop
  endfacet
  facet normal 0 0 1
    outer loop
      vertex 44.437626944391376 41.86675851960688 10.400000000000002
      vertex 44.86 40.00000000000001 10.400000000000002
      vertex 44.86 41.90000000000001 10.400000000000002
    endloop
  endfacet
  facet normal 0 0 1
    outer loop
      vertex 45.69434588481236 36.63214740600309 10.400000000000002
      vertex 45.69434588481236 41.76785259399693 10.400000000000002
      vertex 45.66 39.20000000000001 10.400000000000002
    endloop
  endfacet
  facet normal 0 0 1
    outer loop
      vertex 46.08577434929678 36.794282384691414 10.400000000000002
      vertex 46.08577434929678 41.605717615308606 10.400000000000002
      vertex 45.69434588481236 41.76785259399693 10.400000000000002
    endloop
  endfacet
  facet normal 0 0 1
    outer loop
      vertex 45.28237305560862 41.86675851960688 10.400000000000002
      vertex 45.16614674589207 39.939103626009036 10.400000000000002
      vertex 45.425685424949236 39.76568542494925 10.400000000000002
    endloop
  endfacet
  facet normal 0 0 1
    outer loop
      vertex 45.28237305560862 41.86675851960688 10.400000000000002
      vertex 45.425685424949236 39.76568542494925 10.400000000000002
      vertex 45.599103626009025 39.50614674589208 10.400000000000002
    endloop
  endfacet
  facet normal 0 0 1
    outer loop
      vertex 44.86 41.90000000000001 10.400000000000002
      vertex 45.16614674589207 39.939103626009036 10.400000000000002
      vertex 45.28237305560862 41.86675851960688 10.400000000000002
    endloop
  endfacet
  facet normal 0 0 1
    outer loop
      vertex 45.28237305560862 41.86675851960688 10.400000000000002
      vertex 45.599103626009025 39.50614674589208 10.400000000000002
      vertex 45.69434588481236 41.76785259399693 10.400000000000002
    endloop
  endfacet
  facet normal 0 0 1
    outer loop
      vertex 45.69434588481236 41.76785259399693 10.400000000000002
      vertex 45.599103626009025 39.50614674589208 10.400000000000002
      vertex 45.66 39.20000000000001 10.400000000000002
    endloop
  endfacet
  facet normal 0 0 1
    outer loop
      vertex 46.44702018118968 37.01565411518765 10.400000000000002
      vertex 46.44702018118968 41.38434588481237 10.400000000000002
      vertex 46.08577434929678 41.605717615308606 10.400000000000002
    endloop
  endfacet
  facet normal 0 0 1
    outer loop
      vertex 46.76918830920368 37.29081169079633 10.400000000000002
      vertex 46.76918830920368 41.10918830920369 10.400000000000002
      vertex 46.44702018118968 41.38434588481237 10.400000000000002
    endloop
  endfacet
  facet normal 0 0 1
    outer loop
      vertex 47.04434588481236 37.61297981881033 10.400000000000002
      vertex 47.04434588481236 40.78702018118969 10.400000000000002
      vertex 46.76918830920368 41.10918830920369 10.400000000000002
    endloop
  endfacet
  facet normal 0 0 1
    outer loop
      vertex 47.265717615308596 37.97422565070323 10.400000000000002
      vertex 47.265717615308596 40.42577434929679 10.400000000000002
      vertex 47.04434588481236 40.78702018118969 10.400000000000002
    endloop
  endfacet
  facet normal 0 0 1
    outer loop
      vertex 47.42785259399692 38.36565411518765 10.400000000000002
      vertex 47.52675851960687 38.777626944391386 10.400000000000002
      vertex 47.42785259399692 40.03434588481237 10.400000000000002
    endloop
  endfacet
  facet normal 0 0 1
    outer loop
      vertex 47.52675851960687 38.777626944391386 10.400000000000002
      vertex 47.56 39.20000000000001 10.400000000000002
      vertex 47.52675851960687 39.622373055608634 10.400000000000002
    endloop
  endfacet
  facet normal 0 0 1
    outer loop
      vertex 47.52675851960687 38.777626944391386 10.400000000000002
      vertex 47.52675851960687 39.622373055608634 10.400000000000002
      vertex 47.42785259399692 40.03434588481237 10.400000000000002
    endloop
  endfacet
  facet normal 0 0 1
    outer loop
      vertex 47.42785259399692 38.36565411518765 10.400000000000002
      vertex 47.42785259399692 40.03434588481237 10.400000000000002
      vertex 47.265717615308596 40.42577434929679 10.400000000000002
    endloop
  endfacet
  facet normal -0.9238795325112824 -0.3826834323651002 1.3584721763514644e-18
    outer loop
      vertex 10.734282384691408 73.53422565070325 1.5999999999999996
      vertex 10.572147406003086 73.92565411518765 10.400000000000002
      vertex 10.572147406003086 73.92565411518765 1.5999999999999996
    endloop
  endfacet
  facet normal -0.7604059656000419 -0.6494480483301708 0
    outer loop
      vertex 10.955654115187642 73.17297981881035 1.5999999999999996
      vertex 11.230811690796322 72.85081169079633 1.5999999999999996
      vertex 10.955654115187642 73.17297981881035 10.400000000000002
    endloop
  endfacet
  facet normal -0.8526401643540941 -0.5224985647159459 -9.698893134311285e-20
    outer loop
      vertex 10.955654115187642 73.17297981881035 1.5999999999999996
      vertex 10.734282384691408 73.53422565070325 10.400000000000002
      vertex 10.734282384691408 73.53422565070325 1.5999999999999996
    endloop
  endfacet
  facet normal -0.9723699203976774 -0.23344536385590164 -4.572004125255605e-19
    outer loop
      vertex 10.572147406003086 73.92565411518765 1.5999999999999996
      vertex 10.473241480393128 74.3376269443914 10.400000000000002
      vertex 10.473241480393128 74.3376269443914 1.5999999999999996
    endloop
  endfacet
  facet normal -0.9969173337331282 -0.07845909572784224 -1.4588438050269742e-19
    outer loop
      vertex 10.473241480393128 74.3376269443914 1.5999999999999996
      vertex 10.440000000000001 74.76000000000002 10.400000000000002
      vertex 10.440000000000001 74.76000000000002 1.5999999999999996
    endloop
  endfacet
  facet normal -0.9969173337331282 0.07845909572784224 1.4588438050269742e-19
    outer loop
      vertex 10.440000000000001 74.76000000000002 1.5999999999999996
      vertex 10.473241480393128 75.18237305560864 10.400000000000002
      vertex 10.473241480393128 75.18237305560864 1.5999999999999996
    endloop
  endfacet
  facet normal -0.9723699203976774 0.23344536385590164 4.572004125255605e-19
    outer loop
      vertex 10.473241480393128 75.18237305560864 1.5999999999999996
      vertex 10.572147406003086 75.59434588481238 10.400000000000002
      vertex 10.572147406003086 75.59434588481238 1.5999999999999996
    endloop
  endfacet
  facet normal -0.9238795325112824 0.3826834323651002 -1.3584721763514644e-18
    outer loop
      vertex 10.572147406003086 75.59434588481238 1.5999999999999996
      vertex 10.734282384691408 75.98577434929679 10.400000000000002
      vertex 10.734282384691408 75.98577434929679 1.5999999999999996
    endloop
  endfacet
  facet normal -0.8526401643540941 0.5224985647159459 9.698893134311285e-20
    outer loop
      vertex 10.734282384691408 75.98577434929679 1.5999999999999996
      vertex 10.955654115187642 76.34702018118969 10.400000000000002
      vertex 10.955654115187642 76.34702018118969 1.5999999999999996
    endloop
  endfacet
  facet normal -0.5224985647159398 -0.8526401643540977 0
    outer loop
      vertex 11.552979818810323 72.57565411518766 1.5999999999999996
      vertex 11.914225650703225 72.35428238469143 1.5999999999999996
      vertex 11.552979818810323 72.57565411518766 10.400000000000002
    endloop
  endfacet
  facet normal -0.3826834323651042 -0.9238795325112809 0
    outer loop
      vertex 11.914225650703225 72.35428238469143 1.5999999999999996
      vertex 12.305654115187643 72.1921474060031 1.5999999999999996
      vertex 11.914225650703225 72.35428238469143 10.400000000000002
    endloop
  endfacet
  facet normal -0.23344536385590134 -0.9723699203976777 0
    outer loop
      vertex 12.305654115187643 72.1921474060031 1.5999999999999996
      vertex 12.717626944391377 72.09324148039315 1.5999999999999996
      vertex 12.305654115187643 72.1921474060031 10.400000000000002
    endloop
  endfacet
  facet normal -0.07845909572784927 -0.9969173337331277 0
    outer loop
      vertex 12.717626944391377 72.09324148039315 1.5999999999999996
      vertex 13.14 72.06000000000002 1.5999999999999996
      vertex 12.717626944391377 72.09324148039315 10.400000000000002
    endloop
  endfacet
  facet normal 0.07845909572784927 -0.9969173337331277 0
    outer loop
      vertex 13.14 72.06000000000002 1.5999999999999996
      vertex 13.562373055608624 72.09324148039315 1.5999999999999996
      vertex 13.14 72.06000000000002 10.400000000000002
    endloop
  endfacet
  facet normal 0.23344536385590134 -0.9723699203976777 0
    outer loop
      vertex 13.562373055608624 72.09324148039315 1.5999999999999996
      vertex 13.974345884812358 72.1921474060031 1.5999999999999996
      vertex 13.562373055608624 72.09324148039315 10.400000000000002
    endloop
  endfacet
  facet normal 0.3826834323651042 -0.9238795325112809 0
    outer loop
      vertex 13.974345884812358 72.1921474060031 1.5999999999999996
      vertex 14.365774349296776 72.35428238469143 1.5999999999999996
      vertex 13.974345884812358 72.1921474060031 10.400000000000002
    endloop
  endfacet
  facet normal 0.5224985647159398 -0.8526401643540977 0
    outer loop
      vertex 14.365774349296776 72.35428238469143 1.5999999999999996
      vertex 14.727020181189678 72.57565411518766 1.5999999999999996
      vertex 14.365774349296776 72.35428238469143 10.400000000000002
    endloop
  endfacet
  facet normal -0.6494480483301756 -0.7604059656000378 -8.214567155482856e-19
    outer loop
      vertex 11.552979818810323 72.57565411518766 1.5999999999999996
      vertex 11.230811690796322 72.85081169079633 10.400000000000002
      vertex 11.230811690796322 72.85081169079633 1.5999999999999996
    endloop
  endfacet
  facet normal -0.7604059656000419 0.6494480483301708 -1.0721442601208071e-18
    outer loop
      vertex 10.955654115187642 76.34702018118969 1.5999999999999996
      vertex 11.230811690796322 76.6691883092037 10.400000000000002
      vertex 11.230811690796322 76.6691883092037 1.5999999999999996
    endloop
  endfacet
  facet normal -0.6494480483301756 0.7604059656000378 8.214567155482856e-19
    outer loop
      vertex 11.230811690796322 76.6691883092037 1.5999999999999996
      vertex 11.552979818810323 76.94434588481238 10.400000000000002
      vertex 11.552979818810323 76.94434588481238 1.5999999999999996
    endloop
  endfacet
  facet normal -0.5224985647159398 0.8526401643540977 -1.6856986646597504e-18
    outer loop
      vertex 11.552979818810323 76.94434588481238 1.5999999999999996
      vertex 11.914225650703225 77.16571761530861 10.400000000000002
      vertex 11.914225650703225 77.16571761530861 1.5999999999999996
    endloop
  endfacet
  facet normal -0.3826834323651042 0.9238795325112809 1.1886888141655545e-18
    outer loop
      vertex 11.914225650703225 77.16571761530861 1.5999999999999996
      vertex 12.305654115187643 77.32785259399694 10.400000000000002
      vertex 12.305654115187643 77.32785259399694 1.5999999999999996
    endloop
  endfacet
  facet normal -0.23344536385590134 0.9723699203976777 -4.536686628264489e-19
    outer loop
      vertex 12.305654115187643 77.32785259399694 1.5999999999999996
      vertex 12.717626944391377 77.42675851960689 10.400000000000002
      vertex 12.717626944391377 77.42675851960689 1.5999999999999996
    endloop
  endfacet
  facet normal -0.07845909572784927 0.9969173337331277 2.2829477536247724e-19
    outer loop
      vertex 12.717626944391377 77.42675851960689 1.5999999999999996
      vertex 13.14 77.46000000000002 10.400000000000002
      vertex 13.14 77.46000000000002 1.5999999999999996
    endloop
  endfacet
  facet normal 0.07845909572784927 0.9969173337331277 -2.2829477536247724e-19
    outer loop
      vertex 13.14 77.46000000000002 1.5999999999999996
      vertex 13.562373055608624 77.42675851960689 10.400000000000002
      vertex 13.562373055608624 77.42675851960689 1.5999999999999996
    endloop
  endfacet
  facet normal 0.23344536385590134 0.9723699203976777 4.536686628264489e-19
    outer loop
      vertex 13.562373055608624 77.42675851960689 1.5999999999999996
      vertex 13.974345884812358 77.32785259399694 10.400000000000002
      vertex 13.974345884812358 77.32785259399694 1.5999999999999996
    endloop
  endfacet
  facet normal 0.3826834323651042 0.9238795325112809 -1.1886888141655545e-18
    outer loop
      vertex 13.974345884812358 77.32785259399694 1.5999999999999996
      vertex 14.365774349296776 77.16571761530861 10.400000000000002
      vertex 14.365774349296776 77.16571761530861 1.5999999999999996
    endloop
  endfacet
  facet normal 0.5224985647159398 0.8526401643540977 1.6856986646597504e-18
    outer loop
      vertex 14.365774349296776 77.16571761530861 1.5999999999999996
      vertex 14.727020181189678 76.94434588481238 10.400000000000002
      vertex 14.727020181189678 76.94434588481238 1.5999999999999996
    endloop
  endfacet
  facet normal 0.6494480483301756 -0.7604059656000378 0
    outer loop
      vertex 14.727020181189678 72.57565411518766 1.5999999999999996
      vertex 15.049188309203679 72.85081169079633 1.5999999999999996
      vertex 14.727020181189678 72.57565411518766 10.400000000000002
    endloop
  endfacet
  facet normal 0.7604059656000419 -0.6494480483301708 0
    outer loop
      vertex 15.049188309203679 72.85081169079633 1.5999999999999996
      vertex 15.32434588481236 73.17297981881035 1.5999999999999996
      vertex 15.049188309203679 72.85081169079633 10.400000000000002
    endloop
  endfacet
  facet normal 0.8526401643540941 -0.5224985647159459 0
    outer loop
      vertex 15.32434588481236 73.17297981881035 1.5999999999999996
      vertex 15.545717615308593 73.53422565070325 1.5999999999999996
      vertex 15.32434588481236 73.17297981881035 10.400000000000002
    endloop
  endfacet
  facet normal 0.9238795325112824 -0.3826834323651002 0
    outer loop
      vertex 15.545717615308593 73.53422565070325 1.5999999999999996
      vertex 15.707852593996915 73.92565411518765 1.5999999999999996
      vertex 15.545717615308593 73.53422565070325 10.400000000000002
    endloop
  endfacet
  facet normal 0.9723699203976774 -0.23344536385590164 0
    outer loop
      vertex 15.707852593996915 73.92565411518765 1.5999999999999996
      vertex 15.806758519606873 74.3376269443914 1.5999999999999996
      vertex 15.707852593996915 73.92565411518765 10.400000000000002
    endloop
  endfacet
  facet normal 0.9969173337331282 -0.07845909572784224 0
    outer loop
      vertex 15.806758519606873 74.3376269443914 1.5999999999999996
      vertex 15.84 74.76000000000002 1.5999999999999996
      vertex 15.806758519606873 74.3376269443914 10.400000000000002
    endloop
  endfacet
  facet normal 0.9969173337331282 0.07845909572784224 0
    outer loop
      vertex 15.84 74.76000000000002 1.5999999999999996
      vertex 15.806758519606873 75.18237305560864 1.5999999999999996
      vertex 15.84 74.76000000000002 10.400000000000002
    endloop
  endfacet
  facet normal 0.8526401643540941 0.5224985647159459 0
    outer loop
      vertex 15.545717615308593 75.98577434929679 1.5999999999999996
      vertex 15.32434588481236 76.34702018118969 1.5999999999999996
      vertex 15.545717615308593 75.98577434929679 10.400000000000002
    endloop
  endfacet
  facet normal 0.6494480483301756 0.7604059656000378 0
    outer loop
      vertex 15.049188309203679 76.6691883092037 1.5999999999999996
      vertex 14.727020181189678 76.94434588481238 1.5999999999999996
      vertex 15.049188309203679 76.6691883092037 10.400000000000002
    endloop
  endfacet
  facet normal 0.7604059656000419 0.6494480483301708 1.0721442601208071e-18
    outer loop
      vertex 15.049188309203679 76.6691883092037 1.5999999999999996
      vertex 15.32434588481236 76.34702018118969 10.400000000000002
      vertex 15.32434588481236 76.34702018118969 1.5999999999999996
    endloop
  endfacet
  facet normal 0.9723699203976774 0.23344536385590164 0
    outer loop
      vertex 15.806758519606873 75.18237305560864 1.5999999999999996
      vertex 15.707852593996915 75.59434588481238 1.5999999999999996
      vertex 15.806758519606873 75.18237305560864 10.400000000000002
    endloop
  endfacet
  facet normal 0.9238795325112824 0.3826834323651002 1.3584721763514644e-18
    outer loop
      vertex 15.545717615308593 75.98577434929679 1.5999999999999996
      vertex 15.707852593996915 75.59434588481238 10.400000000000002
      vertex 15.707852593996915 75.59434588481238 1.5999999999999996
    endloop
  endfacet
  facet normal -0.8526401643540941 -0.5224985647159459 0
    outer loop
      vertex 10.955654115187642 73.17297981881035 1.5999999999999996
      vertex 10.955654115187642 73.17297981881035 10.400000000000002
      vertex 10.734282384691408 73.53422565070325 10.400000000000002
    endloop
  endfacet
  facet normal -0.9238795325112824 -0.3826834323651002 0
    outer loop
      vertex 10.734282384691408 73.53422565070325 1.5999999999999996
      vertex 10.734282384691408 73.53422565070325 10.400000000000002
      vertex 10.572147406003086 73.92565411518765 10.400000000000002
    endloop
  endfacet
  facet normal -0.9723699203976774 -0.23344536385590164 0
    outer loop
      vertex 10.572147406003086 73.92565411518765 1.5999999999999996
      vertex 10.572147406003086 73.92565411518765 10.400000000000002
      vertex 10.473241480393128 74.3376269443914 10.400000000000002
    endloop
  endfacet
  facet normal -0.9969173337331282 -0.07845909572784224 0
    outer loop
      vertex 10.473241480393128 74.3376269443914 1.5999999999999996
      vertex 10.473241480393128 74.3376269443914 10.400000000000002
      vertex 10.440000000000001 74.76000000000002 10.400000000000002
    endloop
  endfacet
  facet normal -0.9969173337331282 0.07845909572784224 0
    outer loop
      vertex 10.440000000000001 74.76000000000002 1.5999999999999996
      vertex 10.440000000000001 74.76000000000002 10.400000000000002
      vertex 10.473241480393128 75.18237305560864 10.400000000000002
    endloop
  endfacet
  facet normal -0.9723699203976774 0.23344536385590164 0
    outer loop
      vertex 10.473241480393128 75.18237305560864 1.5999999999999996
      vertex 10.473241480393128 75.18237305560864 10.400000000000002
      vertex 10.572147406003086 75.59434588481238 10.400000000000002
    endloop
  endfacet
  facet normal -0.9238795325112824 0.3826834323651002 0
    outer loop
      vertex 10.572147406003086 75.59434588481238 1.5999999999999996
      vertex 10.572147406003086 75.59434588481238 10.400000000000002
      vertex 10.734282384691408 75.98577434929679 10.400000000000002
    endloop
  endfacet
  facet normal -0.8526401643540941 0.5224985647159459 0
    outer loop
      vertex 10.734282384691408 75.98577434929679 1.5999999999999996
      vertex 10.734282384691408 75.98577434929679 10.400000000000002
      vertex 10.955654115187642 76.34702018118969 10.400000000000002
    endloop
  endfacet
  facet normal -0.7604059656000419 0.6494480483301708 0
    outer loop
      vertex 10.955654115187642 76.34702018118969 1.5999999999999996
      vertex 10.955654115187642 76.34702018118969 10.400000000000002
      vertex 11.230811690796322 76.6691883092037 10.400000000000002
    endloop
  endfacet
  facet normal -0.6494480483301756 -0.7604059656000378 0
    outer loop
      vertex 11.552979818810323 72.57565411518766 1.5999999999999996
      vertex 11.552979818810323 72.57565411518766 10.400000000000002
      vertex 11.230811690796322 72.85081169079633 10.400000000000002
    endloop
  endfacet
  facet normal -0.5224985647159398 -0.8526401643540977 0
    outer loop
      vertex 11.914225650703225 72.35428238469143 1.5999999999999996
      vertex 11.914225650703225 72.35428238469143 10.400000000000002
      vertex 11.552979818810323 72.57565411518766 10.400000000000002
    endloop
  endfacet
  facet normal -0.3826834323651042 -0.9238795325112809 0
    outer loop
      vertex 12.305654115187643 72.1921474060031 1.5999999999999996
      vertex 12.305654115187643 72.1921474060031 10.400000000000002
      vertex 11.914225650703225 72.35428238469143 10.400000000000002
    endloop
  endfacet
  facet normal -0.23344536385590134 -0.9723699203976777 0
    outer loop
      vertex 12.717626944391377 72.09324148039315 1.5999999999999996
      vertex 12.717626944391377 72.09324148039315 10.400000000000002
      vertex 12.305654115187643 72.1921474060031 10.400000000000002
    endloop
  endfacet
  facet normal -0.07845909572784927 -0.9969173337331277 0
    outer loop
      vertex 13.14 72.06000000000002 1.5999999999999996
      vertex 13.14 72.06000000000002 10.400000000000002
      vertex 12.717626944391377 72.09324148039315 10.400000000000002
    endloop
  endfacet
  facet normal 0.07845909572784927 -0.9969173337331277 0
    outer loop
      vertex 13.562373055608624 72.09324148039315 1.5999999999999996
      vertex 13.562373055608624 72.09324148039315 10.400000000000002
      vertex 13.14 72.06000000000002 10.400000000000002
    endloop
  endfacet
  facet normal 0.23344536385590134 -0.9723699203976777 0
    outer loop
      vertex 13.974345884812358 72.1921474060031 1.5999999999999996
      vertex 13.974345884812358 72.1921474060031 10.400000000000002
      vertex 13.562373055608624 72.09324148039315 10.400000000000002
    endloop
  endfacet
  facet normal 0.3826834323651042 -0.9238795325112809 0
    outer loop
      vertex 14.365774349296776 72.35428238469143 1.5999999999999996
      vertex 14.365774349296776 72.35428238469143 10.400000000000002
      vertex 13.974345884812358 72.1921474060031 10.400000000000002
    endloop
  endfacet
  facet normal 0.5224985647159398 -0.8526401643540977 0
    outer loop
      vertex 14.727020181189678 72.57565411518766 1.5999999999999996
      vertex 14.727020181189678 72.57565411518766 10.400000000000002
      vertex 14.365774349296776 72.35428238469143 10.400000000000002
    endloop
  endfacet
  facet normal -0.7604059656000419 -0.6494480483301708 0
    outer loop
      vertex 11.230811690796322 72.85081169079633 1.5999999999999996
      vertex 11.230811690796322 72.85081169079633 10.400000000000002
      vertex 10.955654115187642 73.17297981881035 10.400000000000002
    endloop
  endfacet
  facet normal -0.6494480483301756 0.7604059656000378 0
    outer loop
      vertex 11.230811690796322 76.6691883092037 1.5999999999999996
      vertex 11.230811690796322 76.6691883092037 10.400000000000002
      vertex 11.552979818810323 76.94434588481238 10.400000000000002
    endloop
  endfacet
  facet normal -0.5224985647159398 0.8526401643540977 0
    outer loop
      vertex 11.552979818810323 76.94434588481238 1.5999999999999996
      vertex 11.552979818810323 76.94434588481238 10.400000000000002
      vertex 11.914225650703225 77.16571761530861 10.400000000000002
    endloop
  endfacet
  facet normal -0.3826834323651042 0.9238795325112809 0
    outer loop
      vertex 11.914225650703225 77.16571761530861 1.5999999999999996
      vertex 11.914225650703225 77.16571761530861 10.400000000000002
      vertex 12.305654115187643 77.32785259399694 10.400000000000002
    endloop
  endfacet
  facet normal -0.23344536385590134 0.9723699203976777 0
    outer loop
      vertex 12.305654115187643 77.32785259399694 1.5999999999999996
      vertex 12.305654115187643 77.32785259399694 10.400000000000002
      vertex 12.717626944391377 77.42675851960689 10.400000000000002
    endloop
  endfacet
  facet normal -0.07845909572784927 0.9969173337331277 0
    outer loop
      vertex 12.717626944391377 77.42675851960689 1.5999999999999996
      vertex 12.717626944391377 77.42675851960689 10.400000000000002
      vertex 13.14 77.46000000000002 10.400000000000002
    endloop
  endfacet
  facet normal 0.07845909572784927 0.9969173337331277 0
    outer loop
      vertex 13.14 77.46000000000002 1.5999999999999996
      vertex 13.14 77.46000000000002 10.400000000000002
      vertex 13.562373055608624 77.42675851960689 10.400000000000002
    endloop
  endfacet
  facet normal 0.23344536385590134 0.9723699203976777 0
    outer loop
      vertex 13.562373055608624 77.42675851960689 1.5999999999999996
      vertex 13.562373055608624 77.42675851960689 10.400000000000002
      vertex 13.974345884812358 77.32785259399694 10.400000000000002
    endloop
  endfacet
  facet normal 0.3826834323651042 0.9238795325112809 0
    outer loop
      vertex 13.974345884812358 77.32785259399694 1.5999999999999996
      vertex 13.974345884812358 77.32785259399694 10.400000000000002
      vertex 14.365774349296776 77.16571761530861 10.400000000000002
    endloop
  endfacet
  facet normal 0.5224985647159398 0.8526401643540977 0
    outer loop
      vertex 14.365774349296776 77.16571761530861 1.5999999999999996
      vertex 14.365774349296776 77.16571761530861 10.400000000000002
      vertex 14.727020181189678 76.94434588481238 10.400000000000002
    endloop
  endfacet
  facet normal 0 0 1
    outer loop
      vertex 10.572147406003086 73.92565411518765 10.400000000000002
      vertex 10.473241480393128 75.18237305560864 10.400000000000002
      vertex 10.473241480393128 74.3376269443914 10.400000000000002
    endloop
  endfacet
  facet normal 0 0 1
    outer loop
      vertex 10.734282384691408 73.53422565070325 10.400000000000002
      vertex 10.572147406003086 75.59434588481238 10.400000000000002
      vertex 10.572147406003086 73.92565411518765 10.400000000000002
    endloop
  endfacet
  facet normal 0 0 1
    outer loop
      vertex 10.473241480393128 74.3376269443914 10.400000000000002
      vertex 10.473241480393128 75.18237305560864 10.400000000000002
      vertex 10.440000000000001 74.76000000000002 10.400000000000002
    endloop
  endfacet
  facet normal 0 0 1
    outer loop
      vertex 10.572147406003086 73.92565411518765 10.400000000000002
      vertex 10.572147406003086 75.59434588481238 10.400000000000002
      vertex 10.473241480393128 75.18237305560864 10.400000000000002
    endloop
  endfacet
  facet normal 0 0 1
    outer loop
      vertex 10.955654115187642 73.17297981881035 10.400000000000002
      vertex 10.734282384691408 75.98577434929679 10.400000000000002
      vertex 10.734282384691408 73.53422565070325 10.400000000000002
    endloop
  endfacet
  facet normal 0 0 1
    outer loop
      vertex 10.955654115187642 73.17297981881035 10.400000000000002
      vertex 11.230811690796322 72.85081169079633 10.400000000000002
      vertex 10.955654115187642 76.34702018118969 10.400000000000002
    endloop
  endfacet
  facet normal 0 0 1
    outer loop
      vertex 10.734282384691408 73.53422565070325 10.400000000000002
      vertex 10.734282384691408 75.98577434929679 10.400000000000002
      vertex 10.572147406003086 75.59434588481238 10.400000000000002
    endloop
  endfacet
  facet normal 0 0 1
    outer loop
      vertex 10.955654115187642 73.17297981881035 10.400000000000002
      vertex 10.955654115187642 76.34702018118969 10.400000000000002
      vertex 10.734282384691408 75.98577434929679 10.400000000000002
    endloop
  endfacet
  facet normal 0 0 1
    outer loop
      vertex 11.552979818810323 72.57565411518766 10.400000000000002
      vertex 11.230811690796322 76.6691883092037 10.400000000000002
      vertex 11.230811690796322 72.85081169079633 10.400000000000002
    endloop
  endfacet
  facet normal 0 0 1
    outer loop
      vertex 11.552979818810323 72.57565411518766 10.400000000000002
      vertex 11.914225650703225 72.35428238469143 10.400000000000002
      vertex 11.552979818810323 76.94434588481238 10.400000000000002
    endloop
  endfacet
  facet normal 0 0 1
    outer loop
      vertex 12.305654115187643 72.1921474060031 10.400000000000002
      vertex 12.400896373990971 74.45385325410794 10.400000000000002
      vertex 12.34 74.76000000000002 10.400000000000002
    endloop
  endfacet
  facet normal 0 0 1
    outer loop
      vertex 12.305654115187643 72.1921474060031 10.400000000000002
      vertex 12.717626944391377 72.09324148039315 10.400000000000002
      vertex 12.400896373990971 74.45385325410794 10.400000000000002
    endloop
  endfacet
  facet normal 0 0 1
    outer loop
      vertex 12.717626944391377 72.09324148039315 10.400000000000002
      vertex 13.14 72.06000000000002 10.400000000000002
      vertex 12.833853254107929 74.020896373991 10.400000000000002
    endloop
  endfacet
  facet normal 0 0 1
    outer loop
      vertex 12.717626944391377 72.09324148039315 10.400000000000002
      vertex 12.574314575050762 74.19431457505078 10.400000000000002
      vertex 12.400896373990971 74.45385325410794 10.400000000000002
    endloop
  endfacet
  facet normal 0 0 1
    outer loop
      vertex 12.717626944391377 72.09324148039315 10.400000000000002
      vertex 12.833853254107929 74.020896373991 10.400000000000002
      vertex 12.574314575050762 74.19431457505078 10.400000000000002
    endloop
  endfacet
  facet normal 0 0 1
    outer loop
      vertex 11.914225650703225 72.35428238469143 10.400000000000002
      vertex 12.305654115187643 72.1921474060031 10.400000000000002
      vertex 11.914225650703225 77.16571761530861 10.400000000000002
    endloop
  endfacet
  facet normal 0 0 1
    outer loop
      vertex 12.305654115187643 72.1921474060031 10.400000000000002
      vertex 12.34 74.76000000000002 10.400000000000002
      vertex 12.305654115187643 77.32785259399694 10.400000000000002
    endloop
  endfacet
  facet normal 0 0 1
    outer loop
      vertex 10.955654115187642 76.34702018118969 10.400000000000002
      vertex 11.230811690796322 72.85081169079633 10.400000000000002
      vertex 11.230811690796322 76.6691883092037 10.400000000000002
    endloop
  endfacet
  facet normal 0 0 1
    outer loop
      vertex 11.552979818810323 72.57565411518766 10.400000000000002
      vertex 11.552979818810323 76.94434588481238 10.400000000000002
      vertex 11.230811690796322 76.6691883092037 10.400000000000002
    endloop
  endfacet
  facet normal 0 0 1
    outer loop
      vertex 11.914225650703225 72.35428238469143 10.400000000000002
      vertex 11.914225650703225 77.16571761530861 10.400000000000002
      vertex 11.552979818810323 76.94434588481238 10.400000000000002
    endloop
  endfacet
  facet normal 0 0 1
    outer loop
      vertex 12.305654115187643 72.1921474060031 10.400000000000002
      vertex 12.305654115187643 77.32785259399694 10.400000000000002
      vertex 11.914225650703225 77.16571761530861 10.400000000000002
    endloop
  endfacet
  facet normal 0 0 1
    outer loop
      vertex 12.305654115187643 77.32785259399694 10.400000000000002
      vertex 12.34 74.76000000000002 10.400000000000002
      vertex 12.400896373990971 75.0661467458921 10.400000000000002
    endloop
  endfacet
  facet normal 0 0 1
    outer loop
      vertex 12.305654115187643 77.32785259399694 10.400000000000002
      vertex 12.400896373990971 75.0661467458921 10.400000000000002
      vertex 12.574314575050762 75.32568542494926 10.400000000000002
    endloop
  endfacet
  facet normal 0 0 1
    outer loop
      vertex 12.305654115187643 77.32785259399694 10.400000000000002
      vertex 12.574314575050762 75.32568542494926 10.400000000000002
      vertex 12.833853254107929 75.49910362600905 10.400000000000002
    endloop
  endfacet
  facet normal 0 0 1
    outer loop
      vertex 12.717626944391377 77.42675851960689 10.400000000000002
      vertex 12.833853254107929 75.49910362600905 10.400000000000002
      vertex 13.14 75.56000000000002 10.400000000000002
    endloop
  endfacet
  facet normal 0 0 1
    outer loop
      vertex 12.305654115187643 77.32785259399694 10.400000000000002
      vertex 12.833853254107929 75.49910362600905 10.400000000000002
      vertex 12.717626944391377 77.42675851960689 10.400000000000002
    endloop
  endfacet
  facet normal 0 0 1
    outer loop
      vertex 13.14 72.06000000000002 10.400000000000002
      vertex 13.562373055608624 72.09324148039315 10.400000000000002
      vertex 13.14 73.96000000000002 10.400000000000002
    endloop
  endfacet
  facet normal 0 0 1
    outer loop
      vertex 13.14 72.06000000000002 10.400000000000002
      vertex 13.14 73.96000000000002 10.400000000000002
      vertex 12.833853254107929 74.020896373991 10.400000000000002
    endloop
  endfacet
  facet normal 0 0 1
    outer loop
      vertex 13.562373055608624 72.09324148039315 10.400000000000002
      vertex 13.974345884812358 72.1921474060031 10.400000000000002
      vertex 13.446146745892072 74.020896373991 10.400000000000002
    endloop
  endfacet
  facet normal 0 0 1
    outer loop
      vertex 13.562373055608624 72.09324148039315 10.400000000000002
      vertex 13.446146745892072 74.020896373991 10.400000000000002
      vertex 13.14 73.96000000000002 10.400000000000002
    endloop
  endfacet
  facet normal 0 0 1
    outer loop
      vertex 13.974345884812358 72.1921474060031 10.400000000000002
      vertex 13.70568542494924 74.19431457505078 10.400000000000002
      vertex 13.446146745892072 74.020896373991 10.400000000000002
    endloop
  endfacet
  facet normal 0 0 1
    outer loop
      vertex 13.974345884812358 72.1921474060031 10.400000000000002
      vertex 13.87910362600903 74.45385325410794 10.400000000000002
      vertex 13.70568542494924 74.19431457505078 10.400000000000002
    endloop
  endfacet
  facet normal 0 0 1
    outer loop
      vertex 13.974345884812358 72.1921474060031 10.400000000000002
      vertex 13.940000000000001 74.76000000000002 10.400000000000002
      vertex 13.87910362600903 74.45385325410794 10.400000000000002
    endloop
  endfacet
  facet normal 0 0 1
    outer loop
      vertex 13.974345884812358 72.1921474060031 10.400000000000002
      vertex 14.365774349296776 72.35428238469143 10.400000000000002
      vertex 13.974345884812358 77.32785259399694 10.400000000000002
    endloop
  endfacet
  facet normal 0 0 1
    outer loop
      vertex 13.974345884812358 72.1921474060031 10.400000000000002
      vertex 13.974345884812358 77.32785259399694 10.400000000000002
      vertex 13.940000000000001 74.76000000000002 10.400000000000002
    endloop
  endfacet
  facet normal 0 0 1
    outer loop
      vertex 14.365774349296776 72.35428238469143 10.400000000000002
      vertex 14.727020181189678 72.57565411518766 10.400000000000002
      vertex 14.365774349296776 77.16571761530861 10.400000000000002
    endloop
  endfacet
  facet normal 0 0 1
    outer loop
      vertex 13.14 77.46000000000002 10.400000000000002
      vertex 13.14 75.56000000000002 10.400000000000002
      vertex 13.446146745892072 75.49910362600905 10.400000000000002
    endloop
  endfacet
  facet normal 0 0 1
    outer loop
      vertex 13.562373055608624 77.42675851960689 10.400000000000002
      vertex 13.446146745892072 75.49910362600905 10.400000000000002
      vertex 13.70568542494924 75.32568542494926 10.400000000000002
    endloop
  endfacet
  facet normal 0 0 1
    outer loop
      vertex 13.562373055608624 77.42675851960689 10.400000000000002
      vertex 13.70568542494924 75.32568542494926 10.400000000000002
      vertex 13.87910362600903 75.0661467458921 10.400000000000002
    endloop
  endfacet
  facet normal 0 0 1
    outer loop
      vertex 12.717626944391377 77.42675851960689 10.400000000000002
      vertex 13.14 75.56000000000002 10.400000000000002
      vertex 13.14 77.46000000000002 10.400000000000002
    endloop
  endfacet
  facet normal 0 0 1
    outer loop
      vertex 13.14 77.46000000000002 10.400000000000002
      vertex 13.446146745892072 75.49910362600905 10.400000000000002
      vertex 13.562373055608624 77.42675851960689 10.400000000000002
    endloop
  endfacet
  facet normal 0 0 1
    outer loop
      vertex 13.562373055608624 77.42675851960689 10.400000000000002
      vertex 13.87910362600903 75.0661467458921 10.400000000000002
      vertex 13.974345884812358 77.32785259399694 10.400000000000002
    endloop
  endfacet
  facet normal 0 0 1
    outer loop
      vertex 14.365774349296776 72.35428238469143 10.400000000000002
      vertex 14.365774349296776 77.16571761530861 10.400000000000002
      vertex 13.974345884812358 77.32785259399694 10.400000000000002
    endloop
  endfacet
  facet normal 0 0 1
    outer loop
      vertex 13.974345884812358 77.32785259399694 10.400000000000002
      vertex 13.87910362600903 75.0661467458921 10.400000000000002
      vertex 13.940000000000001 74.76000000000002 10.400000000000002
    endloop
  endfacet
  facet normal 0 0 1
    outer loop
      vertex 14.365774349296776 77.16571761530861 10.400000000000002
      vertex 14.727020181189678 72.57565411518766 10.400000000000002
      vertex 14.727020181189678 76.94434588481238 10.400000000000002
    endloop
  endfacet
  facet normal 0.6494480483301756 -0.7604059656000378 0
    outer loop
      vertex 15.049188309203679 72.85081169079633 1.5999999999999996
      vertex 15.049188309203679 72.85081169079633 10.400000000000002
      vertex 14.727020181189678 72.57565411518766 10.400000000000002
    endloop
  endfacet
  facet normal 0.7604059656000419 -0.6494480483301708 0
    outer loop
      vertex 15.32434588481236 73.17297981881035 1.5999999999999996
      vertex 15.32434588481236 73.17297981881035 10.400000000000002
      vertex 15.049188309203679 72.85081169079633 10.400000000000002
    endloop
  endfacet
  facet normal 0.8526401643540941 -0.5224985647159459 0
    outer loop
      vertex 15.545717615308593 73.53422565070325 1.5999999999999996
      vertex 15.545717615308593 73.53422565070325 10.400000000000002
      vertex 15.32434588481236 73.17297981881035 10.400000000000002
    endloop
  endfacet
  facet normal 0.9238795325112824 -0.3826834323651002 0
    outer loop
      vertex 15.707852593996915 73.92565411518765 1.5999999999999996
      vertex 15.707852593996915 73.92565411518765 10.400000000000002
      vertex 15.545717615308593 73.53422565070325 10.400000000000002
    endloop
  endfacet
  facet normal 0.9723699203976774 -0.23344536385590164 0
    outer loop
      vertex 15.806758519606873 74.3376269443914 1.5999999999999996
      vertex 15.806758519606873 74.3376269443914 10.400000000000002
      vertex 15.707852593996915 73.92565411518765 10.400000000000002
    endloop
  endfacet
  facet normal 0.9969173337331282 -0.07845909572784224 0
    outer loop
      vertex 15.84 74.76000000000002 1.5999999999999996
      vertex 15.84 74.76000000000002 10.400000000000002
      vertex 15.806758519606873 74.3376269443914 10.400000000000002
    endloop
  endfacet
  facet normal 0.9969173337331282 0.07845909572784224 0
    outer loop
      vertex 15.806758519606873 75.18237305560864 1.5999999999999996
      vertex 15.806758519606873 75.18237305560864 10.400000000000002
      vertex 15.84 74.76000000000002 10.400000000000002
    endloop
  endfacet
  facet normal 0.8526401643540941 0.5224985647159459 0
    outer loop
      vertex 15.32434588481236 76.34702018118969 1.5999999999999996
      vertex 15.32434588481236 76.34702018118969 10.400000000000002
      vertex 15.545717615308593 75.98577434929679 10.400000000000002
    endloop
  endfacet
  facet normal 0.6494480483301756 0.7604059656000378 0
    outer loop
      vertex 14.727020181189678 76.94434588481238 1.5999999999999996
      vertex 14.727020181189678 76.94434588481238 10.400000000000002
      vertex 15.049188309203679 76.6691883092037 10.400000000000002
    endloop
  endfacet
  facet normal 0.7604059656000419 0.6494480483301708 0
    outer loop
      vertex 15.049188309203679 76.6691883092037 1.5999999999999996
      vertex 15.049188309203679 76.6691883092037 10.400000000000002
      vertex 15.32434588481236 76.34702018118969 10.400000000000002
    endloop
  endfacet
  facet normal 0.9723699203976774 0.23344536385590164 0
    outer loop
      vertex 15.707852593996915 75.59434588481238 1.5999999999999996
      vertex 15.707852593996915 75.59434588481238 10.400000000000002
      vertex 15.806758519606873 75.18237305560864 10.400000000000002
    endloop
  endfacet
  facet normal 0.9238795325112824 0.3826834323651002 0
    outer loop
      vertex 15.545717615308593 75.98577434929679 1.5999999999999996
      vertex 15.545717615308593 75.98577434929679 10.400000000000002
      vertex 15.707852593996915 75.59434588481238 10.400000000000002
    endloop
  endfacet
  facet normal 0 0 1
    outer loop
      vertex 14.727020181189678 72.57565411518766 10.400000000000002
      vertex 15.049188309203679 72.85081169079633 10.400000000000002
      vertex 14.727020181189678 76.94434588481238 10.400000000000002
    endloop
  endfacet
  facet normal 0 0 1
    outer loop
      vertex 15.049188309203679 72.85081169079633 10.400000000000002
      vertex 15.32434588481236 73.17297981881035 10.400000000000002
      vertex 15.049188309203679 76.6691883092037 10.400000000000002
    endloop
  endfacet
  facet normal 0 0 1
    outer loop
      vertex 15.32434588481236 73.17297981881035 10.400000000000002
      vertex 15.545717615308593 73.53422565070325 10.400000000000002
      vertex 15.32434588481236 76.34702018118969 10.400000000000002
    endloop
  endfacet
  facet normal 0 0 1
    outer loop
      vertex 15.545717615308593 73.53422565070325 10.400000000000002
      vertex 15.707852593996915 73.92565411518765 10.400000000000002
      vertex 15.545717615308593 75.98577434929679 10.400000000000002
    endloop
  endfacet
  facet normal 0 0 1
    outer loop
      vertex 15.707852593996915 73.92565411518765 10.400000000000002
      vertex 15.806758519606873 74.3376269443914 10.400000000000002
      vertex 15.707852593996915 75.59434588481238 10.400000000000002
    endloop
  endfacet
  facet normal 0 0 1
    outer loop
      vertex 15.806758519606873 74.3376269443914 10.400000000000002
      vertex 15.806758519606873 75.18237305560864 10.400000000000002
      vertex 15.707852593996915 75.59434588481238 10.400000000000002
    endloop
  endfacet
  facet normal 0 0 1
    outer loop
      vertex 15.806758519606873 74.3376269443914 10.400000000000002
      vertex 15.84 74.76000000000002 10.400000000000002
      vertex 15.806758519606873 75.18237305560864 10.400000000000002
    endloop
  endfacet
  facet normal 0 0 1
    outer loop
      vertex 15.049188309203679 72.85081169079633 10.400000000000002
      vertex 15.049188309203679 76.6691883092037 10.400000000000002
      vertex 14.727020181189678 76.94434588481238 10.400000000000002
    endloop
  endfacet
  facet normal 0 0 1
    outer loop
      vertex 15.32434588481236 73.17297981881035 10.400000000000002
      vertex 15.32434588481236 76.34702018118969 10.400000000000002
      vertex 15.049188309203679 76.6691883092037 10.400000000000002
    endloop
  endfacet
  facet normal 0 0 1
    outer loop
      vertex 15.545717615308593 73.53422565070325 10.400000000000002
      vertex 15.545717615308593 75.98577434929679 10.400000000000002
      vertex 15.32434588481236 76.34702018118969 10.400000000000002
    endloop
  endfacet
  facet normal 0 0 1
    outer loop
      vertex 15.707852593996915 73.92565411518765 10.400000000000002
      vertex 15.707852593996915 75.59434588481238 10.400000000000002
      vertex 15.545717615308593 75.98577434929679 10.400000000000002
    endloop
  endfacet
  facet normal -0.9238795325112824 -0.3826834323651002 0
    outer loop
      vertex 42.29214740600308 73.92565411518765 1.5999999999999996
      vertex 42.4542823846914 73.53422565070325 1.5999999999999996
      vertex 42.29214740600308 73.92565411518765 10.400000000000002
    endloop
  endfacet
  facet normal -0.9723699203976793 -0.2334453638558937 -5.873128497726291e-19
    outer loop
      vertex 42.29214740600308 73.92565411518765 1.5999999999999996
      vertex 42.19324148039313 74.3376269443914 10.400000000000002
      vertex 42.19324148039313 74.3376269443914 1.5999999999999996
    endloop
  endfacet
  facet normal -0.9969173337331275 -0.07845909572785058 -1.551982199401192e-19
    outer loop
      vertex 42.19324148039313 74.3376269443914 1.5999999999999996
      vertex 42.16 74.76000000000002 10.400000000000002
      vertex 42.16 74.76000000000002 1.5999999999999996
    endloop
  endfacet
  facet normal -0.9969173337331275 0.07845909572785058 1.551982199401192e-19
    outer loop
      vertex 42.16 74.76000000000002 1.5999999999999996
      vertex 42.19324148039313 75.18237305560864 10.400000000000002
      vertex 42.19324148039313 75.18237305560864 1.5999999999999996
    endloop
  endfacet
  facet normal -0.7604059656000419 -0.6494480483301708 0
    outer loop
      vertex 42.67565411518764 73.17297981881035 1.5999999999999996
      vertex 42.95081169079632 72.85081169079633 1.5999999999999996
      vertex 42.67565411518764 73.17297981881035 10.400000000000002
    endloop
  endfacet
  facet normal -0.8526401643540903 -0.522498564715952 1.8425303947768877e-18
    outer loop
      vertex 42.67565411518764 73.17297981881035 1.5999999999999996
      vertex 42.4542823846914 73.53422565070325 10.400000000000002
      vertex 42.4542823846914 73.53422565070325 1.5999999999999996
    endloop
  endfacet
  facet normal -0.6494480483301777 -0.760405965600036 -1.9396163892408663e-21
    outer loop
      vertex 43.27297981881032 72.57565411518766 1.5999999999999996
      vertex 42.95081169079632 72.85081169079633 10.400000000000002
      vertex 42.95081169079632 72.85081169079633 1.5999999999999996
    endloop
  endfacet
  facet normal -0.9723699203976793 0.2334453638558937 5.873128497726291e-19
    outer loop
      vertex 42.19324148039313 75.18237305560864 1.5999999999999996
      vertex 42.29214740600308 75.59434588481238 10.400000000000002
      vertex 42.29214740600308 75.59434588481238 1.5999999999999996
    endloop
  endfacet
  facet normal -0.9238795325112824 0.3826834323651002 -1.3584721763514644e-18
    outer loop
      vertex 42.29214740600308 75.59434588481238 1.5999999999999996
      vertex 42.4542823846914 75.98577434929679 10.400000000000002
      vertex 42.4542823846914 75.98577434929679 1.5999999999999996
    endloop
  endfacet
  facet normal -0.8526401643540903 0.522498564715952 -1.8425303947768877e-18
    outer loop
      vertex 42.4542823846914 75.98577434929679 1.5999999999999996
      vertex 42.67565411518764 76.34702018118969 10.400000000000002
      vertex 42.67565411518764 76.34702018118969 1.5999999999999996
    endloop
  endfacet
  facet normal -0.7604059656000419 0.6494480483301708 -1.0721442601208071e-18
    outer loop
      vertex 42.67565411518764 76.34702018118969 1.5999999999999996
      vertex 42.95081169079632 76.6691883092037 10.400000000000002
      vertex 42.95081169079632 76.6691883092037 1.5999999999999996
    endloop
  endfacet
  facet normal -0.6494480483301777 0.760405965600036 1.9396163892408663e-21
    outer loop
      vertex 42.95081169079632 76.6691883092037 1.5999999999999996
      vertex 43.27297981881032 76.94434588481238 10.400000000000002
      vertex 43.27297981881032 76.94434588481238 1.5999999999999996
    endloop
  endfacet
  facet normal -0.5224985647159398 -0.8526401643540977 0
    outer loop
      vertex 43.27297981881032 72.57565411518766 1.5999999999999996
      vertex 43.63422565070322 72.35428238469143 1.5999999999999996
      vertex 43.27297981881032 72.57565411518766 10.400000000000002
    endloop
  endfacet
  facet normal -0.38268343236510277 -0.9238795325112815 0
    outer loop
      vertex 43.63422565070322 72.35428238469143 1.5999999999999996
      vertex 44.02565411518764 72.1921474060031 1.5999999999999996
      vertex 43.63422565070322 72.35428238469143 10.400000000000002
    endloop
  endfacet
  facet normal -0.23344536385590134 -0.9723699203976777 0
    outer loop
      vertex 44.02565411518764 72.1921474060031 1.5999999999999996
      vertex 44.437626944391376 72.09324148039315 1.5999999999999996
      vertex 44.02565411518764 72.1921474060031 10.400000000000002
    endloop
  endfacet
  facet normal -0.07845909572784927 -0.9969173337331277 0
    outer loop
      vertex 44.437626944391376 72.09324148039315 1.5999999999999996
      vertex 44.86 72.06000000000002 1.5999999999999996
      vertex 44.437626944391376 72.09324148039315 10.400000000000002
    endloop
  endfacet
  facet normal 0.07845909572784927 -0.9969173337331277 0
    outer loop
      vertex 44.86 72.06000000000002 1.5999999999999996
      vertex 45.28237305560862 72.09324148039315 1.5999999999999996
      vertex 44.86 72.06000000000002 10.400000000000002
    endloop
  endfacet
  facet normal 0.23344536385590134 -0.9723699203976777 0
    outer loop
      vertex 45.28237305560862 72.09324148039315 1.5999999999999996
      vertex 45.69434588481236 72.1921474060031 1.5999999999999996
      vertex 45.28237305560862 72.09324148039315 10.400000000000002
    endloop
  endfacet
  facet normal 0.38268343236510277 -0.9238795325112815 0
    outer loop
      vertex 45.69434588481236 72.1921474060031 1.5999999999999996
      vertex 46.08577434929678 72.35428238469143 1.5999999999999996
      vertex 45.69434588481236 72.1921474060031 10.400000000000002
    endloop
  endfacet
  facet normal 0.5224985647159398 -0.8526401643540977 0
    outer loop
      vertex 46.08577434929678 72.35428238469143 1.5999999999999996
      vertex 46.44702018118968 72.57565411518766 1.5999999999999996
      vertex 46.08577434929678 72.35428238469143 10.400000000000002
    endloop
  endfacet
  facet normal 0.6494480483301777 -0.760405965600036 0
    outer loop
      vertex 46.44702018118968 72.57565411518766 1.5999999999999996
      vertex 46.76918830920368 72.85081169079633 1.5999999999999996
      vertex 46.44702018118968 72.57565411518766 10.400000000000002
    endloop
  endfacet
  facet normal -0.5224985647159398 0.8526401643540977 -1.6856986646597504e-18
    outer loop
      vertex 43.27297981881032 76.94434588481238 1.5999999999999996
      vertex 43.63422565070322 77.16571761530861 10.400000000000002
      vertex 43.63422565070322 77.16571761530861 1.5999999999999996
    endloop
  endfacet
  facet normal -0.38268343236510277 0.9238795325112815 2.7033576855370477e-19
    outer loop
      vertex 43.63422565070322 77.16571761530861 1.5999999999999996
      vertex 44.02565411518764 77.32785259399694 10.400000000000002
      vertex 44.02565411518764 77.32785259399694 1.5999999999999996
    endloop
  endfacet
  facet normal -0.23344536385590134 0.9723699203976777 -4.536686628264489e-19
    outer loop
      vertex 44.02565411518764 77.32785259399694 1.5999999999999996
      vertex 44.437626944391376 77.42675851960689 10.400000000000002
      vertex 44.437626944391376 77.42675851960689 1.5999999999999996
    endloop
  endfacet
  facet normal -0.07845909572784927 0.9969173337331277 2.2829477536247724e-19
    outer loop
      vertex 44.437626944391376 77.42675851960689 1.5999999999999996
      vertex 44.86 77.46000000000002 10.400000000000002
      vertex 44.86 77.46000000000002 1.5999999999999996
    endloop
  endfacet
  facet normal 0.7604059656000419 -0.6494480483301708 0
    outer loop
      vertex 46.76918830920368 72.85081169079633 1.5999999999999996
      vertex 47.04434588481236 73.17297981881035 1.5999999999999996
      vertex 46.76918830920368 72.85081169079633 10.400000000000002
    endloop
  endfacet
  facet normal 0.07845909572784927 0.9969173337331277 -2.2829477536247724e-19
    outer loop
      vertex 44.86 77.46000000000002 1.5999999999999996
      vertex 45.28237305560862 77.42675851960689 10.400000000000002
      vertex 45.28237305560862 77.42675851960689 1.5999999999999996
    endloop
  endfacet
  facet normal 0.23344536385590134 0.9723699203976777 4.536686628264489e-19
    outer loop
      vertex 45.28237305560862 77.42675851960689 1.5999999999999996
      vertex 45.69434588481236 77.32785259399694 10.400000000000002
      vertex 45.69434588481236 77.32785259399694 1.5999999999999996
    endloop
  endfacet
  facet normal 0.38268343236510277 0.9238795325112815 -2.7033576855370477e-19
    outer loop
      vertex 45.69434588481236 77.32785259399694 1.5999999999999996
      vertex 46.08577434929678 77.16571761530861 10.400000000000002
      vertex 46.08577434929678 77.16571761530861 1.5999999999999996
    endloop
  endfacet
  facet normal 0.5224985647159398 0.8526401643540977 1.6856986646597504e-18
    outer loop
      vertex 46.08577434929678 77.16571761530861 1.5999999999999996
      vertex 46.44702018118968 76.94434588481238 10.400000000000002
      vertex 46.44702018118968 76.94434588481238 1.5999999999999996
    endloop
  endfacet
  facet normal 0.6494480483301777 0.760405965600036 0
    outer loop
      vertex 46.76918830920368 76.6691883092037 1.5999999999999996
      vertex 46.44702018118968 76.94434588481238 1.5999999999999996
      vertex 46.76918830920368 76.6691883092037 10.400000000000002
    endloop
  endfacet
  facet normal 0.8526401643540903 -0.522498564715952 0
    outer loop
      vertex 47.04434588481236 73.17297981881035 1.5999999999999996
      vertex 47.265717615308596 73.53422565070325 1.5999999999999996
      vertex 47.04434588481236 73.17297981881035 10.400000000000002
    endloop
  endfacet
  facet normal 0.9238795325112824 -0.3826834323651002 0
    outer loop
      vertex 47.265717615308596 73.53422565070325 1.5999999999999996
      vertex 47.42785259399692 73.92565411518765 1.5999999999999996
      vertex 47.265717615308596 73.53422565070325 10.400000000000002
    endloop
  endfacet
  facet normal 0.9723699203976793 -0.2334453638558937 0
    outer loop
      vertex 47.42785259399692 73.92565411518765 1.5999999999999996
      vertex 47.52675851960687 74.3376269443914 1.5999999999999996
      vertex 47.42785259399692 73.92565411518765 10.400000000000002
    endloop
  endfacet
  facet normal 0.9969173337331275 -0.07845909572785058 0
    outer loop
      vertex 47.52675851960687 74.3376269443914 1.5999999999999996
      vertex 47.56 74.76000000000002 1.5999999999999996
      vertex 47.52675851960687 74.3376269443914 10.400000000000002
    endloop
  endfacet
  facet normal 0.9969173337331275 0.07845909572785058 0
    outer loop
      vertex 47.56 74.76000000000002 1.5999999999999996
      vertex 47.52675851960687 75.18237305560864 1.5999999999999996
      vertex 47.56 74.76000000000002 10.400000000000002
    endloop
  endfacet
  facet normal 0.8526401643540903 0.522498564715952 0
    outer loop
      vertex 47.265717615308596 75.98577434929679 1.5999999999999996
      vertex 47.04434588481236 76.34702018118969 1.5999999999999996
      vertex 47.265717615308596 75.98577434929679 10.400000000000002
    endloop
  endfacet
  facet normal 0.9723699203976793 0.2334453638558937 0
    outer loop
      vertex 47.52675851960687 75.18237305560864 1.5999999999999996
      vertex 47.42785259399692 75.59434588481238 1.5999999999999996
      vertex 47.52675851960687 75.18237305560864 10.400000000000002
    endloop
  endfacet
  facet normal 0.9238795325112824 0.3826834323651002 1.3584721763514644e-18
    outer loop
      vertex 47.265717615308596 75.98577434929679 1.5999999999999996
      vertex 47.42785259399692 75.59434588481238 10.400000000000002
      vertex 47.42785259399692 75.59434588481238 1.5999999999999996
    endloop
  endfacet
  facet normal 0.7604059656000419 0.6494480483301708 1.0721442601208071e-18
    outer loop
      vertex 46.76918830920368 76.6691883092037 1.5999999999999996
      vertex 47.04434588481236 76.34702018118969 10.400000000000002
      vertex 47.04434588481236 76.34702018118969 1.5999999999999996
    endloop
  endfacet
  facet normal -0.6494480483301777 -0.760405965600036 0
    outer loop
      vertex 43.27297981881032 72.57565411518766 1.5999999999999996
      vertex 43.27297981881032 72.57565411518766 10.400000000000002
      vertex 42.95081169079632 72.85081169079633 10.400000000000002
    endloop
  endfacet
  facet normal -0.9238795325112824 -0.3826834323651002 0
    outer loop
      vertex 42.4542823846914 73.53422565070325 1.5999999999999996
      vertex 42.4542823846914 73.53422565070325 10.400000000000002
      vertex 42.29214740600308 73.92565411518765 10.400000000000002
    endloop
  endfacet
  facet normal -0.9969173337331275 -0.07845909572785058 0
    outer loop
      vertex 42.19324148039313 74.3376269443914 1.5999999999999996
      vertex 42.19324148039313 74.3376269443914 10.400000000000002
      vertex 42.16 74.76000000000002 10.400000000000002
    endloop
  endfacet
  facet normal -0.9723699203976793 -0.2334453638558937 0
    outer loop
      vertex 42.29214740600308 73.92565411518765 1.5999999999999996
      vertex 42.29214740600308 73.92565411518765 10.400000000000002
      vertex 42.19324148039313 74.3376269443914 10.400000000000002
    endloop
  endfacet
  facet normal -0.9969173337331275 0.07845909572785058 0
    outer loop
      vertex 42.16 74.76000000000002 1.5999999999999996
      vertex 42.16 74.76000000000002 10.400000000000002
      vertex 42.19324148039313 75.18237305560864 10.400000000000002
    endloop
  endfacet
  facet normal -0.8526401643540903 -0.522498564715952 0
    outer loop
      vertex 42.67565411518764 73.17297981881035 1.5999999999999996
      vertex 42.67565411518764 73.17297981881035 10.400000000000002
      vertex 42.4542823846914 73.53422565070325 10.400000000000002
    endloop
  endfacet
  facet normal -0.7604059656000419 -0.6494480483301708 0
    outer loop
      vertex 42.95081169079632 72.85081169079633 1.5999999999999996
      vertex 42.95081169079632 72.85081169079633 10.400000000000002
      vertex 42.67565411518764 73.17297981881035 10.400000000000002
    endloop
  endfacet
  facet normal -0.9723699203976793 0.2334453638558937 0
    outer loop
      vertex 42.19324148039313 75.18237305560864 1.5999999999999996
      vertex 42.19324148039313 75.18237305560864 10.400000000000002
      vertex 42.29214740600308 75.59434588481238 10.400000000000002
    endloop
  endfacet
  facet normal -0.9238795325112824 0.3826834323651002 0
    outer loop
      vertex 42.29214740600308 75.59434588481238 1.5999999999999996
      vertex 42.29214740600308 75.59434588481238 10.400000000000002
      vertex 42.4542823846914 75.98577434929679 10.400000000000002
    endloop
  endfacet
  facet normal -0.8526401643540903 0.522498564715952 0
    outer loop
      vertex 42.4542823846914 75.98577434929679 1.5999999999999996
      vertex 42.4542823846914 75.98577434929679 10.400000000000002
      vertex 42.67565411518764 76.34702018118969 10.400000000000002
    endloop
  endfacet
  facet normal -0.7604059656000419 0.6494480483301708 0
    outer loop
      vertex 42.67565411518764 76.34702018118969 1.5999999999999996
      vertex 42.67565411518764 76.34702018118969 10.400000000000002
      vertex 42.95081169079632 76.6691883092037 10.400000000000002
    endloop
  endfacet
  facet normal -0.6494480483301777 0.760405965600036 0
    outer loop
      vertex 42.95081169079632 76.6691883092037 1.5999999999999996
      vertex 42.95081169079632 76.6691883092037 10.400000000000002
      vertex 43.27297981881032 76.94434588481238 10.400000000000002
    endloop
  endfacet
  facet normal 0 0 1
    outer loop
      vertex 42.29214740600308 73.92565411518765 10.400000000000002
      vertex 42.19324148039313 75.18237305560864 10.400000000000002
      vertex 42.19324148039313 74.3376269443914 10.400000000000002
    endloop
  endfacet
  facet normal 0 0 1
    outer loop
      vertex 42.29214740600308 73.92565411518765 10.400000000000002
      vertex 42.4542823846914 73.53422565070325 10.400000000000002
      vertex 42.29214740600308 75.59434588481238 10.400000000000002
    endloop
  endfacet
  facet normal 0 0 1
    outer loop
      vertex 42.19324148039313 74.3376269443914 10.400000000000002
      vertex 42.19324148039313 75.18237305560864 10.400000000000002
      vertex 42.16 74.76000000000002 10.400000000000002
    endloop
  endfacet
  facet normal 0 0 1
    outer loop
      vertex 42.29214740600308 73.92565411518765 10.400000000000002
      vertex 42.29214740600308 75.59434588481238 10.400000000000002
      vertex 42.19324148039313 75.18237305560864 10.400000000000002
    endloop
  endfacet
  facet normal 0 0 1
    outer loop
      vertex 42.4542823846914 73.53422565070325 10.400000000000002
      vertex 42.4542823846914 75.98577434929679 10.400000000000002
      vertex 42.29214740600308 75.59434588481238 10.400000000000002
    endloop
  endfacet
  facet normal 0 0 1
    outer loop
      vertex 42.67565411518764 73.17297981881035 10.400000000000002
      vertex 42.4542823846914 75.98577434929679 10.400000000000002
      vertex 42.4542823846914 73.53422565070325 10.400000000000002
    endloop
  endfacet
  facet normal 0 0 1
    outer loop
      vertex 42.67565411518764 73.17297981881035 10.400000000000002
      vertex 42.95081169079632 72.85081169079633 10.400000000000002
      vertex 42.67565411518764 76.34702018118969 10.400000000000002
    endloop
  endfacet
  facet normal 0 0 1
    outer loop
      vertex 43.27297981881032 72.57565411518766 10.400000000000002
      vertex 42.95081169079632 76.6691883092037 10.400000000000002
      vertex 42.95081169079632 72.85081169079633 10.400000000000002
    endloop
  endfacet
  facet normal 0 0 1
    outer loop
      vertex 42.67565411518764 73.17297981881035 10.400000000000002
      vertex 42.67565411518764 76.34702018118969 10.400000000000002
      vertex 42.4542823846914 75.98577434929679 10.400000000000002
    endloop
  endfacet
  facet normal 0 0 1
    outer loop
      vertex 42.95081169079632 72.85081169079633 10.400000000000002
      vertex 42.95081169079632 76.6691883092037 10.400000000000002
      vertex 42.67565411518764 76.34702018118969 10.400000000000002
    endloop
  endfacet
  facet normal 0 0 1
    outer loop
      vertex 43.27297981881032 72.57565411518766 10.400000000000002
      vertex 43.27297981881032 76.94434588481238 10.400000000000002
      vertex 42.95081169079632 76.6691883092037 10.400000000000002
    endloop
  endfacet
  facet normal -0.5224985647159398 -0.8526401643540977 0
    outer loop
      vertex 43.63422565070322 72.35428238469143 1.5999999999999996
      vertex 43.63422565070322 72.35428238469143 10.400000000000002
      vertex 43.27297981881032 72.57565411518766 10.400000000000002
    endloop
  endfacet
  facet normal -0.38268343236510277 -0.9238795325112815 0
    outer loop
      vertex 44.02565411518764 72.1921474060031 1.5999999999999996
      vertex 44.02565411518764 72.1921474060031 10.400000000000002
      vertex 43.63422565070322 72.35428238469143 10.400000000000002
    endloop
  endfacet
  facet normal -0.23344536385590134 -0.9723699203976777 0
    outer loop
      vertex 44.437626944391376 72.09324148039315 1.5999999999999996
      vertex 44.437626944391376 72.09324148039315 10.400000000000002
      vertex 44.02565411518764 72.1921474060031 10.400000000000002
    endloop
  endfacet
  facet normal -0.07845909572784927 -0.9969173337331277 0
    outer loop
      vertex 44.86 72.06000000000002 1.5999999999999996
      vertex 44.86 72.06000000000002 10.400000000000002
      vertex 44.437626944391376 72.09324148039315 10.400000000000002
    endloop
  endfacet
  facet normal 0.07845909572784927 -0.9969173337331277 0
    outer loop
      vertex 45.28237305560862 72.09324148039315 1.5999999999999996
      vertex 45.28237305560862 72.09324148039315 10.400000000000002
      vertex 44.86 72.06000000000002 10.400000000000002
    endloop
  endfacet
  facet normal 0.23344536385590134 -0.9723699203976777 0
    outer loop
      vertex 45.69434588481236 72.1921474060031 1.5999999999999996
      vertex 45.69434588481236 72.1921474060031 10.400000000000002
      vertex 45.28237305560862 72.09324148039315 10.400000000000002
    endloop
  endfacet
  facet normal 0.38268343236510277 -0.9238795325112815 0
    outer loop
      vertex 46.08577434929678 72.35428238469143 1.5999999999999996
      vertex 46.08577434929678 72.35428238469143 10.400000000000002
      vertex 45.69434588481236 72.1921474060031 10.400000000000002
    endloop
  endfacet
  facet normal 0.5224985647159398 -0.8526401643540977 0
    outer loop
      vertex 46.44702018118968 72.57565411518766 1.5999999999999996
      vertex 46.44702018118968 72.57565411518766 10.400000000000002
      vertex 46.08577434929678 72.35428238469143 10.400000000000002
    endloop
  endfacet
  facet normal -0.5224985647159398 0.8526401643540977 0
    outer loop
      vertex 43.27297981881032 76.94434588481238 1.5999999999999996
      vertex 43.27297981881032 76.94434588481238 10.400000000000002
      vertex 43.63422565070322 77.16571761530861 10.400000000000002
    endloop
  endfacet
  facet normal -0.38268343236510277 0.9238795325112815 0
    outer loop
      vertex 43.63422565070322 77.16571761530861 1.5999999999999996
      vertex 43.63422565070322 77.16571761530861 10.400000000000002
      vertex 44.02565411518764 77.32785259399694 10.400000000000002
    endloop
  endfacet
  facet normal -0.23344536385590134 0.9723699203976777 0
    outer loop
      vertex 44.02565411518764 77.32785259399694 1.5999999999999996
      vertex 44.02565411518764 77.32785259399694 10.400000000000002
      vertex 44.437626944391376 77.42675851960689 10.400000000000002
    endloop
  endfacet
  facet normal -0.07845909572784927 0.9969173337331277 0
    outer loop
      vertex 44.437626944391376 77.42675851960689 1.5999999999999996
      vertex 44.437626944391376 77.42675851960689 10.400000000000002
      vertex 44.86 77.46000000000002 10.400000000000002
    endloop
  endfacet
  facet normal 0.07845909572784927 0.9969173337331277 0
    outer loop
      vertex 44.86 77.46000000000002 1.5999999999999996
      vertex 44.86 77.46000000000002 10.400000000000002
      vertex 45.28237305560862 77.42675851960689 10.400000000000002
    endloop
  endfacet
  facet normal 0.6494480483301777 -0.760405965600036 0
    outer loop
      vertex 46.76918830920368 72.85081169079633 1.5999999999999996
      vertex 46.76918830920368 72.85081169079633 10.400000000000002
      vertex 46.44702018118968 72.57565411518766 10.400000000000002
    endloop
  endfacet
  facet normal 0.23344536385590134 0.9723699203976777 0
    outer loop
      vertex 45.28237305560862 77.42675851960689 1.5999999999999996
      vertex 45.28237305560862 77.42675851960689 10.400000000000002
      vertex 45.69434588481236 77.32785259399694 10.400000000000002
    endloop
  endfacet
  facet normal 0.38268343236510277 0.9238795325112815 0
    outer loop
      vertex 45.69434588481236 77.32785259399694 1.5999999999999996
      vertex 45.69434588481236 77.32785259399694 10.400000000000002
      vertex 46.08577434929678 77.16571761530861 10.400000000000002
    endloop
  endfacet
  facet normal 0.5224985647159398 0.8526401643540977 0
    outer loop
      vertex 46.08577434929678 77.16571761530861 1.5999999999999996
      vertex 46.08577434929678 77.16571761530861 10.400000000000002
      vertex 46.44702018118968 76.94434588481238 10.400000000000002
    endloop
  endfacet
  facet normal 0.6494480483301777 0.760405965600036 0
    outer loop
      vertex 46.44702018118968 76.94434588481238 1.5999999999999996
      vertex 46.44702018118968 76.94434588481238 10.400000000000002
      vertex 46.76918830920368 76.6691883092037 10.400000000000002
    endloop
  endfacet
  facet normal 0.7604059656000419 0.6494480483301708 0
    outer loop
      vertex 46.76918830920368 76.6691883092037 1.5999999999999996
      vertex 46.76918830920368 76.6691883092037 10.400000000000002
      vertex 47.04434588481236 76.34702018118969 10.400000000000002
    endloop
  endfacet
  facet normal 0.7604059656000419 -0.6494480483301708 0
    outer loop
      vertex 47.04434588481236 73.17297981881035 1.5999999999999996
      vertex 47.04434588481236 73.17297981881035 10.400000000000002
      vertex 46.76918830920368 72.85081169079633 10.400000000000002
    endloop
  endfacet
  facet normal 0.8526401643540903 -0.522498564715952 0
    outer loop
      vertex 47.265717615308596 73.53422565070325 1.5999999999999996
      vertex 47.265717615308596 73.53422565070325 10.400000000000002
      vertex 47.04434588481236 73.17297981881035 10.400000000000002
    endloop
  endfacet
  facet normal 0.9238795325112824 -0.3826834323651002 0
    outer loop
      vertex 47.42785259399692 73.92565411518765 1.5999999999999996
      vertex 47.42785259399692 73.92565411518765 10.400000000000002
      vertex 47.265717615308596 73.53422565070325 10.400000000000002
    endloop
  endfacet
  facet normal 0.9723699203976793 -0.2334453638558937 0
    outer loop
      vertex 47.52675851960687 74.3376269443914 1.5999999999999996
      vertex 47.52675851960687 74.3376269443914 10.400000000000002
      vertex 47.42785259399692 73.92565411518765 10.400000000000002
    endloop
  endfacet
  facet normal 0.9969173337331275 0.07845909572785058 0
    outer loop
      vertex 47.52675851960687 75.18237305560864 1.5999999999999996
      vertex 47.52675851960687 75.18237305560864 10.400000000000002
      vertex 47.56 74.76000000000002 10.400000000000002
    endloop
  endfacet
  facet normal 0.9969173337331275 -0.07845909572785058 0
    outer loop
      vertex 47.56 74.76000000000002 1.5999999999999996
      vertex 47.56 74.76000000000002 10.400000000000002
      vertex 47.52675851960687 74.3376269443914 10.400000000000002
    endloop
  endfacet
  facet normal 0.9238795325112824 0.3826834323651002 0
    outer loop
      vertex 47.265717615308596 75.98577434929679 1.5999999999999996
      vertex 47.265717615308596 75.98577434929679 10.400000000000002
      vertex 47.42785259399692 75.59434588481238 10.400000000000002
    endloop
  endfacet
  facet normal 0.8526401643540903 0.522498564715952 0
    outer loop
      vertex 47.04434588481236 76.34702018118969 1.5999999999999996
      vertex 47.04434588481236 76.34702018118969 10.400000000000002
      vertex 47.265717615308596 75.98577434929679 10.400000000000002
    endloop
  endfacet
  facet normal 0.9723699203976793 0.2334453638558937 0
    outer loop
      vertex 47.42785259399692 75.59434588481238 1.5999999999999996
      vertex 47.42785259399692 75.59434588481238 10.400000000000002
      vertex 47.52675851960687 75.18237305560864 10.400000000000002
    endloop
  endfacet
  facet normal 0 0 1
    outer loop
      vertex 44.02565411518764 72.1921474060031 10.400000000000002
      vertex 44.12089637399097 74.45385325410794 10.400000000000002
      vertex 44.06 74.76000000000002 10.400000000000002
    endloop
  endfacet
  facet normal 0 0 1
    outer loop
      vertex 43.27297981881032 72.57565411518766 10.400000000000002
      vertex 43.63422565070322 72.35428238469143 10.400000000000002
      vertex 43.27297981881032 76.94434588481238 10.400000000000002
    endloop
  endfacet
  facet normal 0 0 1
    outer loop
      vertex 43.63422565070322 72.35428238469143 10.400000000000002
      vertex 44.02565411518764 72.1921474060031 10.400000000000002
      vertex 43.63422565070322 77.16571761530861 10.400000000000002
    endloop
  endfacet
  facet normal 0 0 1
    outer loop
      vertex 44.02565411518764 72.1921474060031 10.400000000000002
      vertex 44.06 74.76000000000002 10.400000000000002
      vertex 44.02565411518764 77.32785259399694 10.400000000000002
    endloop
  endfacet
  facet normal 0 0 1
    outer loop
      vertex 44.02565411518764 72.1921474060031 10.400000000000002
      vertex 44.437626944391376 72.09324148039315 10.400000000000002
      vertex 44.12089637399097 74.45385325410794 10.400000000000002
    endloop
  endfacet
  facet normal 0 0 1
    outer loop
      vertex 44.437626944391376 72.09324148039315 10.400000000000002
      vertex 44.86 72.06000000000002 10.400000000000002
      vertex 44.55385325410793 74.020896373991 10.400000000000002
    endloop
  endfacet
  facet normal 0 0 1
    outer loop
      vertex 44.437626944391376 72.09324148039315 10.400000000000002
      vertex 44.29431457505076 74.19431457505078 10.400000000000002
      vertex 44.12089637399097 74.45385325410794 10.400000000000002
    endloop
  endfacet
  facet normal 0 0 1
    outer loop
      vertex 44.437626944391376 72.09324148039315 10.400000000000002
      vertex 44.55385325410793 74.020896373991 10.400000000000002
      vertex 44.29431457505076 74.19431457505078 10.400000000000002
    endloop
  endfacet
  facet normal 0 0 1
    outer loop
      vertex 44.86 72.06000000000002 10.400000000000002
      vertex 45.28237305560862 72.09324148039315 10.400000000000002
      vertex 44.86 73.96000000000002 10.400000000000002
    endloop
  endfacet
  facet normal 0 0 1
    outer loop
      vertex 44.86 72.06000000000002 10.400000000000002
      vertex 44.86 73.96000000000002 10.400000000000002
      vertex 44.55385325410793 74.020896373991 10.400000000000002
    endloop
  endfacet
  facet normal 0 0 1
    outer loop
      vertex 43.27297981881032 76.94434588481238 10.400000000000002
      vertex 43.63422565070322 72.35428238469143 10.400000000000002
      vertex 43.63422565070322 77.16571761530861 10.400000000000002
    endloop
  endfacet
  facet normal 0 0 1
    outer loop
      vertex 44.02565411518764 72.1921474060031 10.400000000000002
      vertex 44.02565411518764 77.32785259399694 10.400000000000002
      vertex 43.63422565070322 77.16571761530861 10.400000000000002
    endloop
  endfacet
  facet normal 0 0 1
    outer loop
      vertex 44.02565411518764 77.32785259399694 10.400000000000002
      vertex 44.06 74.76000000000002 10.400000000000002
      vertex 44.12089637399097 75.0661467458921 10.400000000000002
    endloop
  endfacet
  facet normal 0 0 1
    outer loop
      vertex 44.02565411518764 77.32785259399694 10.400000000000002
      vertex 44.12089637399097 75.0661467458921 10.400000000000002
      vertex 44.29431457505076 75.32568542494926 10.400000000000002
    endloop
  endfacet
  facet normal 0 0 1
    outer loop
      vertex 44.02565411518764 77.32785259399694 10.400000000000002
      vertex 44.29431457505076 75.32568542494926 10.400000000000002
      vertex 44.55385325410793 75.49910362600905 10.400000000000002
    endloop
  endfacet
  facet normal 0 0 1
    outer loop
      vertex 44.437626944391376 77.42675851960689 10.400000000000002
      vertex 44.55385325410793 75.49910362600905 10.400000000000002
      vertex 44.86 75.56000000000002 10.400000000000002
    endloop
  endfacet
  facet normal 0 0 1
    outer loop
      vertex 44.86 77.46000000000002 10.400000000000002
      vertex 44.86 75.56000000000002 10.400000000000002
      vertex 45.16614674589207 75.49910362600905 10.400000000000002
    endloop
  endfacet
  facet normal 0 0 1
    outer loop
      vertex 44.02565411518764 77.32785259399694 10.400000000000002
      vertex 44.55385325410793 75.49910362600905 10.400000000000002
      vertex 44.437626944391376 77.42675851960689 10.400000000000002
    endloop
  endfacet
  facet normal 0 0 1
    outer loop
      vertex 44.437626944391376 77.42675851960689 10.400000000000002
      vertex 44.86 75.56000000000002 10.400000000000002
      vertex 44.86 77.46000000000002 10.400000000000002
    endloop
  endfacet
  facet normal 0 0 1
    outer loop
      vertex 45.28237305560862 72.09324148039315 10.400000000000002
      vertex 45.69434588481236 72.1921474060031 10.400000000000002
      vertex 45.16614674589207 74.020896373991 10.400000000000002
    endloop
  endfacet
  facet normal 0 0 1
    outer loop
      vertex 45.28237305560862 72.09324148039315 10.400000000000002
      vertex 45.16614674589207 74.020896373991 10.400000000000002
      vertex 44.86 73.96000000000002 10.400000000000002
    endloop
  endfacet
  facet normal 0 0 1
    outer loop
      vertex 45.69434588481236 72.1921474060031 10.400000000000002
      vertex 45.425685424949236 74.19431457505078 10.400000000000002
      vertex 45.16614674589207 74.020896373991 10.400000000000002
    endloop
  endfacet
  facet normal 0 0 1
    outer loop
      vertex 45.69434588481236 72.1921474060031 10.400000000000002
      vertex 45.599103626009025 74.45385325410794 10.400000000000002
      vertex 45.425685424949236 74.19431457505078 10.400000000000002
    endloop
  endfacet
  facet normal 0 0 1
    outer loop
      vertex 45.69434588481236 72.1921474060031 10.400000000000002
      vertex 45.66 74.76000000000002 10.400000000000002
      vertex 45.599103626009025 74.45385325410794 10.400000000000002
    endloop
  endfacet
  facet normal 0 0 1
    outer loop
      vertex 45.69434588481236 72.1921474060031 10.400000000000002
      vertex 46.08577434929678 72.35428238469143 10.400000000000002
      vertex 45.69434588481236 77.32785259399694 10.400000000000002
    endloop
  endfacet
  facet normal 0 0 1
    outer loop
      vertex 45.69434588481236 72.1921474060031 10.400000000000002
      vertex 45.69434588481236 77.32785259399694 10.400000000000002
      vertex 45.66 74.76000000000002 10.400000000000002
    endloop
  endfacet
  facet normal 0 0 1
    outer loop
      vertex 46.08577434929678 72.35428238469143 10.400000000000002
      vertex 46.44702018118968 72.57565411518766 10.400000000000002
      vertex 46.08577434929678 77.16571761530861 10.400000000000002
    endloop
  endfacet
  facet normal 0 0 1
    outer loop
      vertex 46.44702018118968 72.57565411518766 10.400000000000002
      vertex 46.76918830920368 72.85081169079633 10.400000000000002
      vertex 46.44702018118968 76.94434588481238 10.400000000000002
    endloop
  endfacet
  facet normal 0 0 1
    outer loop
      vertex 46.76918830920368 72.85081169079633 10.400000000000002
      vertex 47.04434588481236 73.17297981881035 10.400000000000002
      vertex 46.76918830920368 76.6691883092037 10.400000000000002
    endloop
  endfacet
  facet normal 0 0 1
    outer loop
      vertex 45.28237305560862 77.42675851960689 10.400000000000002
      vertex 45.16614674589207 75.49910362600905 10.400000000000002
      vertex 45.425685424949236 75.32568542494926 10.400000000000002
    endloop
  endfacet
  facet normal 0 0 1
    outer loop
      vertex 45.28237305560862 77.42675851960689 10.400000000000002
      vertex 45.425685424949236 75.32568542494926 10.400000000000002
      vertex 45.599103626009025 75.0661467458921 10.400000000000002
    endloop
  endfacet
  facet normal 0 0 1
    outer loop
      vertex 46.08577434929678 72.35428238469143 10.400000000000002
      vertex 46.08577434929678 77.16571761530861 10.400000000000002
      vertex 45.69434588481236 77.32785259399694 10.400000000000002
    endloop
  endfacet
  facet normal 0 0 1
    outer loop
      vertex 45.69434588481236 77.32785259399694 10.400000000000002
      vertex 45.599103626009025 75.0661467458921 10.400000000000002
      vertex 45.66 74.76000000000002 10.400000000000002
    endloop
  endfacet
  facet normal 0 0 1
    outer loop
      vertex 44.86 77.46000000000002 10.400000000000002
      vertex 45.16614674589207 75.49910362600905 10.400000000000002
      vertex 45.28237305560862 77.42675851960689 10.400000000000002
    endloop
  endfacet
  facet normal 0 0 1
    outer loop
      vertex 45.28237305560862 77.42675851960689 10.400000000000002
      vertex 45.599103626009025 75.0661467458921 10.400000000000002
      vertex 45.69434588481236 77.32785259399694 10.400000000000002
    endloop
  endfacet
  facet normal 0 0 1
    outer loop
      vertex 46.44702018118968 72.57565411518766 10.400000000000002
      vertex 46.44702018118968 76.94434588481238 10.400000000000002
      vertex 46.08577434929678 77.16571761530861 10.400000000000002
    endloop
  endfacet
  facet normal 0 0 1
    outer loop
      vertex 46.76918830920368 72.85081169079633 10.400000000000002
      vertex 46.76918830920368 76.6691883092037 10.400000000000002
      vertex 46.44702018118968 76.94434588481238 10.400000000000002
    endloop
  endfacet
  facet normal 0 0 1
    outer loop
      vertex 47.04434588481236 73.17297981881035 10.400000000000002
      vertex 47.265717615308596 73.53422565070325 10.400000000000002
      vertex 47.04434588481236 76.34702018118969 10.400000000000002
    endloop
  endfacet
  facet normal 0 0 1
    outer loop
      vertex 47.265717615308596 73.53422565070325 10.400000000000002
      vertex 47.42785259399692 73.92565411518765 10.400000000000002
      vertex 47.265717615308596 75.98577434929679 10.400000000000002
    endloop
  endfacet
  facet normal 0 0 1
    outer loop
      vertex 47.42785259399692 73.92565411518765 10.400000000000002
      vertex 47.52675851960687 74.3376269443914 10.400000000000002
      vertex 47.42785259399692 75.59434588481238 10.400000000000002
    endloop
  endfacet
  facet normal 0 0 1
    outer loop
      vertex 47.52675851960687 74.3376269443914 10.400000000000002
      vertex 47.56 74.76000000000002 10.400000000000002
      vertex 47.52675851960687 75.18237305560864 10.400000000000002
    endloop
  endfacet
  facet normal 0 0 1
    outer loop
      vertex 47.52675851960687 74.3376269443914 10.400000000000002
      vertex 47.52675851960687 75.18237305560864 10.400000000000002
      vertex 47.42785259399692 75.59434588481238 10.400000000000002
    endloop
  endfacet
  facet normal 0 0 1
    outer loop
      vertex 46.76918830920368 76.6691883092037 10.400000000000002
      vertex 47.04434588481236 73.17297981881035 10.400000000000002
      vertex 47.04434588481236 76.34702018118969 10.400000000000002
    endloop
  endfacet
  facet normal 0 0 1
    outer loop
      vertex 47.265717615308596 73.53422565070325 10.400000000000002
      vertex 47.265717615308596 75.98577434929679 10.400000000000002
      vertex 47.04434588481236 76.34702018118969 10.400000000000002
    endloop
  endfacet
  facet normal 0 0 1
    outer loop
      vertex 47.42785259399692 73.92565411518765 10.400000000000002
      vertex 47.42785259399692 75.59434588481238 10.400000000000002
      vertex 47.265717615308596 75.98577434929679 10.400000000000002
    endloop
  endfacet
  facet normal -1 0 0
    outer loop
      vertex 14.93 56.92 1.5999999999999996
      vertex 14.93 56.92 4.800000000000001
      vertex 14.93 59.92 1.5999999999999996
    endloop
  endfacet
  facet normal 0 -1 0
    outer loop
      vertex 14.93 56.92 1.5999999999999996
      vertex 24.93 56.92 4.800000000000001
      vertex 14.93 56.92 4.800000000000001
    endloop
  endfacet
  facet normal 0 -1 0
    outer loop
      vertex 14.93 56.92 1.5999999999999996
      vertex 24.93 56.92 1.5999999999999996
      vertex 24.93 56.92 4.800000000000001
    endloop
  endfacet
  facet normal 0 0 1
    outer loop
      vertex 14.93 56.92 4.800000000000001
      vertex 24.93 56.92 4.800000000000001
      vertex 14.93 59.92 4.800000000000001
    endloop
  endfacet
  facet normal 1 0 0
    outer loop
      vertex 24.93 56.92 1.5999999999999996
      vertex 24.93 59.92 4.800000000000001
      vertex 24.93 56.92 4.800000000000001
    endloop
  endfacet
  facet normal 0 1 0
    outer loop
      vertex 14.93 59.92 1.5999999999999996
      vertex 14.93 59.92 4.800000000000001
      vertex 24.93 59.92 1.5999999999999996
    endloop
  endfacet
  facet normal -1 0 0
    outer loop
      vertex 14.93 56.92 4.800000000000001
      vertex 14.93 59.92 4.800000000000001
      vertex 14.93 59.92 1.5999999999999996
    endloop
  endfacet
  facet normal 0 1 0
    outer loop
      vertex 24.93 59.92 1.5999999999999996
      vertex 14.93 59.92 4.800000000000001
      vertex 24.93 59.92 4.800000000000001
    endloop
  endfacet
  facet normal 0 0 1
    outer loop
      vertex 24.93 56.92 4.800000000000001
      vertex 24.93 59.92 4.800000000000001
      vertex 14.93 59.92 4.800000000000001
    endloop
  endfacet
  facet normal 1 0 0
    outer loop
      vertex 24.93 56.92 1.5999999999999996
      vertex 24.93 59.92 1.5999999999999996
      vertex 24.93 59.92 4.800000000000001
    endloop
  endfacet
  facet normal -1 0 0
    outer loop
      vertex 53.4 39 1.5999999999999996
      vertex 53.4 39 4.800000000000001
      vertex 53.4 51 4.800000000000001
    endloop
  endfacet
  facet normal -1 0 0
    outer loop
      vertex 53.4 39 1.5999999999999996
      vertex 53.4 51 4.800000000000001
      vertex 53.4 51 1.5999999999999996
    endloop
  endfacet
  facet normal 0 -1 0
    outer loop
      vertex 53.4 39 1.5999999999999996
      vertex 57.6 39 1.5999999999999996
      vertex 53.4 39 4.800000000000001
    endloop
  endfacet
  facet normal 1 0 0
    outer loop
      vertex 57.6 39 1.5999999999999996
      vertex 57.6 51 1.5999999999999996
      vertex 57.6 39 4.800000000000001
    endloop
  endfacet
  facet normal 0 -1 0
    outer loop
      vertex 57.6 39 1.5999999999999996
      vertex 57.6 39 4.800000000000001
      vertex 53.4 39 4.800000000000001
    endloop
  endfacet
  facet normal 1 0 0
    outer loop
      vertex 57.6 51 1.5999999999999996
      vertex 57.6 51 4.800000000000001
      vertex 57.6 39 4.800000000000001
    endloop
  endfacet
  facet normal 0 0 1
    outer loop
      vertex 53.4 39 4.800000000000001
      vertex 57.6 39 4.800000000000001
      vertex 53.4 51 4.800000000000001
    endloop
  endfacet
  facet normal 0 0 1
    outer loop
      vertex 57.6 39 4.800000000000001
      vertex 57.6 51 4.800000000000001
      vertex 53.4 51 4.800000000000001
    endloop
  endfacet
  facet normal 0 1 0
    outer loop
      vertex 53.4 51 1.5999999999999996
      vertex 57.6 51 4.800000000000001
      vertex 57.6 51 1.5999999999999996
    endloop
  endfacet
  facet normal 0 1 0
    outer loop
      vertex 53.4 51 1.5999999999999996
      vertex 53.4 51 4.800000000000001
      vertex 57.6 51 4.800000000000001
    endloop
  endfacet
  facet normal 0.19509032201612994 0.9807852804032301 2.9243054000588317e-18
    outer loop
      vertex 1.9 38.8 0
      vertex 1.4407798811618922 38.891344560986454 0
      vertex 1.4407798811618922 38.891344560986454 1.5999999999999996
    endloop
  endfacet
  facet normal -0.19509032201613002 0.9807852804032301 0
    outer loop
      vertex 1.9 38.8 1.5999999999999996
      vertex 2.3592201188381074 38.891344560986454 0
      vertex 1.9 38.8 0
    endloop
  endfacet
  facet normal 0.19509032201612994 0.9807852804032301 2.9243054000588317e-18
    outer loop
      vertex 1.4407798811618922 38.891344560986454 1.5999999999999996
      vertex 1.9 38.8 1.5999999999999996
      vertex 1.9 38.8 0
    endloop
  endfacet
  facet normal -0.19509032201613002 0.9807852804032301 -2.2113413596592846e-18
    outer loop
      vertex 1.9 38.8 1.5999999999999996
      vertex 2.3592201188381074 38.891344560986454 1.5999999999999996
      vertex 2.3592201188381074 38.891344560986454 0
    endloop
  endfacet
  facet normal 0.9807852804032307 0.19509032201612675 2.3202669970093584e-18
    outer loop
      vertex 0.7913445609864558 39.54077988116189 0
      vertex 0.7 40 0
      vertex 0.7 40 1.5999999999999996
    endloop
  endfacet
  facet normal 0.8314696123025419 0.555570233019607 0
    outer loop
      vertex 0.7913445609864558 39.54077988116189 1.5999999999999996
      vertex 1.0514718625761428 39.151471862576145 0
      vertex 0.7913445609864558 39.54077988116189 0
    endloop
  endfacet
  facet normal 0.5555702330196076 0.8314696123025417 -4.569493908320984e-18
    outer loop
      vertex 1.4407798811618922 38.891344560986454 0
      vertex 1.0514718625761428 39.151471862576145 0
      vertex 1.0514718625761428 39.151471862576145 1.5999999999999996
    endloop
  endfacet
  facet normal 0.9807852804032307 -0.19509032201612675 0
    outer loop
      vertex 0.7913445609864558 40.45922011883811 1.5999999999999996
      vertex 0.7 40 0
      vertex 0.7913445609864558 40.45922011883811 0
    endloop
  endfacet
  facet normal 0.8314696123025419 -0.555570233019607 -6.890460611775961e-18
    outer loop
      vertex 0.7913445609864558 40.45922011883811 0
      vertex 1.0514718625761428 40.848528137423855 0
      vertex 1.0514718625761428 40.848528137423855 1.5999999999999996
    endloop
  endfacet
  facet normal 0.5555702330196076 -0.8314696123025417 0
    outer loop
      vertex 1.4407798811618922 41.108655439013546 1.5999999999999996
      vertex 1.0514718625761428 40.848528137423855 0
      vertex 1.4407798811618922 41.108655439013546 0
    endloop
  endfacet
  facet normal 0.19509032201612994 -0.9807852804032301 0
    outer loop
      vertex 1.9 41.2 1.5999999999999996
      vertex 1.4407798811618922 41.108655439013546 0
      vertex 1.9 41.2 0
    endloop
  endfacet
  facet normal -0.5555702330196075 0.8314696123025419 0
    outer loop
      vertex 2.3592201188381074 38.891344560986454 1.5999999999999996
      vertex 2.748528137423857 39.151471862576145 0
      vertex 2.3592201188381074 38.891344560986454 0
    endloop
  endfacet
  facet normal -0.8314696123025422 0.5555702330196067 0
    outer loop
      vertex 2.748528137423857 39.151471862576145 0
      vertex 2.748528137423857 39.151471862576145 1.5999999999999996
      vertex 3.008655439013544 39.54077988116189 0
    endloop
  endfacet
  facet normal -0.9807852804032307 0.19509032201612675 0
    outer loop
      vertex 3.008655439013544 39.54077988116189 1.5999999999999996
      vertex 3.0999999999999996 40 0
      vertex 3.008655439013544 39.54077988116189 0
    endloop
  endfacet
  facet normal -0.9807852804032307 -0.19509032201612675 0
    outer loop
      vertex 3.0999999999999996 40 1.5999999999999996
      vertex 3.008655439013544 40.45922011883811 0
      vertex 3.0999999999999996 40 0
    endloop
  endfacet
  facet normal -0.19509032201613002 -0.9807852804032301 2.2113413596592846e-18
    outer loop
      vertex 1.9 41.2 0
      vertex 2.3592201188381074 41.108655439013546 0
      vertex 2.3592201188381074 41.108655439013546 1.5999999999999996
    endloop
  endfacet
  facet normal -0.5555702330196075 -0.8314696123025419 -7.571192067816114e-18
    outer loop
      vertex 2.3592201188381074 41.108655439013546 0
      vertex 2.748528137423857 40.848528137423855 0
      vertex 2.748528137423857 40.848528137423855 1.5999999999999996
    endloop
  endfacet
  facet normal -0.8314696123025422 -0.5555702330196067 0
    outer loop
      vertex 3.008655439013544 40.45922011883811 1.5999999999999996
      vertex 2.748528137423857 40.848528137423855 0
      vertex 3.008655439013544 40.45922011883811 0
    endloop
  endfacet
  facet normal 0.9807852804032307 0.19509032201612675 2.3202669970093584e-18
    outer loop
      vertex 0.7 40 1.5999999999999996
      vertex 0.7913445609864558 39.54077988116189 1.5999999999999996
      vertex 0.7913445609864558 39.54077988116189 0
    endloop
  endfacet
  facet normal 0.9807852804032307 -0.19509032201612675 -2.3202669970093584e-18
    outer loop
      vertex 0.7913445609864558 40.45922011883811 1.5999999999999996
      vertex 0.7 40 1.5999999999999996
      vertex 0.7 40 0
    endloop
  endfacet
  facet normal 0.8314696123025419 0.555570233019607 6.890460611775961e-18
    outer loop
      vertex 0.7913445609864558 39.54077988116189 1.5999999999999996
      vertex 1.0514718625761428 39.151471862576145 1.5999999999999996
      vertex 1.0514718625761428 39.151471862576145 0
    endloop
  endfacet
  facet normal 0.8314696123025419 -0.555570233019607 -6.890460611775961e-18
    outer loop
      vertex 1.0514718625761428 40.848528137423855 1.5999999999999996
      vertex 0.7913445609864558 40.45922011883811 1.5999999999999996
      vertex 0.7913445609864558 40.45922011883811 0
    endloop
  endfacet
  facet normal 0.5555702330196076 -0.8314696123025417 4.569493908320984e-18
    outer loop
      vertex 1.4407798811618922 41.108655439013546 1.5999999999999996
      vertex 1.0514718625761428 40.848528137423855 1.5999999999999996
      vertex 1.0514718625761428 40.848528137423855 0
    endloop
  endfacet
  facet normal 0.5555702330196076 0.8314696123025417 0
    outer loop
      vertex 1.4407798811618922 38.891344560986454 1.5999999999999996
      vertex 1.4407798811618922 38.891344560986454 0
      vertex 1.0514718625761428 39.151471862576145 1.5999999999999996
    endloop
  endfacet
  facet normal 0.19509032201612994 -0.9807852804032301 0
    outer loop
      vertex 1.4407798811618922 41.108655439013546 0
      vertex 1.9 41.2 1.5999999999999996
      vertex 1.4407798811618922 41.108655439013546 1.5999999999999996
    endloop
  endfacet
  facet normal -0.19509032201613002 -0.9807852804032301 2.2113413596592846e-18
    outer loop
      vertex 2.3592201188381074 41.108655439013546 1.5999999999999996
      vertex 1.9 41.2 1.5999999999999996
      vertex 1.9 41.2 0
    endloop
  endfacet
  facet normal -0.5555702330196075 0.8314696123025419 0
    outer loop
      vertex 2.748528137423857 39.151471862576145 1.5999999999999996
      vertex 2.748528137423857 39.151471862576145 0
      vertex 2.3592201188381074 38.891344560986454 1.5999999999999996
    endloop
  endfacet
  facet normal -0.8314696123025422 0.5555702330196067 7.393480735527591e-18
    outer loop
      vertex 2.748528137423857 39.151471862576145 1.5999999999999996
      vertex 3.008655439013544 39.54077988116189 1.5999999999999996
      vertex 3.008655439013544 39.54077988116189 0
    endloop
  endfacet
  facet normal -0.9807852804032307 0.19509032201612675 -2.3202669970093584e-18
    outer loop
      vertex 3.008655439013544 39.54077988116189 1.5999999999999996
      vertex 3.0999999999999996 40 1.5999999999999996
      vertex 3.0999999999999996 40 0
    endloop
  endfacet
  facet normal -0.5555702330196075 -0.8314696123025419 -7.571192067816114e-18
    outer loop
      vertex 2.748528137423857 40.848528137423855 1.5999999999999996
      vertex 2.3592201188381074 41.108655439013546 1.5999999999999996
      vertex 2.3592201188381074 41.108655439013546 0
    endloop
  endfacet
  facet normal -0.8314696123025422 -0.5555702330196067 -7.393480735527591e-18
    outer loop
      vertex 3.008655439013544 40.45922011883811 1.5999999999999996
      vertex 2.748528137423857 40.848528137423855 1.5999999999999996
      vertex 2.748528137423857 40.848528137423855 0
    endloop
  endfacet
  facet normal -0.9807852804032307 -0.19509032201612675 2.3202669970093584e-18
    outer loop
      vertex 3.0999999999999996 40 1.5999999999999996
      vertex 3.008655439013544 40.45922011883811 1.5999999999999996
      vertex 3.008655439013544 40.45922011883811 0
    endloop
  endfacet
  facet normal 0.5555702330196074 0.8314696123025417 0
    outer loop
      vertex 55.251471862576146 29.151471862576145 0
      vertex 55.251471862576146 29.151471862576145 1.5999999999999996
      vertex 55.64077988116189 28.891344560986457 0
    endloop
  endfacet
  facet normal 0.19509032201612858 0.9807852804032304 0
    outer loop
      vertex 55.64077988116189 28.891344560986457 0
      vertex 55.64077988116189 28.891344560986457 1.5999999999999996
      vertex 56.1 28.8 0
    endloop
  endfacet
  facet normal -0.19509032201612858 0.9807852804032304 0
    outer loop
      vertex 56.1 28.8 0
      vertex 56.1 28.8 1.5999999999999996
      vertex 56.55922011883811 28.891344560986457 0
    endloop
  endfacet
  facet normal -0.5555702330196074 0.8314696123025417 0
    outer loop
      vertex 56.55922011883811 28.891344560986457 0
      vertex 56.55922011883811 28.891344560986457 1.5999999999999996
      vertex 56.94852813742386 29.151471862576145 0
    endloop
  endfacet
  facet normal -0.8314696123025407 0.5555702330196092 0
    outer loop
      vertex 56.94852813742386 29.151471862576145 0
      vertex 56.94852813742386 29.151471862576145 1.5999999999999996
      vertex 57.20865543901355 29.540779881161892 0
    endloop
  endfacet
  facet normal 0.8314696123025407 0.5555702330196092 0
    outer loop
      vertex 55.251471862576146 29.151471862576145 0
      vertex 54.991344560986455 29.540779881161892 1.5999999999999996
      vertex 55.251471862576146 29.151471862576145 1.5999999999999996
    endloop
  endfacet
  facet normal 0.5555702330196074 0.8314696123025417 0
    outer loop
      vertex 55.64077988116189 28.891344560986457 0
      vertex 55.251471862576146 29.151471862576145 1.5999999999999996
      vertex 55.64077988116189 28.891344560986457 1.5999999999999996
    endloop
  endfacet
  facet normal 0.19509032201612858 0.9807852804032304 0
    outer loop
      vertex 56.1 28.8 0
      vertex 55.64077988116189 28.891344560986457 1.5999999999999996
      vertex 56.1 28.8 1.5999999999999996
    endloop
  endfacet
  facet normal -0.19509032201612858 0.9807852804032304 0
    outer loop
      vertex 56.55922011883811 28.891344560986457 0
      vertex 56.1 28.8 1.5999999999999996
      vertex 56.55922011883811 28.891344560986457 1.5999999999999996
    endloop
  endfacet
  facet normal -0.5555702330196074 0.8314696123025417 0
    outer loop
      vertex 56.94852813742386 29.151471862576145 0
      vertex 56.55922011883811 28.891344560986457 1.5999999999999996
      vertex 56.94852813742386 29.151471862576145 1.5999999999999996
    endloop
  endfacet
  facet normal 0.8314696123025407 0.5555702330196092 -2.0823967674416517e-18
    outer loop
      vertex 55.251471862576146 29.151471862576145 0
      vertex 54.991344560986455 29.540779881161892 0
      vertex 54.991344560986455 29.540779881161892 1.5999999999999996
    endloop
  endfacet
  facet normal 0.9807852804032301 0.19509032201613002 2.2113413596592846e-18
    outer loop
      vertex 54.991344560986455 29.540779881161892 0
      vertex 54.9 30 0
      vertex 54.9 30 1.5999999999999996
    endloop
  endfacet
  facet normal 0.9807852804032301 -0.19509032201613002 -2.2113413596592846e-18
    outer loop
      vertex 54.9 30 0
      vertex 54.991344560986455 30.459220118838108 0
      vertex 54.991344560986455 30.459220118838108 1.5999999999999996
    endloop
  endfacet
  facet normal 0.8314696123025407 -0.5555702330196092 2.0823967674416517e-18
    outer loop
      vertex 54.991344560986455 30.459220118838108 0
      vertex 55.251471862576146 30.848528137423855 0
      vertex 55.251471862576146 30.848528137423855 1.5999999999999996
    endloop
  endfacet
  facet normal 0.5555702330196074 -0.8314696123025417 0
    outer loop
      vertex 55.64077988116189 31.108655439013543 0
      vertex 55.64077988116189 31.108655439013543 1.5999999999999996
      vertex 55.251471862576146 30.848528137423855 0
    endloop
  endfacet
  facet normal 0.19509032201612858 -0.9807852804032304 0
    outer loop
      vertex 56.1 31.2 0
      vertex 56.1 31.2 1.5999999999999996
      vertex 55.64077988116189 31.108655439013543 0
    endloop
  endfacet
  facet normal -0.19509032201612858 -0.9807852804032304 0
    outer loop
      vertex 56.55922011883811 31.108655439013543 0
      vertex 56.55922011883811 31.108655439013543 1.5999999999999996
      vertex 56.1 31.2 0
    endloop
  endfacet
  facet normal -0.9807852804032301 0.19509032201613002 -2.2113413596592846e-18
    outer loop
      vertex 57.300000000000004 30 0
      vertex 57.20865543901355 29.540779881161892 0
      vertex 57.20865543901355 29.540779881161892 1.5999999999999996
    endloop
  endfacet
  facet normal -0.9807852804032301 -0.19509032201613002 2.2113413596592846e-18
    outer loop
      vertex 57.20865543901355 30.459220118838108 0
      vertex 57.300000000000004 30 0
      vertex 57.300000000000004 30 1.5999999999999996
    endloop
  endfacet
  facet normal -0.5555702330196074 -0.8314696123025417 0
    outer loop
      vertex 56.94852813742386 30.848528137423855 0
      vertex 56.94852813742386 30.848528137423855 1.5999999999999996
      vertex 56.55922011883811 31.108655439013543 0
    endloop
  endfacet
  facet normal -0.8314696123025407 -0.5555702330196092 -2.0823967674416517e-18
    outer loop
      vertex 56.94852813742386 30.848528137423855 0
      vertex 57.20865543901355 30.459220118838108 0
      vertex 57.20865543901355 30.459220118838108 1.5999999999999996
    endloop
  endfacet
  facet normal 0.9807852804032301 0.19509032201613002 0
    outer loop
      vertex 54.991344560986455 29.540779881161892 0
      vertex 54.9 30 1.5999999999999996
      vertex 54.991344560986455 29.540779881161892 1.5999999999999996
    endloop
  endfacet
  facet normal 0.9807852804032301 -0.19509032201613002 0
    outer loop
      vertex 54.9 30 0
      vertex 54.991344560986455 30.459220118838108 1.5999999999999996
      vertex 54.9 30 1.5999999999999996
    endloop
  endfacet
  facet normal 0.8314696123025407 -0.5555702330196092 0
    outer loop
      vertex 54.991344560986455 30.459220118838108 0
      vertex 55.251471862576146 30.848528137423855 1.5999999999999996
      vertex 54.991344560986455 30.459220118838108 1.5999999999999996
    endloop
  endfacet
  facet normal 0.5555702330196074 -0.8314696123025417 0
    outer loop
      vertex 55.251471862576146 30.848528137423855 0
      vertex 55.64077988116189 31.108655439013543 1.5999999999999996
      vertex 55.251471862576146 30.848528137423855 1.5999999999999996
    endloop
  endfacet
  facet normal 0.19509032201612858 -0.9807852804032304 0
    outer loop
      vertex 55.64077988116189 31.108655439013543 0
      vertex 56.1 31.2 1.5999999999999996
      vertex 55.64077988116189 31.108655439013543 1.5999999999999996
    endloop
  endfacet
  facet normal -0.19509032201612858 -0.9807852804032304 0
    outer loop
      vertex 56.1 31.2 0
      vertex 56.55922011883811 31.108655439013543 1.5999999999999996
      vertex 56.1 31.2 1.5999999999999996
    endloop
  endfacet
  facet normal -0.5555702330196074 -0.8314696123025417 0
    outer loop
      vertex 56.55922011883811 31.108655439013543 0
      vertex 56.94852813742386 30.848528137423855 1.5999999999999996
      vertex 56.55922011883811 31.108655439013543 1.5999999999999996
    endloop
  endfacet
  facet normal -0.8314696123025407 0.5555702330196092 0
    outer loop
      vertex 57.20865543901355 29.540779881161892 0
      vertex 56.94852813742386 29.151471862576145 1.5999999999999996
      vertex 57.20865543901355 29.540779881161892 1.5999999999999996
    endloop
  endfacet
  facet normal -0.9807852804032301 0.19509032201613002 0
    outer loop
      vertex 57.300000000000004 30 0
      vertex 57.20865543901355 29.540779881161892 1.5999999999999996
      vertex 57.300000000000004 30 1.5999999999999996
    endloop
  endfacet
  facet normal -0.9807852804032301 -0.19509032201613002 0
    outer loop
      vertex 57.20865543901355 30.459220118838108 0
      vertex 57.300000000000004 30 1.5999999999999996
      vertex 57.20865543901355 30.459220118838108 1.5999999999999996
    endloop
  endfacet
  facet normal -0.8314696123025407 -0.5555702330196092 0
    outer loop
      vertex 56.94852813742386 30.848528137423855 0
      vertex 57.20865543901355 30.459220118838108 1.5999999999999996
      vertex 56.94852813742386 30.848528137423855 1.5999999999999996
    endloop
  endfacet
  facet normal 0 0 1
    outer loop
      vertex 10.239999999999998 5.04 0.20000000000000107
      vertex 10.30089637399097 4.733853254107928 0.20000000000000107
      vertex 10.30089637399097 5.346146745892072 0.20000000000000107
    endloop
  endfacet
  facet normal 0 0 1
    outer loop
      vertex 10.47431457505076 4.474314575050762 0.20000000000000107
      vertex 10.47431457505076 5.605685424949238 0.20000000000000107
      vertex 10.30089637399097 4.733853254107928 0.20000000000000107
    endloop
  endfacet
  facet normal 0 0 1
    outer loop
      vertex 10.47431457505076 4.474314575050762 0.20000000000000107
      vertex 10.733853254107927 4.3008963739909705 0.20000000000000107
      vertex 10.733853254107927 5.77910362600903 0.20000000000000107
    endloop
  endfacet
  facet normal 0 0 1
    outer loop
      vertex 10.733853254107927 4.3008963739909705 0.20000000000000107
      vertex 11.04 4.24 0.20000000000000107
      vertex 11.04 5.84 0.20000000000000107
    endloop
  endfacet
  facet normal 0 0 1
    outer loop
      vertex 10.30089637399097 4.733853254107928 0.20000000000000107
      vertex 10.47431457505076 5.605685424949238 0.20000000000000107
      vertex 10.30089637399097 5.346146745892072 0.20000000000000107
    endloop
  endfacet
  facet normal 0 0 1
    outer loop
      vertex 10.47431457505076 4.474314575050762 0.20000000000000107
      vertex 10.733853254107927 5.77910362600903 0.20000000000000107
      vertex 10.47431457505076 5.605685424949238 0.20000000000000107
    endloop
  endfacet
  facet normal 0 0 1
    outer loop
      vertex 10.733853254107927 4.3008963739909705 0.20000000000000107
      vertex 11.04 5.84 0.20000000000000107
      vertex 10.733853254107927 5.77910362600903 0.20000000000000107
    endloop
  endfacet
  facet normal 0 0 1
    outer loop
      vertex 11.04 4.24 0.20000000000000107
      vertex 11.34614674589207 4.3008963739909705 0.20000000000000107
      vertex 11.34614674589207 5.77910362600903 0.20000000000000107
    endloop
  endfacet
  facet normal 0 0 1
    outer loop
      vertex 11.34614674589207 4.3008963739909705 0.20000000000000107
      vertex 11.605685424949238 4.474314575050762 0.20000000000000107
      vertex 11.605685424949238 5.605685424949238 0.20000000000000107
    endloop
  endfacet
  facet normal 0 0 1
    outer loop
      vertex 11.605685424949238 4.474314575050762 0.20000000000000107
      vertex 11.779103626009029 4.733853254107928 0.20000000000000107
      vertex 11.779103626009029 5.346146745892072 0.20000000000000107
    endloop
  endfacet
  facet normal 0 0 1
    outer loop
      vertex 11.605685424949238 4.474314575050762 0.20000000000000107
      vertex 11.779103626009029 5.346146745892072 0.20000000000000107
      vertex 11.605685424949238 5.605685424949238 0.20000000000000107
    endloop
  endfacet
  facet normal 0 0 1
    outer loop
      vertex 11.779103626009029 4.733853254107928 0.20000000000000107
      vertex 11.84 5.04 0.20000000000000107
      vertex 11.779103626009029 5.346146745892072 0.20000000000000107
    endloop
  endfacet
  facet normal 0 0 1
    outer loop
      vertex 11.04 4.24 0.20000000000000107
      vertex 11.34614674589207 5.77910362600903 0.20000000000000107
      vertex 11.04 5.84 0.20000000000000107
    endloop
  endfacet
  facet normal 0 0 1
    outer loop
      vertex 11.34614674589207 4.3008963739909705 0.20000000000000107
      vertex 11.605685424949238 5.605685424949238 0.20000000000000107
      vertex 11.34614674589207 5.77910362600903 0.20000000000000107
    endloop
  endfacet
  facet normal 0.555570233019602 0.8314696123025455 0
    outer loop
      vertex 10.47431457505076 4.474314575050762 0.20000000000000107
      vertex 10.47431457505076 4.474314575050762 4.800000000000001
      vertex 10.733853254107927 4.3008963739909705 0.20000000000000107
    endloop
  endfacet
  facet normal 0.8314696123025458 0.5555702330196013 -1.0999595518072097e-18
    outer loop
      vertex 10.47431457505076 4.474314575050762 0.20000000000000107
      vertex 10.30089637399097 4.733853254107928 0.20000000000000107
      vertex 10.30089637399097 4.733853254107928 4.800000000000001
    endloop
  endfacet
  facet normal 0.9807852804032302 0.19509032201613002 0
    outer loop
      vertex 10.239999999999998 5.04 0.20000000000000107
      vertex 10.239999999999998 5.04 4.800000000000001
      vertex 10.30089637399097 4.733853254107928 0.20000000000000107
    endloop
  endfacet
  facet normal 0.1950903220161273 0.9807852804032307 0
    outer loop
      vertex 10.733853254107927 4.3008963739909705 0.20000000000000107
      vertex 10.733853254107927 4.3008963739909705 4.800000000000001
      vertex 11.04 4.24 0.20000000000000107
    endloop
  endfacet
  facet normal 0.9807852804032302 -0.19509032201613002 -7.812500250744236e-19
    outer loop
      vertex 10.239999999999998 5.04 0.20000000000000107
      vertex 10.30089637399097 5.346146745892072 0.20000000000000107
      vertex 10.30089637399097 5.346146745892072 4.800000000000001
    endloop
  endfacet
  facet normal 0.8314696123025458 -0.5555702330196013 1.0999595518072097e-18
    outer loop
      vertex 10.30089637399097 5.346146745892072 0.20000000000000107
      vertex 10.47431457505076 5.605685424949238 0.20000000000000107
      vertex 10.47431457505076 5.605685424949238 4.800000000000001
    endloop
  endfacet
  facet normal 0.555570233019602 -0.8314696123025455 -1.7102640308215358e-18
    outer loop
      vertex 10.47431457505076 5.605685424949238 0.20000000000000107
      vertex 10.733853254107927 5.77910362600903 0.20000000000000107
      vertex 10.733853254107927 5.77910362600903 4.800000000000001
    endloop
  endfacet
  facet normal 0.1950903220161273 -0.9807852804032307 7.32385720387105e-19
    outer loop
      vertex 10.733853254107927 5.77910362600903 0.20000000000000107
      vertex 11.04 5.84 0.20000000000000107
      vertex 11.04 5.84 4.800000000000001
    endloop
  endfacet
  facet normal -0.1950903220161273 0.9807852804032307 0
    outer loop
      vertex 11.04 4.24 0.20000000000000107
      vertex 11.04 4.24 4.800000000000001
      vertex 11.34614674589207 4.3008963739909705 0.20000000000000107
    endloop
  endfacet
  facet normal -0.555570233019602 0.8314696123025455 0
    outer loop
      vertex 11.34614674589207 4.3008963739909705 0.20000000000000107
      vertex 11.34614674589207 4.3008963739909705 4.800000000000001
      vertex 11.605685424949238 4.474314575050762 0.20000000000000107
    endloop
  endfacet
  facet normal -0.8314696123025458 0.5555702330196013 0
    outer loop
      vertex 11.605685424949238 4.474314575050762 0.20000000000000107
      vertex 11.605685424949238 4.474314575050762 4.800000000000001
      vertex 11.779103626009029 4.733853254107928 0.20000000000000107
    endloop
  endfacet
  facet normal -0.9807852804032302 0.19509032201613002 0
    outer loop
      vertex 11.779103626009029 4.733853254107928 0.20000000000000107
      vertex 11.779103626009029 4.733853254107928 4.800000000000001
      vertex 11.84 5.04 0.20000000000000107
    endloop
  endfacet
  facet normal -0.9807852804032302 -0.19509032201613002 0
    outer loop
      vertex 11.84 5.04 0.20000000000000107
      vertex 11.84 5.04 4.800000000000001
      vertex 11.779103626009029 5.346146745892072 0.20000000000000107
    endloop
  endfacet
  facet normal -0.1950903220161273 -0.9807852804032307 -7.32385720387105e-19
    outer loop
      vertex 11.04 5.84 0.20000000000000107
      vertex 11.34614674589207 5.77910362600903 0.20000000000000107
      vertex 11.34614674589207 5.77910362600903 4.800000000000001
    endloop
  endfacet
  facet normal -0.555570233019602 -0.8314696123025455 1.7102640308215358e-18
    outer loop
      vertex 11.34614674589207 5.77910362600903 0.20000000000000107
      vertex 11.605685424949238 5.605685424949238 0.20000000000000107
      vertex 11.605685424949238 5.605685424949238 4.800000000000001
    endloop
  endfacet
  facet normal -0.8314696123025458 -0.5555702330196013 -1.0999595518072097e-18
    outer loop
      vertex 11.605685424949238 5.605685424949238 0.20000000000000107
      vertex 11.779103626009029 5.346146745892072 0.20000000000000107
      vertex 11.779103626009029 5.346146745892072 4.800000000000001
    endloop
  endfacet
  facet normal 0.8314696123025458 0.5555702330196013 0
    outer loop
      vertex 10.47431457505076 4.474314575050762 0.20000000000000107
      vertex 10.30089637399097 4.733853254107928 4.800000000000001
      vertex 10.47431457505076 4.474314575050762 4.800000000000001
    endloop
  endfacet
  facet normal 0.555570233019602 0.8314696123025455 0
    outer loop
      vertex 10.733853254107927 4.3008963739909705 0.20000000000000107
      vertex 10.47431457505076 4.474314575050762 4.800000000000001
      vertex 10.733853254107927 4.3008963739909705 4.800000000000001
    endloop
  endfacet
  facet normal 0.9807852804032302 0.19509032201613002 0
    outer loop
      vertex 10.30089637399097 4.733853254107928 0.20000000000000107
      vertex 10.239999999999998 5.04 4.800000000000001
      vertex 10.30089637399097 4.733853254107928 4.800000000000001
    endloop
  endfacet
  facet normal 0.9807852804032302 -0.19509032201613002 0
    outer loop
      vertex 10.239999999999998 5.04 0.20000000000000107
      vertex 10.30089637399097 5.346146745892072 4.800000000000001
      vertex 10.239999999999998 5.04 4.800000000000001
    endloop
  endfacet
  facet normal 0.1950903220161273 0.9807852804032307 0
    outer loop
      vertex 11.04 4.24 0.20000000000000107
      vertex 10.733853254107927 4.3008963739909705 4.800000000000001
      vertex 11.04 4.24 4.800000000000001
    endloop
  endfacet
  facet normal 0.8314696123025458 -0.5555702330196013 0
    outer loop
      vertex 10.30089637399097 5.346146745892072 0.20000000000000107
      vertex 10.47431457505076 5.605685424949238 4.800000000000001
      vertex 10.30089637399097 5.346146745892072 4.800000000000001
    endloop
  endfacet
  facet normal 0.555570233019602 -0.8314696123025455 0
    outer loop
      vertex 10.47431457505076 5.605685424949238 0.20000000000000107
      vertex 10.733853254107927 5.77910362600903 4.800000000000001
      vertex 10.47431457505076 5.605685424949238 4.800000000000001
    endloop
  endfacet
  facet normal 0.1950903220161273 -0.9807852804032307 0
    outer loop
      vertex 10.733853254107927 5.77910362600903 0.20000000000000107
      vertex 11.04 5.84 4.800000000000001
      vertex 10.733853254107927 5.77910362600903 4.800000000000001
    endloop
  endfacet
  facet normal -0.1950903220161273 0.9807852804032307 0
    outer loop
      vertex 11.34614674589207 4.3008963739909705 0.20000000000000107
      vertex 11.04 4.24 4.800000000000001
      vertex 11.34614674589207 4.3008963739909705 4.800000000000001
    endloop
  endfacet
  facet normal -0.555570233019602 0.8314696123025455 0
    outer loop
      vertex 11.605685424949238 4.474314575050762 0.20000000000000107
      vertex 11.34614674589207 4.3008963739909705 4.800000000000001
      vertex 11.605685424949238 4.474314575050762 4.800000000000001
    endloop
  endfacet
  facet normal -0.8314696123025458 0.5555702330196013 0
    outer loop
      vertex 11.779103626009029 4.733853254107928 0.20000000000000107
      vertex 11.605685424949238 4.474314575050762 4.800000000000001
      vertex 11.779103626009029 4.733853254107928 4.800000000000001
    endloop
  endfacet
  facet normal -0.9807852804032302 0.19509032201613002 0
    outer loop
      vertex 11.84 5.04 0.20000000000000107
      vertex 11.779103626009029 4.733853254107928 4.800000000000001
      vertex 11.84 5.04 4.800000000000001
    endloop
  endfacet
  facet normal -0.1950903220161273 -0.9807852804032307 0
    outer loop
      vertex 11.04 5.84 0.20000000000000107
      vertex 11.34614674589207 5.77910362600903 4.800000000000001
      vertex 11.04 5.84 4.800000000000001
    endloop
  endfacet
  facet normal -0.555570233019602 -0.8314696123025455 0
    outer loop
      vertex 11.34614674589207 5.77910362600903 0.20000000000000107
      vertex 11.605685424949238 5.605685424949238 4.800000000000001
      vertex 11.34614674589207 5.77910362600903 4.800000000000001
    endloop
  endfacet
  facet normal -0.8314696123025458 -0.5555702330196013 0
    outer loop
      vertex 11.605685424949238 5.605685424949238 0.20000000000000107
      vertex 11.779103626009029 5.346146745892072 4.800000000000001
      vertex 11.605685424949238 5.605685424949238 4.800000000000001
    endloop
  endfacet
  facet normal -0.9807852804032302 -0.19509032201613002 0
    outer loop
      vertex 11.779103626009029 5.346146745892072 0.20000000000000107
      vertex 11.84 5.04 4.800000000000001
      vertex 11.779103626009029 5.346146745892072 4.800000000000001
    endloop
  endfacet
  facet normal 0 0 1
    outer loop
      vertex 28.08089637399097 4.733853254107928 0.20000000000000107
      vertex 28.08089637399097 5.346146745892072 0.20000000000000107
      vertex 28.02 5.04 0.20000000000000107
    endloop
  endfacet
  facet normal 0 0 1
    outer loop
      vertex 28.08089637399097 4.733853254107928 0.20000000000000107
      vertex 28.254314575050763 4.474314575050762 0.20000000000000107
      vertex 28.254314575050763 5.605685424949238 0.20000000000000107
    endloop
  endfacet
  facet normal 0 0 1
    outer loop
      vertex 28.254314575050763 4.474314575050762 0.20000000000000107
      vertex 28.51385325410793 4.3008963739909705 0.20000000000000107
      vertex 28.51385325410793 5.77910362600903 0.20000000000000107
    endloop
  endfacet
  facet normal 0 0 1
    outer loop
      vertex 28.51385325410793 4.3008963739909705 0.20000000000000107
      vertex 28.82 4.24 0.20000000000000107
      vertex 28.82 5.84 0.20000000000000107
    endloop
  endfacet
  facet normal 0 0 1
    outer loop
      vertex 28.08089637399097 4.733853254107928 0.20000000000000107
      vertex 28.254314575050763 5.605685424949238 0.20000000000000107
      vertex 28.08089637399097 5.346146745892072 0.20000000000000107
    endloop
  endfacet
  facet normal 0 0 1
    outer loop
      vertex 28.254314575050763 4.474314575050762 0.20000000000000107
      vertex 28.51385325410793 5.77910362600903 0.20000000000000107
      vertex 28.254314575050763 5.605685424949238 0.20000000000000107
    endloop
  endfacet
  facet normal 0 0 1
    outer loop
      vertex 28.51385325410793 4.3008963739909705 0.20000000000000107
      vertex 28.82 5.84 0.20000000000000107
      vertex 28.51385325410793 5.77910362600903 0.20000000000000107
    endloop
  endfacet
  facet normal 0 0 1
    outer loop
      vertex 28.82 4.24 0.20000000000000107
      vertex 29.126146745892072 5.77910362600903 0.20000000000000107
      vertex 28.82 5.84 0.20000000000000107
    endloop
  endfacet
  facet normal 0.9807852804032302 0.19509032201613002 7.812500250744236e-19
    outer loop
      vertex 28.08089637399097 4.733853254107928 0.20000000000000107
      vertex 28.02 5.04 0.20000000000000107
      vertex 28.02 5.04 4.800000000000001
    endloop
  endfacet
  facet normal 0.5555702330196045 0.8314696123025437 0
    outer loop
      vertex 28.254314575050763 4.474314575050762 0.20000000000000107
      vertex 28.254314575050763 4.474314575050762 4.800000000000001
      vertex 28.51385325410793 4.3008963739909705 0.20000000000000107
    endloop
  endfacet
  facet normal 0.8314696123025432 0.5555702330196052 0
    outer loop
      vertex 28.08089637399097 4.733853254107928 0.20000000000000107
      vertex 28.08089637399097 4.733853254107928 4.800000000000001
      vertex 28.254314575050763 4.474314575050762 0.20000000000000107
    endloop
  endfacet
  facet normal 0.1950903220161273 0.9807852804032307 0
    outer loop
      vertex 28.51385325410793 4.3008963739909705 0.20000000000000107
      vertex 28.51385325410793 4.3008963739909705 4.800000000000001
      vertex 28.82 4.24 0.20000000000000107
    endloop
  endfacet
  facet normal -0.1950903220161273 0.9807852804032307 0
    outer loop
      vertex 28.82 4.24 0.20000000000000107
      vertex 28.82 4.24 4.800000000000001
      vertex 29.126146745892072 4.3008963739909705 0.20000000000000107
    endloop
  endfacet
  facet normal 0.9807852804032302 -0.19509032201613002 -7.812500250744236e-19
    outer loop
      vertex 28.02 5.04 0.20000000000000107
      vertex 28.08089637399097 5.346146745892072 0.20000000000000107
      vertex 28.08089637399097 5.346146745892072 4.800000000000001
    endloop
  endfacet
  facet normal 0.8314696123025432 -0.5555702330196052 -1.5970798982075452e-18
    outer loop
      vertex 28.08089637399097 5.346146745892072 0.20000000000000107
      vertex 28.254314575050763 5.605685424949238 0.20000000000000107
      vertex 28.254314575050763 5.605685424949238 4.800000000000001
    endloop
  endfacet
  facet normal 0.5555702330196045 -0.8314696123025437 1.2131436844212029e-18
    outer loop
      vertex 28.254314575050763 5.605685424949238 0.20000000000000107
      vertex 28.51385325410793 5.77910362600903 0.20000000000000107
      vertex 28.51385325410793 5.77910362600903 4.800000000000001
    endloop
  endfacet
  facet normal 0.1950903220161273 -0.9807852804032307 7.32385720387105e-19
    outer loop
      vertex 28.51385325410793 5.77910362600903 0.20000000000000107
      vertex 28.82 5.84 0.20000000000000107
      vertex 28.82 5.84 4.800000000000001
    endloop
  endfacet
  facet normal 0.9807852804032302 0.19509032201613002 0
    outer loop
      vertex 28.08089637399097 4.733853254107928 0.20000000000000107
      vertex 28.02 5.04 4.800000000000001
      vertex 28.08089637399097 4.733853254107928 4.800000000000001
    endloop
  endfacet
  facet normal 0.9807852804032302 -0.19509032201613002 0
    outer loop
      vertex 28.02 5.04 0.20000000000000107
      vertex 28.08089637399097 5.346146745892072 4.800000000000001
      vertex 28.02 5.04 4.800000000000001
    endloop
  endfacet
  facet normal 0.8314696123025432 0.5555702330196052 0
    outer loop
      vertex 28.254314575050763 4.474314575050762 0.20000000000000107
      vertex 28.08089637399097 4.733853254107928 4.800000000000001
      vertex 28.254314575050763 4.474314575050762 4.800000000000001
    endloop
  endfacet
  facet normal 0.5555702330196045 0.8314696123025437 0
    outer loop
      vertex 28.51385325410793 4.3008963739909705 0.20000000000000107
      vertex 28.254314575050763 4.474314575050762 4.800000000000001
      vertex 28.51385325410793 4.3008963739909705 4.800000000000001
    endloop
  endfacet
  facet normal 0.1950903220161273 0.9807852804032307 0
    outer loop
      vertex 28.82 4.24 0.20000000000000107
      vertex 28.51385325410793 4.3008963739909705 4.800000000000001
      vertex 28.82 4.24 4.800000000000001
    endloop
  endfacet
  facet normal 0.8314696123025432 -0.5555702330196052 0
    outer loop
      vertex 28.08089637399097 5.346146745892072 0.20000000000000107
      vertex 28.254314575050763 5.605685424949238 4.800000000000001
      vertex 28.08089637399097 5.346146745892072 4.800000000000001
    endloop
  endfacet
  facet normal 0.5555702330196045 -0.8314696123025437 0
    outer loop
      vertex 28.254314575050763 5.605685424949238 0.20000000000000107
      vertex 28.51385325410793 5.77910362600903 4.800000000000001
      vertex 28.254314575050763 5.605685424949238 4.800000000000001
    endloop
  endfacet
  facet normal 0.1950903220161273 -0.9807852804032307 0
    outer loop
      vertex 28.51385325410793 5.77910362600903 0.20000000000000107
      vertex 28.82 5.84 4.800000000000001
      vertex 28.51385325410793 5.77910362600903 4.800000000000001
    endloop
  endfacet
  facet normal -0.1950903220161273 -0.9807852804032307 0
    outer loop
      vertex 28.82 5.84 0.20000000000000107
      vertex 29.126146745892072 5.77910362600903 4.800000000000001
      vertex 28.82 5.84 4.800000000000001
    endloop
  endfacet
  facet normal 0 0 1
    outer loop
      vertex 28.82 4.24 0.20000000000000107
      vertex 29.126146745892072 4.3008963739909705 0.20000000000000107
      vertex 29.126146745892072 5.77910362600903 0.20000000000000107
    endloop
  endfacet
  facet normal 0 0 1
    outer loop
      vertex 29.126146745892072 4.3008963739909705 0.20000000000000107
      vertex 29.385685424949237 4.474314575050762 0.20000000000000107
      vertex 29.385685424949237 5.605685424949238 0.20000000000000107
    endloop
  endfacet
  facet normal 0 0 1
    outer loop
      vertex 29.385685424949237 4.474314575050762 0.20000000000000107
      vertex 29.55910362600903 5.346146745892072 0.20000000000000107
      vertex 29.385685424949237 5.605685424949238 0.20000000000000107
    endloop
  endfacet
  facet normal 0 0 1
    outer loop
      vertex 29.385685424949237 4.474314575050762 0.20000000000000107
      vertex 29.55910362600903 4.733853254107928 0.20000000000000107
      vertex 29.55910362600903 5.346146745892072 0.20000000000000107
    endloop
  endfacet
  facet normal 0 0 1
    outer loop
      vertex 29.55910362600903 4.733853254107928 0.20000000000000107
      vertex 29.62 5.04 0.20000000000000107
      vertex 29.55910362600903 5.346146745892072 0.20000000000000107
    endloop
  endfacet
  facet normal 0 0 1
    outer loop
      vertex 29.126146745892072 4.3008963739909705 0.20000000000000107
      vertex 29.385685424949237 5.605685424949238 0.20000000000000107
      vertex 29.126146745892072 5.77910362600903 0.20000000000000107
    endloop
  endfacet
  facet normal -0.5555702330196045 0.8314696123025437 0
    outer loop
      vertex 29.126146745892072 4.3008963739909705 0.20000000000000107
      vertex 29.126146745892072 4.3008963739909705 4.800000000000001
      vertex 29.385685424949237 4.474314575050762 0.20000000000000107
    endloop
  endfacet
  facet normal -0.8314696123025432 0.5555702330196052 0
    outer loop
      vertex 29.385685424949237 4.474314575050762 0.20000000000000107
      vertex 29.385685424949237 4.474314575050762 4.800000000000001
      vertex 29.55910362600903 4.733853254107928 0.20000000000000107
    endloop
  endfacet
  facet normal -0.9807852804032302 0.19509032201613002 0
    outer loop
      vertex 29.55910362600903 4.733853254107928 0.20000000000000107
      vertex 29.55910362600903 4.733853254107928 4.800000000000001
      vertex 29.62 5.04 0.20000000000000107
    endloop
  endfacet
  facet normal -0.9807852804032302 -0.19509032201613002 0
    outer loop
      vertex 29.62 5.04 0.20000000000000107
      vertex 29.62 5.04 4.800000000000001
      vertex 29.55910362600903 5.346146745892072 0.20000000000000107
    endloop
  endfacet
  facet normal -0.1950903220161273 -0.9807852804032307 -7.32385720387105e-19
    outer loop
      vertex 28.82 5.84 0.20000000000000107
      vertex 29.126146745892072 5.77910362600903 0.20000000000000107
      vertex 29.126146745892072 5.77910362600903 4.800000000000001
    endloop
  endfacet
  facet normal -0.5555702330196045 -0.8314696123025437 -1.2131436844212029e-18
    outer loop
      vertex 29.126146745892072 5.77910362600903 0.20000000000000107
      vertex 29.385685424949237 5.605685424949238 0.20000000000000107
      vertex 29.385685424949237 5.605685424949238 4.800000000000001
    endloop
  endfacet
  facet normal -0.8314696123025432 -0.5555702330196052 1.5970798982075452e-18
    outer loop
      vertex 29.385685424949237 5.605685424949238 0.20000000000000107
      vertex 29.55910362600903 5.346146745892072 0.20000000000000107
      vertex 29.55910362600903 5.346146745892072 4.800000000000001
    endloop
  endfacet
  facet normal -0.1950903220161273 0.9807852804032307 0
    outer loop
      vertex 29.126146745892072 4.3008963739909705 0.20000000000000107
      vertex 28.82 4.24 4.800000000000001
      vertex 29.126146745892072 4.3008963739909705 4.800000000000001
    endloop
  endfacet
  facet normal -0.5555702330196045 0.8314696123025437 0
    outer loop
      vertex 29.385685424949237 4.474314575050762 0.20000000000000107
      vertex 29.126146745892072 4.3008963739909705 4.800000000000001
      vertex 29.385685424949237 4.474314575050762 4.800000000000001
    endloop
  endfacet
  facet normal -0.8314696123025432 0.5555702330196052 0
    outer loop
      vertex 29.55910362600903 4.733853254107928 0.20000000000000107
      vertex 29.385685424949237 4.474314575050762 4.800000000000001
      vertex 29.55910362600903 4.733853254107928 4.800000000000001
    endloop
  endfacet
  facet normal -0.9807852804032302 0.19509032201613002 0
    outer loop
      vertex 29.62 5.04 0.20000000000000107
      vertex 29.55910362600903 4.733853254107928 4.800000000000001
      vertex 29.62 5.04 4.800000000000001
    endloop
  endfacet
  facet normal -0.5555702330196045 -0.8314696123025437 0
    outer loop
      vertex 29.126146745892072 5.77910362600903 0.20000000000000107
      vertex 29.385685424949237 5.605685424949238 4.800000000000001
      vertex 29.126146745892072 5.77910362600903 4.800000000000001
    endloop
  endfacet
  facet normal -0.8314696123025432 -0.5555702330196052 0
    outer loop
      vertex 29.385685424949237 5.605685424949238 0.20000000000000107
      vertex 29.55910362600903 5.346146745892072 4.800000000000001
      vertex 29.385685424949237 5.605685424949238 4.800000000000001
    endloop
  endfacet
  facet normal -0.9807852804032302 -0.19509032201613002 0
    outer loop
      vertex 29.55910362600903 5.346146745892072 0.20000000000000107
      vertex 29.62 5.04 4.800000000000001
      vertex 29.55910362600903 5.346146745892072 4.800000000000001
    endloop
  endfacet
  facet normal 0 0 1
    outer loop
      vertex 44.86 38.40000000000001 5.400000000000002
      vertex 45.16614674589207 38.460896373990984 5.400000000000002
      vertex 45.16614674589207 39.939103626009036 5.400000000000002
    endloop
  endfacet
  facet normal 0.8314696123025476 0.5555702330195986 0
    outer loop
      vertex 44.12089637399097 38.89385325410794 5.400000000000002
      vertex 44.12089637399097 38.89385325410794 10.400000000000002
      vertex 44.29431457505076 38.63431457505077 5.400000000000002
    endloop
  endfacet
  facet normal 0.5555702330195986 0.8314696123025476 0
    outer loop
      vertex 44.29431457505076 38.63431457505077 5.400000000000002
      vertex 44.29431457505076 38.63431457505077 10.400000000000002
      vertex 44.55385325410793 38.460896373990984 5.400000000000002
    endloop
  endfacet
  facet normal 0.19509032201613002 0.98078528040323 0
    outer loop
      vertex 44.55385325410793 38.460896373990984 5.400000000000002
      vertex 44.55385325410793 38.460896373990984 10.400000000000002
      vertex 44.86 38.40000000000001 5.400000000000002
    endloop
  endfacet
  facet normal -0.19509032201613002 0.98078528040323 0
    outer loop
      vertex 44.86 38.40000000000001 5.400000000000002
      vertex 44.86 38.40000000000001 10.400000000000002
      vertex 45.16614674589207 38.460896373990984 5.400000000000002
    endloop
  endfacet
  facet normal -0.5555702330195986 0.8314696123025476 0
    outer loop
      vertex 45.16614674589207 38.460896373990984 5.400000000000002
      vertex 45.16614674589207 38.460896373990984 10.400000000000002
      vertex 45.425685424949236 38.63431457505077 5.400000000000002
    endloop
  endfacet
  facet normal -0.8314696123025476 0.5555702330195986 0
    outer loop
      vertex 45.425685424949236 38.63431457505077 5.400000000000002
      vertex 45.425685424949236 38.63431457505077 10.400000000000002
      vertex 45.599103626009025 38.89385325410794 5.400000000000002
    endloop
  endfacet
  facet normal 0.8314696123025476 0.5555702330195986 0
    outer loop
      vertex 44.29431457505076 38.63431457505077 5.400000000000002
      vertex 44.12089637399097 38.89385325410794 10.400000000000002
      vertex 44.29431457505076 38.63431457505077 10.400000000000002
    endloop
  endfacet
  facet normal 0.5555702330195986 0.8314696123025476 0
    outer loop
      vertex 44.55385325410793 38.460896373990984 5.400000000000002
      vertex 44.29431457505076 38.63431457505077 10.400000000000002
      vertex 44.55385325410793 38.460896373990984 10.400000000000002
    endloop
  endfacet
  facet normal 0.19509032201613002 0.98078528040323 0
    outer loop
      vertex 44.86 38.40000000000001 5.400000000000002
      vertex 44.55385325410793 38.460896373990984 10.400000000000002
      vertex 44.86 38.40000000000001 10.400000000000002
    endloop
  endfacet
  facet normal -0.19509032201613002 0.98078528040323 0
    outer loop
      vertex 45.16614674589207 38.460896373990984 5.400000000000002
      vertex 44.86 38.40000000000001 10.400000000000002
      vertex 45.16614674589207 38.460896373990984 10.400000000000002
    endloop
  endfacet
  facet normal -0.5555702330195986 0.8314696123025476 0
    outer loop
      vertex 45.425685424949236 38.63431457505077 5.400000000000002
      vertex 45.16614674589207 38.460896373990984 10.400000000000002
      vertex 45.425685424949236 38.63431457505077 10.400000000000002
    endloop
  endfacet
  facet normal -0.8314696123025476 0.5555702330195986 0
    outer loop
      vertex 45.599103626009025 38.89385325410794 5.400000000000002
      vertex 45.425685424949236 38.63431457505077 10.400000000000002
      vertex 45.599103626009025 38.89385325410794 10.400000000000002
    endloop
  endfacet
  facet normal 0 0 1
    outer loop
      vertex 44.06 39.20000000000001 5.400000000000002
      vertex 44.12089637399097 38.89385325410794 5.400000000000002
      vertex 44.12089637399097 39.50614674589208 5.400000000000002
    endloop
  endfacet
  facet normal 0 0 1
    outer loop
      vertex 44.12089637399097 38.89385325410794 5.400000000000002
      vertex 44.29431457505076 39.76568542494925 5.400000000000002
      vertex 44.12089637399097 39.50614674589208 5.400000000000002
    endloop
  endfacet
  facet normal 0 0 1
    outer loop
      vertex 44.12089637399097 38.89385325410794 5.400000000000002
      vertex 44.29431457505076 38.63431457505077 5.400000000000002
      vertex 44.29431457505076 39.76568542494925 5.400000000000002
    endloop
  endfacet
  facet normal 0 0 1
    outer loop
      vertex 44.29431457505076 38.63431457505077 5.400000000000002
      vertex 44.55385325410793 39.939103626009036 5.400000000000002
      vertex 44.29431457505076 39.76568542494925 5.400000000000002
    endloop
  endfacet
  facet normal 0 0 1
    outer loop
      vertex 44.29431457505076 38.63431457505077 5.400000000000002
      vertex 44.55385325410793 38.460896373990984 5.400000000000002
      vertex 44.55385325410793 39.939103626009036 5.400000000000002
    endloop
  endfacet
  facet normal 0 0 1
    outer loop
      vertex 44.55385325410793 38.460896373990984 5.400000000000002
      vertex 44.86 38.40000000000001 5.400000000000002
      vertex 44.86 40.00000000000001 5.400000000000002
    endloop
  endfacet
  facet normal 0 0 1
    outer loop
      vertex 44.55385325410793 38.460896373990984 5.400000000000002
      vertex 44.86 40.00000000000001 5.400000000000002
      vertex 44.55385325410793 39.939103626009036 5.400000000000002
    endloop
  endfacet
  facet normal 0 0 1
    outer loop
      vertex 44.86 38.40000000000001 5.400000000000002
      vertex 45.16614674589207 39.939103626009036 5.400000000000002
      vertex 44.86 40.00000000000001 5.400000000000002
    endloop
  endfacet
  facet normal 0 0 1
    outer loop
      vertex 45.16614674589207 38.460896373990984 5.400000000000002
      vertex 45.425685424949236 39.76568542494925 5.400000000000002
      vertex 45.16614674589207 39.939103626009036 5.400000000000002
    endloop
  endfacet
  facet normal 0 0 1
    outer loop
      vertex 45.16614674589207 38.460896373990984 5.400000000000002
      vertex 45.425685424949236 38.63431457505077 5.400000000000002
      vertex 45.425685424949236 39.76568542494925 5.400000000000002
    endloop
  endfacet
  facet normal 0 0 1
    outer loop
      vertex 45.425685424949236 38.63431457505077 5.400000000000002
      vertex 45.599103626009025 39.50614674589208 5.400000000000002
      vertex 45.425685424949236 39.76568542494925 5.400000000000002
    endloop
  endfacet
  facet normal 0 0 1
    outer loop
      vertex 45.425685424949236 38.63431457505077 5.400000000000002
      vertex 45.599103626009025 38.89385325410794 5.400000000000002
      vertex 45.599103626009025 39.50614674589208 5.400000000000002
    endloop
  endfacet
  facet normal 0 0 1
    outer loop
      vertex 45.599103626009025 38.89385325410794 5.400000000000002
      vertex 45.66 39.20000000000001 5.400000000000002
      vertex 45.599103626009025 39.50614674589208 5.400000000000002
    endloop
  endfacet
  facet normal 0.98078528040323 0.19509032201613002 0
    outer loop
      vertex 44.06 39.20000000000001 5.400000000000002
      vertex 44.06 39.20000000000001 10.400000000000002
      vertex 44.12089637399097 38.89385325410794 5.400000000000002
    endloop
  endfacet
  facet normal 0.98078528040323 -0.19509032201613002 -7.187500230684695e-19
    outer loop
      vertex 44.06 39.20000000000001 5.400000000000002
      vertex 44.12089637399097 39.50614674589208 5.400000000000002
      vertex 44.12089637399097 39.50614674589208 10.400000000000002
    endloop
  endfacet
  facet normal 0.8314696123025476 -0.5555702330195986 -1.8309177605218277e-18
    outer loop
      vertex 44.12089637399097 39.50614674589208 5.400000000000002
      vertex 44.29431457505076 39.76568542494925 5.400000000000002
      vertex 44.29431457505076 39.76568542494925 10.400000000000002
    endloop
  endfacet
  facet normal 0.5555702330195986 -0.8314696123025476 -1.8309177605218277e-18
    outer loop
      vertex 44.29431457505076 39.76568542494925 5.400000000000002
      vertex 44.55385325410793 39.939103626009036 5.400000000000002
      vertex 44.55385325410793 39.939103626009036 10.400000000000002
    endloop
  endfacet
  facet normal 0.19509032201613002 -0.98078528040323 -7.187500230684695e-19
    outer loop
      vertex 44.55385325410793 39.939103626009036 5.400000000000002
      vertex 44.86 40.00000000000001 5.400000000000002
      vertex 44.86 40.00000000000001 10.400000000000002
    endloop
  endfacet
  facet normal -0.19509032201613002 -0.98078528040323 7.187500230684695e-19
    outer loop
      vertex 44.86 40.00000000000001 5.400000000000002
      vertex 45.16614674589207 39.939103626009036 5.400000000000002
      vertex 45.16614674589207 39.939103626009036 10.400000000000002
    endloop
  endfacet
  facet normal -0.5555702330195986 -0.8314696123025476 1.8309177605218277e-18
    outer loop
      vertex 45.16614674589207 39.939103626009036 5.400000000000002
      vertex 45.425685424949236 39.76568542494925 5.400000000000002
      vertex 45.425685424949236 39.76568542494925 10.400000000000002
    endloop
  endfacet
  facet normal -0.98078528040323 0.19509032201613002 0
    outer loop
      vertex 45.599103626009025 38.89385325410794 5.400000000000002
      vertex 45.599103626009025 38.89385325410794 10.400000000000002
      vertex 45.66 39.20000000000001 5.400000000000002
    endloop
  endfacet
  facet normal -0.98078528040323 -0.19509032201613002 0
    outer loop
      vertex 45.66 39.20000000000001 5.400000000000002
      vertex 45.66 39.20000000000001 10.400000000000002
      vertex 45.599103626009025 39.50614674589208 5.400000000000002
    endloop
  endfacet
  facet normal -0.8314696123025476 -0.5555702330195986 1.8309177605218277e-18
    outer loop
      vertex 45.425685424949236 39.76568542494925 5.400000000000002
      vertex 45.599103626009025 39.50614674589208 5.400000000000002
      vertex 45.599103626009025 39.50614674589208 10.400000000000002
    endloop
  endfacet
  facet normal 0.98078528040323 0.19509032201613002 0
    outer loop
      vertex 44.12089637399097 38.89385325410794 5.400000000000002
      vertex 44.06 39.20000000000001 10.400000000000002
      vertex 44.12089637399097 38.89385325410794 10.400000000000002
    endloop
  endfacet
  facet normal 0.98078528040323 -0.19509032201613002 0
    outer loop
      vertex 44.06 39.20000000000001 5.400000000000002
      vertex 44.12089637399097 39.50614674589208 10.400000000000002
      vertex 44.06 39.20000000000001 10.400000000000002
    endloop
  endfacet
  facet normal 0.8314696123025476 -0.5555702330195986 0
    outer loop
      vertex 44.12089637399097 39.50614674589208 5.400000000000002
      vertex 44.29431457505076 39.76568542494925 10.400000000000002
      vertex 44.12089637399097 39.50614674589208 10.400000000000002
    endloop
  endfacet
  facet normal 0.5555702330195986 -0.8314696123025476 0
    outer loop
      vertex 44.29431457505076 39.76568542494925 5.400000000000002
      vertex 44.55385325410793 39.939103626009036 10.400000000000002
      vertex 44.29431457505076 39.76568542494925 10.400000000000002
    endloop
  endfacet
  facet normal 0.19509032201613002 -0.98078528040323 0
    outer loop
      vertex 44.55385325410793 39.939103626009036 5.400000000000002
      vertex 44.86 40.00000000000001 10.400000000000002
      vertex 44.55385325410793 39.939103626009036 10.400000000000002
    endloop
  endfacet
  facet normal -0.19509032201613002 -0.98078528040323 0
    outer loop
      vertex 44.86 40.00000000000001 5.400000000000002
      vertex 45.16614674589207 39.939103626009036 10.400000000000002
      vertex 44.86 40.00000000000001 10.400000000000002
    endloop
  endfacet
  facet normal -0.5555702330195986 -0.8314696123025476 0
    outer loop
      vertex 45.16614674589207 39.939103626009036 5.400000000000002
      vertex 45.425685424949236 39.76568542494925 10.400000000000002
      vertex 45.16614674589207 39.939103626009036 10.400000000000002
    endloop
  endfacet
  facet normal -0.8314696123025476 -0.5555702330195986 0
    outer loop
      vertex 45.425685424949236 39.76568542494925 5.400000000000002
      vertex 45.599103626009025 39.50614674589208 10.400000000000002
      vertex 45.425685424949236 39.76568542494925 10.400000000000002
    endloop
  endfacet
  facet normal -0.98078528040323 0.19509032201613002 0
    outer loop
      vertex 45.66 39.20000000000001 5.400000000000002
      vertex 45.599103626009025 38.89385325410794 10.400000000000002
      vertex 45.66 39.20000000000001 10.400000000000002
    endloop
  endfacet
  facet normal -0.98078528040323 -0.19509032201613002 0
    outer loop
      vertex 45.599103626009025 39.50614674589208 5.400000000000002
      vertex 45.66 39.20000000000001 10.400000000000002
      vertex 45.599103626009025 39.50614674589208 10.400000000000002
    endloop
  endfacet
  facet normal 0 0 1
    outer loop
      vertex 12.34 74.76000000000002 5.400000000000002
      vertex 12.400896373990971 74.45385325410794 5.400000000000002
      vertex 12.400896373990971 75.0661467458921 5.400000000000002
    endloop
  endfacet
  facet normal 0 0 1
    outer loop
      vertex 12.400896373990971 74.45385325410794 5.400000000000002
      vertex 12.574314575050762 75.32568542494926 5.400000000000002
      vertex 12.400896373990971 75.0661467458921 5.400000000000002
    endloop
  endfacet
  facet normal 0 0 1
    outer loop
      vertex 12.574314575050762 74.19431457505078 5.400000000000002
      vertex 12.574314575050762 75.32568542494926 5.400000000000002
      vertex 12.400896373990971 74.45385325410794 5.400000000000002
    endloop
  endfacet
  facet normal 0 0 1
    outer loop
      vertex 12.574314575050762 74.19431457505078 5.400000000000002
      vertex 12.833853254107929 75.49910362600905 5.400000000000002
      vertex 12.574314575050762 75.32568542494926 5.400000000000002
    endloop
  endfacet
  facet normal 0 0 1
    outer loop
      vertex 12.574314575050762 74.19431457505078 5.400000000000002
      vertex 12.833853254107929 74.020896373991 5.400000000000002
      vertex 12.833853254107929 75.49910362600905 5.400000000000002
    endloop
  endfacet
  facet normal 0 0 1
    outer loop
      vertex 12.833853254107929 74.020896373991 5.400000000000002
      vertex 13.14 73.96000000000002 5.400000000000002
      vertex 13.14 75.56000000000002 5.400000000000002
    endloop
  endfacet
  facet normal 0 0 1
    outer loop
      vertex 12.833853254107929 74.020896373991 5.400000000000002
      vertex 13.14 75.56000000000002 5.400000000000002
      vertex 12.833853254107929 75.49910362600905 5.400000000000002
    endloop
  endfacet
  facet normal 0 0 1
    outer loop
      vertex 13.14 73.96000000000002 5.400000000000002
      vertex 13.446146745892072 74.020896373991 5.400000000000002
      vertex 13.446146745892072 75.49910362600905 5.400000000000002
    endloop
  endfacet
  facet normal 0 0 1
    outer loop
      vertex 13.14 73.96000000000002 5.400000000000002
      vertex 13.446146745892072 75.49910362600905 5.400000000000002
      vertex 13.14 75.56000000000002 5.400000000000002
    endloop
  endfacet
  facet normal 0 0 1
    outer loop
      vertex 13.446146745892072 74.020896373991 5.400000000000002
      vertex 13.70568542494924 75.32568542494926 5.400000000000002
      vertex 13.446146745892072 75.49910362600905 5.400000000000002
    endloop
  endfacet
  facet normal 0 0 1
    outer loop
      vertex 13.446146745892072 74.020896373991 5.400000000000002
      vertex 13.70568542494924 74.19431457505078 5.400000000000002
      vertex 13.70568542494924 75.32568542494926 5.400000000000002
    endloop
  endfacet
  facet normal 0 0 1
    outer loop
      vertex 13.70568542494924 74.19431457505078 5.400000000000002
      vertex 13.87910362600903 75.0661467458921 5.400000000000002
      vertex 13.70568542494924 75.32568542494926 5.400000000000002
    endloop
  endfacet
  facet normal 0 0 1
    outer loop
      vertex 13.70568542494924 74.19431457505078 5.400000000000002
      vertex 13.87910362600903 74.45385325410794 5.400000000000002
      vertex 13.87910362600903 75.0661467458921 5.400000000000002
    endloop
  endfacet
  facet normal 0 0 1
    outer loop
      vertex 13.87910362600903 74.45385325410794 5.400000000000002
      vertex 13.940000000000001 74.76000000000002 5.400000000000002
      vertex 13.87910362600903 75.0661467458921 5.400000000000002
    endloop
  endfacet
  facet normal 0.8314696123025379 0.5555702330196131 -1.9999967434201707e-18
    outer loop
      vertex 12.574314575050762 74.19431457505078 5.400000000000002
      vertex 12.400896373990971 74.45385325410794 5.400000000000002
      vertex 12.400896373990971 74.45385325410794 10.400000000000002
    endloop
  endfacet
  facet normal 0.980785280403231 0.1950903220161257 0
    outer loop
      vertex 12.34 74.76000000000002 5.400000000000002
      vertex 12.34 74.76000000000002 10.400000000000002
      vertex 12.400896373990971 74.45385325410794 5.400000000000002
    endloop
  endfacet
  facet normal 0.980785280403231 -0.1950903220161257 8.723973915217381e-19
    outer loop
      vertex 12.34 74.76000000000002 5.400000000000002
      vertex 12.400896373990971 75.0661467458921 5.400000000000002
      vertex 12.400896373990971 75.0661467458921 10.400000000000002
    endloop
  endfacet
  facet normal 0.5555702330195961 0.8314696123025493 0
    outer loop
      vertex 12.574314575050762 74.19431457505078 5.400000000000002
      vertex 12.574314575050762 74.19431457505078 10.400000000000002
      vertex 12.833853254107929 74.020896373991 5.400000000000002
    endloop
  endfacet
  facet normal 0.8314696123025379 -0.5555702330196131 1.9999967434201707e-18
    outer loop
      vertex 12.400896373990971 75.0661467458921 5.400000000000002
      vertex 12.574314575050762 75.32568542494926 5.400000000000002
      vertex 12.574314575050762 75.32568542494926 10.400000000000002
    endloop
  endfacet
  facet normal 0.5555702330195961 -0.8314696123025493 -7.450326440736942e-20
    outer loop
      vertex 12.574314575050762 75.32568542494926 5.400000000000002
      vertex 12.833853254107929 75.49910362600905 5.400000000000002
      vertex 12.833853254107929 75.49910362600905 10.400000000000002
    endloop
  endfacet
  facet normal 0.19509032201613002 0.98078528040323 0
    outer loop
      vertex 12.833853254107929 74.020896373991 5.400000000000002
      vertex 12.833853254107929 74.020896373991 10.400000000000002
      vertex 13.14 73.96000000000002 5.400000000000002
    endloop
  endfacet
  facet normal -0.19509032201613002 0.98078528040323 0
    outer loop
      vertex 13.14 73.96000000000002 5.400000000000002
      vertex 13.14 73.96000000000002 10.400000000000002
      vertex 13.446146745892072 74.020896373991 5.400000000000002
    endloop
  endfacet
  facet normal -0.5555702330195961 0.8314696123025493 0
    outer loop
      vertex 13.446146745892072 74.020896373991 5.400000000000002
      vertex 13.446146745892072 74.020896373991 10.400000000000002
      vertex 13.70568542494924 74.19431457505078 5.400000000000002
    endloop
  endfacet
  facet normal -0.8314696123025379 0.5555702330196131 0
    outer loop
      vertex 13.70568542494924 74.19431457505078 5.400000000000002
      vertex 13.70568542494924 74.19431457505078 10.400000000000002
      vertex 13.87910362600903 74.45385325410794 5.400000000000002
    endloop
  endfacet
  facet normal -0.980785280403231 0.1950903220161257 0
    outer loop
      vertex 13.87910362600903 74.45385325410794 5.400000000000002
      vertex 13.87910362600903 74.45385325410794 10.400000000000002
      vertex 13.940000000000001 74.76000000000002 5.400000000000002
    endloop
  endfacet
  facet normal -0.980785280403231 -0.1950903220161257 0
    outer loop
      vertex 13.940000000000001 74.76000000000002 5.400000000000002
      vertex 13.940000000000001 74.76000000000002 10.400000000000002
      vertex 13.87910362600903 75.0661467458921 5.400000000000002
    endloop
  endfacet
  facet normal 0.19509032201613002 -0.98078528040323 -7.187500230684695e-19
    outer loop
      vertex 12.833853254107929 75.49910362600905 5.400000000000002
      vertex 13.14 75.56000000000002 5.400000000000002
      vertex 13.14 75.56000000000002 10.400000000000002
    endloop
  endfacet
  facet normal -0.19509032201613002 -0.98078528040323 7.187500230684695e-19
    outer loop
      vertex 13.14 75.56000000000002 5.400000000000002
      vertex 13.446146745892072 75.49910362600905 5.400000000000002
      vertex 13.446146745892072 75.49910362600905 10.400000000000002
    endloop
  endfacet
  facet normal -0.5555702330195961 -0.8314696123025493 7.450326440736942e-20
    outer loop
      vertex 13.446146745892072 75.49910362600905 5.400000000000002
      vertex 13.70568542494924 75.32568542494926 5.400000000000002
      vertex 13.70568542494924 75.32568542494926 10.400000000000002
    endloop
  endfacet
  facet normal -0.8314696123025379 -0.5555702330196131 -1.9999967434201707e-18
    outer loop
      vertex 13.70568542494924 75.32568542494926 5.400000000000002
      vertex 13.87910362600903 75.0661467458921 5.400000000000002
      vertex 13.87910362600903 75.0661467458921 10.400000000000002
    endloop
  endfacet
  facet normal 0.980785280403231 0.1950903220161257 0
    outer loop
      vertex 12.400896373990971 74.45385325410794 5.400000000000002
      vertex 12.34 74.76000000000002 10.400000000000002
      vertex 12.400896373990971 74.45385325410794 10.400000000000002
    endloop
  endfacet
  facet normal 0.980785280403231 -0.1950903220161257 0
    outer loop
      vertex 12.34 74.76000000000002 5.400000000000002
      vertex 12.400896373990971 75.0661467458921 10.400000000000002
      vertex 12.34 74.76000000000002 10.400000000000002
    endloop
  endfacet
  facet normal 0.8314696123025379 0.5555702330196131 0
    outer loop
      vertex 12.574314575050762 74.19431457505078 5.400000000000002
      vertex 12.400896373990971 74.45385325410794 10.400000000000002
      vertex 12.574314575050762 74.19431457505078 10.400000000000002
    endloop
  endfacet
  facet normal 0.5555702330195961 0.8314696123025493 0
    outer loop
      vertex 12.833853254107929 74.020896373991 5.400000000000002
      vertex 12.574314575050762 74.19431457505078 10.400000000000002
      vertex 12.833853254107929 74.020896373991 10.400000000000002
    endloop
  endfacet
  facet normal 0.8314696123025379 -0.5555702330196131 0
    outer loop
      vertex 12.400896373990971 75.0661467458921 5.400000000000002
      vertex 12.574314575050762 75.32568542494926 10.400000000000002
      vertex 12.400896373990971 75.0661467458921 10.400000000000002
    endloop
  endfacet
  facet normal 0.5555702330195961 -0.8314696123025493 0
    outer loop
      vertex 12.574314575050762 75.32568542494926 5.400000000000002
      vertex 12.833853254107929 75.49910362600905 10.400000000000002
      vertex 12.574314575050762 75.32568542494926 10.400000000000002
    endloop
  endfacet
  facet normal 0.19509032201613002 0.98078528040323 0
    outer loop
      vertex 13.14 73.96000000000002 5.400000000000002
      vertex 12.833853254107929 74.020896373991 10.400000000000002
      vertex 13.14 73.96000000000002 10.400000000000002
    endloop
  endfacet
  facet normal -0.19509032201613002 0.98078528040323 0
    outer loop
      vertex 13.446146745892072 74.020896373991 5.400000000000002
      vertex 13.14 73.96000000000002 10.400000000000002
      vertex 13.446146745892072 74.020896373991 10.400000000000002
    endloop
  endfacet
  facet normal -0.5555702330195961 0.8314696123025493 0
    outer loop
      vertex 13.70568542494924 74.19431457505078 5.400000000000002
      vertex 13.446146745892072 74.020896373991 10.400000000000002
      vertex 13.70568542494924 74.19431457505078 10.400000000000002
    endloop
  endfacet
  facet normal -0.8314696123025379 0.5555702330196131 0
    outer loop
      vertex 13.87910362600903 74.45385325410794 5.400000000000002
      vertex 13.70568542494924 74.19431457505078 10.400000000000002
      vertex 13.87910362600903 74.45385325410794 10.400000000000002
    endloop
  endfacet
  facet normal -0.980785280403231 0.1950903220161257 0
    outer loop
      vertex 13.940000000000001 74.76000000000002 5.400000000000002
      vertex 13.87910362600903 74.45385325410794 10.400000000000002
      vertex 13.940000000000001 74.76000000000002 10.400000000000002
    endloop
  endfacet
  facet normal -0.980785280403231 -0.1950903220161257 0
    outer loop
      vertex 13.87910362600903 75.0661467458921 5.400000000000002
      vertex 13.940000000000001 74.76000000000002 10.400000000000002
      vertex 13.87910362600903 75.0661467458921 10.400000000000002
    endloop
  endfacet
  facet normal 0.19509032201613002 -0.98078528040323 0
    outer loop
      vertex 12.833853254107929 75.49910362600905 5.400000000000002
      vertex 13.14 75.56000000000002 10.400000000000002
      vertex 12.833853254107929 75.49910362600905 10.400000000000002
    endloop
  endfacet
  facet normal -0.19509032201613002 -0.98078528040323 0
    outer loop
      vertex 13.14 75.56000000000002 5.400000000000002
      vertex 13.446146745892072 75.49910362600905 10.400000000000002
      vertex 13.14 75.56000000000002 10.400000000000002
    endloop
  endfacet
  facet normal -0.5555702330195961 -0.8314696123025493 0
    outer loop
      vertex 13.446146745892072 75.49910362600905 5.400000000000002
      vertex 13.70568542494924 75.32568542494926 10.400000000000002
      vertex 13.446146745892072 75.49910362600905 10.400000000000002
    endloop
  endfacet
  facet normal -0.8314696123025379 -0.5555702330196131 0
    outer loop
      vertex 13.70568542494924 75.32568542494926 5.400000000000002
      vertex 13.87910362600903 75.0661467458921 10.400000000000002
      vertex 13.70568542494924 75.32568542494926 10.400000000000002
    endloop
  endfacet
  facet normal 0 0 1
    outer loop
      vertex 44.06 74.76000000000002 5.400000000000002
      vertex 44.12089637399097 74.45385325410794 5.400000000000002
      vertex 44.12089637399097 75.0661467458921 5.400000000000002
    endloop
  endfacet
  facet normal 0 0 1
    outer loop
      vertex 44.12089637399097 74.45385325410794 5.400000000000002
      vertex 44.29431457505076 75.32568542494926 5.400000000000002
      vertex 44.12089637399097 75.0661467458921 5.400000000000002
    endloop
  endfacet
  facet normal 0 0 1
    outer loop
      vertex 44.29431457505076 74.19431457505078 5.400000000000002
      vertex 44.29431457505076 75.32568542494926 5.400000000000002
      vertex 44.12089637399097 74.45385325410794 5.400000000000002
    endloop
  endfacet
  facet normal 0 0 1
    outer loop
      vertex 44.29431457505076 74.19431457505078 5.400000000000002
      vertex 44.55385325410793 75.49910362600905 5.400000000000002
      vertex 44.29431457505076 75.32568542494926 5.400000000000002
    endloop
  endfacet
  facet normal 0 0 1
    outer loop
      vertex 44.29431457505076 74.19431457505078 5.400000000000002
      vertex 44.55385325410793 74.020896373991 5.400000000000002
      vertex 44.55385325410793 75.49910362600905 5.400000000000002
    endloop
  endfacet
  facet normal 0 0 1
    outer loop
      vertex 44.55385325410793 74.020896373991 5.400000000000002
      vertex 44.86 73.96000000000002 5.400000000000002
      vertex 44.86 75.56000000000002 5.400000000000002
    endloop
  endfacet
  facet normal 0 0 1
    outer loop
      vertex 44.55385325410793 74.020896373991 5.400000000000002
      vertex 44.86 75.56000000000002 5.400000000000002
      vertex 44.55385325410793 75.49910362600905 5.400000000000002
    endloop
  endfacet
  facet normal 0 0 1
    outer loop
      vertex 44.86 73.96000000000002 5.400000000000002
      vertex 45.16614674589207 74.020896373991 5.400000000000002
      vertex 45.16614674589207 75.49910362600905 5.400000000000002
    endloop
  endfacet
  facet normal 0 0 1
    outer loop
      vertex 44.86 73.96000000000002 5.400000000000002
      vertex 45.16614674589207 75.49910362600905 5.400000000000002
      vertex 44.86 75.56000000000002 5.400000000000002
    endloop
  endfacet
  facet normal 0 0 1
    outer loop
      vertex 45.16614674589207 74.020896373991 5.400000000000002
      vertex 45.425685424949236 75.32568542494926 5.400000000000002
      vertex 45.16614674589207 75.49910362600905 5.400000000000002
    endloop
  endfacet
  facet normal 0 0 1
    outer loop
      vertex 45.16614674589207 74.020896373991 5.400000000000002
      vertex 45.425685424949236 74.19431457505078 5.400000000000002
      vertex 45.425685424949236 75.32568542494926 5.400000000000002
    endloop
  endfacet
  facet normal 0 0 1
    outer loop
      vertex 45.425685424949236 74.19431457505078 5.400000000000002
      vertex 45.599103626009025 75.0661467458921 5.400000000000002
      vertex 45.425685424949236 75.32568542494926 5.400000000000002
    endloop
  endfacet
  facet normal 0 0 1
    outer loop
      vertex 45.425685424949236 74.19431457505078 5.400000000000002
      vertex 45.599103626009025 74.45385325410794 5.400000000000002
      vertex 45.599103626009025 75.0661467458921 5.400000000000002
    endloop
  endfacet
  facet normal 0 0 1
    outer loop
      vertex 45.599103626009025 74.45385325410794 5.400000000000002
      vertex 45.66 74.76000000000002 5.400000000000002
      vertex 45.599103626009025 75.0661467458921 5.400000000000002
    endloop
  endfacet
  facet normal 0.8314696123025406 0.5555702330196092 -3.5323443302000473e-20
    outer loop
      vertex 44.29431457505076 74.19431457505078 5.400000000000002
      vertex 44.12089637399097 74.45385325410794 5.400000000000002
      vertex 44.12089637399097 74.45385325410794 10.400000000000002
    endloop
  endfacet
  facet normal 0.980785280403231 0.1950903220161257 0
    outer loop
      vertex 44.06 74.76000000000002 5.400000000000002
      vertex 44.06 74.76000000000002 10.400000000000002
      vertex 44.12089637399097 74.45385325410794 5.400000000000002
    endloop
  endfacet
  facet normal 0.980785280403231 -0.1950903220161257 8.723973915217381e-19
    outer loop
      vertex 44.06 74.76000000000002 5.400000000000002
      vertex 44.12089637399097 75.0661467458921 5.400000000000002
      vertex 44.12089637399097 75.0661467458921 10.400000000000002
    endloop
  endfacet
  facet normal 0.5555702330195986 0.8314696123025476 0
    outer loop
      vertex 44.29431457505076 74.19431457505078 5.400000000000002
      vertex 44.29431457505076 74.19431457505078 10.400000000000002
      vertex 44.55385325410793 74.020896373991 5.400000000000002
    endloop
  endfacet
  facet normal 0.19509032201613002 0.98078528040323 0
    outer loop
      vertex 44.55385325410793 74.020896373991 5.400000000000002
      vertex 44.55385325410793 74.020896373991 10.400000000000002
      vertex 44.86 73.96000000000002 5.400000000000002
    endloop
  endfacet
  facet normal -0.19509032201613002 0.98078528040323 0
    outer loop
      vertex 44.86 73.96000000000002 5.400000000000002
      vertex 44.86 73.96000000000002 10.400000000000002
      vertex 45.16614674589207 74.020896373991 5.400000000000002
    endloop
  endfacet
  facet normal 0.8314696123025406 -0.5555702330196092 3.5323443302000473e-20
    outer loop
      vertex 44.12089637399097 75.0661467458921 5.400000000000002
      vertex 44.29431457505076 75.32568542494926 5.400000000000002
      vertex 44.29431457505076 75.32568542494926 10.400000000000002
    endloop
  endfacet
  facet normal 0.5555702330195986 -0.8314696123025476 -1.8309177605218277e-18
    outer loop
      vertex 44.29431457505076 75.32568542494926 5.400000000000002
      vertex 44.55385325410793 75.49910362600905 5.400000000000002
      vertex 44.55385325410793 75.49910362600905 10.400000000000002
    endloop
  endfacet
  facet normal 0.19509032201613002 -0.98078528040323 -7.187500230684695e-19
    outer loop
      vertex 44.55385325410793 75.49910362600905 5.400000000000002
      vertex 44.86 75.56000000000002 5.400000000000002
      vertex 44.86 75.56000000000002 10.400000000000002
    endloop
  endfacet
  facet normal -0.19509032201613002 -0.98078528040323 7.187500230684695e-19
    outer loop
      vertex 44.86 75.56000000000002 5.400000000000002
      vertex 45.16614674589207 75.49910362600905 5.400000000000002
      vertex 45.16614674589207 75.49910362600905 10.400000000000002
    endloop
  endfacet
  facet normal -0.5555702330195986 0.8314696123025476 0
    outer loop
      vertex 45.16614674589207 74.020896373991 5.400000000000002
      vertex 45.16614674589207 74.020896373991 10.400000000000002
      vertex 45.425685424949236 74.19431457505078 5.400000000000002
    endloop
  endfacet
  facet normal -0.8314696123025406 0.5555702330196092 0
    outer loop
      vertex 45.425685424949236 74.19431457505078 5.400000000000002
      vertex 45.425685424949236 74.19431457505078 10.400000000000002
      vertex 45.599103626009025 74.45385325410794 5.400000000000002
    endloop
  endfacet
  facet normal -0.980785280403231 0.1950903220161257 0
    outer loop
      vertex 45.599103626009025 74.45385325410794 5.400000000000002
      vertex 45.599103626009025 74.45385325410794 10.400000000000002
      vertex 45.66 74.76000000000002 5.400000000000002
    endloop
  endfacet
  facet normal -0.980785280403231 -0.1950903220161257 0
    outer loop
      vertex 45.66 74.76000000000002 5.400000000000002
      vertex 45.66 74.76000000000002 10.400000000000002
      vertex 45.599103626009025 75.0661467458921 5.400000000000002
    endloop
  endfacet
  facet normal -0.5555702330195986 -0.8314696123025476 1.8309177605218277e-18
    outer loop
      vertex 45.16614674589207 75.49910362600905 5.400000000000002
      vertex 45.425685424949236 75.32568542494926 5.400000000000002
      vertex 45.425685424949236 75.32568542494926 10.400000000000002
    endloop
  endfacet
  facet normal -0.8314696123025406 -0.5555702330196092 -3.5323443302000473e-20
    outer loop
      vertex 45.425685424949236 75.32568542494926 5.400000000000002
      vertex 45.599103626009025 75.0661467458921 5.400000000000002
      vertex 45.599103626009025 75.0661467458921 10.400000000000002
    endloop
  endfacet
  facet normal 0.980785280403231 0.1950903220161257 0
    outer loop
      vertex 44.12089637399097 74.45385325410794 5.400000000000002
      vertex 44.06 74.76000000000002 10.400000000000002
      vertex 44.12089637399097 74.45385325410794 10.400000000000002
    endloop
  endfacet
  facet normal 0.980785280403231 -0.1950903220161257 0
    outer loop
      vertex 44.06 74.76000000000002 5.400000000000002
      vertex 44.12089637399097 75.0661467458921 10.400000000000002
      vertex 44.06 74.76000000000002 10.400000000000002
    endloop
  endfacet
  facet normal 0.8314696123025406 0.5555702330196092 0
    outer loop
      vertex 44.29431457505076 74.19431457505078 5.400000000000002
      vertex 44.12089637399097 74.45385325410794 10.400000000000002
      vertex 44.29431457505076 74.19431457505078 10.400000000000002
    endloop
  endfacet
  facet normal 0.5555702330195986 0.8314696123025476 0
    outer loop
      vertex 44.55385325410793 74.020896373991 5.400000000000002
      vertex 44.29431457505076 74.19431457505078 10.400000000000002
      vertex 44.55385325410793 74.020896373991 10.400000000000002
    endloop
  endfacet
  facet normal 0.19509032201613002 0.98078528040323 0
    outer loop
      vertex 44.86 73.96000000000002 5.400000000000002
      vertex 44.55385325410793 74.020896373991 10.400000000000002
      vertex 44.86 73.96000000000002 10.400000000000002
    endloop
  endfacet
  facet normal -0.19509032201613002 0.98078528040323 0
    outer loop
      vertex 45.16614674589207 74.020896373991 5.400000000000002
      vertex 44.86 73.96000000000002 10.400000000000002
      vertex 45.16614674589207 74.020896373991 10.400000000000002
    endloop
  endfacet
  facet normal 0.8314696123025406 -0.5555702330196092 0
    outer loop
      vertex 44.12089637399097 75.0661467458921 5.400000000000002
      vertex 44.29431457505076 75.32568542494926 10.400000000000002
      vertex 44.12089637399097 75.0661467458921 10.400000000000002
    endloop
  endfacet
  facet normal 0.5555702330195986 -0.8314696123025476 0
    outer loop
      vertex 44.29431457505076 75.32568542494926 5.400000000000002
      vertex 44.55385325410793 75.49910362600905 10.400000000000002
      vertex 44.29431457505076 75.32568542494926 10.400000000000002
    endloop
  endfacet
  facet normal 0.19509032201613002 -0.98078528040323 0
    outer loop
      vertex 44.55385325410793 75.49910362600905 5.400000000000002
      vertex 44.86 75.56000000000002 10.400000000000002
      vertex 44.55385325410793 75.49910362600905 10.400000000000002
    endloop
  endfacet
  facet normal -0.19509032201613002 -0.98078528040323 0
    outer loop
      vertex 44.86 75.56000000000002 5.400000000000002
      vertex 45.16614674589207 75.49910362600905 10.400000000000002
      vertex 44.86 75.56000000000002 10.400000000000002
    endloop
  endfacet
  facet normal -0.5555702330195986 0.8314696123025476 0
    outer loop
      vertex 45.425685424949236 74.19431457505078 5.400000000000002
      vertex 45.16614674589207 74.020896373991 10.400000000000002
      vertex 45.425685424949236 74.19431457505078 10.400000000000002
    endloop
  endfacet
  facet normal -0.8314696123025406 0.5555702330196092 0
    outer loop
      vertex 45.599103626009025 74.45385325410794 5.400000000000002
      vertex 45.425685424949236 74.19431457505078 10.400000000000002
      vertex 45.599103626009025 74.45385325410794 10.400000000000002
    endloop
  endfacet
  facet normal -0.980785280403231 0.1950903220161257 0
    outer loop
      vertex 45.66 74.76000000000002 5.400000000000002
      vertex 45.599103626009025 74.45385325410794 10.400000000000002
      vertex 45.66 74.76000000000002 10.400000000000002
    endloop
  endfacet
  facet normal -0.980785280403231 -0.1950903220161257 0
    outer loop
      vertex 45.599103626009025 75.0661467458921 5.400000000000002
      vertex 45.66 74.76000000000002 10.400000000000002
      vertex 45.599103626009025 75.0661467458921 10.400000000000002
    endloop
  endfacet
  facet normal -0.5555702330195986 -0.8314696123025476 0
    outer loop
      vertex 45.16614674589207 75.49910362600905 5.400000000000002
      vertex 45.425685424949236 75.32568542494926 10.400000000000002
      vertex 45.16614674589207 75.49910362600905 10.400000000000002
    endloop
  endfacet
  facet normal -0.8314696123025406 -0.5555702330196092 0
    outer loop
      vertex 45.425685424949236 75.32568542494926 5.400000000000002
      vertex 45.599103626009025 75.0661467458921 10.400000000000002
      vertex 45.425685424949236 75.32568542494926 10.400000000000002
    endloop
  endfacet
  facet normal 0 1 0
    outer loop
      vertex 0.3999999985098839 12 1.5999999999999996
      vertex 3.4000000000000004 12 0
      vertex 0.3999999985098839 12 0
    endloop
  endfacet
  facet normal 0 1 0
    outer loop
      vertex 0.3999999985098839 12 1.5999999999999996
      vertex 3.4000000000000004 12 1.5999999999999996
      vertex 3.4000000000000004 12 0
    endloop
  endfacet
  facet normal -1 0 0
    outer loop
      vertex 3.4000000000000004 26 0
      vertex 3.4000000000000004 12 0
      vertex 3.4000000000000004 12 1.5999999999999996
    endloop
  endfacet
  facet normal -1 0 0
    outer loop
      vertex 3.4000000000000004 12 1.5999999999999996
      vertex 3.4000000000000004 26 1.5999999999999996
      vertex 3.4000000000000004 26 0
    endloop
  endfacet
  facet normal 0 -1 0
    outer loop
      vertex 0.3999999985098839 26 0
      vertex 3.4000000000000004 26 0
      vertex 0.3999999985098839 26 1.5999999999999996
    endloop
  endfacet
  facet normal 0 -1 0
    outer loop
      vertex 3.4000000000000004 26 1.5999999999999996
      vertex 0.3999999985098839 26 1.5999999999999996
      vertex 3.4000000000000004 26 0
    endloop
  endfacet
  facet normal 1 0 0
    outer loop
      vertex 38.6 0.3999999985098839 0
      vertex 38.6 5.6 0
      vertex 38.6 0.3999999985098839 1.5999999999999996
    endloop
  endfacet
  facet normal 1 0 0
    outer loop
      vertex 38.6 5.6 1.5999999999999996
      vertex 38.6 0.3999999985098839 1.5999999999999996
      vertex 38.6 5.6 0
    endloop
  endfacet
  facet normal 0 -1 0
    outer loop
      vertex 38.6 5.6 1.5999999999999996
      vertex 38.6 5.6 0
      vertex 51.400000000000006 5.6 1.5999999999999996
    endloop
  endfacet
  facet normal 0 -1 0
    outer loop
      vertex 51.400000000000006 5.6 1.5999999999999996
      vertex 38.6 5.6 0
      vertex 51.400000000000006 5.6 0
    endloop
  endfacet
  facet normal -1 0 0
    outer loop
      vertex 51.400000000000006 5.6 0
      vertex 51.400000000000006 0.6369276007911342 0
      vertex 51.400000000000006 0.6369276007911342 1.5999999999999996
    endloop
  endfacet
  facet normal -1 0 0
    outer loop
      vertex 51.400000000000006 0.6369276007911342 1.5999999999999996
      vertex 51.400000000000006 5.6 1.5999999999999996
      vertex 51.400000000000006 5.6 0
    endloop
  endfacet
endsolid OpenSCAD_Model
