solid OpenSCAD_Model
  facet normal -0.7077155972905097 -0.14077338488856064 -0.6923304756102783
    outer loop
      vertex -0.5543277195067731 -0.22961005941905555 0
      vertex -0.9610355571883709 -0.3980739617102067 0.4499999999999993
      vertex -1.0402173913043455 0 0.4499999999999993
    endloop
  endfacet
  facet normal -0.14077338488856078 -0.7077155972905106 -0.6923304756102774
    outer loop
      vertex 0 -0.6000000000000014 0
      vertex 0 -1.0402173913043455 0.4499999999999993
      vertex -0.3980739617102067 -0.9610355571883709 0.4499999999999993
    endloop
  endfacet
  facet normal -0.599972313060892 -0.40088868293031954 -0.69233047561028
    outer loop
      vertex -0.4242640687119277 -0.4242640687119277 0
      vertex -0.7355447712994838 -0.7355447712994838 0.4499999999999993
      vertex -0.9610355571883709 -0.3980739617102067 0.4499999999999993
    endloop
  endfacet
  facet normal -0.4008886829303206 -0.5999723130608937 -0.6923304756102779
    outer loop
      vertex -0.22961005941905555 -0.5543277195067731 0
      vertex -0.3980739617102067 -0.9610355571883709 0.4499999999999993
      vertex -0.7355447712994838 -0.7355447712994838 0.4499999999999993
    endloop
  endfacet
  facet normal -0.4008886829303256 -0.599972313060887 -0.6923304756102808
    outer loop
      vertex -0.22961005941905555 -0.5543277195067731 0
      vertex -0.7355447712994838 -0.7355447712994838 0.4499999999999993
      vertex -0.4242640687119277 -0.4242640687119277 0
    endloop
  endfacet
  facet normal -0.59997231306089 -0.4008886829303276 -0.6923304756102772
    outer loop
      vertex -0.5543277195067731 -0.22961005941905555 0
      vertex -0.4242640687119277 -0.4242640687119277 0
      vertex -0.9610355571883709 -0.3980739617102067 0.4499999999999993
    endloop
  endfacet
  facet normal -0.7077155972905103 -0.1407733848885643 -0.692330475610277
    outer loop
      vertex -0.5543277195067731 -0.22961005941905555 0
      vertex -1.0402173913043455 0 0.4499999999999993
      vertex -0.6000000000000014 0 0
    endloop
  endfacet
  facet normal 0 0 -1
    outer loop
      vertex -0.5543277195067731 -0.22961005941905555 0
      vertex -0.4242640687119277 0.4242640687119277 0
      vertex -0.4242640687119277 -0.4242640687119277 0
    endloop
  endfacet
  facet normal -0.14077338488856403 -0.7077155972905087 -0.6923304756102788
    outer loop
      vertex -0.22961005941905555 -0.5543277195067731 0
      vertex 0 -0.6000000000000014 0
      vertex -0.3980739617102067 -0.9610355571883709 0.4499999999999993
    endloop
  endfacet
  facet normal 0 0 -1
    outer loop
      vertex -0.22961005941905555 -0.5543277195067731 0
      vertex -0.4242640687119277 -0.4242640687119277 0
      vertex -0.22961005941905555 0.5543277195067731 0
    endloop
  endfacet
  facet normal 0 0 -1
    outer loop
      vertex -0.22961005941905555 -0.5543277195067731 0
      vertex 0 0.6000000000000014 0
      vertex 0 -0.6000000000000014 0
    endloop
  endfacet
  facet normal -0.7077155972905106 0.14077338488856078 -0.6923304756102774
    outer loop
      vertex -0.6000000000000014 0 0
      vertex -1.0402173913043455 0 0.4499999999999993
      vertex -0.9610355571883709 0.3980739617102067 0.4499999999999993
    endloop
  endfacet
  facet normal -0.7077155972905087 0.14077338488856403 -0.6923304756102788
    outer loop
      vertex -0.6000000000000014 0 0
      vertex -0.9610355571883709 0.3980739617102067 0.4499999999999993
      vertex -0.5543277195067731 0.22961005941905555 0
    endloop
  endfacet
  facet normal 0 0 -1
    outer loop
      vertex -0.5543277195067731 -0.22961005941905555 0
      vertex -0.6000000000000014 0 0
      vertex -0.5543277195067731 0.22961005941905555 0
    endloop
  endfacet
  facet normal 0 0 -1
    outer loop
      vertex -0.5543277195067731 -0.22961005941905555 0
      vertex -0.5543277195067731 0.22961005941905555 0
      vertex -0.4242640687119277 0.4242640687119277 0
    endloop
  endfacet
  facet normal -0.5999723130608938 0.4008886829303206 -0.6923304756102778
    outer loop
      vertex -0.5543277195067731 0.22961005941905555 0
      vertex -0.9610355571883709 0.3980739617102067 0.4499999999999993
      vertex -0.7355447712994838 0.7355447712994838 0.4499999999999993
    endloop
  endfacet
  facet normal -0.599972313060887 0.4008886829303256 -0.6923304756102808
    outer loop
      vertex -0.5543277195067731 0.22961005941905555 0
      vertex -0.7355447712994838 0.7355447712994838 0.4499999999999993
      vertex -0.4242640687119277 0.4242640687119277 0
    endloop
  endfacet
  facet normal -0.4008886829303195 0.599972313060892 -0.69233047561028
    outer loop
      vertex -0.4242640687119277 0.4242640687119277 0
      vertex -0.7355447712994838 0.7355447712994838 0.4499999999999993
      vertex -0.3980739617102067 0.9610355571883709 0.4499999999999993
    endloop
  endfacet
  facet normal 0 0 -1
    outer loop
      vertex -0.4242640687119277 -0.4242640687119277 0
      vertex -0.4242640687119277 0.4242640687119277 0
      vertex -0.22961005941905555 0.5543277195067731 0
    endloop
  endfacet
  facet normal 0 0 -1
    outer loop
      vertex -0.22961005941905555 -0.5543277195067731 0
      vertex -0.22961005941905555 0.5543277195067731 0
      vertex 0 0.6000000000000014 0
    endloop
  endfacet
  facet normal -0.4008886829303276 0.59997231306089 -0.6923304756102772
    outer loop
      vertex -0.4242640687119277 0.4242640687119277 0
      vertex -0.3980739617102067 0.9610355571883709 0.4499999999999993
      vertex -0.22961005941905555 0.5543277195067731 0
    endloop
  endfacet
  facet normal -0.14077338488856433 0.7077155972905104 -0.6923304756102772
    outer loop
      vertex -0.22961005941905555 0.5543277195067731 0
      vertex 0 1.0402173913043455 0.4499999999999993
      vertex 0 0.6000000000000014 0
    endloop
  endfacet
  facet normal -0.14077338488856067 0.7077155972905097 -0.6923304756102783
    outer loop
      vertex -0.22961005941905555 0.5543277195067731 0
      vertex -0.3980739617102067 0.9610355571883709 0.4499999999999993
      vertex 0 1.0402173913043455 0.4499999999999993
    endloop
  endfacet
  facet normal 0.14077338488856067 -0.7077155972905097 -0.6923304756102783
    outer loop
      vertex 0.22961005941905555 -0.5543277195067731 0
      vertex 0.3980739617102067 -0.9610355571883709 0.4499999999999993
      vertex 0 -1.0402173913043455 0.4499999999999993
    endloop
  endfacet
  facet normal 0.1407733848885643 -0.7077155972905103 -0.692330475610277
    outer loop
      vertex 0 -0.6000000000000014 0
      vertex 0.22961005941905555 -0.5543277195067731 0
      vertex 0 -1.0402173913043455 0.4499999999999993
    endloop
  endfacet
  facet normal 0.4008886829303276 -0.59997231306089 -0.6923304756102772
    outer loop
      vertex 0.22961005941905555 -0.5543277195067731 0
      vertex 0.4242640687119277 -0.4242640687119277 0
      vertex 0.3980739617102067 -0.9610355571883709 0.4499999999999993
    endloop
  endfacet
  facet normal 0 0 -1
    outer loop
      vertex 0 -0.6000000000000014 0
      vertex 0.22961005941905555 0.5543277195067731 0
      vertex 0.22961005941905555 -0.5543277195067731 0
    endloop
  endfacet
  facet normal 0 0 -1
    outer loop
      vertex 0.22961005941905555 -0.5543277195067731 0
      vertex 0.4242640687119277 0.4242640687119277 0
      vertex 0.4242640687119277 -0.4242640687119277 0
    endloop
  endfacet
  facet normal 0.4008886829303195 -0.599972313060892 -0.69233047561028
    outer loop
      vertex 0.4242640687119277 -0.4242640687119277 0
      vertex 0.7355447712994838 -0.7355447712994838 0.4499999999999993
      vertex 0.3980739617102067 -0.9610355571883709 0.4499999999999993
    endloop
  endfacet
  facet normal 0.599972313060887 -0.4008886829303256 -0.6923304756102808
    outer loop
      vertex 0.4242640687119277 -0.4242640687119277 0
      vertex 0.5543277195067731 -0.22961005941905555 0
      vertex 0.7355447712994838 -0.7355447712994838 0.4499999999999993
    endloop
  endfacet
  facet normal 0.5999723130608938 -0.4008886829303206 -0.6923304756102778
    outer loop
      vertex 0.5543277195067731 -0.22961005941905555 0
      vertex 0.9610355571883709 -0.3980739617102067 0.4499999999999993
      vertex 0.7355447712994838 -0.7355447712994838 0.4499999999999993
    endloop
  endfacet
  facet normal 0 0 -1
    outer loop
      vertex 0.4242640687119277 -0.4242640687119277 0
      vertex 0.5543277195067731 0.22961005941905555 0
      vertex 0.5543277195067731 -0.22961005941905555 0
    endloop
  endfacet
  facet normal 0.7077155972905087 -0.14077338488856403 -0.6923304756102788
    outer loop
      vertex 0.5543277195067731 -0.22961005941905555 0
      vertex 0.6000000000000014 0 0
      vertex 0.9610355571883709 -0.3980739617102067 0.4499999999999993
    endloop
  endfacet
  facet normal 0.7077155972905106 -0.14077338488856078 -0.6923304756102774
    outer loop
      vertex 0.6000000000000014 0 0
      vertex 1.0402173913043455 0 0.4499999999999993
      vertex 0.9610355571883709 -0.3980739617102067 0.4499999999999993
    endloop
  endfacet
  facet normal 0 0 -1
    outer loop
      vertex 0 -0.6000000000000014 0
      vertex 0 0.6000000000000014 0
      vertex 0.22961005941905555 0.5543277195067731 0
    endloop
  endfacet
  facet normal 0 0 -1
    outer loop
      vertex 0.22961005941905555 -0.5543277195067731 0
      vertex 0.22961005941905555 0.5543277195067731 0
      vertex 0.4242640687119277 0.4242640687119277 0
    endloop
  endfacet
  facet normal 0.14077338488856403 0.7077155972905087 -0.6923304756102787
    outer loop
      vertex 0 0.6000000000000014 0
      vertex 0.3980739617102067 0.9610355571883709 0.4499999999999993
      vertex 0.22961005941905555 0.5543277195067731 0
    endloop
  endfacet
  facet normal 0 0 -1
    outer loop
      vertex 0.4242640687119277 -0.4242640687119277 0
      vertex 0.4242640687119277 0.4242640687119277 0
      vertex 0.5543277195067731 0.22961005941905555 0
    endloop
  endfacet
  facet normal 0 0 -1
    outer loop
      vertex 0.5543277195067731 -0.22961005941905555 0
      vertex 0.5543277195067731 0.22961005941905555 0
      vertex 0.6000000000000014 0 0
    endloop
  endfacet
  facet normal 0.7077155972905103 0.1407733848885643 -0.692330475610277
    outer loop
      vertex 0.6000000000000014 0 0
      vertex 0.5543277195067731 0.22961005941905555 0
      vertex 1.0402173913043455 0 0.4499999999999993
    endloop
  endfacet
  facet normal 0.59997231306089 0.4008886829303276 -0.6923304756102772
    outer loop
      vertex 0.4242640687119277 0.4242640687119277 0
      vertex 0.9610355571883709 0.3980739617102067 0.4499999999999993
      vertex 0.5543277195067731 0.22961005941905555 0
    endloop
  endfacet
  facet normal 0.4008886829303256 0.599972313060887 -0.6923304756102808
    outer loop
      vertex 0.4242640687119277 0.4242640687119277 0
      vertex 0.22961005941905555 0.5543277195067731 0
      vertex 0.7355447712994838 0.7355447712994838 0.4499999999999993
    endloop
  endfacet
  facet normal 0.4008886829303206 0.5999723130608937 -0.6923304756102779
    outer loop
      vertex 0.22961005941905555 0.5543277195067731 0
      vertex 0.3980739617102067 0.9610355571883709 0.4499999999999993
      vertex 0.7355447712994838 0.7355447712994838 0.4499999999999993
    endloop
  endfacet
  facet normal 0.599972313060892 0.40088868293031954 -0.69233047561028
    outer loop
      vertex 0.4242640687119277 0.4242640687119277 0
      vertex 0.7355447712994838 0.7355447712994838 0.4499999999999993
      vertex 0.9610355571883709 0.3980739617102067 0.4499999999999993
    endloop
  endfacet
  facet normal 0.14077338488856078 0.7077155972905106 -0.6923304756102774
    outer loop
      vertex 0 0.6000000000000014 0
      vertex 0 1.0402173913043455 0.4499999999999993
      vertex 0.3980739617102067 0.9610355571883709 0.4499999999999993
    endloop
  endfacet
  facet normal 0.7077155972905097 0.14077338488856064 -0.6923304756102783
    outer loop
      vertex 0.5543277195067731 0.22961005941905555 0
      vertex 0.9610355571883709 0.3980739617102067 0.4499999999999993
      vertex 1.0402173913043455 0 0.4499999999999993
    endloop
  endfacet
  facet normal 0 0 -1
    outer loop
      vertex -0.7424621202458752 -0.7424621202458752 0.4499999999999993
      vertex -0.9700735091368529 -0.40181760398334276 0.4499999999999993
      vertex -0.9610355571883709 -0.3980739617102067 0.4499999999999993
    endloop
  endfacet
  facet normal -0.831469612302541 -0.5555702330196084 -1.751321928044284e-16
    outer loop
      vertex -0.9242691806587509 -0.47036862593869344 4.75
      vertex -0.9700735091368529 -0.40181760398334276 0.4499999999999993
      vertex -0.7792757919053237 -0.6873665670954665 4.75
    endloop
  endfacet
  facet normal 0 0 -1
    outer loop
      vertex -0.9700735091368529 -0.40181760398334276 0.4499999999999993
      vertex -1.0402173913043455 0 0.4499999999999993
      vertex -0.9610355571883709 -0.3980739617102067 0.4499999999999993
    endloop
  endfacet
  facet normal -0.9807852804032308 -0.19509032201612647 1.8324822528222137e-16
    outer loop
      vertex -0.9700735091368529 -0.40181760398334276 0.4499999999999993
      vertex -0.9770382470978802 -0.36680350177955745 4.75
      vertex -1.0500000000000007 0 0.4499999999999993
    endloop
  endfacet
  facet normal 0 0 -1
    outer loop
      vertex -0.9700735091368529 -0.40181760398334276 0.4499999999999993
      vertex -1.0500000000000007 0 0.4499999999999993
      vertex -1.0402173913043455 0 0.4499999999999993
    endloop
  endfacet
  facet normal -0.980785280403235 -0.1950903220161048 -6.495515287566012e-20
    outer loop
      vertex -0.9770382470978802 -0.36680350177955745 4.75
      vertex -0.9700735091368529 -0.40181760398334276 0.4499999999999993
      vertex -0.9700735091368529 -0.40181760398334276 4.75996217746609
    endloop
  endfacet
  facet normal -0.8314696123025461 -0.5555702330196008 1.1824379665047535e-19
    outer loop
      vertex -0.9242691806587509 -0.47036862593869344 4.75
      vertex -0.9700735091368529 -0.40181760398334276 4.75996217746609
      vertex -0.9700735091368529 -0.40181760398334276 0.4499999999999993
    endloop
  endfacet
  facet normal -0.9807852804032303 -0.19509032201612853 5.088275782699873e-19
    outer loop
      vertex -0.9770382470978802 -0.36680350177955745 4.75
      vertex -1.0500000000000007 0 4.75
      vertex -1.0500000000000007 0 0.4499999999999993
    endloop
  endfacet
  facet normal 0 0 -1
    outer loop
      vertex -0.40181760398334276 -0.9700735091368529 0.4499999999999993
      vertex -0.7355447712994838 -0.7355447712994838 0.4499999999999993
      vertex -0.3980739617102067 -0.9610355571883709 0.4499999999999993
    endloop
  endfacet
  facet normal -0.5555702330196027 -0.831469612302545 -4.084269249031103e-17
    outer loop
      vertex -0.7424621202458752 -0.7424621202458752 0.4499999999999993
      vertex -0.40181760398334276 -0.9700735091368529 0.4499999999999993
      vertex -0.47036862593869344 -0.9242691806587509 4.75
    endloop
  endfacet
  facet normal 0 0 -1
    outer loop
      vertex -0.40181760398334276 -0.9700735091368529 0.4499999999999993
      vertex -0.3980739617102067 -0.9610355571883709 0.4499999999999993
      vertex 0 -1.0402173913043455 0.4499999999999993
    endloop
  endfacet
  facet normal 0 0 -1
    outer loop
      vertex -0.40181760398334276 -0.9700735091368529 0.4499999999999993
      vertex 0 -1.0402173913043455 0.4499999999999993
      vertex 0 -1.0500000000000007 0.4499999999999993
    endloop
  endfacet
  facet normal -0.19509032201612647 -0.9807852804032308 1.1210144383566554e-18
    outer loop
      vertex -0.40181760398334276 -0.9700735091368529 0.4499999999999993
      vertex 0 -1.0500000000000007 0.4499999999999993
      vertex 0 -1.0500000000000007 4.75
    endloop
  endfacet
  facet normal -0.1950903220161048 -0.980785280403235 -6.495515287566012e-20
    outer loop
      vertex -0.36680350177955745 -0.9770382470978802 4.75
      vertex -0.40181760398334276 -0.9700735091368529 4.75996217746609
      vertex -0.40181760398334276 -0.9700735091368529 0.4499999999999993
    endloop
  endfacet
  facet normal -0.5555702330196008 -0.8314696123025461 1.1824379665047535e-19
    outer loop
      vertex -0.47036862593869344 -0.9242691806587509 4.75
      vertex -0.40181760398334276 -0.9700735091368529 0.4499999999999993
      vertex -0.40181760398334276 -0.9700735091368529 4.75996217746609
    endloop
  endfacet
  facet normal -0.19509032201612853 -0.9807852804032303 2.0083045322496787e-16
    outer loop
      vertex -0.36680350177955745 -0.9770382470978802 4.75
      vertex -0.40181760398334276 -0.9700735091368529 0.4499999999999993
      vertex 0 -1.0500000000000007 4.75
    endloop
  endfacet
  facet normal 0 0 -1
    outer loop
      vertex -0.7424621202458752 -0.7424621202458752 0.4499999999999993
      vertex -0.9610355571883709 -0.3980739617102067 0.4499999999999993
      vertex -0.7355447712994838 -0.7355447712994838 0.4499999999999993
    endloop
  endfacet
  facet normal -0.831469612302545 -0.5555702330196027 3.826038035565035e-16
    outer loop
      vertex -0.7424621202458752 -0.7424621202458752 0.4499999999999993
      vertex -0.7792757919053237 -0.6873665670954665 4.75
      vertex -0.9700735091368529 -0.40181760398334276 0.4499999999999993
    endloop
  endfacet
  facet normal 0 0 -1
    outer loop
      vertex -0.7424621202458752 -0.7424621202458752 0.4499999999999993
      vertex -0.7355447712994838 -0.7355447712994838 0.4499999999999993
      vertex -0.40181760398334276 -0.9700735091368529 0.4499999999999993
    endloop
  endfacet
  facet normal -0.8314696123025588 -0.555570233019582 -6.088052217152261e-19
    outer loop
      vertex -0.7792757919053237 -0.6873665670954665 4.75
      vertex -0.7424621202458752 -0.7424621202458752 0.4499999999999993
      vertex -0.7424621202458752 -0.7424621202458752 4.763289741801671
    endloop
  endfacet
  facet normal -0.555570233019582 -0.8314696123025588 -6.088052217152261e-19
    outer loop
      vertex -0.6873665670954665 -0.7792757919053237 4.75
      vertex -0.7424621202458752 -0.7424621202458752 4.763289741801671
      vertex -0.7424621202458752 -0.7424621202458752 0.4499999999999993
    endloop
  endfacet
  facet normal -0.5555702330196084 -0.831469612302541 4.904349940325947e-16
    outer loop
      vertex -0.6873665670954665 -0.7792757919053237 4.75
      vertex -0.7424621202458752 -0.7424621202458752 0.4499999999999993
      vertex -0.47036862593869344 -0.9242691806587509 4.75
    endloop
  endfacet
  facet normal -0.9807852804032308 -0.19509032201612647 0
    outer loop
      vertex -0.9700735091368529 -0.40181760398334276 15.800000000000004
      vertex -1.0500000000000007 0 6
      vertex -0.9700735091368529 -0.40181760398334276 6
    endloop
  endfacet
  facet normal -0.8314696123025449 -0.5555702330196026 4.868752066206512e-19
    outer loop
      vertex -0.7424621202458752 -0.7424621202458752 15.800000000000004
      vertex -0.9700735091368529 -0.40181760398334276 15.800000000000004
      vertex -0.9700735091368529 -0.40181760398334276 6
    endloop
  endfacet
  facet normal -0.9807852804032308 -0.19509032201612647 4.918736821360834e-19
    outer loop
      vertex -0.9700735091368529 -0.40181760398334276 15.800000000000004
      vertex -1.0500000000000007 0 15.800000000000004
      vertex -1.0500000000000007 0 6
    endloop
  endfacet
  facet normal 0 0 1
    outer loop
      vertex -0.7424621202458752 -0.7424621202458752 15.800000000000004
      vertex -0.9700735091368529 0.40181760398334276 15.800000000000004
      vertex -0.9700735091368529 -0.40181760398334276 15.800000000000004
    endloop
  endfacet
  facet normal -0.5555702330196026 -0.8314696123025449 0
    outer loop
      vertex -0.40181760398334276 -0.9700735091368529 15.800000000000004
      vertex -0.7424621202458752 -0.7424621202458752 6
      vertex -0.40181760398334276 -0.9700735091368529 6
    endloop
  endfacet
  facet normal -0.19509032201612647 -0.9807852804032308 0
    outer loop
      vertex 0 -1.0500000000000007 15.800000000000004
      vertex -0.40181760398334276 -0.9700735091368529 6
      vertex 0 -1.0500000000000007 6
    endloop
  endfacet
  facet normal -0.19509032201612647 -0.9807852804032308 0
    outer loop
      vertex -0.40181760398334276 -0.9700735091368529 15.800000000000004
      vertex -0.40181760398334276 -0.9700735091368529 6
      vertex 0 -1.0500000000000007 15.800000000000004
    endloop
  endfacet
  facet normal -0.8314696123025449 -0.5555702330196026 0
    outer loop
      vertex -0.7424621202458752 -0.7424621202458752 15.800000000000004
      vertex -0.9700735091368529 -0.40181760398334276 6
      vertex -0.7424621202458752 -0.7424621202458752 6
    endloop
  endfacet
  facet normal -0.5555702330196026 -0.8314696123025449 0
    outer loop
      vertex -0.7424621202458752 -0.7424621202458752 15.800000000000004
      vertex -0.7424621202458752 -0.7424621202458752 6
      vertex -0.40181760398334276 -0.9700735091368529 15.800000000000004
    endloop
  endfacet
  facet normal 0 0 1
    outer loop
      vertex -0.7424621202458752 -0.7424621202458752 15.800000000000004
      vertex -0.40181760398334276 -0.9700735091368529 15.800000000000004
      vertex -0.7424621202458752 0.7424621202458752 15.800000000000004
    endloop
  endfacet
  facet normal 0 0 1
    outer loop
      vertex -0.40181760398334276 -0.9700735091368529 15.800000000000004
      vertex 0 -1.0500000000000007 15.800000000000004
      vertex -0.40181760398334276 0.9700735091368529 15.800000000000004
    endloop
  endfacet
  facet normal 0 0 -1
    outer loop
      vertex -1.0500000000000007 0 0.4499999999999993
      vertex -0.9610355571883709 0.3980739617102067 0.4499999999999993
      vertex -1.0402173913043455 0 0.4499999999999993
    endloop
  endfacet
  facet normal -0.9807852804032308 0.19509032201612647 0
    outer loop
      vertex -1.0500000000000007 0 0.4499999999999993
      vertex -1.0500000000000007 0 4.75
      vertex -0.9700735091368529 0.40181760398334276 0.4499999999999993
    endloop
  endfacet
  facet normal 0 0 -1
    outer loop
      vertex -1.0500000000000007 0 0.4499999999999993
      vertex -0.9700735091368529 0.40181760398334276 0.4499999999999993
      vertex -0.9610355571883709 0.3980739617102067 0.4499999999999993
    endloop
  endfacet
  facet normal -0.9807852804032303 0.19509032201612853 1.9978227367488025e-16
    outer loop
      vertex -1.0500000000000007 0 4.75
      vertex -0.9770382470978802 0.36680350177955745 4.75
      vertex -0.9700735091368529 0.40181760398334276 0.4499999999999993
    endloop
  endfacet
  facet normal -0.980785280403235 0.1950903220161048 6.495515287566012e-20
    outer loop
      vertex -0.9770382470978802 0.36680350177955745 4.75
      vertex -0.9700735091368529 0.40181760398334276 4.75996217746609
      vertex -0.9700735091368529 0.40181760398334276 0.4499999999999993
    endloop
  endfacet
  facet normal -0.8314696123025461 0.5555702330196007 -1.1824379665047532e-19
    outer loop
      vertex -0.9242691806587509 0.47036862593869344 4.75
      vertex -0.9700735091368529 0.40181760398334276 0.4499999999999993
      vertex -0.9700735091368529 0.40181760398334276 4.75996217746609
    endloop
  endfacet
  facet normal 0 0 -1
    outer loop
      vertex -0.9700735091368529 0.40181760398334276 0.4499999999999993
      vertex -0.7355447712994838 0.7355447712994838 0.4499999999999993
      vertex -0.9610355571883709 0.3980739617102067 0.4499999999999993
    endloop
  endfacet
  facet normal -0.831469612302545 0.5555702330196027 -4.0967608610352165e-17
    outer loop
      vertex -0.9700735091368529 0.40181760398334276 0.4499999999999993
      vertex -0.9242691806587509 0.47036862593869344 4.75
      vertex -0.7424621202458752 0.7424621202458752 0.4499999999999993
    endloop
  endfacet
  facet normal 0 0 -1
    outer loop
      vertex -0.9700735091368529 0.40181760398334276 0.4499999999999993
      vertex -0.7424621202458752 0.7424621202458752 0.4499999999999993
      vertex -0.7355447712994838 0.7355447712994838 0.4499999999999993
    endloop
  endfacet
  facet normal 0 0 -1
    outer loop
      vertex -0.7424621202458752 0.7424621202458752 0.4499999999999993
      vertex -0.3980739617102067 0.9610355571883709 0.4499999999999993
      vertex -0.7355447712994838 0.7355447712994838 0.4499999999999993
    endloop
  endfacet
  facet normal -0.5555702330196027 0.831469612302545 3.8444830032423236e-16
    outer loop
      vertex -0.40181760398334276 0.9700735091368529 0.4499999999999993
      vertex -0.7424621202458752 0.7424621202458752 0.4499999999999993
      vertex -0.6873665670954665 0.7792757919053237 4.75
    endloop
  endfacet
  facet normal -0.831469612302541 0.5555702330196084 4.931258529144555e-16
    outer loop
      vertex -0.9242691806587509 0.47036862593869344 4.75
      vertex -0.7792757919053237 0.6873665670954665 4.75
      vertex -0.7424621202458752 0.7424621202458752 0.4499999999999993
    endloop
  endfacet
  facet normal -0.8314696123025588 0.555570233019582 6.088052217152261e-19
    outer loop
      vertex -0.7792757919053237 0.6873665670954665 4.75
      vertex -0.7424621202458752 0.7424621202458752 4.763289741801671
      vertex -0.7424621202458752 0.7424621202458752 0.4499999999999993
    endloop
  endfacet
  facet normal -0.555570233019582 0.8314696123025588 6.088052217152261e-19
    outer loop
      vertex -0.6873665670954665 0.7792757919053237 4.75
      vertex -0.7424621202458752 0.7424621202458752 0.4499999999999993
      vertex -0.7424621202458752 0.7424621202458752 4.763289741801671
    endloop
  endfacet
  facet normal 0 0 -1
    outer loop
      vertex -0.7424621202458752 0.7424621202458752 0.4499999999999993
      vertex -0.40181760398334276 0.9700735091368529 0.4499999999999993
      vertex -0.3980739617102067 0.9610355571883709 0.4499999999999993
    endloop
  endfacet
  facet normal -0.5555702330196084 0.831469612302541 -1.746942919997775e-16
    outer loop
      vertex -0.47036862593869344 0.9242691806587509 4.75
      vertex -0.40181760398334276 0.9700735091368529 0.4499999999999993
      vertex -0.6873665670954665 0.7792757919053237 4.75
    endloop
  endfacet
  facet normal 0 0 -1
    outer loop
      vertex -0.40181760398334276 0.9700735091368529 0.4499999999999993
      vertex 0 1.0402173913043455 0.4499999999999993
      vertex -0.3980739617102067 0.9610355571883709 0.4499999999999993
    endloop
  endfacet
  facet normal -0.19509032201612647 0.9807852804032308 1.8237338745483599e-16
    outer loop
      vertex 0 1.0500000000000007 0.4499999999999993
      vertex -0.40181760398334276 0.9700735091368529 0.4499999999999993
      vertex -0.36680350177955745 0.9770382470978802 4.75
    endloop
  endfacet
  facet normal 0 0 -1
    outer loop
      vertex -0.40181760398334276 0.9700735091368529 0.4499999999999993
      vertex 0 1.0500000000000007 0.4499999999999993
      vertex 0 1.0402173913043455 0.4499999999999993
    endloop
  endfacet
  facet normal -0.5555702330196007 0.8314696123025461 -1.1824379665047532e-19
    outer loop
      vertex -0.47036862593869344 0.9242691806587509 4.75
      vertex -0.40181760398334276 0.9700735091368529 4.75996217746609
      vertex -0.40181760398334276 0.9700735091368529 0.4499999999999993
    endloop
  endfacet
  facet normal -0.1950903220161048 0.980785280403235 6.495515287566012e-20
    outer loop
      vertex -0.36680350177955745 0.9770382470978802 4.75
      vertex -0.40181760398334276 0.9700735091368529 0.4499999999999993
      vertex -0.40181760398334276 0.9700735091368529 4.75996217746609
    endloop
  endfacet
  facet normal -0.19509032201612853 0.9807852804032303 0
    outer loop
      vertex 0 1.0500000000000007 0.4499999999999993
      vertex -0.36680350177955745 0.9770382470978802 4.75
      vertex 0 1.0500000000000007 4.75
    endloop
  endfacet
  facet normal -0.9807852804032308 0.19509032201612647 0
    outer loop
      vertex -1.0500000000000007 0 15.800000000000004
      vertex -0.9700735091368529 0.40181760398334276 6
      vertex -1.0500000000000007 0 6
    endloop
  endfacet
  facet normal -0.8314696123025449 0.5555702330196026 0
    outer loop
      vertex -0.9700735091368529 0.40181760398334276 15.800000000000004
      vertex -0.7424621202458752 0.7424621202458752 6
      vertex -0.9700735091368529 0.40181760398334276 6
    endloop
  endfacet
  facet normal -0.9807852804032308 0.19509032201612647 -4.918736821360834e-19
    outer loop
      vertex -1.0500000000000007 0 15.800000000000004
      vertex -0.9700735091368529 0.40181760398334276 15.800000000000004
      vertex -0.9700735091368529 0.40181760398334276 6
    endloop
  endfacet
  facet normal 0 0 1
    outer loop
      vertex -0.9700735091368529 -0.40181760398334276 15.800000000000004
      vertex -0.9700735091368529 0.40181760398334276 15.800000000000004
      vertex -1.0500000000000007 0 15.800000000000004
    endloop
  endfacet
  facet normal -0.5555702330196026 0.8314696123025449 0
    outer loop
      vertex -0.7424621202458752 0.7424621202458752 15.800000000000004
      vertex -0.40181760398334276 0.9700735091368529 6
      vertex -0.7424621202458752 0.7424621202458752 6
    endloop
  endfacet
  facet normal 0 0 1
    outer loop
      vertex -0.7424621202458752 -0.7424621202458752 15.800000000000004
      vertex -0.7424621202458752 0.7424621202458752 15.800000000000004
      vertex -0.9700735091368529 0.40181760398334276 15.800000000000004
    endloop
  endfacet
  facet normal 0 0 1
    outer loop
      vertex -0.40181760398334276 -0.9700735091368529 15.800000000000004
      vertex -0.40181760398334276 0.9700735091368529 15.800000000000004
      vertex -0.7424621202458752 0.7424621202458752 15.800000000000004
    endloop
  endfacet
  facet normal -0.8314696123025449 0.5555702330196026 -4.868752066206512e-19
    outer loop
      vertex -0.9700735091368529 0.40181760398334276 15.800000000000004
      vertex -0.7424621202458752 0.7424621202458752 15.800000000000004
      vertex -0.7424621202458752 0.7424621202458752 6
    endloop
  endfacet
  facet normal 0 0 1
    outer loop
      vertex -0.40181760398334276 0.9700735091368529 15.800000000000004
      vertex 0 -1.0500000000000007 15.800000000000004
      vertex 0 1.0500000000000007 15.800000000000004
    endloop
  endfacet
  facet normal -0.19509032201612647 0.9807852804032308 0
    outer loop
      vertex -0.40181760398334276 0.9700735091368529 15.800000000000004
      vertex 0 1.0500000000000007 6
      vertex -0.40181760398334276 0.9700735091368529 6
    endloop
  endfacet
  facet normal -0.5555702330196026 0.8314696123025449 -4.868752066206512e-19
    outer loop
      vertex -0.7424621202458752 0.7424621202458752 15.800000000000004
      vertex -0.40181760398334276 0.9700735091368529 15.800000000000004
      vertex -0.40181760398334276 0.9700735091368529 6
    endloop
  endfacet
  facet normal -0.19509032201612647 0.9807852804032308 -4.918736821360834e-19
    outer loop
      vertex -0.40181760398334276 0.9700735091368529 15.800000000000004
      vertex 0 1.0500000000000007 15.800000000000004
      vertex 0 1.0500000000000007 6
    endloop
  endfacet
  facet normal 0 0 -1
    outer loop
      vertex 0 -1.0500000000000007 0.4499999999999993
      vertex 0 -1.0402173913043455 0.4499999999999993
      vertex 0.40181760398334276 -0.9700735091368529 0.4499999999999993
    endloop
  endfacet
  facet normal 0.19509032201612647 -0.9807852804032308 0
    outer loop
      vertex 0 -1.0500000000000007 0.4499999999999993
      vertex 0.40181760398334276 -0.9700735091368529 0.4499999999999993
      vertex 0 -1.0500000000000007 4.75
    endloop
  endfacet
  facet normal 0 0 -1
    outer loop
      vertex 0.40181760398334276 -0.9700735091368529 0.4499999999999993
      vertex 0 -1.0402173913043455 0.4499999999999993
      vertex 0.3980739617102067 -0.9610355571883709 0.4499999999999993
    endloop
  endfacet
  facet normal 0.19509032201612853 -0.9807852804032303 2.0068497529688302e-16
    outer loop
      vertex 0.40181760398334276 -0.9700735091368529 0.4499999999999993
      vertex 0.36680350177955745 -0.9770382470978802 4.75
      vertex 0 -1.0500000000000007 4.75
    endloop
  endfacet
  facet normal 0.1950903220161048 -0.980785280403235 6.495515287566012e-20
    outer loop
      vertex 0.36680350177955745 -0.9770382470978802 4.75
      vertex 0.40181760398334276 -0.9700735091368529 0.4499999999999993
      vertex 0.40181760398334276 -0.9700735091368529 4.75996217746609
    endloop
  endfacet
  facet normal 0.5555702330196007 -0.8314696123025461 -1.1824379665047532e-19
    outer loop
      vertex 0.47036862593869344 -0.9242691806587509 4.75
      vertex 0.40181760398334276 -0.9700735091368529 4.75996217746609
      vertex 0.40181760398334276 -0.9700735091368529 0.4499999999999993
    endloop
  endfacet
  facet normal 0 0 -1
    outer loop
      vertex 0.40181760398334276 -0.9700735091368529 0.4499999999999993
      vertex 0.3980739617102067 -0.9610355571883709 0.4499999999999993
      vertex 0.7424621202458752 -0.7424621202458752 0.4499999999999993
    endloop
  endfacet
  facet normal 0.5555702330196084 -0.831469612302541 -1.746942919997775e-16
    outer loop
      vertex 0.47036862593869344 -0.9242691806587509 4.75
      vertex 0.40181760398334276 -0.9700735091368529 0.4499999999999993
      vertex 0.6873665670954665 -0.7792757919053237 4.75
    endloop
  endfacet
  facet normal 0 0 -1
    outer loop
      vertex 0.7424621202458752 -0.7424621202458752 0.4499999999999993
      vertex 0.3980739617102067 -0.9610355571883709 0.4499999999999993
      vertex 0.7355447712994838 -0.7355447712994838 0.4499999999999993
    endloop
  endfacet
  facet normal 0.5555702330196027 -0.831469612302545 3.8444830032423236e-16
    outer loop
      vertex 0.40181760398334276 -0.9700735091368529 0.4499999999999993
      vertex 0.7424621202458752 -0.7424621202458752 0.4499999999999993
      vertex 0.6873665670954665 -0.7792757919053237 4.75
    endloop
  endfacet
  facet normal 0 0 -1
    outer loop
      vertex 0.7424621202458752 -0.7424621202458752 0.4499999999999993
      vertex 0.7355447712994838 -0.7355447712994838 0.4499999999999993
      vertex 0.9700735091368529 -0.40181760398334276 0.4499999999999993
    endloop
  endfacet
  facet normal 0.555570233019582 -0.8314696123025588 6.088052217152261e-19
    outer loop
      vertex 0.6873665670954665 -0.7792757919053237 4.75
      vertex 0.7424621202458752 -0.7424621202458752 0.4499999999999993
      vertex 0.7424621202458752 -0.7424621202458752 4.763289741801671
    endloop
  endfacet
  facet normal 0.8314696123025588 -0.555570233019582 6.088052217152261e-19
    outer loop
      vertex 0.7792757919053237 -0.6873665670954665 4.75
      vertex 0.7424621202458752 -0.7424621202458752 4.763289741801671
      vertex 0.7424621202458752 -0.7424621202458752 0.4499999999999993
    endloop
  endfacet
  facet normal 0.831469612302541 -0.5555702330196084 4.899045777326046e-16
    outer loop
      vertex 0.7792757919053237 -0.6873665670954665 4.75
      vertex 0.7424621202458752 -0.7424621202458752 0.4499999999999993
      vertex 0.9242691806587509 -0.47036862593869344 4.75
    endloop
  endfacet
  facet normal 0 0 -1
    outer loop
      vertex 0.9700735091368529 -0.40181760398334276 0.4499999999999993
      vertex 0.7355447712994838 -0.7355447712994838 0.4499999999999993
      vertex 0.9610355571883709 -0.3980739617102067 0.4499999999999993
    endloop
  endfacet
  facet normal 0.831469612302545 -0.5555702330196027 -4.0967608610352165e-17
    outer loop
      vertex 0.9700735091368529 -0.40181760398334276 0.4499999999999993
      vertex 0.9242691806587509 -0.47036862593869344 4.75
      vertex 0.7424621202458752 -0.7424621202458752 0.4499999999999993
    endloop
  endfacet
  facet normal 0 0 -1
    outer loop
      vertex 0.9700735091368529 -0.40181760398334276 0.4499999999999993
      vertex 0.9610355571883709 -0.3980739617102067 0.4499999999999993
      vertex 1.0500000000000007 0 0.4499999999999993
    endloop
  endfacet
  facet normal 0 0 -1
    outer loop
      vertex 1.0500000000000007 0 0.4499999999999993
      vertex 0.9610355571883709 -0.3980739617102067 0.4499999999999993
      vertex 1.0402173913043455 0 0.4499999999999993
    endloop
  endfacet
  facet normal 0.9807852804032308 -0.19509032201612647 0
    outer loop
      vertex 1.0500000000000007 0 0.4499999999999993
      vertex 1.0500000000000007 0 4.75
      vertex 0.9700735091368529 -0.40181760398334276 0.4499999999999993
    endloop
  endfacet
  facet normal 0.8314696123025461 -0.5555702330196007 -1.1824379665047532e-19
    outer loop
      vertex 0.9242691806587509 -0.47036862593869344 4.75
      vertex 0.9700735091368529 -0.40181760398334276 0.4499999999999993
      vertex 0.9700735091368529 -0.40181760398334276 4.75996217746609
    endloop
  endfacet
  facet normal 0.980785280403235 -0.1950903220161048 6.495515287566012e-20
    outer loop
      vertex 0.9770382470978802 -0.36680350177955745 4.75
      vertex 0.9700735091368529 -0.40181760398334276 4.75996217746609
      vertex 0.9700735091368529 -0.40181760398334276 0.4499999999999993
    endloop
  endfacet
  facet normal 0.9807852804032303 -0.19509032201612853 2.0086481928928032e-16
    outer loop
      vertex 0.9770382470978802 -0.36680350177955745 4.75
      vertex 0.9700735091368529 -0.40181760398334276 0.4499999999999993
      vertex 1.0500000000000007 0 4.75
    endloop
  endfacet
  facet normal 0.19509032201612647 -0.9807852804032308 0
    outer loop
      vertex 0.40181760398334276 -0.9700735091368529 15.800000000000004
      vertex 0 -1.0500000000000007 6
      vertex 0.40181760398334276 -0.9700735091368529 6
    endloop
  endfacet
  facet normal 0.19509032201612647 -0.9807852804032308 0
    outer loop
      vertex 0 -1.0500000000000007 15.800000000000004
      vertex 0 -1.0500000000000007 6
      vertex 0.40181760398334276 -0.9700735091368529 15.800000000000004
    endloop
  endfacet
  facet normal 0.5555702330196026 -0.8314696123025449 0
    outer loop
      vertex 0.40181760398334276 -0.9700735091368529 15.800000000000004
      vertex 0.40181760398334276 -0.9700735091368529 6
      vertex 0.7424621202458752 -0.7424621202458752 15.800000000000004
    endloop
  endfacet
  facet normal 0.5555702330196026 -0.8314696123025449 0
    outer loop
      vertex 0.7424621202458752 -0.7424621202458752 15.800000000000004
      vertex 0.40181760398334276 -0.9700735091368529 6
      vertex 0.7424621202458752 -0.7424621202458752 6
    endloop
  endfacet
  facet normal 0 0 1
    outer loop
      vertex 0 -1.0500000000000007 15.800000000000004
      vertex 0.40181760398334276 -0.9700735091368529 15.800000000000004
      vertex 0 1.0500000000000007 15.800000000000004
    endloop
  endfacet
  facet normal 0.8314696123025449 -0.5555702330196026 0
    outer loop
      vertex 0.7424621202458752 -0.7424621202458752 15.800000000000004
      vertex 0.7424621202458752 -0.7424621202458752 6
      vertex 0.9700735091368529 -0.40181760398334276 15.800000000000004
    endloop
  endfacet
  facet normal 0 0 1
    outer loop
      vertex 0.40181760398334276 -0.9700735091368529 15.800000000000004
      vertex 0.7424621202458752 -0.7424621202458752 15.800000000000004
      vertex 0.40181760398334276 0.9700735091368529 15.800000000000004
    endloop
  endfacet
  facet normal 0 0 1
    outer loop
      vertex 0.7424621202458752 -0.7424621202458752 15.800000000000004
      vertex 0.9700735091368529 -0.40181760398334276 15.800000000000004
      vertex 0.7424621202458752 0.7424621202458752 15.800000000000004
    endloop
  endfacet
  facet normal 0.8314696123025449 -0.5555702330196026 0
    outer loop
      vertex 0.9700735091368529 -0.40181760398334276 15.800000000000004
      vertex 0.7424621202458752 -0.7424621202458752 6
      vertex 0.9700735091368529 -0.40181760398334276 6
    endloop
  endfacet
  facet normal 0.9807852804032308 -0.19509032201612647 0
    outer loop
      vertex 1.0500000000000007 0 15.800000000000004
      vertex 0.9700735091368529 -0.40181760398334276 6
      vertex 1.0500000000000007 0 6
    endloop
  endfacet
  facet normal 0.9807852804032308 -0.19509032201612647 0
    outer loop
      vertex 0.9700735091368529 -0.40181760398334276 15.800000000000004
      vertex 0.9700735091368529 -0.40181760398334276 6
      vertex 1.0500000000000007 0 15.800000000000004
    endloop
  endfacet
  facet normal 0 0 -1
    outer loop
      vertex 0.40181760398334276 0.9700735091368529 0.4499999999999993
      vertex 0.7424621202458752 0.7424621202458752 0.4499999999999993
      vertex 0.7355447712994838 0.7355447712994838 0.4499999999999993
    endloop
  endfacet
  facet normal 0 0 -1
    outer loop
      vertex 0.7424621202458752 0.7424621202458752 0.4499999999999993
      vertex 0.9610355571883709 0.3980739617102067 0.4499999999999993
      vertex 0.7355447712994838 0.7355447712994838 0.4499999999999993
    endloop
  endfacet
  facet normal 0.831469612302545 0.5555702330196027 3.826038035565035e-16
    outer loop
      vertex 0.7424621202458752 0.7424621202458752 0.4499999999999993
      vertex 0.7792757919053237 0.6873665670954665 4.75
      vertex 0.9700735091368529 0.40181760398334276 0.4499999999999993
    endloop
  endfacet
  facet normal 0.5555702330196084 0.831469612302541 4.904349940325947e-16
    outer loop
      vertex 0.6873665670954665 0.7792757919053237 4.75
      vertex 0.7424621202458752 0.7424621202458752 0.4499999999999993
      vertex 0.47036862593869344 0.9242691806587509 4.75
    endloop
  endfacet
  facet normal 0.555570233019582 0.8314696123025588 -6.088052217152261e-19
    outer loop
      vertex 0.6873665670954665 0.7792757919053237 4.75
      vertex 0.7424621202458752 0.7424621202458752 4.763289741801671
      vertex 0.7424621202458752 0.7424621202458752 0.4499999999999993
    endloop
  endfacet
  facet normal 0.8314696123025588 0.555570233019582 -6.088052217152261e-19
    outer loop
      vertex 0.7792757919053237 0.6873665670954665 4.75
      vertex 0.7424621202458752 0.7424621202458752 0.4499999999999993
      vertex 0.7424621202458752 0.7424621202458752 4.763289741801671
    endloop
  endfacet
  facet normal 0 0 -1
    outer loop
      vertex 0 1.0500000000000007 0.4499999999999993
      vertex 0.40181760398334276 0.9700735091368529 0.4499999999999993
      vertex 0 1.0402173913043455 0.4499999999999993
    endloop
  endfacet
  facet normal 0.19509032201612647 0.9807852804032308 1.1210144383566554e-18
    outer loop
      vertex 0.40181760398334276 0.9700735091368529 0.4499999999999993
      vertex 0 1.0500000000000007 0.4499999999999993
      vertex 0 1.0500000000000007 4.75
    endloop
  endfacet
  facet normal 0 0 -1
    outer loop
      vertex 0.40181760398334276 0.9700735091368529 0.4499999999999993
      vertex 0.3980739617102067 0.9610355571883709 0.4499999999999993
      vertex 0 1.0402173913043455 0.4499999999999993
    endloop
  endfacet
  facet normal 0.19509032201612853 0.9807852804032303 2.0164332285345914e-16
    outer loop
      vertex 0 1.0500000000000007 4.75
      vertex 0.36680350177955745 0.9770382470978802 4.75
      vertex 0.40181760398334276 0.9700735091368529 0.4499999999999993
    endloop
  endfacet
  facet normal 0.5555702330196008 0.8314696123025461 1.1824379665047535e-19
    outer loop
      vertex 0.47036862593869344 0.9242691806587509 4.75
      vertex 0.40181760398334276 0.9700735091368529 0.4499999999999993
      vertex 0.40181760398334276 0.9700735091368529 4.75996217746609
    endloop
  endfacet
  facet normal 0.1950903220161048 0.980785280403235 -6.495515287566012e-20
    outer loop
      vertex 0.36680350177955745 0.9770382470978802 4.75
      vertex 0.40181760398334276 0.9700735091368529 4.75996217746609
      vertex 0.40181760398334276 0.9700735091368529 0.4499999999999993
    endloop
  endfacet
  facet normal 0 0 -1
    outer loop
      vertex 0.40181760398334276 0.9700735091368529 0.4499999999999993
      vertex 0.7355447712994838 0.7355447712994838 0.4499999999999993
      vertex 0.3980739617102067 0.9610355571883709 0.4499999999999993
    endloop
  endfacet
  facet normal 0.5555702330196027 0.831469612302545 -4.084269249031103e-17
    outer loop
      vertex 0.7424621202458752 0.7424621202458752 0.4499999999999993
      vertex 0.40181760398334276 0.9700735091368529 0.4499999999999993
      vertex 0.47036862593869344 0.9242691806587509 4.75
    endloop
  endfacet
  facet normal 0 0 -1
    outer loop
      vertex 1.0500000000000007 0 0.4499999999999993
      vertex 1.0402173913043455 0 0.4499999999999993
      vertex 0.9700735091368529 0.40181760398334276 0.4499999999999993
    endloop
  endfacet
  facet normal 0.9807852804032308 0.19509032201612647 0
    outer loop
      vertex 1.0500000000000007 0 0.4499999999999993
      vertex 0.9700735091368529 0.40181760398334276 0.4499999999999993
      vertex 1.0500000000000007 0 4.75
    endloop
  endfacet
  facet normal 0 0 -1
    outer loop
      vertex 0.9700735091368529 0.40181760398334276 0.4499999999999993
      vertex 1.0402173913043455 0 0.4499999999999993
      vertex 0.9610355571883709 0.3980739617102067 0.4499999999999993
    endloop
  endfacet
  facet normal 0.8314696123025461 0.5555702330196008 1.1824379665047535e-19
    outer loop
      vertex 0.9242691806587509 0.47036862593869344 4.75
      vertex 0.9700735091368529 0.40181760398334276 4.75996217746609
      vertex 0.9700735091368529 0.40181760398334276 0.4499999999999993
    endloop
  endfacet
  facet normal 0.9807852804032303 0.19509032201612853 2.0074062123145637e-16
    outer loop
      vertex 0.9700735091368529 0.40181760398334276 0.4499999999999993
      vertex 0.9770382470978802 0.36680350177955745 4.75
      vertex 1.0500000000000007 0 4.75
    endloop
  endfacet
  facet normal 0.980785280403235 0.1950903220161048 -6.495515287566012e-20
    outer loop
      vertex 0.9770382470978802 0.36680350177955745 4.75
      vertex 0.9700735091368529 0.40181760398334276 0.4499999999999993
      vertex 0.9700735091368529 0.40181760398334276 4.75996217746609
    endloop
  endfacet
  facet normal 0 0 -1
    outer loop
      vertex 0.9700735091368529 0.40181760398334276 0.4499999999999993
      vertex 0.9610355571883709 0.3980739617102067 0.4499999999999993
      vertex 0.7424621202458752 0.7424621202458752 0.4499999999999993
    endloop
  endfacet
  facet normal 0.831469612302541 0.5555702330196084 -1.7738515088163831e-16
    outer loop
      vertex 0.7792757919053237 0.6873665670954665 4.75
      vertex 0.9242691806587509 0.47036862593869344 4.75
      vertex 0.9700735091368529 0.40181760398334276 0.4499999999999993
    endloop
  endfacet
  facet normal 0.8314696123025449 0.5555702330196026 0
    outer loop
      vertex 0.7424621202458752 0.7424621202458752 15.800000000000004
      vertex 0.9700735091368529 0.40181760398334276 6
      vertex 0.7424621202458752 0.7424621202458752 6
    endloop
  endfacet
  facet normal 0 0 1
    outer loop
      vertex 0.40181760398334276 -0.9700735091368529 15.800000000000004
      vertex 0.40181760398334276 0.9700735091368529 15.800000000000004
      vertex 0 1.0500000000000007 15.800000000000004
    endloop
  endfacet
  facet normal 0 0 1
    outer loop
      vertex 0.7424621202458752 -0.7424621202458752 15.800000000000004
      vertex 0.7424621202458752 0.7424621202458752 15.800000000000004
      vertex 0.40181760398334276 0.9700735091368529 15.800000000000004
    endloop
  endfacet
  facet normal 0.5555702330196026 0.8314696123025449 4.868752066206512e-19
    outer loop
      vertex 0.40181760398334276 0.9700735091368529 15.800000000000004
      vertex 0.7424621202458752 0.7424621202458752 15.800000000000004
      vertex 0.7424621202458752 0.7424621202458752 6
    endloop
  endfacet
  facet normal 0.19509032201612647 0.9807852804032308 0
    outer loop
      vertex 0 1.0500000000000007 15.800000000000004
      vertex 0.40181760398334276 0.9700735091368529 6
      vertex 0 1.0500000000000007 6
    endloop
  endfacet
  facet normal 0.5555702330196026 0.8314696123025449 0
    outer loop
      vertex 0.40181760398334276 0.9700735091368529 15.800000000000004
      vertex 0.7424621202458752 0.7424621202458752 6
      vertex 0.40181760398334276 0.9700735091368529 6
    endloop
  endfacet
  facet normal 0.19509032201612647 0.9807852804032308 4.918736821360834e-19
    outer loop
      vertex 0 1.0500000000000007 15.800000000000004
      vertex 0.40181760398334276 0.9700735091368529 15.800000000000004
      vertex 0.40181760398334276 0.9700735091368529 6
    endloop
  endfacet
  facet normal 0.9807852804032308 0.19509032201612647 0
    outer loop
      vertex 0.9700735091368529 0.40181760398334276 15.800000000000004
      vertex 1.0500000000000007 0 6
      vertex 0.9700735091368529 0.40181760398334276 6
    endloop
  endfacet
  facet normal 0.9807852804032308 0.19509032201612647 0
    outer loop
      vertex 1.0500000000000007 0 15.800000000000004
      vertex 1.0500000000000007 0 6
      vertex 0.9700735091368529 0.40181760398334276 15.800000000000004
    endloop
  endfacet
  facet normal 0 0 1
    outer loop
      vertex 0.9700735091368529 -0.40181760398334276 15.800000000000004
      vertex 1.0500000000000007 0 15.800000000000004
      vertex 0.9700735091368529 0.40181760398334276 15.800000000000004
    endloop
  endfacet
  facet normal 0 0 1
    outer loop
      vertex 0.9700735091368529 -0.40181760398334276 15.800000000000004
      vertex 0.9700735091368529 0.40181760398334276 15.800000000000004
      vertex 0.7424621202458752 0.7424621202458752 15.800000000000004
    endloop
  endfacet
  facet normal 0.8314696123025449 0.5555702330196026 0
    outer loop
      vertex 0.9700735091368529 0.40181760398334276 15.800000000000004
      vertex 0.9700735091368529 0.40181760398334276 6
      vertex 0.7424621202458752 0.7424621202458752 15.800000000000004
    endloop
  endfacet
  facet normal -0.5068649966793305 -0.5068649966793305 -0.6972630423896884
    outer loop
      vertex -1.3673612988261397 -0.9934461347458381 5.399999999999999
      vertex -0.8494678440936951 -0.6171745149070986 4.75
      vertex -0.9934461347458381 -1.3673612988261397 5.399999999999999
    endloop
  endfacet
  facet normal -0.5068649966793133 -0.5068649966793392 -0.6972630423896946
    outer loop
      vertex -0.9934461347458381 -1.3673612988261397 5.399999999999999
      vertex -0.8494678440936951 -0.6171745149070986 4.75
      vertex -0.7792757919053237 -0.6873665670954665 4.75
    endloop
  endfacet
  facet normal -0.6386871558015115 -0.325427360146086 -0.6972630423896891
    outer loop
      vertex -1.3673612988261397 -0.9934461347458381 5.399999999999999
      vertex -1.607429612010975 -0.5222855412503833 5.399999999999999
      vertex -0.998609342109912 -0.32446784409369656 4.75
    endloop
  endfacet
  facet normal -0.7079901661187632 -0.11213462621599343 -0.6972630423896892
    outer loop
      vertex -1.607429612010975 -0.5222855412503833 5.399999999999999
      vertex -1.6901515151515127 0 5.399999999999999
      vertex -1.0500000000000007 0 4.75
    endloop
  endfacet
  facet normal -0.6386871558015118 -0.3254273601460843 -0.6972630423896897
    outer loop
      vertex -1.3673612988261397 -0.9934461347458381 5.399999999999999
      vertex -0.9770382470978802 -0.36680350177955745 4.75
      vertex -0.9700735091368529 -0.40181760398334276 4.75996217746609
    endloop
  endfacet
  facet normal -0.6386871558015164 -0.32542736014607976 -0.6972630423896876
    outer loop
      vertex -1.3673612988261397 -0.9934461347458381 5.399999999999999
      vertex -0.9700735091368529 -0.40181760398334276 4.75996217746609
      vertex -0.9242691806587509 -0.47036862593869344 4.75
    endloop
  endfacet
  facet normal -0.6386871558015003 -0.32542736014609686 -0.6972630423896943
    outer loop
      vertex -1.3673612988261397 -0.9934461347458381 5.399999999999999
      vertex -0.998609342109912 -0.32446784409369656 4.75
      vertex -0.9770382470978802 -0.36680350177955745 4.75
    endloop
  endfacet
  facet normal -0.6386871558015134 -0.32542736014608387 -0.6972630423896885
    outer loop
      vertex -1.3673612988261397 -0.9934461347458381 5.399999999999999
      vertex -0.9242691806587509 -0.47036862593869344 4.75
      vertex -0.8494678440936951 -0.6171745149070986 4.75
    endloop
  endfacet
  facet normal 0 0 -1
    outer loop
      vertex -0.8494678440936951 -0.6171745149070986 4.75
      vertex -0.9242691806587509 -0.47036862593869344 4.75
      vertex -0.7792757919053237 -0.6873665670954665 4.75
    endloop
  endfacet
  facet normal -0.7079901661187624 -0.11213462621599493 -0.6972630423896897
    outer loop
      vertex -1.607429612010975 -0.5222855412503833 5.399999999999999
      vertex -1.0500000000000007 0 4.75
      vertex -0.998609342109912 -0.32446784409369656 4.75
    endloop
  endfacet
  facet normal 0 0 -1
    outer loop
      vertex -0.998609342109912 -0.32446784409369656 4.75
      vertex -1.0500000000000007 0 4.75
      vertex -0.9770382470978802 -0.36680350177955745 4.75
    endloop
  endfacet
  facet normal -0.32542736014608614 -0.6386871558015118 -0.6972630423896887
    outer loop
      vertex -0.9934461347458381 -1.3673612988261397 5.399999999999999
      vertex -0.6171745149070986 -0.8494678440936951 4.75
      vertex -0.5222855412503833 -1.607429612010975 5.399999999999999
    endloop
  endfacet
  facet normal -0.50686499667932 -0.5068649966793367 -0.6972630423896918
    outer loop
      vertex -0.9934461347458381 -1.3673612988261397 5.399999999999999
      vertex -0.7424621202458752 -0.7424621202458752 4.763289741801671
      vertex -0.6873665670954665 -0.7792757919053237 4.75
    endloop
  endfacet
  facet normal -0.5068649966793445 -0.5068649966793185 -0.697263042389687
    outer loop
      vertex -0.9934461347458381 -1.3673612988261397 5.399999999999999
      vertex -0.6873665670954665 -0.7792757919053237 4.75
      vertex -0.6171745149070986 -0.8494678440936951 4.75
    endloop
  endfacet
  facet normal -0.506864996679342 -0.5068649966793222 -0.6972630423896862
    outer loop
      vertex -0.9934461347458381 -1.3673612988261397 5.399999999999999
      vertex -0.7792757919053237 -0.6873665670954665 4.75
      vertex -0.7424621202458752 -0.7424621202458752 4.763289741801671
    endloop
  endfacet
  facet normal -0.3254273601460832 -0.6386871558015123 -0.6972630423896897
    outer loop
      vertex -0.5222855412503833 -1.607429612010975 5.399999999999999
      vertex -0.6171745149070986 -0.8494678440936951 4.75
      vertex -0.47036862593869344 -0.9242691806587509 4.75
    endloop
  endfacet
  facet normal -0.3254273601460837 -0.6386871558015116 -0.6972630423896901
    outer loop
      vertex -0.5222855412503833 -1.607429612010975 5.399999999999999
      vertex -0.40181760398334276 -0.9700735091368529 4.75996217746609
      vertex -0.36680350177955745 -0.9770382470978802 4.75
    endloop
  endfacet
  facet normal -0.3254273601460779 -0.6386871558015137 -0.6972630423896907
    outer loop
      vertex -0.5222855412503833 -1.607429612010975 5.399999999999999
      vertex -0.47036862593869344 -0.9242691806587509 4.75
      vertex -0.40181760398334276 -0.9700735091368529 4.75996217746609
    endloop
  endfacet
  facet normal 0 0 -1
    outer loop
      vertex -0.6171745149070986 -0.8494678440936951 4.75
      vertex -0.6873665670954665 -0.7792757919053237 4.75
      vertex -0.47036862593869344 -0.9242691806587509 4.75
    endloop
  endfacet
  facet normal -0.11213462621599336 -0.7079901661187629 -0.6972630423896896
    outer loop
      vertex -0.5222855412503833 -1.607429612010975 5.399999999999999
      vertex -0.32446784409369656 -0.998609342109912 4.75
      vertex 0 -1.6901515151515127 5.399999999999999
    endloop
  endfacet
  facet normal -0.32542736014609913 -0.638687155801506 -0.6972630423896881
    outer loop
      vertex -0.5222855412503833 -1.607429612010975 5.399999999999999
      vertex -0.36680350177955745 -0.9770382470978802 4.75
      vertex -0.32446784409369656 -0.998609342109912 4.75
    endloop
  endfacet
  facet normal 0 0 -1
    outer loop
      vertex -0.32446784409369656 -0.998609342109912 4.75
      vertex -0.36680350177955745 -0.9770382470978802 4.75
      vertex 0 -1.0500000000000007 4.75
    endloop
  endfacet
  facet normal -0.112134626215995 -0.7079901661187631 -0.6972630423896891
    outer loop
      vertex -0.32446784409369656 -0.998609342109912 4.75
      vertex 0 -1.0500000000000007 4.75
      vertex 0 -1.6901515151515127 5.399999999999999
    endloop
  endfacet
  facet normal -0.7079901661187629 0.11213462621599336 -0.6972630423896896
    outer loop
      vertex -1.6901515151515127 0 5.399999999999999
      vertex -1.607429612010975 0.5222855412503833 5.399999999999999
      vertex -0.998609342109912 0.32446784409369656 4.75
    endloop
  endfacet
  facet normal -0.7079901661187631 0.11213462621599503 -0.6972630423896891
    outer loop
      vertex -1.6901515151515127 0 5.399999999999999
      vertex -0.998609342109912 0.32446784409369656 4.75
      vertex -1.0500000000000007 0 4.75
    endloop
  endfacet
  facet normal -0.638687155801506 0.32542736014609946 -0.697263042389688
    outer loop
      vertex -1.607429612010975 0.5222855412503833 5.399999999999999
      vertex -0.9770382470978802 0.36680350177955745 4.75
      vertex -0.998609342109912 0.32446784409369656 4.75
    endloop
  endfacet
  facet normal 0 0 -1
    outer loop
      vertex -0.998609342109912 0.32446784409369656 4.75
      vertex -0.9770382470978802 0.36680350177955745 4.75
      vertex -1.0500000000000007 0 4.75
    endloop
  endfacet
  facet normal -0.6386871558015115 0.32542736014608376 -0.6972630423896902
    outer loop
      vertex -1.607429612010975 0.5222855412503833 5.399999999999999
      vertex -0.9700735091368529 0.40181760398334276 4.75996217746609
      vertex -0.9770382470978802 0.36680350177955745 4.75
    endloop
  endfacet
  facet normal -0.6386871558015139 0.3254273601460775 -0.697263042389691
    outer loop
      vertex -1.607429612010975 0.5222855412503833 5.399999999999999
      vertex -0.9242691806587509 0.47036862593869344 4.75
      vertex -0.9700735091368529 0.40181760398334276 4.75996217746609
    endloop
  endfacet
  facet normal -0.6386871558015123 0.3254273601460832 -0.6972630423896896
    outer loop
      vertex -1.607429612010975 0.5222855412503833 5.399999999999999
      vertex -0.8494678440936951 0.6171745149070986 4.75
      vertex -0.9242691806587509 0.47036862593869344 4.75
    endloop
  endfacet
  facet normal -0.6386871558015118 0.32542736014608614 -0.6972630423896887
    outer loop
      vertex -1.607429612010975 0.5222855412503833 5.399999999999999
      vertex -1.3673612988261397 0.9934461347458381 5.399999999999999
      vertex -0.8494678440936951 0.6171745149070986 4.75
    endloop
  endfacet
  facet normal 0 0 -1
    outer loop
      vertex -0.8494678440936951 0.6171745149070986 4.75
      vertex -0.7792757919053237 0.6873665670954665 4.75
      vertex -0.9242691806587509 0.47036862593869344 4.75
    endloop
  endfacet
  facet normal -0.5068649966793187 0.5068649966793445 -0.697263042389687
    outer loop
      vertex -1.3673612988261397 0.9934461347458381 5.399999999999999
      vertex -0.7792757919053237 0.6873665670954665 4.75
      vertex -0.8494678440936951 0.6171745149070986 4.75
    endloop
  endfacet
  facet normal -0.5068649966793367 0.5068649966793201 -0.6972630423896917
    outer loop
      vertex -1.3673612988261397 0.9934461347458381 5.399999999999999
      vertex -0.7424621202458752 0.7424621202458752 4.763289741801671
      vertex -0.7792757919053237 0.6873665670954665 4.75
    endloop
  endfacet
  facet normal -0.5068649966793222 0.5068649966793419 -0.6972630423896862
    outer loop
      vertex -1.3673612988261397 0.9934461347458381 5.399999999999999
      vertex -0.6873665670954665 0.7792757919053237 4.75
      vertex -0.7424621202458752 0.7424621202458752 4.763289741801671
    endloop
  endfacet
  facet normal -0.5068649966793392 0.5068649966793135 -0.6972630423896947
    outer loop
      vertex -1.3673612988261397 0.9934461347458381 5.399999999999999
      vertex -0.6171745149070986 0.8494678440936951 4.75
      vertex -0.6873665670954665 0.7792757919053237 4.75
    endloop
  endfacet
  facet normal -0.5068649966793305 0.5068649966793305 -0.6972630423896885
    outer loop
      vertex -1.3673612988261397 0.9934461347458381 5.399999999999999
      vertex -0.9934461347458381 1.3673612988261397 5.399999999999999
      vertex -0.6171745149070986 0.8494678440936951 4.75
    endloop
  endfacet
  facet normal -0.32542736014608364 0.6386871558015134 -0.6972630423896886
    outer loop
      vertex -0.9934461347458381 1.3673612988261397 5.399999999999999
      vertex -0.47036862593869344 0.9242691806587509 4.75
      vertex -0.6171745149070986 0.8494678440936951 4.75
    endloop
  endfacet
  facet normal 0 0 -1
    outer loop
      vertex -0.6171745149070986 0.8494678440936951 4.75
      vertex -0.47036862593869344 0.9242691806587509 4.75
      vertex -0.6873665670954665 0.7792757919053237 4.75
    endloop
  endfacet
  facet normal -0.3254273601460797 0.6386871558015166 -0.6972630423896873
    outer loop
      vertex -0.9934461347458381 1.3673612988261397 5.399999999999999
      vertex -0.40181760398334276 0.9700735091368529 4.75996217746609
      vertex -0.47036862593869344 0.9242691806587509 4.75
    endloop
  endfacet
  facet normal -0.32542736014608487 0.6386871558015116 -0.6972630423896895
    outer loop
      vertex -0.9934461347458381 1.3673612988261397 5.399999999999999
      vertex -0.36680350177955745 0.9770382470978802 4.75
      vertex -0.40181760398334276 0.9700735091368529 4.75996217746609
    endloop
  endfacet
  facet normal -0.3254273601460965 0.6386871558015003 -0.6972630423896945
    outer loop
      vertex -0.9934461347458381 1.3673612988261397 5.399999999999999
      vertex -0.32446784409369656 0.998609342109912 4.75
      vertex -0.36680350177955745 0.9770382470978802 4.75
    endloop
  endfacet
  facet normal -0.325427360146086 0.6386871558015115 -0.6972630423896892
    outer loop
      vertex -0.9934461347458381 1.3673612988261397 5.399999999999999
      vertex -0.5222855412503833 1.607429612010975 5.399999999999999
      vertex -0.32446784409369656 0.998609342109912 4.75
    endloop
  endfacet
  facet normal 0 0 -1
    outer loop
      vertex -0.32446784409369656 0.998609342109912 4.75
      vertex 0 1.0500000000000007 4.75
      vertex -0.36680350177955745 0.9770382470978802 4.75
    endloop
  endfacet
  facet normal -0.11213462621599497 0.7079901661187624 -0.6972630423896897
    outer loop
      vertex -0.5222855412503833 1.607429612010975 5.399999999999999
      vertex 0 1.0500000000000007 4.75
      vertex -0.32446784409369656 0.998609342109912 4.75
    endloop
  endfacet
  facet normal -0.11213462621599343 0.7079901661187632 -0.6972630423896892
    outer loop
      vertex -0.5222855412503833 1.607429612010975 5.399999999999999
      vertex 0 1.6901515151515127 5.399999999999999
      vertex 0 1.0500000000000007 4.75
    endloop
  endfacet
  facet normal 0.11213462621599343 -0.7079901661187632 -0.6972630423896892
    outer loop
      vertex 0 -1.6901515151515127 5.399999999999999
      vertex 0 -1.0500000000000007 4.75
      vertex 0.5222855412503833 -1.607429612010975 5.399999999999999
    endloop
  endfacet
  facet normal 0.11213462621599492 -0.7079901661187625 -0.6972630423896897
    outer loop
      vertex 0.32446784409369656 -0.998609342109912 4.75
      vertex 0.5222855412503833 -1.607429612010975 5.399999999999999
      vertex 0 -1.0500000000000007 4.75
    endloop
  endfacet
  facet normal 0 0 -1
    outer loop
      vertex 0.32446784409369656 -0.998609342109912 4.75
      vertex 0 -1.0500000000000007 4.75
      vertex 0.36680350177955745 -0.9770382470978802 4.75
    endloop
  endfacet
  facet normal 0.32542736014608603 -0.6386871558015115 -0.6972630423896892
    outer loop
      vertex 0.32446784409369656 -0.998609342109912 4.75
      vertex 0.9934461347458381 -1.3673612988261397 5.399999999999999
      vertex 0.5222855412503833 -1.607429612010975 5.399999999999999
    endloop
  endfacet
  facet normal 0.32542736014609686 -0.6386871558015005 -0.6972630423896942
    outer loop
      vertex 0.32446784409369656 -0.998609342109912 4.75
      vertex 0.36680350177955745 -0.9770382470978802 4.75
      vertex 0.9934461347458381 -1.3673612988261397 5.399999999999999
    endloop
  endfacet
  facet normal 0.32542736014608487 -0.6386871558015116 -0.6972630423896895
    outer loop
      vertex 0.9934461347458381 -1.3673612988261397 5.399999999999999
      vertex 0.36680350177955745 -0.9770382470978802 4.75
      vertex 0.40181760398334276 -0.9700735091368529 4.75996217746609
    endloop
  endfacet
  facet normal 0.3254273601460797 -0.6386871558015166 -0.6972630423896873
    outer loop
      vertex 0.9934461347458381 -1.3673612988261397 5.399999999999999
      vertex 0.40181760398334276 -0.9700735091368529 4.75996217746609
      vertex 0.47036862593869344 -0.9242691806587509 4.75
    endloop
  endfacet
  facet normal 0 0 -1
    outer loop
      vertex 0.6171745149070986 -0.8494678440936951 4.75
      vertex 0.47036862593869344 -0.9242691806587509 4.75
      vertex 0.6873665670954665 -0.7792757919053237 4.75
    endloop
  endfacet
  facet normal 0.32542736014608376 -0.6386871558015133 -0.6972630423896885
    outer loop
      vertex 0.6171745149070986 -0.8494678440936951 4.75
      vertex 0.9934461347458381 -1.3673612988261397 5.399999999999999
      vertex 0.47036862593869344 -0.9242691806587509 4.75
    endloop
  endfacet
  facet normal 0.5068649966793305 -0.5068649966793305 -0.6972630423896885
    outer loop
      vertex 0.6171745149070986 -0.8494678440936951 4.75
      vertex 1.3673612988261397 -0.9934461347458381 5.399999999999999
      vertex 0.9934461347458381 -1.3673612988261397 5.399999999999999
    endloop
  endfacet
  facet normal 0.5068649966793392 -0.5068649966793135 -0.6972630423896945
    outer loop
      vertex 0.6171745149070986 -0.8494678440936951 4.75
      vertex 0.6873665670954665 -0.7792757919053237 4.75
      vertex 1.3673612988261397 -0.9934461347458381 5.399999999999999
    endloop
  endfacet
  facet normal 0.5068649966793222 -0.5068649966793419 -0.6972630423896862
    outer loop
      vertex 1.3673612988261397 -0.9934461347458381 5.399999999999999
      vertex 0.6873665670954665 -0.7792757919053237 4.75
      vertex 0.7424621202458752 -0.7424621202458752 4.763289741801671
    endloop
  endfacet
  facet normal 0.5068649966793367 -0.5068649966793201 -0.6972630423896917
    outer loop
      vertex 1.3673612988261397 -0.9934461347458381 5.399999999999999
      vertex 0.7424621202458752 -0.7424621202458752 4.763289741801671
      vertex 0.7792757919053237 -0.6873665670954665 4.75
    endloop
  endfacet
  facet normal 0.5068649966793187 -0.5068649966793444 -0.697263042389687
    outer loop
      vertex 0.8494678440936951 -0.6171745149070986 4.75
      vertex 1.3673612988261397 -0.9934461347458381 5.399999999999999
      vertex 0.7792757919053237 -0.6873665670954665 4.75
    endloop
  endfacet
  facet normal 0 0 -1
    outer loop
      vertex 0.8494678440936951 -0.6171745149070986 4.75
      vertex 0.7792757919053237 -0.6873665670954665 4.75
      vertex 0.9242691806587509 -0.47036862593869344 4.75
    endloop
  endfacet
  facet normal 0.6386871558015118 -0.32542736014608614 -0.6972630423896887
    outer loop
      vertex 0.8494678440936951 -0.6171745149070986 4.75
      vertex 1.607429612010975 -0.5222855412503833 5.399999999999999
      vertex 1.3673612988261397 -0.9934461347458381 5.399999999999999
    endloop
  endfacet
  facet normal 0.6386871558015123 -0.3254273601460832 -0.6972630423896896
    outer loop
      vertex 0.8494678440936951 -0.6171745149070986 4.75
      vertex 0.9242691806587509 -0.47036862593869344 4.75
      vertex 1.607429612010975 -0.5222855412503833 5.399999999999999
    endloop
  endfacet
  facet normal 0.6386871558015139 -0.3254273601460775 -0.697263042389691
    outer loop
      vertex 1.607429612010975 -0.5222855412503833 5.399999999999999
      vertex 0.9242691806587509 -0.47036862593869344 4.75
      vertex 0.9700735091368529 -0.40181760398334276 4.75996217746609
    endloop
  endfacet
  facet normal 0.6386871558015115 -0.32542736014608376 -0.6972630423896902
    outer loop
      vertex 1.607429612010975 -0.5222855412503833 5.399999999999999
      vertex 0.9700735091368529 -0.40181760398334276 4.75996217746609
      vertex 0.9770382470978802 -0.36680350177955745 4.75
    endloop
  endfacet
  facet normal 0 0 -1
    outer loop
      vertex 0.998609342109912 -0.32446784409369656 4.75
      vertex 0.9770382470978802 -0.36680350177955745 4.75
      vertex 1.0500000000000007 0 4.75
    endloop
  endfacet
  facet normal 0.6386871558015057 -0.3254273601460996 -0.697263042389688
    outer loop
      vertex 0.998609342109912 -0.32446784409369656 4.75
      vertex 1.607429612010975 -0.5222855412503833 5.399999999999999
      vertex 0.9770382470978802 -0.36680350177955745 4.75
    endloop
  endfacet
  facet normal 0.7079901661187631 -0.112134626215995 -0.6972630423896891
    outer loop
      vertex 0.998609342109912 -0.32446784409369656 4.75
      vertex 1.0500000000000007 0 4.75
      vertex 1.6901515151515127 0 5.399999999999999
    endloop
  endfacet
  facet normal 0.7079901661187629 -0.11213462621599338 -0.6972630423896896
    outer loop
      vertex 0.998609342109912 -0.32446784409369656 4.75
      vertex 1.6901515151515127 0 5.399999999999999
      vertex 1.607429612010975 -0.5222855412503833 5.399999999999999
    endloop
  endfacet
  facet normal 0.112134626215995 0.7079901661187631 -0.6972630423896891
    outer loop
      vertex 0.32446784409369656 0.998609342109912 4.75
      vertex 0 1.0500000000000007 4.75
      vertex 0 1.6901515151515127 5.399999999999999
    endloop
  endfacet
  facet normal 0 0 -1
    outer loop
      vertex 0.32446784409369656 0.998609342109912 4.75
      vertex 0.36680350177955745 0.9770382470978802 4.75
      vertex 0 1.0500000000000007 4.75
    endloop
  endfacet
  facet normal 0.3254273601460996 0.6386871558015057 -0.697263042389688
    outer loop
      vertex 0.32446784409369656 0.998609342109912 4.75
      vertex 0.5222855412503833 1.607429612010975 5.399999999999999
      vertex 0.36680350177955745 0.9770382470978802 4.75
    endloop
  endfacet
  facet normal 0.11213462621599332 0.7079901661187629 -0.6972630423896896
    outer loop
      vertex 0.32446784409369656 0.998609342109912 4.75
      vertex 0 1.6901515151515127 5.399999999999999
      vertex 0.5222855412503833 1.607429612010975 5.399999999999999
    endloop
  endfacet
  facet normal 0 0 -1
    outer loop
      vertex 0.6171745149070986 0.8494678440936951 4.75
      vertex 0.6873665670954665 0.7792757919053237 4.75
      vertex 0.47036862593869344 0.9242691806587509 4.75
    endloop
  endfacet
  facet normal 0.3254273601460779 0.6386871558015137 -0.6972630423896907
    outer loop
      vertex 0.5222855412503833 1.607429612010975 5.399999999999999
      vertex 0.47036862593869344 0.9242691806587509 4.75
      vertex 0.40181760398334276 0.9700735091368529 4.75996217746609
    endloop
  endfacet
  facet normal 0.3254273601460837 0.6386871558015116 -0.6972630423896901
    outer loop
      vertex 0.5222855412503833 1.607429612010975 5.399999999999999
      vertex 0.40181760398334276 0.9700735091368529 4.75996217746609
      vertex 0.36680350177955745 0.9770382470978802 4.75
    endloop
  endfacet
  facet normal 0.3254273601460832 0.6386871558015123 -0.6972630423896896
    outer loop
      vertex 0.6171745149070986 0.8494678440936951 4.75
      vertex 0.47036862593869344 0.9242691806587509 4.75
      vertex 0.5222855412503833 1.607429612010975 5.399999999999999
    endloop
  endfacet
  facet normal 0.506864996679342 0.5068649966793222 -0.6972630423896862
    outer loop
      vertex 0.9934461347458381 1.3673612988261397 5.399999999999999
      vertex 0.7792757919053237 0.6873665670954665 4.75
      vertex 0.7424621202458752 0.7424621202458752 4.763289741801671
    endloop
  endfacet
  facet normal 0.5068649966793444 0.5068649966793187 -0.697263042389687
    outer loop
      vertex 0.6171745149070986 0.8494678440936951 4.75
      vertex 0.9934461347458381 1.3673612988261397 5.399999999999999
      vertex 0.6873665670954665 0.7792757919053237 4.75
    endloop
  endfacet
  facet normal 0.50686499667932 0.5068649966793367 -0.6972630423896918
    outer loop
      vertex 0.9934461347458381 1.3673612988261397 5.399999999999999
      vertex 0.7424621202458752 0.7424621202458752 4.763289741801671
      vertex 0.6873665670954665 0.7792757919053237 4.75
    endloop
  endfacet
  facet normal 0.3254273601460862 0.6386871558015118 -0.6972630423896887
    outer loop
      vertex 0.6171745149070986 0.8494678440936951 4.75
      vertex 0.5222855412503833 1.607429612010975 5.399999999999999
      vertex 0.9934461347458381 1.3673612988261397 5.399999999999999
    endloop
  endfacet
  facet normal 0 0 -1
    outer loop
      vertex 0.998609342109912 0.32446784409369656 4.75
      vertex 1.0500000000000007 0 4.75
      vertex 0.9770382470978802 0.36680350177955745 4.75
    endloop
  endfacet
  facet normal 0.7079901661187625 0.11213462621599492 -0.6972630423896897
    outer loop
      vertex 0.998609342109912 0.32446784409369656 4.75
      vertex 1.607429612010975 0.5222855412503833 5.399999999999999
      vertex 1.0500000000000007 0 4.75
    endloop
  endfacet
  facet normal 0 0 -1
    outer loop
      vertex 0.8494678440936951 0.6171745149070986 4.75
      vertex 0.9242691806587509 0.47036862593869344 4.75
      vertex 0.7792757919053237 0.6873665670954665 4.75
    endloop
  endfacet
  facet normal 0.6386871558015134 0.3254273601460838 -0.6972630423896886
    outer loop
      vertex 0.8494678440936951 0.6171745149070986 4.75
      vertex 1.3673612988261397 0.9934461347458381 5.399999999999999
      vertex 0.9242691806587509 0.47036862593869344 4.75
    endloop
  endfacet
  facet normal 0.6386871558015005 0.32542736014609686 -0.6972630423896942
    outer loop
      vertex 0.998609342109912 0.32446784409369656 4.75
      vertex 0.9770382470978802 0.36680350177955745 4.75
      vertex 1.3673612988261397 0.9934461347458381 5.399999999999999
    endloop
  endfacet
  facet normal 0.6386871558015164 0.32542736014607976 -0.6972630423896876
    outer loop
      vertex 1.3673612988261397 0.9934461347458381 5.399999999999999
      vertex 0.9700735091368529 0.40181760398334276 4.75996217746609
      vertex 0.9242691806587509 0.47036862593869344 4.75
    endloop
  endfacet
  facet normal 0.6386871558015118 0.3254273601460843 -0.6972630423896897
    outer loop
      vertex 1.3673612988261397 0.9934461347458381 5.399999999999999
      vertex 0.9770382470978802 0.36680350177955745 4.75
      vertex 0.9700735091368529 0.40181760398334276 4.75996217746609
    endloop
  endfacet
  facet normal 0.7079901661187632 0.11213462621599343 -0.6972630423896892
    outer loop
      vertex 1.6901515151515127 0 5.399999999999999
      vertex 1.0500000000000007 0 4.75
      vertex 1.607429612010975 0.5222855412503833 5.399999999999999
    endloop
  endfacet
  facet normal 0.6386871558015115 0.325427360146086 -0.6972630423896891
    outer loop
      vertex 0.998609342109912 0.32446784409369656 4.75
      vertex 1.3673612988261397 0.9934461347458381 5.399999999999999
      vertex 1.607429612010975 0.5222855412503833 5.399999999999999
    endloop
  endfacet
  facet normal 0.5068649966793135 0.5068649966793392 -0.6972630423896945
    outer loop
      vertex 0.8494678440936951 0.6171745149070986 4.75
      vertex 0.7792757919053237 0.6873665670954665 4.75
      vertex 0.9934461347458381 1.3673612988261397 5.399999999999999
    endloop
  endfacet
  facet normal 0.5068649966793305 0.5068649966793305 -0.6972630423896885
    outer loop
      vertex 0.8494678440936951 0.6171745149070986 4.75
      vertex 0.9934461347458381 1.3673612988261397 5.399999999999999
      vertex 1.3673612988261397 0.9934461347458381 5.399999999999999
    endloop
  endfacet
  facet normal 0 0 -1
    outer loop
      vertex -1.3753288904374088 -0.9992349288972058 5.399999999999999
      vertex -1.3673612988261397 -0.9934461347458381 5.399999999999999
      vertex -0.9934461347458381 -1.3673612988261397 5.399999999999999
    endloop
  endfacet
  facet normal -0.7071067811865476 -0.7071067811865476 0
    outer loop
      vertex -1.3753288904374088 -0.9992349288972058 5.399999999999999
      vertex -0.9992349288972058 -1.3753288904374088 6
      vertex -1.3753288904374088 -0.9992349288972058 6
    endloop
  endfacet
  facet normal 0 0 -1
    outer loop
      vertex -1.3753288904374088 -0.9992349288972058 5.399999999999999
      vertex -0.9934461347458381 -1.3673612988261397 5.399999999999999
      vertex -0.9992349288972058 -1.3753288904374088 5.399999999999999
    endloop
  endfacet
  facet normal -0.7071067811865476 -0.7071067811865476 2.4116478151768393e-17
    outer loop
      vertex -1.3753288904374088 -0.9992349288972058 5.399999999999999
      vertex -0.9992349288972058 -1.3753288904374088 5.399999999999999
      vertex -0.9992349288972058 -1.3753288904374088 6
    endloop
  endfacet
  facet normal 0 0 -1
    outer loop
      vertex -1.3673612988261397 -0.9934461347458381 5.399999999999999
      vertex -1.6167960777017605 -0.5253288904374109 5.399999999999999
      vertex -1.607429612010975 -0.5222855412503833 5.399999999999999
    endloop
  endfacet
  facet normal -0.8910065241883675 -0.4539904997395478 -1.1159317146202149e-17
    outer loop
      vertex -1.3753288904374088 -0.9992349288972058 6
      vertex -1.6167960777017605 -0.5253288904374109 6
      vertex -1.6167960777017605 -0.5253288904374109 5.399999999999999
    endloop
  endfacet
  facet normal 0 0 -1
    outer loop
      vertex -1.3753288904374088 -0.9992349288972058 5.399999999999999
      vertex -1.6167960777017605 -0.5253288904374109 5.399999999999999
      vertex -1.3673612988261397 -0.9934461347458381 5.399999999999999
    endloop
  endfacet
  facet normal -0.8910065241883675 -0.4539904997395478 0
    outer loop
      vertex -1.3753288904374088 -0.9992349288972058 5.399999999999999
      vertex -1.3753288904374088 -0.9992349288972058 6
      vertex -1.6167960777017605 -0.5253288904374109 5.399999999999999
    endloop
  endfacet
  facet normal 0 0 -1
    outer loop
      vertex -1.6167960777017605 -0.5253288904374109 5.399999999999999
      vertex -1.6999999999999993 0 5.399999999999999
      vertex -1.607429612010975 -0.5222855412503833 5.399999999999999
    endloop
  endfacet
  facet normal -0.9876883405951378 -0.15643446504023056 0
    outer loop
      vertex -1.6167960777017605 -0.5253288904374109 5.399999999999999
      vertex -1.6167960777017605 -0.5253288904374109 6
      vertex -1.6999999999999993 0 6
    endloop
  endfacet
  facet normal 0 0 -1
    outer loop
      vertex -1.607429612010975 -0.5222855412503833 5.399999999999999
      vertex -1.6999999999999993 0 5.399999999999999
      vertex -1.6901515151515127 0 5.399999999999999
    endloop
  endfacet
  facet normal -0.9876883405951378 -0.15643446504023056 8.950715359446858e-18
    outer loop
      vertex -1.6167960777017605 -0.5253288904374109 5.399999999999999
      vertex -1.6999999999999993 0 6
      vertex -1.6999999999999993 0 5.399999999999999
    endloop
  endfacet
  facet normal 0 0 1
    outer loop
      vertex -1.3753288904374088 -0.9992349288972058 6
      vertex -1.6167960777017605 0.5253288904374109 6
      vertex -1.6167960777017605 -0.5253288904374109 6
    endloop
  endfacet
  facet normal 0 0 1
    outer loop
      vertex -1.3753288904374088 -0.9992349288972058 6
      vertex -0.9992349288972058 -1.3753288904374088 6
      vertex -1.3753288904374088 0.9992349288972058 6
    endloop
  endfacet
  facet normal 0 0 1
    outer loop
      vertex -0.9992349288972058 -1.3753288904374088 6
      vertex -0.7424621202458752 -0.7424621202458752 6
      vertex -0.9700735091368529 -0.40181760398334276 6
    endloop
  endfacet
  facet normal 0 0 1
    outer loop
      vertex -0.9992349288972058 -1.3753288904374088 6
      vertex -0.9700735091368529 -0.40181760398334276 6
      vertex -1.0500000000000007 0 6
    endloop
  endfacet
  facet normal 0 0 1
    outer loop
      vertex -0.9992349288972058 -1.3753288904374088 6
      vertex -1.0500000000000007 0 6
      vertex -1.3753288904374088 0.9992349288972058 6
    endloop
  endfacet
  facet normal 0 0 -1
    outer loop
      vertex -0.9992349288972058 -1.3753288904374088 5.399999999999999
      vertex -0.5222855412503833 -1.607429612010975 5.399999999999999
      vertex -0.5253288904374109 -1.6167960777017605 5.399999999999999
    endloop
  endfacet
  facet normal -0.4539904997395478 -0.8910065241883675 -1.1159317146202149e-17
    outer loop
      vertex -0.9992349288972058 -1.3753288904374088 5.399999999999999
      vertex -0.5253288904374109 -1.6167960777017605 5.399999999999999
      vertex -0.5253288904374109 -1.6167960777017605 6
    endloop
  endfacet
  facet normal 0 0 -1
    outer loop
      vertex -0.9992349288972058 -1.3753288904374088 5.399999999999999
      vertex -0.9934461347458381 -1.3673612988261397 5.399999999999999
      vertex -0.5222855412503833 -1.607429612010975 5.399999999999999
    endloop
  endfacet
  facet normal -0.4539904997395478 -0.8910065241883675 0
    outer loop
      vertex -0.9992349288972058 -1.3753288904374088 5.399999999999999
      vertex -0.5253288904374109 -1.6167960777017605 6
      vertex -0.9992349288972058 -1.3753288904374088 6
    endloop
  endfacet
  facet normal 0 0 1
    outer loop
      vertex -0.9992349288972058 -1.3753288904374088 6
      vertex -0.5253288904374109 -1.6167960777017605 6
      vertex -0.7424621202458752 -0.7424621202458752 6
    endloop
  endfacet
  facet normal 0 0 1
    outer loop
      vertex -0.5253288904374109 -1.6167960777017605 6
      vertex -0.40181760398334276 -0.9700735091368529 6
      vertex -0.7424621202458752 -0.7424621202458752 6
    endloop
  endfacet
  facet normal 0 0 -1
    outer loop
      vertex -0.5253288904374109 -1.6167960777017605 5.399999999999999
      vertex -0.5222855412503833 -1.607429612010975 5.399999999999999
      vertex 0 -1.6901515151515127 5.399999999999999
    endloop
  endfacet
  facet normal -0.15643446504023056 -0.9876883405951378 0
    outer loop
      vertex -0.5253288904374109 -1.6167960777017605 5.399999999999999
      vertex 0 -1.6999999999999993 5.399999999999999
      vertex -0.5253288904374109 -1.6167960777017605 6
    endloop
  endfacet
  facet normal 0 0 -1
    outer loop
      vertex -0.5253288904374109 -1.6167960777017605 5.399999999999999
      vertex 0 -1.6901515151515127 5.399999999999999
      vertex 0 -1.6999999999999993 5.399999999999999
    endloop
  endfacet
  facet normal -0.15643446504023056 -0.9876883405951378 8.950715359446858e-18
    outer loop
      vertex -0.5253288904374109 -1.6167960777017605 6
      vertex 0 -1.6999999999999993 5.399999999999999
      vertex 0 -1.6999999999999993 6
    endloop
  endfacet
  facet normal 0 0 1
    outer loop
      vertex -0.5253288904374109 -1.6167960777017605 6
      vertex 0 -1.6999999999999993 6
      vertex -0.40181760398334276 -0.9700735091368529 6
    endloop
  endfacet
  facet normal 0 0 1
    outer loop
      vertex 0 -1.6999999999999993 6
      vertex 0 -1.0500000000000007 6
      vertex -0.40181760398334276 -0.9700735091368529 6
    endloop
  endfacet
  facet normal 0 0 -1
    outer loop
      vertex -1.6999999999999993 0 5.399999999999999
      vertex -1.6167960777017605 0.5253288904374109 5.399999999999999
      vertex -1.6901515151515127 0 5.399999999999999
    endloop
  endfacet
  facet normal -0.9876883405951378 0.15643446504023056 0
    outer loop
      vertex -1.6999999999999993 0 5.399999999999999
      vertex -1.6999999999999993 0 6
      vertex -1.6167960777017605 0.5253288904374109 6
    endloop
  endfacet
  facet normal 0 0 -1
    outer loop
      vertex -1.6901515151515127 0 5.399999999999999
      vertex -1.6167960777017605 0.5253288904374109 5.399999999999999
      vertex -1.607429612010975 0.5222855412503833 5.399999999999999
    endloop
  endfacet
  facet normal -0.9876883405951378 0.15643446504023056 -8.950715359446858e-18
    outer loop
      vertex -1.6999999999999993 0 5.399999999999999
      vertex -1.6167960777017605 0.5253288904374109 6
      vertex -1.6167960777017605 0.5253288904374109 5.399999999999999
    endloop
  endfacet
  facet normal 0 0 1
    outer loop
      vertex -1.6167960777017605 -0.5253288904374109 6
      vertex -1.6167960777017605 0.5253288904374109 6
      vertex -1.6999999999999993 0 6
    endloop
  endfacet
  facet normal 0 0 1
    outer loop
      vertex -1.3753288904374088 -0.9992349288972058 6
      vertex -1.3753288904374088 0.9992349288972058 6
      vertex -1.6167960777017605 0.5253288904374109 6
    endloop
  endfacet
  facet normal 0 0 -1
    outer loop
      vertex -1.6167960777017605 0.5253288904374109 5.399999999999999
      vertex -1.3753288904374088 0.9992349288972058 5.399999999999999
      vertex -1.607429612010975 0.5222855412503833 5.399999999999999
    endloop
  endfacet
  facet normal -0.8910065241883675 0.4539904997395478 0
    outer loop
      vertex -1.6167960777017605 0.5253288904374109 5.399999999999999
      vertex -1.6167960777017605 0.5253288904374109 6
      vertex -1.3753288904374088 0.9992349288972058 6
    endloop
  endfacet
  facet normal 0 0 -1
    outer loop
      vertex -1.607429612010975 0.5222855412503833 5.399999999999999
      vertex -1.3753288904374088 0.9992349288972058 5.399999999999999
      vertex -1.3673612988261397 0.9934461347458381 5.399999999999999
    endloop
  endfacet
  facet normal -0.8910065241883675 0.4539904997395478 1.1159317146202149e-17
    outer loop
      vertex -1.6167960777017605 0.5253288904374109 5.399999999999999
      vertex -1.3753288904374088 0.9992349288972058 6
      vertex -1.3753288904374088 0.9992349288972058 5.399999999999999
    endloop
  endfacet
  facet normal 0 0 1
    outer loop
      vertex -1.3753288904374088 0.9992349288972058 6
      vertex -1.0500000000000007 0 6
      vertex -0.9700735091368529 0.40181760398334276 6
    endloop
  endfacet
  facet normal 0 0 1
    outer loop
      vertex -0.9992349288972058 1.3753288904374088 6
      vertex -0.9700735091368529 0.40181760398334276 6
      vertex -0.7424621202458752 0.7424621202458752 6
    endloop
  endfacet
  facet normal 0 0 -1
    outer loop
      vertex -1.3753288904374088 0.9992349288972058 5.399999999999999
      vertex -0.9992349288972058 1.3753288904374088 5.399999999999999
      vertex -1.3673612988261397 0.9934461347458381 5.399999999999999
    endloop
  endfacet
  facet normal -0.7071067811865476 0.7071067811865476 0
    outer loop
      vertex -1.3753288904374088 0.9992349288972058 5.399999999999999
      vertex -1.3753288904374088 0.9992349288972058 6
      vertex -0.9992349288972058 1.3753288904374088 5.399999999999999
    endloop
  endfacet
  facet normal 0 0 -1
    outer loop
      vertex -1.3673612988261397 0.9934461347458381 5.399999999999999
      vertex -0.9992349288972058 1.3753288904374088 5.399999999999999
      vertex -0.9934461347458381 1.3673612988261397 5.399999999999999
    endloop
  endfacet
  facet normal -0.7071067811865476 0.7071067811865476 -2.4116478151768393e-17
    outer loop
      vertex -1.3753288904374088 0.9992349288972058 6
      vertex -0.9992349288972058 1.3753288904374088 6
      vertex -0.9992349288972058 1.3753288904374088 5.399999999999999
    endloop
  endfacet
  facet normal 0 0 1
    outer loop
      vertex -1.3753288904374088 0.9992349288972058 6
      vertex -0.9700735091368529 0.40181760398334276 6
      vertex -0.9992349288972058 1.3753288904374088 6
    endloop
  endfacet
  facet normal 0 0 1
    outer loop
      vertex -0.9992349288972058 1.3753288904374088 6
      vertex -0.7424621202458752 0.7424621202458752 6
      vertex -0.40181760398334276 0.9700735091368529 6
    endloop
  endfacet
  facet normal 0 0 -1
    outer loop
      vertex -0.9992349288972058 1.3753288904374088 5.399999999999999
      vertex -0.5253288904374109 1.6167960777017605 5.399999999999999
      vertex -0.9934461347458381 1.3673612988261397 5.399999999999999
    endloop
  endfacet
  facet normal -0.4539904997395478 0.8910065241883675 0
    outer loop
      vertex -0.9992349288972058 1.3753288904374088 5.399999999999999
      vertex -0.9992349288972058 1.3753288904374088 6
      vertex -0.5253288904374109 1.6167960777017605 6
    endloop
  endfacet
  facet normal 0 0 -1
    outer loop
      vertex -0.9934461347458381 1.3673612988261397 5.399999999999999
      vertex -0.5253288904374109 1.6167960777017605 5.399999999999999
      vertex -0.5222855412503833 1.607429612010975 5.399999999999999
    endloop
  endfacet
  facet normal -0.4539904997395478 0.8910065241883675 1.1159317146202149e-17
    outer loop
      vertex -0.9992349288972058 1.3753288904374088 5.399999999999999
      vertex -0.5253288904374109 1.6167960777017605 6
      vertex -0.5253288904374109 1.6167960777017605 5.399999999999999
    endloop
  endfacet
  facet normal 0 0 1
    outer loop
      vertex -0.9992349288972058 1.3753288904374088 6
      vertex -0.40181760398334276 0.9700735091368529 6
      vertex -0.5253288904374109 1.6167960777017605 6
    endloop
  endfacet
  facet normal 0 0 1
    outer loop
      vertex -0.5253288904374109 1.6167960777017605 6
      vertex -0.40181760398334276 0.9700735091368529 6
      vertex 0 1.0500000000000007 6
    endloop
  endfacet
  facet normal 0 0 -1
    outer loop
      vertex -0.5253288904374109 1.6167960777017605 5.399999999999999
      vertex 0 1.6999999999999993 5.399999999999999
      vertex -0.5222855412503833 1.607429612010975 5.399999999999999
    endloop
  endfacet
  facet normal -0.15643446504023056 0.9876883405951378 0
    outer loop
      vertex -0.5253288904374109 1.6167960777017605 5.399999999999999
      vertex -0.5253288904374109 1.6167960777017605 6
      vertex 0 1.6999999999999993 5.399999999999999
    endloop
  endfacet
  facet normal 0 0 -1
    outer loop
      vertex -0.5222855412503833 1.607429612010975 5.399999999999999
      vertex 0 1.6999999999999993 5.399999999999999
      vertex 0 1.6901515151515127 5.399999999999999
    endloop
  endfacet
  facet normal -0.15643446504023056 0.9876883405951378 -8.950715359446858e-18
    outer loop
      vertex -0.5253288904374109 1.6167960777017605 6
      vertex 0 1.6999999999999993 6
      vertex 0 1.6999999999999993 5.399999999999999
    endloop
  endfacet
  facet normal 0 0 1
    outer loop
      vertex -0.5253288904374109 1.6167960777017605 6
      vertex 0 1.0500000000000007 6
      vertex 0 1.6999999999999993 6
    endloop
  endfacet
  facet normal 0 0 -1
    outer loop
      vertex 0 -1.6999999999999993 5.399999999999999
      vertex 0 -1.6901515151515127 5.399999999999999
      vertex 0.5222855412503833 -1.607429612010975 5.399999999999999
    endloop
  endfacet
  facet normal 0.15643446504023056 -0.9876883405951378 0
    outer loop
      vertex 0 -1.6999999999999993 5.399999999999999
      vertex 0.5253288904374109 -1.6167960777017605 6
      vertex 0 -1.6999999999999993 6
    endloop
  endfacet
  facet normal 0 0 -1
    outer loop
      vertex 0 -1.6999999999999993 5.399999999999999
      vertex 0.5222855412503833 -1.607429612010975 5.399999999999999
      vertex 0.5253288904374109 -1.6167960777017605 5.399999999999999
    endloop
  endfacet
  facet normal 0.15643446504023056 -0.9876883405951378 -8.950715359446858e-18
    outer loop
      vertex 0 -1.6999999999999993 5.399999999999999
      vertex 0.5253288904374109 -1.6167960777017605 5.399999999999999
      vertex 0.5253288904374109 -1.6167960777017605 6
    endloop
  endfacet
  facet normal 0 0 1
    outer loop
      vertex 0 -1.6999999999999993 6
      vertex 0.5253288904374109 -1.6167960777017605 6
      vertex 0 -1.0500000000000007 6
    endloop
  endfacet
  facet normal 0 0 1
    outer loop
      vertex 0.5253288904374109 -1.6167960777017605 6
      vertex 0.40181760398334276 -0.9700735091368529 6
      vertex 0 -1.0500000000000007 6
    endloop
  endfacet
  facet normal 0 0 -1
    outer loop
      vertex 0.5222855412503833 -1.607429612010975 5.399999999999999
      vertex 0.9934461347458381 -1.3673612988261397 5.399999999999999
      vertex 0.5253288904374109 -1.6167960777017605 5.399999999999999
    endloop
  endfacet
  facet normal 0.4539904997395478 -0.8910065241883675 0
    outer loop
      vertex 0.5253288904374109 -1.6167960777017605 5.399999999999999
      vertex 0.9992349288972058 -1.3753288904374088 5.399999999999999
      vertex 0.5253288904374109 -1.6167960777017605 6
    endloop
  endfacet
  facet normal 0 0 -1
    outer loop
      vertex 0.5253288904374109 -1.6167960777017605 5.399999999999999
      vertex 0.9934461347458381 -1.3673612988261397 5.399999999999999
      vertex 0.9992349288972058 -1.3753288904374088 5.399999999999999
    endloop
  endfacet
  facet normal 0.4539904997395478 -0.8910065241883675 1.1159317146202149e-17
    outer loop
      vertex 0.5253288904374109 -1.6167960777017605 6
      vertex 0.9992349288972058 -1.3753288904374088 5.399999999999999
      vertex 0.9992349288972058 -1.3753288904374088 6
    endloop
  endfacet
  facet normal 0 0 1
    outer loop
      vertex 0.5253288904374109 -1.6167960777017605 6
      vertex 0.9992349288972058 -1.3753288904374088 6
      vertex 0.40181760398334276 -0.9700735091368529 6
    endloop
  endfacet
  facet normal 0 0 1
    outer loop
      vertex 0.9992349288972058 -1.3753288904374088 6
      vertex 0.7424621202458752 -0.7424621202458752 6
      vertex 0.40181760398334276 -0.9700735091368529 6
    endloop
  endfacet
  facet normal 0 0 -1
    outer loop
      vertex 0.9934461347458381 -1.3673612988261397 5.399999999999999
      vertex 1.3673612988261397 -0.9934461347458381 5.399999999999999
      vertex 0.9992349288972058 -1.3753288904374088 5.399999999999999
    endloop
  endfacet
  facet normal 0.7071067811865476 -0.7071067811865476 0
    outer loop
      vertex 0.9992349288972058 -1.3753288904374088 5.399999999999999
      vertex 1.3753288904374088 -0.9992349288972058 6
      vertex 0.9992349288972058 -1.3753288904374088 6
    endloop
  endfacet
  facet normal 0 0 -1
    outer loop
      vertex 0.9992349288972058 -1.3753288904374088 5.399999999999999
      vertex 1.3673612988261397 -0.9934461347458381 5.399999999999999
      vertex 1.3753288904374088 -0.9992349288972058 5.399999999999999
    endloop
  endfacet
  facet normal 0.7071067811865476 -0.7071067811865476 -2.4116478151768393e-17
    outer loop
      vertex 0.9992349288972058 -1.3753288904374088 5.399999999999999
      vertex 1.3753288904374088 -0.9992349288972058 5.399999999999999
      vertex 1.3753288904374088 -0.9992349288972058 6
    endloop
  endfacet
  facet normal 0 0 1
    outer loop
      vertex 0.9992349288972058 -1.3753288904374088 6
      vertex 1.3753288904374088 -0.9992349288972058 6
      vertex 0.9700735091368529 -0.40181760398334276 6
    endloop
  endfacet
  facet normal 0 0 1
    outer loop
      vertex 0.9992349288972058 -1.3753288904374088 6
      vertex 0.9700735091368529 -0.40181760398334276 6
      vertex 0.7424621202458752 -0.7424621202458752 6
    endloop
  endfacet
  facet normal 0 0 1
    outer loop
      vertex 1.3753288904374088 -0.9992349288972058 6
      vertex 1.0500000000000007 0 6
      vertex 0.9700735091368529 -0.40181760398334276 6
    endloop
  endfacet
  facet normal 0 0 -1
    outer loop
      vertex 1.3673612988261397 -0.9934461347458381 5.399999999999999
      vertex 1.607429612010975 -0.5222855412503833 5.399999999999999
      vertex 1.3753288904374088 -0.9992349288972058 5.399999999999999
    endloop
  endfacet
  facet normal 0.8910065241883675 -0.4539904997395478 0
    outer loop
      vertex 1.3753288904374088 -0.9992349288972058 5.399999999999999
      vertex 1.6167960777017605 -0.5253288904374109 5.399999999999999
      vertex 1.3753288904374088 -0.9992349288972058 6
    endloop
  endfacet
  facet normal 0 0 -1
    outer loop
      vertex 1.3753288904374088 -0.9992349288972058 5.399999999999999
      vertex 1.607429612010975 -0.5222855412503833 5.399999999999999
      vertex 1.6167960777017605 -0.5253288904374109 5.399999999999999
    endloop
  endfacet
  facet normal 0.8910065241883675 -0.4539904997395478 1.1159317146202149e-17
    outer loop
      vertex 1.3753288904374088 -0.9992349288972058 6
      vertex 1.6167960777017605 -0.5253288904374109 5.399999999999999
      vertex 1.6167960777017605 -0.5253288904374109 6
    endloop
  endfacet
  facet normal 0 0 -1
    outer loop
      vertex 1.607429612010975 -0.5222855412503833 5.399999999999999
      vertex 1.6901515151515127 0 5.399999999999999
      vertex 1.6167960777017605 -0.5253288904374109 5.399999999999999
    endloop
  endfacet
  facet normal 0.9876883405951378 -0.15643446504023056 0
    outer loop
      vertex 1.6167960777017605 -0.5253288904374109 5.399999999999999
      vertex 1.6999999999999993 0 5.399999999999999
      vertex 1.6167960777017605 -0.5253288904374109 6
    endloop
  endfacet
  facet normal 0 0 -1
    outer loop
      vertex 1.6167960777017605 -0.5253288904374109 5.399999999999999
      vertex 1.6901515151515127 0 5.399999999999999
      vertex 1.6999999999999993 0 5.399999999999999
    endloop
  endfacet
  facet normal 0.9876883405951377 -0.1564344650402311 -5.370429215667312e-16
    outer loop
      vertex 1.6167960777017605 -0.5253288904374109 6
      vertex 1.6999999999999993 0 5.399999999999999
      vertex 1.6999999999999993 0 5.41
    endloop
  endfacet
  facet normal 0.9876883405951379 -0.1564344650402306 -9.102422399437507e-18
    outer loop
      vertex 1.6167960777017605 -0.5253288904374109 6
      vertex 1.6999999999999993 0 5.41
      vertex 1.6999999999999993 0 6
    endloop
  endfacet
  facet normal 0 0 1
    outer loop
      vertex 1.3753288904374088 -0.9992349288972058 6
      vertex 1.6167960777017605 -0.5253288904374109 6
      vertex 1.3753288904374088 0.9992349288972058 6
    endloop
  endfacet
  facet normal 0 0 1
    outer loop
      vertex 0 1.6999999999999993 6
      vertex 0 1.0500000000000007 6
      vertex 0.40181760398334276 0.9700735091368529 6
    endloop
  endfacet
  facet normal 0 0 -1
    outer loop
      vertex 0 1.6901515151515127 5.399999999999999
      vertex 0 1.6999999999999993 5.399999999999999
      vertex 0.5253288904374109 1.6167960777017605 5.399999999999999
    endloop
  endfacet
  facet normal 0.15643446504023056 0.9876883405951378 0
    outer loop
      vertex 0 1.6999999999999993 5.399999999999999
      vertex 0 1.6999999999999993 6
      vertex 0.5253288904374109 1.6167960777017605 6
    endloop
  endfacet
  facet normal 0 0 -1
    outer loop
      vertex 0 1.6901515151515127 5.399999999999999
      vertex 0.5253288904374109 1.6167960777017605 5.399999999999999
      vertex 0.5222855412503833 1.607429612010975 5.399999999999999
    endloop
  endfacet
  facet normal 0.15643446504023056 0.9876883405951378 8.950715359446858e-18
    outer loop
      vertex 0 1.6999999999999993 5.399999999999999
      vertex 0.5253288904374109 1.6167960777017605 6
      vertex 0.5253288904374109 1.6167960777017605 5.399999999999999
    endloop
  endfacet
  facet normal 0 0 1
    outer loop
      vertex 0 1.6999999999999993 6
      vertex 0.40181760398334276 0.9700735091368529 6
      vertex 0.5253288904374109 1.6167960777017605 6
    endloop
  endfacet
  facet normal 0 0 1
    outer loop
      vertex 0.5253288904374109 1.6167960777017605 6
      vertex 0.40181760398334276 0.9700735091368529 6
      vertex 0.7424621202458752 0.7424621202458752 6
    endloop
  endfacet
  facet normal 0 0 1
    outer loop
      vertex 0.5253288904374109 1.6167960777017605 6
      vertex 0.7424621202458752 0.7424621202458752 6
      vertex 0.9992349288972058 1.3753288904374088 6
    endloop
  endfacet
  facet normal 0 0 -1
    outer loop
      vertex 0.5222855412503833 1.607429612010975 5.399999999999999
      vertex 0.9992349288972058 1.3753288904374088 5.399999999999999
      vertex 0.9934461347458381 1.3673612988261397 5.399999999999999
    endloop
  endfacet
  facet normal 0.4539904997395478 0.8910065241883675 -1.1159317146202149e-17
    outer loop
      vertex 0.5253288904374109 1.6167960777017605 5.399999999999999
      vertex 0.9992349288972058 1.3753288904374088 6
      vertex 0.9992349288972058 1.3753288904374088 5.399999999999999
    endloop
  endfacet
  facet normal 0 0 -1
    outer loop
      vertex 0.5222855412503833 1.607429612010975 5.399999999999999
      vertex 0.5253288904374109 1.6167960777017605 5.399999999999999
      vertex 0.9992349288972058 1.3753288904374088 5.399999999999999
    endloop
  endfacet
  facet normal 0.4539904997395478 0.8910065241883675 0
    outer loop
      vertex 0.5253288904374109 1.6167960777017605 5.399999999999999
      vertex 0.5253288904374109 1.6167960777017605 6
      vertex 0.9992349288972058 1.3753288904374088 6
    endloop
  endfacet
  facet normal 0 0 1
    outer loop
      vertex 1.3753288904374088 -0.9992349288972058 6
      vertex 0.9992349288972058 1.3753288904374088 6
      vertex 1.0500000000000007 0 6
    endloop
  endfacet
  facet normal 0 0 1
    outer loop
      vertex 0.9992349288972058 1.3753288904374088 6
      vertex 0.9700735091368529 0.40181760398334276 6
      vertex 1.0500000000000007 0 6
    endloop
  endfacet
  facet normal 0 0 1
    outer loop
      vertex 0.9992349288972058 1.3753288904374088 6
      vertex 0.7424621202458752 0.7424621202458752 6
      vertex 0.9700735091368529 0.40181760398334276 6
    endloop
  endfacet
  facet normal 0 0 1
    outer loop
      vertex 1.3753288904374088 -0.9992349288972058 6
      vertex 1.3753288904374088 0.9992349288972058 6
      vertex 0.9992349288972058 1.3753288904374088 6
    endloop
  endfacet
  facet normal 0 0 -1
    outer loop
      vertex 1.6901515151515127 0 5.399999999999999
      vertex 1.607429612010975 0.5222855412503833 5.399999999999999
      vertex 1.6999999999999993 0 5.399999999999999
    endloop
  endfacet
  facet normal 0.9876883405951377 0.15643446504023054 0
    outer loop
      vertex 1.6999999999999993 0 5.399999999999999
      vertex 1.6167960777017605 0.5253288904374109 5.399999999999999
      vertex 1.6999999999999993 0 5.41
    endloop
  endfacet
  facet normal 0.9876883405951379 0.1564344650402306 0
    outer loop
      vertex 1.6999999999999993 0 5.41
      vertex 1.6167960777017605 0.5253288904374109 5.399999999999999
      vertex 1.6999999999999993 0 6
    endloop
  endfacet
  facet normal 0 0 -1
    outer loop
      vertex 1.6999999999999993 0 5.399999999999999
      vertex 1.607429612010975 0.5222855412503833 5.399999999999999
      vertex 1.6167960777017605 0.5253288904374109 5.399999999999999
    endloop
  endfacet
  facet normal 0.9876883405951378 0.15643446504023056 8.950715359446858e-18
    outer loop
      vertex 1.6999999999999993 0 6
      vertex 1.6167960777017605 0.5253288904374109 5.399999999999999
      vertex 1.6167960777017605 0.5253288904374109 6
    endloop
  endfacet
  facet normal 0 0 1
    outer loop
      vertex 1.6167960777017605 -0.5253288904374109 6
      vertex 1.6999999999999993 0 6
      vertex 1.6167960777017605 0.5253288904374109 6
    endloop
  endfacet
  facet normal 0 0 1
    outer loop
      vertex 1.6167960777017605 -0.5253288904374109 6
      vertex 1.6167960777017605 0.5253288904374109 6
      vertex 1.3753288904374088 0.9992349288972058 6
    endloop
  endfacet
  facet normal 0 0 -1
    outer loop
      vertex 1.6167960777017605 0.5253288904374109 5.399999999999999
      vertex 1.3673612988261397 0.9934461347458381 5.399999999999999
      vertex 1.3753288904374088 0.9992349288972058 5.399999999999999
    endloop
  endfacet
  facet normal 0.8910065241883675 0.4539904997395478 -1.1159317146202149e-17
    outer loop
      vertex 1.6167960777017605 0.5253288904374109 5.399999999999999
      vertex 1.3753288904374088 0.9992349288972058 5.399999999999999
      vertex 1.3753288904374088 0.9992349288972058 6
    endloop
  endfacet
  facet normal 0 0 -1
    outer loop
      vertex 1.607429612010975 0.5222855412503833 5.399999999999999
      vertex 1.3673612988261397 0.9934461347458381 5.399999999999999
      vertex 1.6167960777017605 0.5253288904374109 5.399999999999999
    endloop
  endfacet
  facet normal 0.8910065241883675 0.4539904997395478 0
    outer loop
      vertex 1.6167960777017605 0.5253288904374109 5.399999999999999
      vertex 1.3753288904374088 0.9992349288972058 6
      vertex 1.6167960777017605 0.5253288904374109 6
    endloop
  endfacet
  facet normal 0 0 -1
    outer loop
      vertex 0.9934461347458381 1.3673612988261397 5.399999999999999
      vertex 0.9992349288972058 1.3753288904374088 5.399999999999999
      vertex 1.3753288904374088 0.9992349288972058 5.399999999999999
    endloop
  endfacet
  facet normal 0.7071067811865476 0.7071067811865476 0
    outer loop
      vertex 0.9992349288972058 1.3753288904374088 5.399999999999999
      vertex 0.9992349288972058 1.3753288904374088 6
      vertex 1.3753288904374088 0.9992349288972058 6
    endloop
  endfacet
  facet normal 0 0 -1
    outer loop
      vertex 0.9934461347458381 1.3673612988261397 5.399999999999999
      vertex 1.3753288904374088 0.9992349288972058 5.399999999999999
      vertex 1.3673612988261397 0.9934461347458381 5.399999999999999
    endloop
  endfacet
  facet normal 0.7071067811865476 0.7071067811865476 2.4116478151768393e-17
    outer loop
      vertex 0.9992349288972058 1.3753288904374088 5.399999999999999
      vertex 1.3753288904374088 0.9992349288972058 6
      vertex 1.3753288904374088 0.9992349288972058 5.399999999999999
    endloop
  endfacet
endsolid OpenSCAD_Model
